pipeline	fitness	fit_time
maxAbsScaler();pca(0.7444043365463215,False);maxAbsScaler();varianceThreshold();maxAbsScaler();selectFwe(0.014150298781154145);qda(0.853943007184872)	invalid_ind (duplicated operator)	invalid_ind (duplicated operator)
kNN(11,'uniform',2)	0.7475259473393826	2.1045053005218506
pca(0.9797696201249317,False);selectFwe(0.04794462400370385);fastICA(60,'parallel','unit-variance','logcosh');selectFwe(0.03130884067310971);kNN(10,'uniform',1)	invalid_ind (duplicated operator)	invalid_ind (duplicated operator)
varianceThreshold();selectPercentile(13.523139146780435);maxAbsScaler();bernoulliNB(2.1620983813503516,True)	0.8243906051428528	2.536675214767456
kNN(1,'uniform',2)	0.7750376983076354	2.898690700531006
nystroem('cosine',1.0430271987927875,27,4,0.997367136385104);maxAbsScaler();maxAbsScaler();maxAbsScaler();fastICA(59,'parallel','arbitrary-variance','cube');kNN(9,'distance',2)	invalid_ind (duplicated operator)	invalid_ind (duplicated operator)
varianceThreshold();bernoulliNB(14.729175296293572,True)	0.863848736247397	2.085487127304077
varianceThreshold();varianceThreshold();gaussianNB(0.004561456779964369)	invalid_ind (duplicated operator)	invalid_ind (duplicated operator)
varianceThreshold();fastICA(80,'parallel','unit-variance','logcosh');maxAbsScaler();maxAbsScaler();pca(0.8051269959643266,False);qda(0.8713710182669668)	invalid_ind (duplicated operator)	invalid_ind (duplicated operator)
maxAbsScaler();selectFwe(0.017915467040969437);selectFwe(0.04857105558504968);minMaxScaler();nystroem('cosine',3.612332936527493,79,2,-0.903311741357937);minMaxScaler();maxAbsScaler();bernoulliNB(11.150363387439373,False)	invalid_ind (duplicated operator)	invalid_ind (duplicated operator)
varianceThreshold();selectPercentile(83.92932750754994);qda(0.5505997883745034)	0.7809519704238401	2.828815460205078
varianceThreshold();maxAbsScaler();minMaxScaler();maxAbsScaler();minMaxScaler();varianceThreshold();extraTreesClassifier(93,'entropy','sqrt',19,11,False,'None')	invalid_ind (duplicated operator)	invalid_ind (duplicated operator)
randomForest(23,'gini','None',16,15,False,'None')	0.8841122194281799	6.411565065383911
fastICA(80,'deflation','arbitrary-variance','cube');maxAbsScaler();selectPercentile(83.3799453376464);maxAbsScaler();minMaxScaler();bernoulliNB(2.741451119704649,False)	invalid_ind (duplicated operator)	invalid_ind (duplicated operator)
varianceThreshold();robustScaler(False,False);pca(0.6878132207637606,False);minMaxScaler();selectFwe(0.012429958422472279);minMaxScaler();decisionTree('entropy',19,14,0.5239835411813897,8,'balanced')	invalid_ind (duplicated operator)	invalid_ind (duplicated operator)
selectPercentile(70.29140150695602);robustScaler(True,True);fastICA(30,'deflation','unit-variance','logcosh');robustScaler(True,False);pca(0.7789217756933196,False);maxAbsScaler();logisticRegression('l1','saga',1000,2.181224406521431,'None')	invalid_ind (duplicated operator)	invalid_ind (duplicated operator)
robustScaler(True,True);kNN(2,'uniform',1)	0.8638594353089429	3.0323691368103027
minMaxScaler();minMaxScaler();pca(0.6061488435853455,False);pca(0.8512515473204645,False);adaBoost(decisionTree('gini',21,19,0.9169715656822659,3,'None'),90,0.38765645026086604,'SAMME')	invalid_ind (duplicated operator)	invalid_ind (duplicated operator)
minMaxScaler();selectFwe(0.026567377838832073);minMaxScaler();extraTreesClassifier(83,'gini','log2',15,20,True,'None')	invalid_ind (duplicated operator)	invalid_ind (duplicated operator)
varianceThreshold();maxAbsScaler();pca(0.9862611172454252,True);minMaxScaler();varianceThreshold();robustScaler(False,True);decisionTree('entropy',14,5,0.5053767165880478,8,'None')	invalid_ind (duplicated operator)	invalid_ind (duplicated operator)
nystroem('poly',3.1719914632542565,22,2,-0.19415663267329997);varianceThreshold();minMaxScaler();maxAbsScaler();adaBoost(decisionTree('entropy',16,10,0.5134412166930334,6,'None'),36,1.9111547321302806,'SAMME')	0.8908744772555626	26.171062707901
fastICA(93,'deflation','arbitrary-variance','logcosh');extraTreesClassifier(73,'gini','log2',10,11,True,'balanced_subsample')	eval_timeout_error	eval_timeout_error
minMaxScaler();maxAbsScaler();nystroem('poly',2.9052982609008846,40,5,0.7701512589223529);minMaxScaler();lda(0.40579673259262883,167,0.08931558179033042)	invalid_ind (duplicated operator)	invalid_ind (duplicated operator)
multinomialNB(3.080566357882891,True)	0.781252632860267	6.7323899269104
maxAbsScaler();pca(0.7553587729148059,False);varianceThreshold();maxAbsScaler();fastICA(64,'parallel','unit-variance','logcosh');mlpClassifier((91, 7),0.07322284167260698,0.20917883329237077,'adam','identity')	invalid_ind (duplicated operator)	invalid_ind (duplicated operator)
randomForest(69,'gini','log2',4,9,False,'balanced_subsample')	0.9316619373192381	16.89812922477722
robustScaler(True,False);pca(0.577675494583219,True);selectFwe(0.004433434348235422);fastICA(19,'deflation','unit-variance','exp');fastICA(4,'deflation','unit-variance','cube');varianceThreshold();randomForest(55,'entropy',0.6485318394888302,6,4,False,'balanced')	invalid_ind (duplicated operator)	invalid_ind (duplicated operator)
minMaxScaler();maxAbsScaler();kNN(3,'distance',1)	0.8869774951036906	8.193053722381592
varianceThreshold();maxAbsScaler();minMaxScaler();varianceThreshold();pca(0.8372724127499088,False);adaBoost(decisionTree('entropy',4,14,0.01824293705279667,4,'None'),55,0.8474705316254194,'SAMME')	invalid_ind (duplicated operator)	invalid_ind (duplicated operator)
selectPercentile(19.607198242253464);selectPercentile(16.154445984138384);selectFwe(0.026063302936226426);maxAbsScaler();adaBoost(decisionTree('entropy',17,15,0.5747328526438223,11,'balanced'),82,0.01869762844210748,'SAMME')	invalid_ind (duplicated operator)	invalid_ind (duplicated operator)
robustScaler(False,True);maxAbsScaler();mlpClassifier((60, 19),0.05140653258230293,0.897258844864606,'lbfgs','relu')	0.9250743199531115	112.28946781158447
pca(0.9327789797556615,False);fastICA(88,'parallel','unit-variance','cube');selectPercentile(30.651032930779156);nystroem('cosine',2.5300884533946255,39,4,0.10260084685970172);minMaxScaler();logisticRegression('l1','sag',1000,0.8875305659718458,'None')	eval_error (Found array with 0 feature(s) (shape=(2453, 0)) while a minimum of 1 is required by Nystroem.)	eval_error (Found array with 0 feature(s) (shape=(2453, 0)) while a minimum of 1 is required by Nystroem.)
selectFwe(0.0015382798768397298);pca(0.7109527512982751,True);selectFwe(0.021257819713225292);decisionTree('entropy',7,20,0.7585504020651886,16,'None')	invalid_ind (duplicated operator)	invalid_ind (duplicated operator)
varianceThreshold();maxAbsScaler();varianceThreshold();maxAbsScaler();adaBoost(decisionTree('gini',19,9,0.04717086416499705,8,'balanced'),89,1.6958996055481452,'SAMME')	invalid_ind (duplicated operator)	invalid_ind (duplicated operator)
varianceThreshold();minMaxScaler();bernoulliNB(15.385814491801957,True)	0.8641980630630339	4.362489700317383
minMaxScaler();varianceThreshold();nystroem('rbf',2.8895609644236675,70,2,0.44703655996625935);adaBoost(decisionTree('entropy',30,17,0.836005573572394,10,'None'),39,0.19747663730920903,'SAMME')	0.9143490159628893	135.8911726474762
varianceThreshold();maxAbsScaler();robustScaler(True,True);fastICA(34,'parallel','unit-variance','exp');maxAbsScaler();nystroem('poly',1.636350974258943,13,5,0.7636350354068464);varianceThreshold();bernoulliNB(25.00796952126551,False)	invalid_ind (duplicated operator)	invalid_ind (duplicated operator)
selectPercentile(74.52506113033547);fastICA(94,'parallel','unit-variance','logcosh');robustScaler(False,True);minMaxScaler();randomForest(96,'entropy',0.8245326211057018,17,18,True,'balanced_subsample')	0.9081745977595291	110.49958682060242
nystroem('cosine',0.05784056402101239,53,5,0.6755675022784686);randomForest(94,'gini',0.7143067956693883,9,6,False,'None')	0.8845384569595085	133.9707670211792
lda(0.968375215281766,145,0.07800645740759034)	eval_error (n_components cannot be larger than min(n_features, n_classes - 1).)	eval_error (n_components cannot be larger than min(n_features, n_classes - 1).)
randomForest(23,'gini','None',16,15,False,'None')	0.8841122194281799	cached
minMaxScaler();varianceThreshold();nystroem('rbf',2.8895609644236675,70,2,0.44703655996625935);adaBoost(decisionTree('entropy',30,17,0.836005573572394,10,'None'),39,0.19747663730920903,'SAMME')	0.9143490159628893	cached
varianceThreshold();robustScaler(False,False);pca(0.6878132207637606,False);minMaxScaler();selectFwe(0.012429958422472279);minMaxScaler();decisionTree('gini',19,14,0.5239835411813897,8,'balanced')	invalid_ind (duplicated operator)	invalid_ind (duplicated operator)
varianceThreshold();maxAbsScaler();varianceThreshold();maxAbsScaler();adaBoost(decisionTree('entropy',19,9,0.04717086416499705,8,'balanced'),89,1.6958996055481452,'SAMME')	invalid_ind (duplicated operator)	invalid_ind (duplicated operator)
varianceThreshold();maxAbsScaler();pca(0.9862611172454252,True);minMaxScaler();varianceThreshold();maxAbsScaler();decisionTree('entropy',14,5,0.5053767165880478,8,'None')	invalid_ind (duplicated operator)	invalid_ind (duplicated operator)
varianceThreshold();robustScaler(False,True);minMaxScaler();maxAbsScaler();minMaxScaler();varianceThreshold();extraTreesClassifier(93,'entropy','sqrt',19,11,False,'None')	invalid_ind (duplicated operator)	invalid_ind (duplicated operator)
varianceThreshold();maxAbsScaler();robustScaler(True,True);fastICA(34,'parallel','unit-variance','exp');maxAbsScaler();nystroem('poly',1.636350974258943,13,5,0.7636350354068464);varianceThreshold();bernoulliNB(14.729175296293572,False)	invalid_ind (duplicated operator)	invalid_ind (duplicated operator)
multinomialNB(3.080566357882891,True)	0.781252632860267	cached
varianceThreshold();maxAbsScaler();varianceThreshold();maxAbsScaler();adaBoost(decisionTree('gini',19,9,0.04717086416499705,8,'balanced'),89,1.6958996055481452,'SAMME')	invalid_ind (duplicated operator)	invalid_ind (duplicated operator)
pca(0.9797696201249317,False);selectFwe(0.04794462400370385);fastICA(94,'parallel','unit-variance','logcosh');selectFwe(0.03130884067310971);kNN(10,'uniform',1)	invalid_ind (duplicated operator)	invalid_ind (duplicated operator)
varianceThreshold();fastICA(80,'parallel','unit-variance','logcosh');maxAbsScaler();maxAbsScaler();pca(0.8051269959643266,False);qda(0.8713710182669668)	invalid_ind (duplicated operator)	invalid_ind (duplicated operator)
varianceThreshold();maxAbsScaler();minMaxScaler();varianceThreshold();pca(0.8372724127499088,False);adaBoost(decisionTree('entropy',4,14,0.01824293705279667,4,'None'),55,0.8474705316254194,'SAMME')	invalid_ind (duplicated operator)	invalid_ind (duplicated operator)
lda(0.968375215281766,145,0.07800645740759034)	eval_error (n_components cannot be larger than min(n_features, n_classes - 1).)	eval_error (n_components cannot be larger than min(n_features, n_classes - 1).)
varianceThreshold();varianceThreshold();gaussianNB(0.004561456779964369)	invalid_ind (duplicated operator)	invalid_ind (duplicated operator)
varianceThreshold();bernoulliNB(25.00796952126551,True)	0.8582433946352879	2.2098259925842285
nystroem('cosine',1.0430271987927875,27,4,0.997367136385104);selectFwe(0.03390514558719705);maxAbsScaler();maxAbsScaler();fastICA(59,'parallel','arbitrary-variance','cube');kNN(9,'distance',2)	invalid_ind (duplicated operator)	invalid_ind (duplicated operator)
minMaxScaler();minMaxScaler();pca(0.6061488435853455,False);pca(0.8512515473204645,False);adaBoost(decisionTree('gini',21,19,0.9169715656822659,3,'None'),90,0.38765645026086604,'SAMME')	invalid_ind (duplicated operator)	invalid_ind (duplicated operator)
pca(0.9797696201249317,False);selectFwe(0.04794462400370385);fastICA(60,'parallel','unit-variance','logcosh');selectFwe(0.03130884067310971);kNN(10,'uniform',1)	invalid_ind (duplicated operator)	invalid_ind (duplicated operator)
kNN(11,'uniform',2)	0.7475259473393826	cached
maxAbsScaler();selectFwe(0.017915467040969437);selectFwe(0.04857105558504968);minMaxScaler();nystroem('cosine',3.612332936527493,79,2,-0.903311741357937);minMaxScaler();maxAbsScaler();randomForest(69,'gini','log2',4,9,False,'balanced_subsample')	invalid_ind (duplicated operator)	invalid_ind (duplicated operator)
varianceThreshold();minMaxScaler();bernoulliNB(14.729175296293572,True)	0.8655662975649829	3.254089832305908
lda(0.968375215281766,145,0.07800645740759034)	eval_error (n_components cannot be larger than min(n_features, n_classes - 1).)	eval_error (n_components cannot be larger than min(n_features, n_classes - 1).)
varianceThreshold();selectPercentile(13.523139146780435);maxAbsScaler();bernoulliNB(2.1620983813503516,True)	0.8243906051428528	cached
selectPercentile(19.607198242253464);selectPercentile(16.154445984138384);selectFwe(0.026063302936226426);maxAbsScaler();adaBoost(decisionTree('entropy',17,15,0.5747328526438223,11,'balanced'),82,0.01869762844210748,'SAMME')	invalid_ind (duplicated operator)	invalid_ind (duplicated operator)
robustScaler(True,False);pca(0.577675494583219,True);selectFwe(0.004433434348235422);fastICA(19,'deflation','unit-variance','exp');fastICA(4,'deflation','unit-variance','cube');varianceThreshold();randomForest(55,'entropy',0.6485318394888302,6,4,False,'balanced')	invalid_ind (duplicated operator)	invalid_ind (duplicated operator)
bernoulliNB(11.150363387439373,True)	0.865073023918335	3.081205129623413
varianceThreshold();bernoulliNB(15.385814491801957,True)	0.8631666959026001	3.2326369285583496
pca(0.9327789797556615,False);fastICA(88,'parallel','unit-variance','cube');selectPercentile(30.651032930779156);nystroem('cosine',2.5300884533946255,39,4,0.10260084685970172);minMaxScaler();logisticRegression('l1','sag',1000,0.8875305659718458,'None')	eval_error (Found array with 0 feature(s) (shape=(2453, 0)) while a minimum of 1 is required by Nystroem.)	eval_error (Found array with 0 feature(s) (shape=(2453, 0)) while a minimum of 1 is required by Nystroem.)
varianceThreshold();maxAbsScaler();minMaxScaler();maxAbsScaler();minMaxScaler();varianceThreshold();extraTreesClassifier(93,'entropy','sqrt',19,11,False,'None')	invalid_ind (duplicated operator)	invalid_ind (duplicated operator)
robustScaler(False,True);maxAbsScaler();mlpClassifier((60, 19),0.05140653258230293,0.897258844864606,'lbfgs','relu')	0.9250743199531115	cached
varianceThreshold();maxAbsScaler();minMaxScaler();varianceThreshold();pca(0.8372724127499088,False);adaBoost(decisionTree('entropy',4,14,0.01824293705279667,4,'None'),55,0.8474705316254194,'SAMME')	invalid_ind (duplicated operator)	invalid_ind (duplicated operator)
minMaxScaler();varianceThreshold();nystroem('rbf',2.8895609644236675,70,2,0.44703655996625935);bernoulliNB(2.1620983813503516,False)	0.645248332163076	4.373099327087402
minMaxScaler();maxAbsScaler();kNN(3,'uniform',1)	0.8799885372390825	3.435884714126587
fastICA(80,'deflation','arbitrary-variance','cube');maxAbsScaler();selectPercentile(83.3799453376464);maxAbsScaler();minMaxScaler();bernoulliNB(2.741451119704649,False)	invalid_ind (duplicated operator)	invalid_ind (duplicated operator)
varianceThreshold();selectPercentile(13.523139146780435);maxAbsScaler();adaBoost(decisionTree('entropy',30,17,0.836005573572394,10,'None'),39,0.19747663730920903,'SAMME')	0.8937651309845004	6.211758375167847
selectPercentile(74.52506113033547);fastICA(60,'parallel','unit-variance','logcosh');robustScaler(False,True);minMaxScaler();randomForest(96,'entropy',0.8245326211057018,17,18,True,'balanced_subsample')	0.9081745977595291	43.59026026725769
nystroem('cosine',0.05784056402101239,53,5,0.6755675022784686);randomForest(94,'gini',0.7143067956693883,9,6,False,'None')	0.8845384569595085	51.298393964767456
selectFwe(0.0015382798768397298);pca(0.7109527512982751,True);selectFwe(0.021257819713225292);decisionTree('entropy',7,20,0.7585504020651886,16,'None')	invalid_ind (duplicated operator)	invalid_ind (duplicated operator)
minMaxScaler();varianceThreshold();nystroem('rbf',2.8895609644236675,70,2,-0.903311741357937);adaBoost(decisionTree('entropy',30,17,0.836005573572394,10,'None'),39,0.19747663730920903,'SAMME')	0.9143490159628893	48.06804609298706
maxAbsScaler();minMaxScaler();minMaxScaler();minMaxScaler();bernoulliNB(11.150363387439373,False)	invalid_ind (duplicated operator)	invalid_ind (duplicated operator)
nystroem('cosine',0.05784056402101239,53,5,0.6755675022784686);randomForest(94,'gini',0.7143067956693883,9,6,False,'None')	0.8845384569595085	cached
varianceThreshold();maxAbsScaler();minMaxScaler();varianceThreshold();pca(0.8372724127499088,False);randomForest(96,'entropy',0.8245326211057018,17,18,True,'balanced_subsample')	invalid_ind (duplicated operator)	invalid_ind (duplicated operator)
bernoulliNB(2.741451119704649,False)	0.8757034265908373	2.034456491470337
fastICA(80,'deflation','arbitrary-variance','cube');maxAbsScaler();selectPercentile(83.3799453376464);maxAbsScaler();minMaxScaler();lda(0.968375215281766,145,0.07800645740759034)	invalid_ind (duplicated operator)	invalid_ind (duplicated operator)
selectPercentile(74.52506113033547);fastICA(60,'parallel','unit-variance','logcosh');robustScaler(False,True);minMaxScaler();adaBoost(decisionTree('entropy',4,14,0.01824293705279667,4,'None'),55,0.8474705316254194,'SAMME')	0.9134505095490087	15.783546447753906
pca(0.9797696201249317,False);selectFwe(0.04794462400370385);fastICA(60,'parallel','unit-variance','logcosh');selectFwe(0.03130884067310971);kNN(10,'uniform',1)	invalid_ind (duplicated operator)	invalid_ind (duplicated operator)
selectPercentile(74.52506113033547);fastICA(94,'parallel','unit-variance','logcosh');robustScaler(False,True);minMaxScaler();randomForest(96,'entropy',0.8245326211057018,17,18,True,'balanced_subsample')	0.9081745977595291	cached
nystroem('poly',2.5300884533946255,22,4,0.10260084685970172);varianceThreshold();minMaxScaler();maxAbsScaler();adaBoost(decisionTree('entropy',16,10,0.5134412166930334,6,'None'),36,1.9111547321302806,'SAMME')	0.738708817948212	10.488659143447876
selectPercentile(74.52506113033547);fastICA(94,'parallel','unit-variance','logcosh');robustScaler(False,True);minMaxScaler();randomForest(96,'gini','log2',4,9,False,'balanced_subsample')	0.9273119123486572	26.644213438034058
pca(0.9327789797556615,False);fastICA(88,'parallel','unit-variance','cube');selectPercentile(30.651032930779156);nystroem('cosine',3.1719914632542565,39,2,-0.19415663267329997);minMaxScaler();logisticRegression('l1','sag',1000,0.8875305659718458,'None')	eval_error (Found array with 0 feature(s) (shape=(2453, 0)) while a minimum of 1 is required by Nystroem.)	eval_error (Found array with 0 feature(s) (shape=(2453, 0)) while a minimum of 1 is required by Nystroem.)
maxAbsScaler();minMaxScaler();minMaxScaler();minMaxScaler();bernoulliNB(11.150363387439373,False)	invalid_ind (duplicated operator)	invalid_ind (duplicated operator)
nystroem('poly',3.1719914632542565,22,2,-0.19415663267329997);varianceThreshold();minMaxScaler();maxAbsScaler();adaBoost(decisionTree('entropy',16,10,0.5134412166930334,6,'None'),55,0.8474705316254194,'SAMME')	0.8960005975120909	31.870725393295288
varianceThreshold();maxAbsScaler();minMaxScaler();varianceThreshold();pca(0.8372724127499088,False);adaBoost(decisionTree('entropy',4,14,0.01824293705279667,4,'None'),36,1.9111547321302806,'SAMME')	invalid_ind (duplicated operator)	invalid_ind (duplicated operator)
selectFwe(0.04794462400370385);pca(0.9797696201249317,True);selectFwe(0.021257819713225292);decisionTree('entropy',7,20,0.7585504020651886,16,'None')	invalid_ind (duplicated operator)	invalid_ind (duplicated operator)
pca(0.7109527512982751,False);selectFwe(0.0015382798768397298);fastICA(94,'parallel','unit-variance','logcosh');selectFwe(0.03130884067310971);kNN(10,'uniform',1)	invalid_ind (duplicated operator)	invalid_ind (duplicated operator)
minMaxScaler();varianceThreshold();nystroem('rbf',2.8895609644236675,70,2,0.44703655996625935);bernoulliNB(2.1620983813503516,False)	0.645248332163076	4.7276692390441895
randomForest(23,'gini','None',16,15,False,'None')	0.8841122194281799	9.048659086227417
varianceThreshold();maxAbsScaler();pca(0.9862611172454252,True);minMaxScaler();varianceThreshold();maxAbsScaler();decisionTree('gini',3,19,0.6471573885054366,6,'None')	invalid_ind (duplicated operator)	invalid_ind (duplicated operator)
maxAbsScaler();selectFwe(0.029329227870269772);selectFwe(0.04857105558504968);minMaxScaler();nystroem('cosine',3.612332936527493,79,2,-0.903311741357937);minMaxScaler();maxAbsScaler();randomForest(69,'gini','log2',4,9,False,'balanced_subsample')	invalid_ind (duplicated operator)	invalid_ind (duplicated operator)
randomForest(69,'entropy',0.8245326211057018,17,18,True,'balanced_subsample')	0.9192936133050716	12.471944570541382
varianceThreshold();minMaxScaler();minMaxScaler();mlpClassifier((60, 19),0.05140653258230293,0.897258844864606,'lbfgs','relu')	invalid_ind (duplicated operator)	invalid_ind (duplicated operator)
randomForest(69,'gini','log2',4,9,False,'balanced_subsample')	0.9316619373192381	5.094946622848511
pca(0.9797696201249317,False);selectFwe(0.04794462400370385);fastICA(94,'parallel','unit-variance','logcosh');selectFwe(0.03130884067310971);kNN(10,'uniform',1)	invalid_ind (duplicated operator)	invalid_ind (duplicated operator)
randomForest(69,'gini','log2',4,9,False,'balanced_subsample')	0.9316619373192381	5.0533599853515625
varianceThreshold();maxAbsScaler();minMaxScaler();varianceThreshold();pca(0.8372724127499088,False);adaBoost(decisionTree('entropy',4,14,0.01824293705279667,4,'None'),55,0.8474705316254194,'SAMME')	invalid_ind (duplicated operator)	invalid_ind (duplicated operator)
varianceThreshold();pca(0.6659622963640496,True);selectPercentile(13.523139146780435);maxAbsScaler();adaBoost(decisionTree('entropy',30,17,0.836005573572394,10,'None'),39,0.19747663730920903,'SAMME')	eval_error (Found array with 0 feature(s) (shape=(2453, 0)) while a minimum of 1 is required by MaxAbsScaler.)	eval_error (Found array with 0 feature(s) (shape=(2453, 0)) while a minimum of 1 is required by MaxAbsScaler.)
selectPercentile(47.66464891365143);maxAbsScaler();robustScaler(False,False);varianceThreshold();nystroem('rbf',2.8895609644236675,70,2,0.44703655996625935);bernoulliNB(2.1620983813503516,False)	0.6470197777742468	4.554907321929932
varianceThreshold();multinomialNB(3.080566357882891,True)	0.781252632860267	3.9849369525909424
bernoulliNB(25.00796952126551,True)	0.8582433946352879	2.9494247436523438
selectPercentile(74.52506113033547);fastICA(55,'parallel','unit-variance','logcosh');robustScaler(False,True);minMaxScaler();randomForest(96,'entropy',0.8245326211057018,17,18,True,'balanced_subsample')	0.9081745977595291	69.78693628311157
robustScaler(True,False);pca(0.577675494583219,True);selectFwe(0.004433434348235422);fastICA(19,'deflation','unit-variance','exp');varianceThreshold();varianceThreshold();randomForest(55,'entropy',0.6485318394888302,6,4,False,'balanced')	invalid_ind (duplicated operator)	invalid_ind (duplicated operator)
fastICA(4,'deflation','unit-variance','cube');maxAbsScaler();varianceThreshold();maxAbsScaler();adaBoost(decisionTree('entropy',19,9,0.04717086416499705,8,'balanced'),89,1.6958996055481452,'SAMME')	invalid_ind (duplicated operator)	invalid_ind (duplicated operator)
nystroem('cosine',0.05784056402101239,53,5,0.6755675022784686);randomForest(94,'gini',0.7143067956693883,9,6,False,'None')	0.8845384569595085	79.56211829185486
adaBoost(decisionTree('gini',28,8,0.22928724526155597,10,'None'),71,0.6545623296505514,'SAMME')	0.9416712976731038	9.01342511177063
selectPercentile(74.52506113033547);fastICA(94,'parallel','unit-variance','logcosh');robustScaler(False,True);minMaxScaler();randomForest(96,'entropy',0.8245326211057018,17,18,True,'balanced_subsample')	0.9081745977595291	53.4840190410614
selectFwe(0.0015382798768397298);pca(0.7109527512982751,True);selectFwe(0.021257819713225292);decisionTree('entropy',7,20,0.7585504020651886,16,'None')	invalid_ind (duplicated operator)	invalid_ind (duplicated operator)
selectPercentile(74.52506113033547);fastICA(60,'parallel','unit-variance','logcosh');robustScaler(False,True);minMaxScaler();randomForest(96,'entropy',0.8245326211057018,17,18,True,'balanced_subsample')	0.9081745977595291	48.335893630981445
selectFwe(0.0015382798768397298);pca(0.7109527512982751,True);selectFwe(0.021257819713225292);decisionTree('entropy',7,20,0.7585504020651886,16,'None')	invalid_ind (duplicated operator)	invalid_ind (duplicated operator)
nystroem('cosine',0.05784056402101239,53,5,0.6755675022784686);randomForest(94,'gini',0.7143067956693883,9,6,False,'None')	0.8845384569595085	59.078171730041504
varianceThreshold();maxAbsScaler();minMaxScaler();varianceThreshold();pca(0.8372724127499088,False);adaBoost(decisionTree('entropy',4,14,0.01824293705279667,4,'None'),55,0.8474705316254194,'SAMME')	invalid_ind (duplicated operator)	invalid_ind (duplicated operator)
randomForest(69,'gini','log2',4,9,False,'balanced_subsample')	0.9316619373192381	cached
minMaxScaler();varianceThreshold();nystroem('rbf',2.8895609644236675,70,2,0.44703655996625935);bernoulliNB(2.1620983813503516,False)	0.645248332163076	cached
varianceThreshold();maxAbsScaler();minMaxScaler();varianceThreshold();pca(0.8372724127499088,False);randomForest(94,'gini',0.7143067956693883,9,6,False,'None')	invalid_ind (duplicated operator)	invalid_ind (duplicated operator)
selectPercentile(74.52506113033547);fastICA(94,'parallel','unit-variance','logcosh');robustScaler(False,True);minMaxScaler();randomForest(96,'entropy',0.8245326211057018,17,18,True,'balanced_subsample')	0.9081745977595291	cached
pca(0.9367593814337876,False);selectFwe(0.0015382798768397298);fastICA(94,'parallel','unit-variance','logcosh');selectFwe(0.03130884067310971);kNN(10,'uniform',1)	invalid_ind (duplicated operator)	invalid_ind (duplicated operator)
selectFwe(0.0015382798768397298);pca(0.7109527512982751,True);nystroem('cosine',0.05784056402101239,53,5,0.6755675022784686);decisionTree('entropy',7,20,0.7585504020651886,16,'None')	0.6322273201723657	3.577327251434326
nystroem('cosine',0.05784056402101239,53,5,0.6755675022784686);adaBoost(decisionTree('entropy',4,14,0.01824293705279667,4,'None'),55,0.8474705316254194,'SAMME')	0.8555629912771465	5.602243900299072
pca(0.9797696201249317,False);selectFwe(0.04794462400370385);fastICA(94,'parallel','unit-variance','logcosh');adaBoost(decisionTree('entropy',16,10,0.5134412166930334,6,'None'),36,1.9111547321302806,'SAMME')	0.7477086779610109	3.668550491333008
nystroem('poly',2.5300884533946255,22,4,0.10260084685970172);varianceThreshold();minMaxScaler();maxAbsScaler();selectFwe(0.03130884067310971);kNN(10,'uniform',1)	eval_error (Found array with 0 feature(s) (shape=(2453, 0)) while a minimum of 1 is required by KNeighborsClassifier.)	eval_error (Found array with 0 feature(s) (shape=(2453, 0)) while a minimum of 1 is required by KNeighborsClassifier.)
robustScaler(False,True);maxAbsScaler();bernoulliNB(2.741451119704649,False)	0.8757034265908373	2.9087042808532715
selectFwe(0.027595023352753382);randomForest(94,'gini',0.7143067956693883,9,6,False,'None')	0.9237336153132176	23.327600479125977
minMaxScaler();varianceThreshold();nystroem('rbf',2.8895609644236675,70,2,0.44703655996625935);adaBoost(decisionTree('entropy',7,17,0.7585504020651886,10,'None'),39,0.19747663730920903,'SAMME')	0.9014152902612753	92.01882123947144
selectFwe(0.04794462400370385);pca(0.9797696201249317,True);selectFwe(0.021257819713225292);decisionTree('entropy',30,20,0.836005573572394,16,'None')	invalid_ind (duplicated operator)	invalid_ind (duplicated operator)
fastICA(21,'parallel','arbitrary-variance','logcosh');maxAbsScaler();maxAbsScaler();bernoulliNB(0.2649272079879021,False)	invalid_ind (duplicated operator)	invalid_ind (duplicated operator)
varianceThreshold();pca(0.6659622963640496,True);selectPercentile(13.523139146780435);maxAbsScaler();adaBoost(decisionTree('entropy',30,17,0.836005573572394,10,'None'),39,0.19747663730920903,'SAMME')	eval_error (Found array with 0 feature(s) (shape=(2453, 0)) while a minimum of 1 is required by MaxAbsScaler.)	eval_error (Found array with 0 feature(s) (shape=(2453, 0)) while a minimum of 1 is required by MaxAbsScaler.)
robustScaler(False,True);pca(0.6659622963640496,True);selectPercentile(13.523139146780435);maxAbsScaler();adaBoost(decisionTree('entropy',30,17,0.836005573572394,10,'None'),39,0.19747663730920903,'SAMME')	0.7389608898021703	14.975507736206055
mlpClassifier((60, 19),0.05140653258230293,0.897258844864606,'lbfgs','relu')	0.8737050436250406	114.35515928268433
maxAbsScaler();minMaxScaler();minMaxScaler();minMaxScaler();bernoulliNB(2.1620983813503516,False)	invalid_ind (duplicated operator)	invalid_ind (duplicated operator)
selectPercentile(47.66464891365143);maxAbsScaler();robustScaler(False,False);varianceThreshold();nystroem('rbf',2.8895609644236675,70,2,0.44703655996625935);bernoulliNB(11.150363387439373,False)	0.6311694632615287	4.564125061035156
maxAbsScaler();selectPercentile(74.52506113033547);minMaxScaler();minMaxScaler();bernoulliNB(11.150363387439373,False)	invalid_ind (duplicated operator)	invalid_ind (duplicated operator)
minMaxScaler();fastICA(60,'parallel','unit-variance','logcosh');robustScaler(False,True);minMaxScaler();adaBoost(decisionTree('entropy',4,14,0.01824293705279667,4,'None'),55,0.8474705316254194,'SAMME')	invalid_ind (duplicated operator)	invalid_ind (duplicated operator)
adaBoost(decisionTree('gini',28,8,0.22928724526155597,10,'None'),71,0.6545623296505514,'SAMME')	0.9416712976731038	cached
selectPercentile(47.66464891365143);maxAbsScaler();robustScaler(False,False);varianceThreshold();nystroem('rbf',2.8895609644236675,70,2,0.44703655996625935);bernoulliNB(2.1620983813503516,False)	0.6470197777742468	cached
randomForest(69,'gini','log2',4,9,False,'balanced_subsample')	0.9316619373192381	cached
pca(0.7109527512982751,False);selectFwe(0.0015382798768397298);fastICA(94,'parallel','unit-variance','logcosh');selectFwe(0.03130884067310971);kNN(10,'uniform',1)	invalid_ind (duplicated operator)	invalid_ind (duplicated operator)
robustScaler(False,True);selectFwe(0.03130884067310971);kNN(10,'uniform',1)	0.8777061770068292	4.186045408248901
nystroem('cosine',0.05784056402101239,53,5,0.6755675022784686);randomForest(94,'gini',0.7143067956693883,9,6,False,'None')	0.8845384569595085	138.6882665157318
minMaxScaler();varianceThreshold();nystroem('rbf',2.8895609644236675,70,2,0.44703655996625935);adaBoost(decisionTree('entropy',30,17,0.836005573572394,10,'None'),39,0.19747663730920903,'SAMME')	0.9143490159628893	138.81584239006042
bernoulliNB(25.00796952126551,True)	0.8582433946352879	3.861467123031616
robustScaler(True,False);pca(0.6659622963640496,True);selectFwe(0.004433434348235422);fastICA(19,'deflation','unit-variance','exp');varianceThreshold();varianceThreshold();randomForest(55,'entropy',0.6485318394888302,6,4,False,'balanced')	invalid_ind (duplicated operator)	invalid_ind (duplicated operator)
selectPercentile(74.52506113033547);fastICA(94,'parallel','unit-variance','logcosh');varianceThreshold();minMaxScaler();randomForest(96,'gini','log2',4,9,False,'balanced_subsample')	0.9273119123486572	36.463627338409424
varianceThreshold();pca(0.577675494583219,True);selectPercentile(13.523139146780435);maxAbsScaler();adaBoost(decisionTree('entropy',30,17,0.836005573572394,10,'None'),39,0.19747663730920903,'SAMME')	eval_error (Found array with 0 feature(s) (shape=(2453, 0)) while a minimum of 1 is required by MaxAbsScaler.)	eval_error (Found array with 0 feature(s) (shape=(2453, 0)) while a minimum of 1 is required by MaxAbsScaler.)
randomForest(23,'gini','None',16,15,False,'None')	0.8841122194281799	18.308518409729004
selectPercentile(47.66464891365143);maxAbsScaler();robustScaler(False,False);varianceThreshold();pca(0.9490593263448623,True);bernoulliNB(2.1620983813503516,False)	0.7777114486783124	6.32471776008606
minMaxScaler();varianceThreshold();nystroem('rbf',2.8895609644236675,70,2,0.44703655996625935);adaBoost(decisionTree('entropy',30,17,0.836005573572394,10,'None'),39,0.19747663730920903,'SAMME')	0.9143490159628893	cached
pca(0.9327789797556615,False);fastICA(88,'parallel','unit-variance','cube');selectPercentile(30.651032930779156);nystroem('rbf',2.8895609644236675,39,2,-0.903311741357937);minMaxScaler();logisticRegression('l1','sag',1000,0.8875305659718458,'None')	eval_error (Found array with 0 feature(s) (shape=(2453, 0)) while a minimum of 1 is required by Nystroem.)	eval_error (Found array with 0 feature(s) (shape=(2453, 0)) while a minimum of 1 is required by Nystroem.)
selectPercentile(80.36117516564369);fastICA(88,'parallel','unit-variance','cube');robustScaler(False,True);minMaxScaler();randomForest(96,'entropy',0.8245326211057018,17,18,True,'balanced')	0.9058772149954109	144.22484612464905
pca(0.9327789797556615,False);fastICA(55,'parallel','unit-variance','logcosh');selectPercentile(30.651032930779156);nystroem('cosine',3.1719914632542565,39,2,-0.19415663267329997);minMaxScaler();logisticRegression('l1','sag',1000,0.8875305659718458,'None')	eval_error (Found array with 0 feature(s) (shape=(2453, 0)) while a minimum of 1 is required by Nystroem.)	eval_error (Found array with 0 feature(s) (shape=(2453, 0)) while a minimum of 1 is required by Nystroem.)
pca(0.9797696201249317,False);selectFwe(0.04794462400370385);fastICA(60,'parallel','unit-variance','logcosh');maxAbsScaler();mlpClassifier((60, 19),0.05140653258230293,0.897258844864606,'lbfgs','relu')	0.7330229545992417	80.90021705627441
minMaxScaler();varianceThreshold();nystroem('cosine',3.1719914632542565,70,2,-0.19415663267329997);adaBoost(decisionTree('entropy',30,17,0.836005573572394,10,'None'),39,0.19747663730920903,'SAMME')	0.916347806102829	77.99580693244934
varianceThreshold();maxAbsScaler();minMaxScaler();minMaxScaler();varianceThreshold();maxAbsScaler();qda(0.2549616976821759)	invalid_ind (duplicated operator)	invalid_ind (duplicated operator)
adaBoost(decisionTree('gini',28,8,0.22928724526155597,10,'None'),71,0.6545623296505514,'SAMME')	0.9416712976731038	cached
pca(0.9797696201249317,False);selectFwe(0.04794462400370385);fastICA(60,'parallel','unit-variance','logcosh');maxAbsScaler();mlpClassifier((60, 19),0.05140653258230293,0.897258844864606,'lbfgs','relu')	0.7330229545992417	cached
pca(0.7109527512982751,False);selectFwe(0.0015382798768397298);fastICA(94,'parallel','unit-variance','logcosh');selectFwe(0.03130884067310971);randomForest(69,'gini','log2',4,9,False,'balanced_subsample')	invalid_ind (duplicated operator)	invalid_ind (duplicated operator)
kNN(10,'uniform',1)	0.7897436101719653	2.6694273948669434
selectFwe(0.027595023352753382);randomForest(94,'gini','log2',4,9,False,'balanced_subsample')	0.9341579134264195	4.213975429534912
nystroem('cosine',0.05784056402101239,53,5,0.6755675022784686);adaBoost(decisionTree('entropy',4,14,0.01824293705279667,4,'None'),55,0.8474705316254194,'SAMME')	0.8555629912771465	5.642855405807495
maxAbsScaler();selectPercentile(74.52506113033547);minMaxScaler();minMaxScaler();bernoulliNB(11.150363387439373,False)	invalid_ind (duplicated operator)	invalid_ind (duplicated operator)
randomForest(23,'gini','None',16,15,False,'None')	0.8841122194281799	6.223674297332764
randomForest(69,'gini','log2',4,9,False,'balanced_subsample')	0.9316619373192381	4.98151969909668
varianceThreshold();pca(0.6659622963640496,True);selectPercentile(13.523139146780435);maxAbsScaler();adaBoost(decisionTree('entropy',30,17,0.836005573572394,10,'None'),39,0.19747663730920903,'SAMME')	eval_error (Found array with 0 feature(s) (shape=(2453, 0)) while a minimum of 1 is required by MaxAbsScaler.)	eval_error (Found array with 0 feature(s) (shape=(2453, 0)) while a minimum of 1 is required by MaxAbsScaler.)
randomForest(69,'gini','log2',4,9,False,'balanced_subsample')	0.9316619373192381	5.0699238777160645
randomForest(69,'gini','log2',4,9,False,'balanced_subsample')	0.9316619373192381	cached
selectPercentile(74.52506113033547);fastICA(94,'parallel','unit-variance','logcosh');robustScaler(False,True);minMaxScaler();randomForest(96,'gini','log2',4,9,False,'balanced_subsample')	0.9273119123486572	cached
selectFwe(0.027595023352753382);randomForest(94,'gini',0.7143067956693883,9,6,False,'None')	0.9237336153132176	14.930259227752686
randomForest(23,'gini','None',13,15,False,'None')	0.8841122194281799	7.003456354141235
bernoulliNB(5.829706670395426,True)	0.8691884244233947	2.380187511444092
selectPercentile(74.52506113033547);fastICA(94,'parallel','unit-variance','logcosh');varianceThreshold();minMaxScaler();randomForest(96,'gini','log2',4,9,False,'balanced_subsample')	0.9273119123486572	cached
randomForest(69,'gini','log2',4,9,False,'balanced_subsample')	0.9316619373192381	cached
nystroem('cosine',0.05784056402101239,53,5,0.6755675022784686);adaBoost(decisionTree('entropy',4,14,0.01824293705279667,4,'None'),55,0.8474705316254194,'SAMME')	0.8555629912771465	7.081171274185181
adaBoost(decisionTree('gini',28,8,0.22928724526155597,10,'None'),71,0.6545623296505514,'SAMME')	0.9416712976731038	12.745998859405518
fastICA(21,'parallel','arbitrary-variance','logcosh');maxAbsScaler();selectPercentile(13.523139146780435);bernoulliNB(0.2649272079879021,False)	0.7030577155132984	7.913224697113037
varianceThreshold();pca(0.7014036664893811,False);maxAbsScaler();maxAbsScaler();adaBoost(decisionTree('entropy',30,17,0.836005573572394,10,'None'),39,0.19747663730920903,'SAMME')	invalid_ind (duplicated operator)	invalid_ind (duplicated operator)
selectPercentile(4.381970728022208);fastICA(88,'parallel','unit-variance','exp');varianceThreshold();minMaxScaler();randomForest(96,'gini','log2',4,9,False,'balanced_subsample')	0.7936178649400419	6.298588991165161
minMaxScaler();varianceThreshold();nystroem('rbf',2.8895609644236675,70,2,0.44703655996625935);adaBoost(decisionTree('entropy',7,17,0.7585504020651886,10,'None'),39,0.19747663730920903,'SAMME')	0.9014152902612753	50.61621713638306
randomForest(69,'entropy',0.8245326211057018,17,18,True,'balanced_subsample')	0.9192936133050716	cached
pca(0.9327789797556615,False);fastICA(55,'parallel','unit-variance','logcosh');selectPercentile(30.651032930779156);nystroem('cosine',3.1719914632542565,39,2,-0.19415663267329997);minMaxScaler();logisticRegression('l1','sag',1000,0.8875305659718458,'None')	eval_error (Found array with 0 feature(s) (shape=(2453, 0)) while a minimum of 1 is required by Nystroem.)	eval_error (Found array with 0 feature(s) (shape=(2453, 0)) while a minimum of 1 is required by Nystroem.)
minMaxScaler();varianceThreshold();nystroem('rbf',2.8895609644236675,70,2,0.44703655996625935);adaBoost(decisionTree('entropy',7,17,0.7585504020651886,10,'None'),39,0.19747663730920903,'SAMME')	0.9014152902612753	51.970439195632935
robustScaler(False,True);selectFwe(0.04561267878722874);kNN(10,'uniform',1)	0.8777061770068292	4.936946153640747
pca(0.9327789797556615,False);fastICA(94,'parallel','unit-variance','logcosh');selectPercentile(30.651032930779156);nystroem('rbf',2.8895609644236675,39,2,-0.903311741357937);minMaxScaler();logisticRegression('l1','sag',1000,0.8875305659718458,'None')	eval_error (Found array with 0 feature(s) (shape=(2453, 0)) while a minimum of 1 is required by Nystroem.)	eval_error (Found array with 0 feature(s) (shape=(2453, 0)) while a minimum of 1 is required by Nystroem.)
selectPercentile(74.52506113033547);fastICA(94,'parallel','unit-variance','logcosh');robustScaler(False,True);varianceThreshold();nystroem('rbf',2.8895609644236675,70,2,0.44703655996625935);adaBoost(decisionTree('entropy',7,17,0.7585504020651886,10,'None'),39,0.19747663730920903,'SAMME')	0.49933795432329153	16.816789865493774
minMaxScaler();minMaxScaler();randomForest(96,'gini','log2',4,9,False,'balanced_subsample')	invalid_ind (duplicated operator)	invalid_ind (duplicated operator)
selectPercentile(74.52506113033547);fastICA(94,'parallel','unit-variance','logcosh');varianceThreshold();minMaxScaler();randomForest(96,'gini',0.7143067956693883,9,6,False,'None')	0.9113520373794003	77.97323322296143
maxAbsScaler();selectPercentile(78.41955822694993);minMaxScaler();minMaxScaler();bernoulliNB(0.9245905983533094,False)	invalid_ind (duplicated operator)	invalid_ind (duplicated operator)
selectPercentile(74.52506113033547);fastICA(88,'parallel','unit-variance','cube');varianceThreshold();minMaxScaler();randomForest(96,'gini','log2',4,9,False,'balanced_subsample')	0.9276902900094965	22.29462194442749
selectFwe(0.027595023352753382);randomForest(94,'entropy',0.8245326211057018,9,6,True,'balanced')	0.9339454573530105	16.285845518112183
robustScaler(False,True);maxAbsScaler();adaBoost(decisionTree('entropy',21,18,0.8859566573494242,11,'balanced'),48,1.203778553938564,'SAMME')	0.9390360815010339	13.043439626693726
selectPercentile(80.36117516564369);fastICA(94,'parallel','unit-variance','logcosh');robustScaler(False,True);minMaxScaler();randomForest(96,'entropy',0.8245326211057018,17,18,True,'balanced')	0.904905179098366	63.9239764213562
nystroem('cosine',0.05784056402101239,53,5,0.6755675022784686);randomForest(94,'gini',0.7143067956693883,9,6,False,'None')	0.8845384569595085	75.0781831741333
selectPercentile(80.36117516564369);fastICA(88,'parallel','unit-variance','cube');robustScaler(False,True);minMaxScaler();randomForest(96,'gini',0.7143067956693883,17,18,False,'None')	0.889394362793427	37.24020981788635
selectPercentile(74.52506113033547);fastICA(88,'parallel','unit-variance','cube');varianceThreshold();minMaxScaler();randomForest(96,'gini','log2',4,9,False,'balanced_subsample')	0.9276902900094965	cached
varianceThreshold();maxAbsScaler();minMaxScaler();minMaxScaler();varianceThreshold();maxAbsScaler();randomForest(69,'gini','log2',4,9,False,'balanced_subsample')	invalid_ind (duplicated operator)	invalid_ind (duplicated operator)
maxAbsScaler();maxAbsScaler();maxAbsScaler();varianceThreshold();maxAbsScaler();minMaxScaler();maxAbsScaler();extraTreesClassifier(31,'gini','log2',6,16,True,'balanced_subsample')	invalid_ind (duplicated operator)	invalid_ind (duplicated operator)
varianceThreshold();pca(0.7014036664893811,False);maxAbsScaler();maxAbsScaler();adaBoost(decisionTree('entropy',30,17,0.836005573572394,10,'None'),39,0.19747663730920903,'SAMME')	invalid_ind (duplicated operator)	invalid_ind (duplicated operator)
pca(0.9327789797556615,False);fastICA(94,'parallel','unit-variance','logcosh');selectPercentile(30.651032930779156);nystroem('rbf',2.8895609644236675,39,2,-0.903311741357937);minMaxScaler();logisticRegression('l1','liblinear',1000,2.5082874528036,'None')	eval_error (Found array with 0 feature(s) (shape=(2453, 0)) while a minimum of 1 is required by Nystroem.)	eval_error (Found array with 0 feature(s) (shape=(2453, 0)) while a minimum of 1 is required by Nystroem.)
qda(0.2549616976821759)	0.8763340020321964	3.1533684730529785
nystroem('cosine',0.05784056402101239,53,5,0.6755675022784686);randomForest(94,'gini',0.7143067956693883,9,6,False,'None')	0.8845384569595085	cached
pca(0.9797696201249317,False);selectFwe(0.04794462400370385);fastICA(60,'parallel','unit-variance','logcosh');maxAbsScaler();mlpClassifier((60, 19),0.05140653258230293,0.897258844864606,'lbfgs','relu')	0.7330229545992417	cached
minMaxScaler();varianceThreshold();nystroem('rbf',2.8895609644236675,70,2,0.44703655996625935);adaBoost(decisionTree('entropy',7,17,0.7585504020651886,10,'None'),39,0.19747663730920903,'SAMME')	0.9014152902612753	cached
maxAbsScaler();selectPercentile(74.52506113033547);minMaxScaler();minMaxScaler();bernoulliNB(11.150363387439373,False)	invalid_ind (duplicated operator)	invalid_ind (duplicated operator)
minMaxScaler();minMaxScaler();randomForest(96,'gini','log2',4,9,False,'balanced_subsample')	invalid_ind (duplicated operator)	invalid_ind (duplicated operator)
minMaxScaler();minMaxScaler();adaBoost(decisionTree('entropy',18,14,0.7193028823349024,19,'None'),69,1.4385665428830927,'SAMME')	invalid_ind (duplicated operator)	invalid_ind (duplicated operator)
randomForest(69,'gini','log2',4,9,False,'balanced_subsample')	0.9316619373192381	5.807002305984497
adaBoost(decisionTree('gini',15,2,0.34139508224515946,13,'balanced'),73,1.5132546688545656,'SAMME')	0.9319475854234384	15.451810836791992
minMaxScaler();minMaxScaler();randomForest(96,'gini','log2',4,9,False,'balanced_subsample')	invalid_ind (duplicated operator)	invalid_ind (duplicated operator)
selectPercentile(74.52506113033547);fastICA(94,'parallel','unit-variance','logcosh');robustScaler(False,True);minMaxScaler();randomForest(96,'gini','log2',4,9,False,'balanced_subsample')	0.9273119123486572	cached
randomForest(69,'gini','log2',4,9,False,'balanced_subsample')	0.9316619373192381	cached
selectPercentile(74.52506113033547);fastICA(94,'parallel','unit-variance','logcosh');varianceThreshold();minMaxScaler();randomForest(96,'gini',0.7143067956693883,9,6,False,'None')	0.9113520373794003	cached
selectFwe(0.0015382798768397298);randomForest(94,'gini','log2',4,9,False,'balanced_subsample')	0.9339956865461602	15.419719219207764
pca(0.7109527512982751,False);selectFwe(0.027595023352753382);fastICA(94,'parallel','unit-variance','logcosh');selectFwe(0.03130884067310971);randomForest(69,'entropy',0.8245326211057018,9,6,True,'balanced')	invalid_ind (duplicated operator)	invalid_ind (duplicated operator)
selectFwe(0.0015382798768397298);randomForest(94,'gini','log2',4,9,False,'balanced_subsample')	0.9339956865461602	14.670144081115723
pca(0.7109527512982751,False);selectFwe(0.027595023352753382);fastICA(94,'parallel','unit-variance','logcosh');selectFwe(0.03130884067310971);randomForest(69,'gini','log2',4,9,False,'balanced_subsample')	invalid_ind (duplicated operator)	invalid_ind (duplicated operator)
maxAbsScaler();selectPercentile(78.41955822694993);minMaxScaler();minMaxScaler();bernoulliNB(0.9245905983533094,False)	invalid_ind (duplicated operator)	invalid_ind (duplicated operator)
pca(0.9797696201249317,False);selectFwe(0.04794462400370385);fastICA(33,'parallel','unit-variance','logcosh');maxAbsScaler();mlpClassifier((60, 19),0.05140653258230293,0.897258844864606,'lbfgs','logistic')	0.547776959800116	22.490593433380127
adaBoost(decisionTree('gini',28,8,0.22928724526155597,10,'None'),71,0.6545623296505514,'SAMME')	0.9416712976731038	21.763498067855835
maxAbsScaler();selectPercentile(74.52506113033547);minMaxScaler();minMaxScaler();adaBoost(decisionTree('gini',28,8,0.22928724526155597,10,'None'),71,0.6545623296505514,'SAMME')	invalid_ind (duplicated operator)	invalid_ind (duplicated operator)
randomForest(69,'gini','log2',4,4,False,'balanced_subsample')	0.9389287445875321	9.029075860977173
selectFwe(0.027595023352753382);randomForest(94,'gini','log2',4,9,False,'balanced_subsample')	0.9341579134264195	cached
bernoulliNB(11.150363387439373,False)	0.8714999812804749	2.54569935798645
robustScaler(False,True);selectFwe(0.04561267878722874);kNN(10,'uniform',1)	0.8777061770068292	4.2247045040130615
randomForest(69,'gini','log2',4,9,False,'balanced_subsample')	0.9316619373192381	6.677555084228516
pca(0.9327789797556615,False);fastICA(94,'parallel','unit-variance','logcosh');selectPercentile(30.651032930779156);nystroem('rbf',2.8895609644236675,39,2,-0.903311741357937);minMaxScaler();logisticRegression('l1','sag',1000,0.8875305659718458,'None')	eval_error (Found array with 0 feature(s) (shape=(2453, 0)) while a minimum of 1 is required by Nystroem.)	eval_error (Found array with 0 feature(s) (shape=(2453, 0)) while a minimum of 1 is required by Nystroem.)
maxAbsScaler();selectPercentile(78.41955822694993);minMaxScaler();minMaxScaler();bernoulliNB(0.9245905983533094,False)	invalid_ind (duplicated operator)	invalid_ind (duplicated operator)
minMaxScaler();maxAbsScaler();selectPercentile(54.83619077679194);adaBoost(decisionTree('gini',1,10,0.534987322902797,12,'balanced'),49,0.09437942027974634,'SAMME')	0.8966233784272969	5.441666126251221
selectPercentile(74.52506113033547);fastICA(88,'parallel','unit-variance','cube');varianceThreshold();minMaxScaler();adaBoost(decisionTree('gini',28,8,0.22928724526155597,10,'None'),71,0.6545623296505514,'SAMME')	0.9323467541608389	22.0247745513916
adaBoost(decisionTree('gini',28,8,0.22928724526155597,10,'None'),71,0.6545623296505514,'SAMME')	0.9416712976731038	8.907416105270386
selectFwe(0.027595023352753382);randomForest(94,'gini',0.7143067956693883,9,6,False,'None')	0.9237336153132176	15.90322732925415
randomForest(79,'entropy','log2',13,7,True,'None')	0.9258643538781743	3.988722801208496
minMaxScaler();varianceThreshold();nystroem('rbf',2.8895609644236675,70,2,0.44703655996625935);adaBoost(decisionTree('entropy',7,17,0.7585504020651886,10,'None'),39,0.19747663730920903,'SAMME')	0.9014152902612753	32.8013973236084
minMaxScaler();varianceThreshold();nystroem('rbf',2.8895609644236675,70,2,0.44703655996625935);adaBoost(decisionTree('entropy',7,17,0.7585504020651886,10,'None'),39,0.19747663730920903,'SAMME')	0.9014152902612753	26.39956521987915
minMaxScaler();minMaxScaler();adaBoost(decisionTree('entropy',18,14,0.7193028823349024,19,'None'),69,1.4385665428830927,'SAMME')	invalid_ind (duplicated operator)	invalid_ind (duplicated operator)
selectPercentile(74.52506113033547);fastICA(88,'parallel','unit-variance','cube');varianceThreshold();minMaxScaler();adaBoost(decisionTree('gini',28,8,0.22928724526155597,10,'None'),71,0.6545623296505514,'SAMME')	0.9323467541608389	cached
minMaxScaler();minMaxScaler();randomForest(96,'gini','log2',4,9,False,'balanced_subsample')	invalid_ind (duplicated operator)	invalid_ind (duplicated operator)
randomForest(69,'gini','log2',4,9,False,'balanced_subsample')	0.9316619373192381	cached
bernoulliNB(1.5411784090997496,True)	0.8721895568192387	2.498152017593384
randomForest(69,'gini','log2',4,9,False,'balanced_subsample')	0.9316619373192381	3.660297155380249
adaBoost(decisionTree('entropy',28,8,0.22928724526155597,10,'balanced'),48,1.203778553938564,'SAMME')	0.9423186861739374	6.155231475830078
robustScaler(False,True);varianceThreshold();adaBoost(decisionTree('entropy',21,18,0.8859566573494242,11,'balanced'),48,1.203778553938564,'SAMME')	0.9390360815010339	7.563220739364624
minMaxScaler();varianceThreshold();nystroem('rbf',2.8895609644236675,70,2,0.44703655996625935);randomForest(96,'gini','log2',4,9,False,'balanced_subsample')	0.9055556835113201	12.892356872558594
robustScaler(False,True);maxAbsScaler();adaBoost(decisionTree('entropy',21,18,0.8859566573494242,11,'balanced'),48,1.203778553938564,'SAMME')	0.9390360815010339	12.036292552947998
randomForest(69,'gini','log2',4,4,False,'balanced_subsample')	0.9389287445875321	5.493982791900635
maxAbsScaler();selectPercentile(74.52506113033547);minMaxScaler();minMaxScaler();adaBoost(decisionTree('gini',28,8,0.22928724526155597,10,'None'),71,0.6545623296505514,'SAMME')	invalid_ind (duplicated operator)	invalid_ind (duplicated operator)
selectFwe(0.0015382798768397298);randomForest(94,'gini','log2',4,9,False,'balanced_subsample')	0.9339956865461602	cached
minMaxScaler();minMaxScaler();randomForest(96,'gini',0.5851683137158807,4,3,False,'balanced_subsample')	invalid_ind (duplicated operator)	invalid_ind (duplicated operator)
adaBoost(decisionTree('gini',28,8,0.22928724526155597,10,'None'),71,0.6545623296505514,'SAMME')	0.9416712976731038	cached
randomForest(69,'gini','log2',4,9,False,'balanced_subsample')	0.9316619373192381	cached
selectPercentile(74.52506113033547);fastICA(88,'parallel','unit-variance','cube');maxAbsScaler();minMaxScaler();randomForest(96,'gini','log2',4,9,False,'balanced_subsample')	0.9276902900094965	19.995371103286743
robustScaler(False,True);maxAbsScaler();adaBoost(decisionTree('gini',21,18,0.8859566573494242,11,'None'),71,0.6545623296505514,'SAMME')	0.9434705762596133	23.95057773590088
selectFwe(0.02796461393064203);randomForest(94,'gini','log2',4,9,False,'balanced_subsample')	0.9341579134264195	7.029283046722412
selectFwe(0.0015382798768397298);randomForest(94,'entropy',0.8245326211057018,9,6,True,'balanced')	0.9328301991996293	16.004358291625977
varianceThreshold();fastICA(17,'deflation','unit-variance','logcosh');varianceThreshold();minMaxScaler();maxAbsScaler();varianceThreshold();selectPercentile(68.43302811212362);randomForest(94,'gini','log2',4,9,False,'balanced_subsample')	invalid_ind (duplicated operator)	invalid_ind (duplicated operator)
maxAbsScaler();selectPercentile(84.51849751945187);minMaxScaler();minMaxScaler();bernoulliNB(4.213939181830832,True)	invalid_ind (duplicated operator)	invalid_ind (duplicated operator)
minMaxScaler();minMaxScaler();randomForest(96,'gini','log2',4,9,False,'balanced_subsample')	invalid_ind (duplicated operator)	invalid_ind (duplicated operator)
selectFwe(0.027595023352753382);randomForest(94,'gini','log2',4,9,False,'balanced_subsample')	0.9341579134264195	cached
nystroem('cosine',0.05784056402101239,53,5,0.6755675022784686);randomForest(94,'gini',0.7143067956693883,9,6,False,'None')	0.8845384569595085	cached
robustScaler(False,True);maxAbsScaler();adaBoost(decisionTree('entropy',21,18,0.8859566573494242,11,'balanced'),48,1.203778553938564,'SAMME')	0.9390360815010339	13.287380456924438
selectPercentile(43.78073924177671);fastICA(88,'parallel','arbitrary-variance','cube');varianceThreshold();minMaxScaler();adaBoost(decisionTree('gini',28,4,0.22928724526155597,10,'None'),71,0.27609746258041973,'SAMME')	0.9276482487511902	15.655180931091309
maxAbsScaler();selectPercentile(78.41955822694993);minMaxScaler();minMaxScaler();bernoulliNB(0.9245905983533094,False)	invalid_ind (duplicated operator)	invalid_ind (duplicated operator)
maxAbsScaler();selectPercentile(78.41955822694993);minMaxScaler();minMaxScaler();bernoulliNB(0.9245905983533094,False)	invalid_ind (duplicated operator)	invalid_ind (duplicated operator)
adaBoost(decisionTree('gini',28,8,0.22928724526155597,10,'None'),71,0.6545623296505514,'SAMME')	0.9416712976731038	cached
pca(0.7109527512982751,False);selectFwe(0.027595023352753382);fastICA(94,'parallel','unit-variance','logcosh');selectFwe(0.03130884067310971);adaBoost(decisionTree('entropy',18,14,0.7193028823349024,19,'None'),69,1.4385665428830927,'SAMME')	invalid_ind (duplicated operator)	invalid_ind (duplicated operator)
minMaxScaler();minMaxScaler();randomForest(69,'entropy',0.8245326211057018,9,6,True,'balanced')	invalid_ind (duplicated operator)	invalid_ind (duplicated operator)
bernoulliNB(11.150363387439373,False)	0.8714999812804749	3.3152403831481934
minMaxScaler();varianceThreshold();nystroem('rbf',2.8895609644236675,70,2,0.44703655996625935);adaBoost(decisionTree('entropy',7,17,0.7585504020651886,10,'None'),39,0.19747663730920903,'SAMME')	0.9014152902612753	48.91189646720886
randomForest(69,'gini','log2',4,9,False,'balanced_subsample')	0.9316619373192381	6.578123092651367
selectPercentile(74.52506113033547);fastICA(94,'parallel','unit-variance','logcosh');robustScaler(False,True);minMaxScaler();adaBoost(decisionTree('entropy',7,17,0.7585504020651886,10,'None'),39,0.19747663730920903,'SAMME')	0.9220338749396962	39.48468232154846
selectFwe(0.0015382798768397298);randomForest(94,'gini','log2',4,9,False,'balanced_subsample')	0.9339956865461602	5.426025152206421
adaBoost(decisionTree('gini',28,8,0.22928724526155597,10,'None'),71,0.6545623296505514,'SAMME')	0.9416712976731038	8.730075120925903
minMaxScaler();varianceThreshold();nystroem('rbf',2.8895609644236675,70,2,0.44703655996625935);randomForest(96,'gini','log2',4,9,False,'balanced_subsample')	0.9055556835113201	12.248113632202148
selectPercentile(74.52506113033547);fastICA(88,'parallel','unit-variance','cube');varianceThreshold();minMaxScaler();adaBoost(decisionTree('entropy',7,17,0.7585504020651886,10,'None'),39,0.19747663730920903,'SAMME')	0.92150065981294	15.989914417266846
minMaxScaler();minMaxScaler();randomForest(69,'entropy',0.8245326211057018,9,6,True,'balanced')	invalid_ind (duplicated operator)	invalid_ind (duplicated operator)
adaBoost(decisionTree('entropy',28,8,0.22928724526155597,10,'balanced'),48,1.203778553938564,'SAMME')	0.9423186861739374	cached
randomForest(69,'gini','log2',4,9,False,'balanced_subsample')	0.9316619373192381	cached
minMaxScaler();minMaxScaler();randomForest(74,'gini','log2',4,9,False,'balanced_subsample')	invalid_ind (duplicated operator)	invalid_ind (duplicated operator)
minMaxScaler();minMaxScaler();randomForest(69,'entropy',0.8245326211057018,9,6,True,'balanced')	invalid_ind (duplicated operator)	invalid_ind (duplicated operator)
bernoulliNB(11.150363387439373,False)	0.8714999812804749	2.615725517272949
maxAbsScaler();selectPercentile(5.637610803493017);minMaxScaler();bernoulliNB(0.9245905983533094,False)	0.7735403415474016	2.939366340637207
varianceThreshold();fastICA(17,'deflation','unit-variance','logcosh');varianceThreshold();minMaxScaler();maxAbsScaler();varianceThreshold();selectPercentile(68.43302811212362);randomForest(94,'gini','log2',4,9,False,'balanced_subsample')	invalid_ind (duplicated operator)	invalid_ind (duplicated operator)
varianceThreshold();fastICA(17,'deflation','unit-variance','logcosh');varianceThreshold();minMaxScaler();maxAbsScaler();varianceThreshold();selectPercentile(68.43302811212362);randomForest(94,'gini','log2',4,9,False,'balanced_subsample')	invalid_ind (duplicated operator)	invalid_ind (duplicated operator)
selectFwe(0.02796461393064203);randomForest(94,'gini','log2',4,9,False,'balanced_subsample')	0.9341579134264195	cached
robustScaler(False,True);maxAbsScaler();adaBoost(decisionTree('entropy',21,18,0.8859566573494242,11,'balanced'),48,1.203778553938564,'SAMME')	0.9390360815010339	cached
selectPercentile(74.52506113033547);fastICA(88,'parallel','unit-variance','cube');varianceThreshold();minMaxScaler();adaBoost(decisionTree('gini',28,8,0.22928724526155597,10,'None'),71,0.6545623296505514,'SAMME')	0.9323467541608389	cached
selectFwe(0.03637960340977949);randomForest(94,'gini','log2',2,9,False,'balanced_subsample')	0.9342806100756856	5.189826250076294
selectPercentile(74.52506113033547);fastICA(88,'parallel','unit-variance','cube');maxAbsScaler();minMaxScaler();randomForest(96,'gini','log2',4,9,False,'balanced_subsample')	0.9276902900094965	cached
randomForest(69,'gini','log2',4,4,False,'balanced_subsample')	0.9389287445875321	4.494782209396362
adaBoost(decisionTree('entropy',28,8,0.22928724526155597,10,'balanced'),48,1.203778553938564,'SAMME')	0.9423186861739374	6.071706295013428
selectPercentile(87.85056674530549);fastICA(11,'parallel','arbitrary-variance','cube');varianceThreshold();minMaxScaler();adaBoost(decisionTree('gini',15,4,0.4777863807395828,10,'None'),71,0.27609746258041973,'SAMME')	0.9226603265843446	11.657865762710571
minMaxScaler();minMaxScaler();randomForest(96,'gini',0.5851683137158807,4,3,False,'balanced_subsample')	invalid_ind (duplicated operator)	invalid_ind (duplicated operator)
selectFwe(0.027595023352753382);adaBoost(decisionTree('entropy',19,4,0.3084100291637313,11,'balanced'),59,1.023062267668621,'SAMME')	0.936446966551042	7.630040884017944
selectFwe(0.027595023352753382);randomForest(94,'entropy',0.8245326211057018,9,6,True,'balanced')	0.9339454573530105	13.207974910736084
selectFwe(0.011217178342745618);randomForest(94,'gini','log2',4,9,False,'balanced')	0.9352539014863869	5.378201723098755
maxAbsScaler();selectPercentile(84.51849751945187);minMaxScaler();minMaxScaler();bernoulliNB(0.9245905983533094,True)	invalid_ind (duplicated operator)	invalid_ind (duplicated operator)
maxAbsScaler();selectPercentile(53.334345501163945);minMaxScaler();minMaxScaler();bernoulliNB(13.041291686814272,False)	invalid_ind (duplicated operator)	invalid_ind (duplicated operator)
adaBoost(decisionTree('entropy',28,8,0.22928724526155597,10,'None'),71,0.6545623296505514,'SAMME')	0.9471136878302792	10.407654762268066
adaBoost(decisionTree('gini',28,8,0.22928724526155597,10,'None'),71,0.6545623296505514,'SAMME')	0.9416712976731038	8.947306871414185
adaBoost(decisionTree('gini',28,8,0.22928724526155597,10,'None'),71,0.6545623296505514,'SAMME')	0.9416712976731038	10.588207483291626
robustScaler(False,True);varianceThreshold();adaBoost(decisionTree('entropy',21,18,0.8859566573494242,11,'balanced'),48,1.203778553938564,'SAMME')	0.9390360815010339	11.962238550186157
selectFwe(0.0015382798768397298);randomForest(94,'entropy',0.8245326211057018,9,6,True,'balanced')	0.9328301991996293	14.541465044021606
minMaxScaler();varianceThreshold();nystroem('rbf',2.8895609644236675,70,2,0.44703655996625935);randomForest(96,'gini','log2',4,9,False,'balanced_subsample')	0.9055556835113201	cached
selectFwe(0.0015382798768397298);randomForest(94,'gini','log2',4,9,False,'balanced_subsample')	0.9339956865461602	cached
robustScaler(False,True);maxAbsScaler();adaBoost(decisionTree('entropy',21,18,0.8859566573494242,11,'balanced'),48,1.203778553938564,'SAMME')	0.9390360815010339	cached
maxAbsScaler();selectPercentile(74.52506113033547);minMaxScaler();minMaxScaler();adaBoost(decisionTree('gini',28,8,0.22928724526155597,10,'None'),71,0.6545623296505514,'SAMME')	invalid_ind (duplicated operator)	invalid_ind (duplicated operator)
selectFwe(0.0015382798768397298);randomForest(94,'entropy',0.8245326211057018,9,6,True,'balanced')	0.9328301991996293	cached
minMaxScaler();minMaxScaler();randomForest(69,'entropy',0.8245326211057018,9,6,True,'balanced')	invalid_ind (duplicated operator)	invalid_ind (duplicated operator)
adaBoost(decisionTree('entropy',28,8,0.22928724526155597,10,'None'),39,0.19747663730920903,'SAMME')	0.9486609801123864	8.196642398834229
selectPercentile(74.52506113033547);fastICA(88,'parallel','unit-variance','cube');varianceThreshold();minMaxScaler();adaBoost(decisionTree('gini',28,8,0.22928724526155597,10,'balanced'),48,1.203778553938564,'SAMME')	0.9126920174446195	13.550858497619629
randomForest(45,'entropy','log2',10,20,False,'balanced')	0.927441202003793	5.0830161571502686
adaBoost(decisionTree('entropy',28,8,0.22928724526155597,10,'None'),71,0.6545623296505514,'SAMME')	0.9471136878302792	12.634403467178345
adaBoost(decisionTree('gini',28,8,0.22928724526155597,10,'balanced'),48,1.203778553938564,'SAMME')	0.9325281793007141	3.8639397621154785
selectPercentile(74.52506113033547);fastICA(94,'parallel','unit-variance','logcosh');robustScaler(False,True);minMaxScaler();adaBoost(decisionTree('gini',7,17,0.7585504020651886,10,'None'),71,0.6545623296505514,'SAMME')	0.9309985143269784	21.55509042739868
maxAbsScaler();selectPercentile(53.334345501163945);minMaxScaler();minMaxScaler();randomForest(94,'entropy',0.8245326211057018,9,6,True,'balanced')	invalid_ind (duplicated operator)	invalid_ind (duplicated operator)
selectFwe(0.0015382798768397298);bernoulliNB(13.041291686814272,False)	0.8735656378777705	1.9309711456298828
adaBoost(decisionTree('entropy',28,8,0.22928724526155597,10,'balanced'),48,1.203778553938564,'SAMME')	0.9423186861739374	7.729160308837891
minMaxScaler();minMaxScaler();randomForest(69,'entropy',0.8245326211057018,9,6,True,'balanced')	invalid_ind (duplicated operator)	invalid_ind (duplicated operator)
robustScaler(False,True);maxAbsScaler();adaBoost(decisionTree('gini',21,18,0.8859566573494242,11,'balanced'),20,0.6545623296505514,'SAMME')	0.9406345690427272	9.059308052062988
selectPercentile(74.52506113033547);fastICA(88,'parallel','unit-variance','cube');varianceThreshold();minMaxScaler();adaBoost(decisionTree('gini',28,8,0.22928724526155597,10,'balanced'),48,1.203778553938564,'SAMME')	0.9126920174446195	12.070726156234741
adaBoost(decisionTree('gini',7,8,0.7585504020651886,10,'None'),71,0.6545623296505514,'SAMME')	0.9457388603224601	13.491870403289795
selectFwe(0.027595023352753382);randomForest(94,'gini','log2',4,9,False,'balanced_subsample')	0.9341579134264195	8.109187841415405
selectFwe(0.02796461393064203);randomForest(94,'gini','log2',4,9,False,'balanced_subsample')	0.9341579134264195	7.744891405105591
robustScaler(False,True);maxAbsScaler();adaBoost(decisionTree('entropy',21,18,0.8859566573494242,11,'balanced'),48,1.203778553938564,'SAMME')	0.9390360815010339	13.294526815414429
minMaxScaler();minMaxScaler();randomForest(69,'entropy',0.8245326211057018,9,6,True,'balanced')	invalid_ind (duplicated operator)	invalid_ind (duplicated operator)
selectFwe(0.02796461393064203);adaBoost(decisionTree('entropy',19,4,0.3084100291637313,11,'balanced'),59,1.023062267668621,'SAMME')	0.936446966551042	8.938524007797241
maxAbsScaler();selectPercentile(53.334345501163945);minMaxScaler();minMaxScaler();bernoulliNB(13.041291686814272,False)	invalid_ind (duplicated operator)	invalid_ind (duplicated operator)
varianceThreshold();fastICA(17,'deflation','unit-variance','logcosh');varianceThreshold();minMaxScaler();maxAbsScaler();varianceThreshold();selectPercentile(68.43302811212362);randomForest(94,'gini','log2',4,9,False,'balanced_subsample')	invalid_ind (duplicated operator)	invalid_ind (duplicated operator)
maxAbsScaler();selectPercentile(5.637610803493017);minMaxScaler();randomForest(94,'entropy',0.8245326211057018,9,6,True,'balanced')	0.8414594387818125	5.488424777984619
bernoulliNB(11.150363387439373,False)	0.8714999812804749	2.524507761001587
selectFwe(0.03496235906106876);bernoulliNB(0.9245905983533094,False)	0.8801040160949134	2.4897751808166504
adaBoost(decisionTree('gini',28,8,0.22928724526155597,10,'None'),71,0.6545623296505514,'SAMME')	0.9416712976731038	cached
adaBoost(decisionTree('entropy',28,8,0.22928724526155597,10,'balanced'),48,1.203778553938564,'SAMME')	0.9423186861739374	cached
maxAbsScaler();selectPercentile(84.51849751945187);minMaxScaler();minMaxScaler();bernoulliNB(0.9245905983533094,True)	invalid_ind (duplicated operator)	invalid_ind (duplicated operator)
maxAbsScaler();selectPercentile(53.334345501163945);minMaxScaler();minMaxScaler();bernoulliNB(13.041291686814272,False)	invalid_ind (duplicated operator)	invalid_ind (duplicated operator)
adaBoost(decisionTree('gini',28,8,0.22928724526155597,10,'None'),71,0.6545623296505514,'SAMME')	0.9416712976731038	cached
minMaxScaler();minMaxScaler();randomForest(74,'gini','log2',4,9,False,'balanced_subsample')	invalid_ind (duplicated operator)	invalid_ind (duplicated operator)
robustScaler(False,True);maxAbsScaler();adaBoost(decisionTree('entropy',21,18,0.8859566573494242,11,'balanced'),48,1.203778553938564,'SAMME')	0.9390360815010339	cached
randomForest(69,'gini','log2',4,4,False,'balanced_subsample')	0.9389287445875321	cached
selectFwe(0.0015382798768397298);randomForest(94,'entropy',0.8245326211057018,9,6,True,'balanced')	0.9328301991996293	cached
minMaxScaler();minMaxScaler();randomForest(69,'entropy',0.8245326211057018,9,6,True,'balanced')	invalid_ind (duplicated operator)	invalid_ind (duplicated operator)
randomForest(69,'gini','log2',4,4,False,'balanced')	0.9389287445875321	6.507392883300781
selectFwe(0.027595023352753382);randomForest(69,'entropy',0.8245326211057018,9,6,True,'balanced')	0.9321681535229208	12.409257173538208
minMaxScaler();minMaxScaler();adaBoost(decisionTree('entropy',19,4,0.3084100291637313,11,'balanced'),59,1.023062267668621,'SAMME')	invalid_ind (duplicated operator)	invalid_ind (duplicated operator)
selectFwe(0.0015382798768397298);minMaxScaler();minMaxScaler();bernoulliNB(13.041291686814272,False)	invalid_ind (duplicated operator)	invalid_ind (duplicated operator)
selectFwe(0.011217178342745618);randomForest(94,'gini','log2',4,9,False,'balanced_subsample')	0.9352539014863869	7.184039354324341
robustScaler(False,True);varianceThreshold();adaBoost(decisionTree('entropy',21,18,0.8859566573494242,11,'balanced'),59,1.023062267668621,'SAMME')	0.9398959739313453	16.61517357826233
selectFwe(0.033771171851225);randomForest(94,'gini','log2',2,9,False,'balanced_subsample')	0.9342806100756856	6.632730722427368
selectPercentile(74.52506113033547);fastICA(94,'parallel','unit-variance','logcosh');robustScaler(False,True);minMaxScaler();adaBoost(decisionTree('entropy',28,17,0.22928724526155597,10,'None'),71,0.6545623296505514,'SAMME')	0.9306652938365658	34.86542224884033
selectFwe(0.027595023352753382);adaBoost(decisionTree('entropy',19,4,0.3084100291637313,11,'balanced'),48,1.203778553938564,'SAMME')	0.9327554861856907	7.875213146209717
maxAbsScaler();selectPercentile(53.334345501163945);randomForest(53,'entropy',0.9147264722429483,15,6,False,'None')	0.9218212252305946	11.118772983551025
adaBoost(decisionTree('entropy',28,8,0.22928724526155597,10,'None'),71,0.6545623296505514,'SAMME')	0.9471136878302792	8.191179037094116
selectPercentile(74.52506113033547);fastICA(88,'parallel','unit-variance','cube');maxAbsScaler();minMaxScaler();randomForest(96,'entropy',0.8245326211057018,4,9,True,'balanced')	0.9152284419931614	59.939682722091675
minMaxScaler();minMaxScaler();randomForest(69,'gini','log2',9,6,False,'balanced_subsample')	invalid_ind (duplicated operator)	invalid_ind (duplicated operator)
maxAbsScaler();selectPercentile(5.637610803493017);minMaxScaler();randomForest(94,'entropy',0.8245326211057018,9,6,True,'balanced')	0.8414594387818125	cached
maxAbsScaler();selectPercentile(5.637610803493017);minMaxScaler();randomForest(94,'entropy',0.8245326211057018,9,6,True,'balanced')	0.8414594387818125	cached
maxAbsScaler();selectPercentile(53.334345501163945);minMaxScaler();minMaxScaler();bernoulliNB(13.041291686814272,False)	invalid_ind (duplicated operator)	invalid_ind (duplicated operator)
maxAbsScaler();selectPercentile(53.334345501163945);minMaxScaler();minMaxScaler();bernoulliNB(13.041291686814272,False)	invalid_ind (duplicated operator)	invalid_ind (duplicated operator)
selectFwe(0.0015382798768397298);minMaxScaler();minMaxScaler();bernoulliNB(13.041291686814272,False)	invalid_ind (duplicated operator)	invalid_ind (duplicated operator)
minMaxScaler();minMaxScaler();adaBoost(decisionTree('entropy',17,8,0.27999138619417807,17,'balanced'),80,0.4757278081583053,'SAMME')	invalid_ind (duplicated operator)	invalid_ind (duplicated operator)
maxAbsScaler();selectPercentile(84.51849751945187);minMaxScaler();minMaxScaler();bernoulliNB(0.9245905983533094,True)	invalid_ind (duplicated operator)	invalid_ind (duplicated operator)
robustScaler(False,True);varianceThreshold();minMaxScaler();maxAbsScaler();varianceThreshold();selectPercentile(68.43302811212362);randomForest(94,'gini','log2',4,9,False,'balanced_subsample')	invalid_ind (duplicated operator)	invalid_ind (duplicated operator)
selectFwe(0.02796461393064203);bernoulliNB(0.9245905983533094,False)	0.8801040160949134	1.9666333198547363
adaBoost(decisionTree('entropy',28,8,0.22928724526155597,10,'balanced'),48,1.203778553938564,'SAMME')	0.9423186861739374	7.988793849945068
selectFwe(0.027595023352753382);adaBoost(decisionTree('entropy',19,4,0.3084100291637313,11,'balanced'),48,1.203778553938564,'SAMME')	0.9327554861856907	cached
robustScaler(False,True);maxAbsScaler();adaBoost(decisionTree('gini',21,18,0.8859566573494242,11,'balanced'),20,0.6545623296505514,'SAMME')	0.9406345690427272	cached
robustScaler(False,True);maxAbsScaler();adaBoost(decisionTree('entropy',21,18,0.8859566573494242,11,'balanced'),48,1.203778553938564,'SAMME')	0.9390360815010339	12.66238284111023
selectFwe(0.03496235906106876);adaBoost(decisionTree('entropy',19,4,0.3084100291637313,11,'balanced'),59,1.023062267668621,'SAMME')	0.9346879427702005	12.174839973449707
selectFwe(0.02796461393064203);adaBoost(decisionTree('entropy',19,4,0.3084100291637313,11,'balanced'),59,1.023062267668621,'SAMME')	0.936446966551042	cached
maxAbsScaler();selectPercentile(53.334345501163945);minMaxScaler();minMaxScaler();bernoulliNB(13.041291686814272,False)	invalid_ind (duplicated operator)	invalid_ind (duplicated operator)
randomForest(69,'gini','log2',4,9,False,'balanced')	0.9316619373192381	6.64758825302124
selectPercentile(74.52506113033547);fastICA(88,'parallel','unit-variance','cube');varianceThreshold();minMaxScaler();adaBoost(decisionTree('gini',28,8,0.22928724526155597,10,'balanced'),48,1.203778553938564,'SAMME')	0.9126920174446195	cached
selectPercentile(74.52506113033547);fastICA(88,'parallel','unit-variance','cube');maxAbsScaler();minMaxScaler();randomForest(96,'entropy',0.8245326211057018,4,9,True,'balanced')	0.9152284419931614	cached
robustScaler(False,True);maxAbsScaler();adaBoost(decisionTree('gini',21,18,0.8859566573494242,11,'balanced'),20,0.6545623296505514,'SAMME')	0.9406345690427272	cached
adaBoost(decisionTree('entropy',28,8,0.22928724526155597,10,'balanced'),48,1.203778553938564,'SAMME')	0.9423186861739374	cached
adaBoost(decisionTree('gini',28,8,0.7585504020651886,10,'None'),71,0.6545623296505514,'SAMME')	0.9486658584994163	20.348735809326172
robustScaler(False,True);maxAbsScaler();adaBoost(decisionTree('entropy',21,18,0.8859566573494242,11,'balanced'),48,1.203778553938564,'SAMME')	0.9390360815010339	14.845577001571655
minMaxScaler();minMaxScaler();randomForest(74,'gini','log2',4,9,False,'balanced_subsample')	invalid_ind (duplicated operator)	invalid_ind (duplicated operator)
adaBoost(decisionTree('entropy',28,8,0.22928724526155597,10,'balanced'),48,1.203778553938564,'SAMME')	0.9423186861739374	cached
adaBoost(decisionTree('gini',7,8,0.7585504020651886,10,'None'),71,0.6545623296505514,'SAMME')	0.9457388603224601	cached
adaBoost(decisionTree('gini',28,8,0.22928724526155597,10,'None'),71,0.6545623296505514,'SAMME')	0.9416712976731038	cached
adaBoost(decisionTree('gini',7,8,0.7585504020651886,10,'None'),71,0.6545623296505514,'SAMME')	0.9457388603224601	cached
randomForest(69,'gini','log2',4,4,False,'balanced_subsample')	0.9389287445875321	cached
selectPercentile(74.52506113033547);fastICA(94,'parallel','unit-variance','logcosh');robustScaler(False,True);minMaxScaler();adaBoost(decisionTree('entropy',28,17,0.22928724526155597,10,'None'),71,0.6545623296505514,'SAMME')	0.9306652938365658	cached
varianceThreshold();fastICA(17,'deflation','unit-variance','logcosh');maxAbsScaler();minMaxScaler();maxAbsScaler();varianceThreshold();selectPercentile(68.43302811212362);randomForest(94,'gini','log2',4,9,False,'balanced_subsample')	invalid_ind (duplicated operator)	invalid_ind (duplicated operator)
selectFwe(0.011217178342745618);randomForest(94,'gini','log2',4,9,False,'balanced_subsample')	0.9352539014863869	cached
maxAbsScaler();selectPercentile(53.334345501163945);minMaxScaler();minMaxScaler();bernoulliNB(13.041291686814272,False)	invalid_ind (duplicated operator)	invalid_ind (duplicated operator)
adaBoost(decisionTree('gini',28,8,0.22928724526155597,10,'None'),71,0.6545623296505514,'SAMME')	0.9416712976731038	13.049850940704346
adaBoost(decisionTree('gini',7,8,0.22928724526155597,10,'None'),71,0.6545623296505514,'SAMME')	0.943447611459028	10.90098762512207
adaBoost(decisionTree('entropy',28,8,0.22928724526155597,10,'None'),39,0.19747663730920903,'SAMME')	0.9486609801123864	10.413116693496704
randomForest(69,'gini','log2',4,4,False,'balanced')	0.9389287445875321	7.656167507171631
robustScaler(False,True);maxAbsScaler();adaBoost(decisionTree('entropy',21,18,0.8859566573494242,11,'balanced'),48,1.203778553938564,'SAMME')	0.9390360815010339	15.805176973342896
minMaxScaler();minMaxScaler();randomForest(69,'entropy',0.8245326211057018,9,6,True,'balanced')	invalid_ind (duplicated operator)	invalid_ind (duplicated operator)
varianceThreshold();fastICA(17,'deflation','unit-variance','logcosh');maxAbsScaler();adaBoost(decisionTree('gini',21,18,0.8859566573494242,11,'None'),71,0.6545623296505514,'SAMME')	0.9237319006943775	75.18794989585876
minMaxScaler();minMaxScaler();randomForest(69,'entropy',0.8245326211057018,9,6,False,'balanced')	invalid_ind (duplicated operator)	invalid_ind (duplicated operator)
minMaxScaler();minMaxScaler();randomForest(74,'gini','log2',4,9,True,'balanced_subsample')	invalid_ind (duplicated operator)	invalid_ind (duplicated operator)
selectFwe(0.027595023352753382);adaBoost(decisionTree('entropy',19,4,0.3084100291637313,11,'balanced'),48,1.203778553938564,'SAMME')	0.9327554861856907	cached
selectPercentile(74.52506113033547);fastICA(88,'parallel','unit-variance','cube');varianceThreshold();minMaxScaler();adaBoost(decisionTree('gini',28,8,0.22928724526155597,10,'balanced'),48,1.203778553938564,'SAMME')	0.9126920174446195	cached
minMaxScaler();minMaxScaler();randomForest(69,'entropy',0.8245326211057018,9,6,True,'balanced')	invalid_ind (duplicated operator)	invalid_ind (duplicated operator)
robustScaler(False,True);maxAbsScaler();adaBoost(decisionTree('entropy',21,18,0.8859566573494242,11,'balanced'),48,1.203778553938564,'SAMME')	0.9390360815010339	cached
robustScaler(False,True);maxAbsScaler();adaBoost(decisionTree('entropy',21,18,0.8859566573494242,11,'balanced'),48,1.203778553938564,'SAMME')	0.9390360815010339	cached
adaBoost(decisionTree('gini',28,8,0.22928724526155597,10,'None'),71,0.6545623296505514,'SAMME')	0.9416712976731038	cached
randomForest(69,'gini','log2',4,4,False,'balanced_subsample')	0.9389287445875321	4.133382797241211
minMaxScaler();minMaxScaler();adaBoost(decisionTree('entropy',17,8,0.27999138619417807,17,'balanced'),80,0.4757278081583053,'SAMME')	invalid_ind (duplicated operator)	invalid_ind (duplicated operator)
minMaxScaler();minMaxScaler();adaBoost(decisionTree('gini',7,8,0.27999138619417807,17,'None'),71,0.6545623296505514,'SAMME')	invalid_ind (duplicated operator)	invalid_ind (duplicated operator)
adaBoost(decisionTree('entropy',5,14,0.38342279980397176,13,'balanced'),23,0.23497323712695653,'SAMME')	0.9321854435280035	4.202023983001709
adaBoost(decisionTree('entropy',28,8,0.22928724526155597,10,'balanced'),48,1.203778553938564,'SAMME')	0.9423186861739374	5.8148581981658936
robustScaler(False,True);maxAbsScaler();adaBoost(decisionTree('gini',21,18,0.8859566573494242,11,'balanced'),20,1.203778553938564,'SAMME')	0.9310982461756593	9.752363920211792
adaBoost(decisionTree('gini',7,8,0.22928724526155597,10,'None'),71,0.6545623296505514,'SAMME')	0.943447611459028	9.58080530166626
adaBoost(decisionTree('entropy',17,8,0.22928724526155597,10,'balanced'),80,0.4757278081583053,'SAMME')	0.9509820522517647	11.306451320648193
robustScaler(False,True);maxAbsScaler();adaBoost(decisionTree('entropy',21,18,0.8859566573494242,11,'balanced'),48,1.203778553938564,'SAMME')	0.9390360815010339	cached
robustScaler(False,True);maxAbsScaler();adaBoost(decisionTree('gini',21,18,0.8859566573494242,11,'balanced'),20,0.6545623296505514,'SAMME')	0.9406345690427272	cached
minMaxScaler();minMaxScaler();adaBoost(decisionTree('entropy',28,8,0.22928724526155597,10,'balanced'),48,1.203778553938564,'SAMME')	invalid_ind (duplicated operator)	invalid_ind (duplicated operator)
selectFwe(0.011217178342745618);adaBoost(decisionTree('gini',28,8,0.7585504020651886,10,'None'),71,0.6545623296505514,'SAMME')	0.9371468278399033	19.032812356948853
maxAbsScaler();selectPercentile(5.637610803493017);minMaxScaler();randomForest(94,'entropy',0.8245326211057018,9,6,True,'balanced')	0.8414594387818125	6.174641370773315
adaBoost(decisionTree('entropy',28,8,0.22928724526155597,10,'balanced'),48,0.6545623296505514,'SAMME')	0.9416554568173705	9.679231643676758
adaBoost(decisionTree('gini',28,8,0.22928724526155597,10,'None'),71,0.6545623296505514,'SAMME')	0.9416712976731038	cached
adaBoost(decisionTree('entropy',28,8,0.22928724526155597,10,'None'),39,0.19747663730920903,'SAMME')	0.9486609801123864	cached
minMaxScaler();minMaxScaler();pca(0.7028533211341823,True);minMaxScaler();randomForest(69,'entropy',0.8245326211057018,9,6,True,'balanced')	invalid_ind (duplicated operator)	invalid_ind (duplicated operator)
randomForest(94,'gini','log2',4,9,False,'balanced_subsample')	0.9306903605273769	6.402318954467773
robustScaler(False,True);varianceThreshold();minMaxScaler();maxAbsScaler();varianceThreshold();selectPercentile(68.43302811212362);randomForest(94,'gini','log2',4,9,False,'balanced_subsample')	invalid_ind (duplicated operator)	invalid_ind (duplicated operator)
randomForest(69,'gini','log2',4,4,False,'balanced_subsample')	0.9389287445875321	cached
selectPercentile(74.52506113033547);fastICA(94,'parallel','unit-variance','logcosh');selectFwe(0.02030245507139554);minMaxScaler();adaBoost(decisionTree('entropy',28,17,0.22928724526155597,10,'None'),71,0.6545623296505514,'SAMME')	0.9250606767991313	27.265063047409058
adaBoost(decisionTree('gini',28,8,0.7585504020651886,10,'None'),71,0.6545623296505514,'SAMME')	0.9486658584994163	cached
adaBoost(decisionTree('entropy',28,8,0.22928724526155597,10,'balanced'),48,1.203778553938564,'SAMME')	0.9423186861739374	cached
randomForest(69,'entropy',0.8245326211057018,9,6,True,'balanced')	0.9368385502754636	13.576230525970459
randomForest(69,'entropy','log2',4,4,True,'balanced')	0.9361683925726814	4.9409499168396
minMaxScaler();minMaxScaler();randomForest(69,'gini',0.8245326211057018,9,6,False,'balanced_subsample')	invalid_ind (duplicated operator)	invalid_ind (duplicated operator)
adaBoost(decisionTree('entropy',2,20,0.35074177319026234,18,'balanced'),71,0.6545623296505514,'SAMME')	0.9168523076876717	3.4022130966186523
robustScaler(False,True);maxAbsScaler();adaBoost(decisionTree('entropy',21,18,0.8859566573494242,11,'balanced'),48,1.203778553938564,'SAMME')	0.9390360815010339	12.101161003112793
multinomialNB(11.786480224672399,False)	0.7806101706025321	2.24432635307312
adaBoost(decisionTree('gini',28,8,0.7585504020651886,10,'None'),71,0.6545623296505514,'SAMME')	0.9486658584994163	15.053918600082397
adaBoost(decisionTree('gini',28,8,0.7585504020651886,10,'None'),71,0.6545623296505514,'SAMME')	0.9486658584994163	13.72298526763916
randomForest(63,'gini',0.5646592604404695,8,13,False,'None')	0.9193055199248157	5.417521238327026
randomForest(69,'gini','log2',4,4,False,'balanced_subsample')	0.9389287445875321	cached
minMaxScaler();minMaxScaler();randomForest(69,'gini',0.8245326211057018,9,6,False,'balanced_subsample')	invalid_ind (duplicated operator)	invalid_ind (duplicated operator)
minMaxScaler();minMaxScaler();adaBoost(decisionTree('entropy',28,8,0.22928724526155597,10,'balanced'),48,0.6545623296505514,'SAMME')	invalid_ind (duplicated operator)	invalid_ind (duplicated operator)
randomForest(69,'entropy','log2',4,4,True,'balanced')	0.9361683925726814	3.3145406246185303
multinomialNB(11.786480224672399,False)	0.7806101706025321	2.378105878829956
adaBoost(decisionTree('entropy',17,8,0.22928724526155597,10,'balanced'),80,0.4757278081583053,'SAMME')	0.9509820522517647	cached
adaBoost(decisionTree('entropy',17,8,0.22928724526155597,10,'balanced'),80,0.4757278081583053,'SAMME')	0.9509820522517647	cached
adaBoost(decisionTree('entropy',28,8,0.22928724526155597,10,'balanced'),48,1.203778553938564,'SAMME')	0.9423186861739374	5.915515422821045
selectFwe(0.04942130974898845);selectFwe(0.024329542719522985);nystroem('sigmoid',2.8415617908217516,28,4,-0.2180298962087437);varianceThreshold();varianceThreshold();maxAbsScaler();adaBoost(decisionTree('entropy',17,18,0.8859566573494242,11,'balanced'),80,0.4757278081583053,'SAMME')	invalid_ind (duplicated operator)	invalid_ind (duplicated operator)
minMaxScaler();minMaxScaler();adaBoost(decisionTree('gini',21,8,0.27999138619417807,17,'balanced'),20,0.6545623296505514,'SAMME')	invalid_ind (duplicated operator)	invalid_ind (duplicated operator)
adaBoost(decisionTree('gini',28,8,0.22928724526155597,10,'None'),71,0.6545623296505514,'SAMME')	0.9416712976731038	6.648700714111328
adaBoost(decisionTree('gini',21,8,0.8859566573494242,10,'balanced'),20,0.6545623296505514,'SAMME')	0.9395961497712395	6.996607303619385
robustScaler(False,True);maxAbsScaler();adaBoost(decisionTree('entropy',2,18,0.35074177319026234,11,'balanced'),71,0.6545623296505514,'SAMME')	0.9165647513289386	3.6483583450317383
adaBoost(decisionTree('gini',7,8,0.7585504020651886,10,'None'),71,0.6545623296505514,'SAMME')	0.9457388603224601	9.754162549972534
robustScaler(False,True);maxAbsScaler();adaBoost(decisionTree('gini',7,18,0.22928724526155597,11,'None'),71,0.6545623296505514,'SAMME')	0.9454554577760822	6.53242301940918
robustScaler(False,True);maxAbsScaler();adaBoost(decisionTree('gini',21,18,0.8859566573494242,11,'balanced'),20,0.6545623296505514,'SAMME')	0.9406345690427272	cached
gaussianNB(0.0002640521181830087)	0.5973515294113316	3.2922518253326416
adaBoost(decisionTree('entropy',28,8,0.22928724526155597,10,'None'),71,0.6545623296505514,'SAMME')	0.9471136878302792	10.566825866699219
adaBoost(decisionTree('gini',21,20,0.8859566573494242,18,'balanced'),20,1.203778553938564,'SAMME')	0.9406138497999642	8.528437852859497
robustScaler(False,True);varianceThreshold();minMaxScaler();maxAbsScaler();varianceThreshold();selectPercentile(68.43302811212362);randomForest(94,'gini','log2',4,9,False,'balanced_subsample')	invalid_ind (duplicated operator)	invalid_ind (duplicated operator)
selectFwe(0.009231555034452055);qda(0.13164682818913587)	0.8251149858836573	3.2948641777038574
adaBoost(decisionTree('entropy',18,3,0.6496012412580071,16,'None'),71,0.6545623296505514,'SAMME')	0.9445270340885875	19.06592082977295
robustScaler(False,True);maxAbsScaler();adaBoost(decisionTree('entropy',21,18,0.8859566573494242,11,'balanced'),48,1.203778553938564,'SAMME')	0.9390360815010339	cached
robustScaler(False,True);maxAbsScaler();adaBoost(decisionTree('gini',21,18,0.8859566573494242,11,'balanced'),20,0.6545623296505514,'SAMME')	0.9406345690427272	cached
adaBoost(decisionTree('gini',7,8,0.22928724526155597,10,'None'),71,0.6545623296505514,'SAMME')	0.943447611459028	cached
maxAbsScaler();selectPercentile(5.637610803493017);minMaxScaler();randomForest(94,'entropy',0.8245326211057018,9,6,True,'balanced')	0.8414594387818125	5.5227367877960205
adaBoost(decisionTree('gini',28,8,0.7585504020651886,10,'None'),71,0.6545623296505514,'SAMME')	0.9486658584994163	18.42778754234314
adaBoost(decisionTree('entropy',17,8,0.22928724526155597,10,'balanced'),80,0.4757278081583053,'SAMME')	0.9509820522517647	10.307878494262695
randomForest(69,'entropy',0.8245326211057018,9,6,True,'balanced')	0.9368385502754636	12.057023286819458
adaBoost(decisionTree('gini',5,13,0.0607178934330026,11,'balanced'),71,0.6545623296505514,'SAMME')	0.9244425088014641	3.6480209827423096
robustScaler(False,True);varianceThreshold();minMaxScaler();maxAbsScaler();varianceThreshold();selectPercentile(68.43302811212362);randomForest(94,'gini','log2',4,9,False,'balanced_subsample')	invalid_ind (duplicated operator)	invalid_ind (duplicated operator)
robustScaler(False,True);maxAbsScaler();adaBoost(decisionTree('entropy',21,18,0.8859566573494242,11,'balanced'),48,1.203778553938564,'SAMME')	0.9390360815010339	cached
randomForest(69,'entropy',0.8245326211057018,9,6,True,'balanced')	0.9368385502754636	10.596734046936035
randomForest(94,'entropy',0.8245326211057018,9,6,True,'balanced')	0.9370678372487713	13.09819746017456
robustScaler(False,True);maxAbsScaler();adaBoost(decisionTree('entropy',21,18,0.8859566573494242,11,'balanced'),48,0.6545623296505514,'SAMME')	0.9411349187781581	14.399921894073486
varianceThreshold();minMaxScaler();adaBoost(decisionTree('gini',21,18,0.8859566573494242,11,'balanced'),71,0.6545623296505514,'SAMME')	0.940777066724389	14.577024936676025
adaBoost(decisionTree('entropy',28,8,0.22928724526155597,10,'None'),39,0.19747663730920903,'SAMME')	0.9486609801123864	6.291620492935181
adaBoost(decisionTree('gini',28,8,0.7585504020651886,10,'None'),20,0.6545623296505514,'SAMME')	0.9464563269049077	4.750843524932861
maxAbsScaler();selectPercentile(21.151938258666092);minMaxScaler();adaBoost(decisionTree('entropy',22,20,0.7728160295913038,18,'balanced'),71,0.6545623296505514,'SAMME')	0.9181621789556116	8.713312864303589
selectFwe(0.011217178342745618);adaBoost(decisionTree('gini',28,8,0.7585504020651886,10,'None'),71,1.203778553938564,'SAMME')	0.9343522830862729	12.34401273727417
adaBoost(decisionTree('entropy',17,8,0.22928724526155597,10,'balanced'),80,0.4757278081583053,'SAMME')	0.9509820522517647	cached
adaBoost(decisionTree('gini',28,8,0.7585504020651886,10,'None'),71,0.6545623296505514,'SAMME')	0.9486658584994163	cached
adaBoost(decisionTree('gini',27,11,0.019413325128515235,11,'balanced'),83,0.09735360205810113,'SAMME')	0.9261178352250509	3.787849187850952
selectFwe(0.014380841049446558);adaBoost(decisionTree('gini',28,8,0.7585504020651886,10,'None'),71,1.203778553938564,'SAMME')	0.9332562950263055	15.500297546386719
adaBoost(decisionTree('gini',28,8,0.7585504020651886,10,'None'),71,0.6545623296505514,'SAMME')	0.9486658584994163	15.899759531021118
adaBoost(decisionTree('entropy',18,3,0.6496012412580071,16,'None'),71,0.6545623296505514,'SAMME')	0.9445270340885875	16.20881462097168
robustScaler(False,True);maxAbsScaler();adaBoost(decisionTree('gini',28,18,0.7585504020651886,11,'None'),71,1.203778553938564,'SAMME')	0.9379676711591907	17.08436107635498
robustScaler(False,True);maxAbsScaler();adaBoost(decisionTree('gini',28,18,0.7585504020651886,11,'None'),71,0.6545623296505514,'SAMME')	0.9491815181515987	15.69801640510559
adaBoost(decisionTree('gini',28,8,0.7585504020651886,10,'None'),71,0.6545623296505514,'SAMME')	0.9486658584994163	cached
adaBoost(decisionTree('gini',7,8,0.22928724526155597,10,'None'),71,0.6545623296505514,'SAMME')	0.943447611459028	cached
adaBoost(decisionTree('gini',28,8,0.22928724526155597,10,'None'),71,0.6545623296505514,'SAMME')	0.9416712976731038	cached
robustScaler(False,True);maxAbsScaler();adaBoost(decisionTree('gini',7,18,0.22928724526155597,11,'None'),71,0.6545623296505514,'SAMME')	0.9454554577760822	cached
adaBoost(decisionTree('entropy',17,8,0.22928724526155597,10,'balanced'),80,0.4757278081583053,'SAMME')	0.9509820522517647	cached
adaBoost(decisionTree('gini',28,8,0.7585504020651886,10,'None'),20,0.6545623296505514,'SAMME')	0.9464563269049077	cached
adaBoost(decisionTree('entropy',28,8,0.22928724526155597,10,'None'),39,0.19747663730920903,'SAMME')	0.9486609801123864	cached
maxAbsScaler();selectPercentile(21.151938258666092);minMaxScaler();adaBoost(decisionTree('entropy',22,20,0.7728160295913038,18,'balanced'),71,0.6545623296505514,'SAMME')	0.9181621789556116	cached
robustScaler(False,True);maxAbsScaler();adaBoost(decisionTree('gini',7,18,0.22928724526155597,11,'None'),20,0.6545623296505514,'SAMME')	0.9390531060366258	4.518718004226685
adaBoost(decisionTree('entropy',28,8,0.22928724526155597,10,'None'),39,0.19747663730920903,'SAMME')	0.9486609801123864	cached
robustScaler(False,True);maxAbsScaler();adaBoost(decisionTree('gini',21,18,0.8859566573494242,11,'balanced'),20,0.6545623296505514,'SAMME')	0.9406345690427272	cached
minMaxScaler();minMaxScaler();randomForest(69,'gini',0.8245326211057018,9,6,False,'balanced_subsample')	invalid_ind (duplicated operator)	invalid_ind (duplicated operator)
robustScaler(False,True);varianceThreshold();minMaxScaler();maxAbsScaler();varianceThreshold();selectPercentile(68.43302811212362);randomForest(94,'gini','log2',4,9,False,'balanced_subsample')	invalid_ind (duplicated operator)	invalid_ind (duplicated operator)
selectFwe(0.011217178342745618);adaBoost(decisionTree('entropy',2,8,0.35074177319026234,10,'balanced'),71,0.6545623296505514,'SAMME')	0.9088287949167111	3.615957498550415
robustScaler(False,True);maxAbsScaler();adaBoost(decisionTree('gini',7,18,0.22928724526155597,11,'balanced'),71,0.6545623296505514,'SAMME')	0.9384733564238916	5.6653525829315186
randomForest(69,'entropy',0.8245326211057018,9,6,True,'balanced')	0.9368385502754636	11.36180830001831
varianceThreshold();minMaxScaler();adaBoost(decisionTree('gini',21,18,0.8859566573494242,11,'balanced'),20,1.203778553938564,'SAMME')	0.9310982461756593	8.377830505371094
robustScaler(False,True);minMaxScaler();pca(0.6500050718265241,False);multinomialNB(53.9488295205983,True)	eval_error (Negative values in data passed to MultinomialNB (input X).)	eval_error (Negative values in data passed to MultinomialNB (input X).)
adaBoost(decisionTree('entropy',21,8,0.8859566573494242,10,'balanced'),48,1.203778553938564,'SAMME')	0.9320747013545503	10.51560354232788
randomForest(69,'gini','log2',4,4,False,'balanced_subsample')	0.9389287445875321	4.8294453620910645
randomForest(94,'entropy','None',9,6,True,'balanced')	0.9334217555456087	18.142083406448364
adaBoost(decisionTree('gini',7,8,0.22928724526155597,10,'None'),71,0.6545623296505514,'SAMME')	0.943447611459028	cached
adaBoost(decisionTree('gini',28,8,0.7585504020651886,10,'None'),71,0.6545623296505514,'SAMME')	0.9486658584994163	cached
selectFwe(0.04942130974898845);selectFwe(0.024329542719522985);nystroem('sigmoid',2.8415617908217516,28,4,-0.2180298962087437);varianceThreshold();varianceThreshold();maxAbsScaler();adaBoost(decisionTree('gini',28,18,0.8859566573494242,11,'None'),20,0.6545623296505514,'SAMME')	invalid_ind (duplicated operator)	invalid_ind (duplicated operator)
adaBoost(decisionTree('entropy',17,8,0.22928724526155597,10,'balanced'),48,1.203778553938564,'SAMME')	0.9350067935690147	5.576180458068848
adaBoost(decisionTree('entropy',28,8,0.22928724526155597,10,'balanced'),48,1.203778553938564,'SAMME')	0.9423186861739374	6.796220302581787
adaBoost(decisionTree('gini',7,8,0.22928724526155597,10,'None'),71,0.6545623296505514,'SAMME')	0.943447611459028	cached
robustScaler(False,True);maxAbsScaler();adaBoost(decisionTree('entropy',21,18,0.8859566573494242,11,'balanced'),48,1.203778553938564,'SAMME')	0.9390360815010339	cached
robustScaler(False,True);maxAbsScaler();adaBoost(decisionTree('gini',21,18,0.8859566573494242,11,'balanced'),20,0.6545623296505514,'SAMME')	0.9406345690427272	7.824647426605225
adaBoost(decisionTree('gini',21,20,0.8859566573494242,18,'balanced'),71,0.6545623296505514,'SAMME')	0.9436952503153823	14.862431049346924
adaBoost(decisionTree('entropy',17,8,0.7585504020651886,10,'balanced'),80,0.4757278081583053,'SAMME')	0.9468451360954688	12.282332181930542
robustScaler(False,True);maxAbsScaler();adaBoost(decisionTree('entropy',21,18,0.8859566573494242,11,'balanced'),80,0.4757278081583053,'SAMME')	0.9458035290780625	14.019436836242676
adaBoost(decisionTree('entropy',17,8,0.7585504020651886,10,'balanced'),80,0.4757278081583053,'SAMME')	0.9468451360954688	cached
selectFwe(0.04942130974898845);selectFwe(0.020059016795664474);nystroem('sigmoid',1.134974586578961,28,4,-0.2180298962087437);varianceThreshold();varianceThreshold();maxAbsScaler();adaBoost(decisionTree('gini',9,13,0.548588565538303,2,'None'),20,0.6545623296505514,'SAMME')	invalid_ind (duplicated operator)	invalid_ind (duplicated operator)
adaBoost(decisionTree('entropy',28,8,0.22928724526155597,10,'balanced'),48,1.203778553938564,'SAMME')	0.9423186861739374	cached
selectFwe(0.014380841049446558);adaBoost(decisionTree('gini',28,8,0.7585504020651886,10,'None'),71,1.203778553938564,'SAMME')	0.9332562950263055	cached
robustScaler(False,True);maxAbsScaler();adaBoost(decisionTree('gini',28,18,0.7585504020651886,11,'None'),71,1.203778553938564,'SAMME')	0.9379676711591907	cached
adaBoost(decisionTree('gini',28,8,0.7585504020651886,10,'None'),71,0.6545623296505514,'SAMME')	0.9486658584994163	cached
robustScaler(False,True);maxAbsScaler();adaBoost(decisionTree('gini',28,18,0.7585504020651886,11,'None'),71,0.6545623296505514,'SAMME')	0.9491815181515987	cached
robustScaler(False,True);varianceThreshold();minMaxScaler();maxAbsScaler();varianceThreshold();selectPercentile(68.43302811212362);randomForest(94,'gini','log2',4,9,False,'balanced_subsample')	invalid_ind (duplicated operator)	invalid_ind (duplicated operator)
randomForest(69,'gini','log2',4,4,False,'balanced_subsample')	0.9389287445875321	cached
multinomialNB(0.1072936968984384,True)	0.7839646879142306	1.9476394653320312
robustScaler(False,True);varianceThreshold();minMaxScaler();maxAbsScaler();varianceThreshold();selectPercentile(68.43302811212362);randomForest(94,'gini','log2',4,9,False,'balanced_subsample')	invalid_ind (duplicated operator)	invalid_ind (duplicated operator)
minMaxScaler();minMaxScaler();randomForest(69,'gini',0.8245326211057018,9,6,False,'balanced_subsample')	invalid_ind (duplicated operator)	invalid_ind (duplicated operator)
adaBoost(decisionTree('gini',2,3,0.7907588336213648,7,'balanced'),64,0.8043993966972414,'SAMME')	0.9153382679191908	3.5570199489593506
adaBoost(decisionTree('gini',21,8,0.22928724526155597,10,'balanced'),20,0.6545623296505514,'SAMME')	0.940574125933278	3.681776762008667
robustScaler(False,True);maxAbsScaler();adaBoost(decisionTree('gini',7,18,0.8859566573494242,11,'None'),71,0.6545623296505514,'SAMME')	0.945432227506006	11.856117963790894
adaBoost(decisionTree('gini',28,8,0.7585504020651886,10,'None'),71,0.6545623296505514,'SAMME')	0.9486658584994163	15.711643695831299
adaBoost(decisionTree('gini',28,8,0.7585504020651886,10,'None'),71,0.6545623296505514,'SAMME')	0.9486658584994163	17.438215494155884
adaBoost(decisionTree('gini',28,8,0.7585504020651886,10,'None'),71,0.6545623296505514,'SAMME')	0.9486658584994163	15.512810945510864
adaBoost(decisionTree('gini',28,8,0.7585504020651886,10,'None'),71,0.6545623296505514,'SAMME')	0.9486658584994163	cached
robustScaler(False,True);maxAbsScaler();adaBoost(decisionTree('gini',28,18,0.7585504020651886,11,'None'),71,1.203778553938564,'SAMME')	0.9379676711591907	cached
adaBoost(decisionTree('gini',21,8,0.8859566573494242,18,'balanced'),71,0.6545623296505514,'SAMME')	0.9436952503153823	15.040466785430908
robustScaler(False,True);maxAbsScaler();adaBoost(decisionTree('gini',7,18,0.22928724526155597,11,'balanced'),20,0.6545623296505514,'SAMME')	0.9386974995406787	4.633279800415039
maxAbsScaler();minMaxScaler();selectPercentile(64.57673831689686);minMaxScaler();selectFwe(0.04463680411700134);minMaxScaler();selectPercentile(14.066914888545645);lda(0.5180132478194824,173,0.01200532668486487)	invalid_ind (duplicated operator)	invalid_ind (duplicated operator)
varianceThreshold();minMaxScaler();adaBoost(decisionTree('gini',21,3,0.3890254533988886,11,'balanced'),20,1.203778553938564,'SAMME')	0.9333166163338598	6.073865175247192
minMaxScaler();minMaxScaler();randomForest(69,'gini',0.8245326211057018,9,6,False,'balanced_subsample')	invalid_ind (duplicated operator)	invalid_ind (duplicated operator)
adaBoost(decisionTree('gini',7,8,0.22928724526155597,10,'None'),71,0.6545623296505514,'SAMME')	0.943447611459028	cached
adaBoost(decisionTree('gini',28,8,0.7585504020651886,10,'None'),20,0.6545623296505514,'SAMME')	0.9464563269049077	cached
adaBoost(decisionTree('entropy',2,4,0.9166142940719352,8,'None'),71,0.6545623296505514,'SAMME')	0.9299502444328477	8.72938871383667
adaBoost(decisionTree('entropy',17,8,0.22928724526155597,10,'balanced'),80,0.4757278081583053,'SAMME')	0.9509820522517647	10.80775499343872
adaBoost(decisionTree('gini',28,8,0.22928724526155597,10,'None'),71,0.4757278081583053,'SAMME')	0.9458747429834663	9.49390959739685
adaBoost(decisionTree('entropy',28,8,0.22928724526155597,10,'None'),39,0.19747663730920903,'SAMME')	0.9486609801123864	6.148758411407471
adaBoost(decisionTree('gini',28,8,0.22928724526155597,10,'None'),71,0.6545623296505514,'SAMME')	0.9416712976731038	10.175836324691772
adaBoost(decisionTree('gini',28,20,0.7585504020651886,10,'None'),71,0.6545623296505514,'SAMME')	0.9486658584994163	17.707708597183228
robustScaler(False,True);maxAbsScaler();adaBoost(decisionTree('gini',7,18,0.22928724526155597,11,'None'),20,0.6545623296505514,'SAMME')	0.9390531060366258	3.935877561569214
selectFwe(0.04942130974898845);selectFwe(0.024329542719522985);nystroem('sigmoid',2.8415617908217516,28,4,-0.2180298962087437);varianceThreshold();varianceThreshold();maxAbsScaler();adaBoost(decisionTree('gini',28,18,0.8859566573494242,11,'None'),71,0.6545623296505514,'SAMME')	invalid_ind (duplicated operator)	invalid_ind (duplicated operator)
adaBoost(decisionTree('entropy',18,3,0.6496012412580071,16,'None'),20,0.6545623296505514,'SAMME')	0.9395141670328252	6.804432392120361
adaBoost(decisionTree('gini',21,8,0.8859566573494242,18,'balanced'),71,0.6545623296505514,'SAMME')	0.9436952503153823	14.864140748977661
randomForest(69,'entropy',0.8245326211057018,9,6,True,'balanced')	0.9368385502754636	9.3615403175354
robustScaler(False,True);maxAbsScaler();adaBoost(decisionTree('gini',7,18,0.22928724526155597,11,'None'),71,0.6545623296505514,'SAMME')	0.9454554577760822	5.38185453414917
adaBoost(decisionTree('gini',28,20,0.7585504020651886,10,'None'),20,0.6545623296505514,'SAMME')	0.9464563269049077	4.585119247436523
adaBoost(decisionTree('gini',28,8,0.7585504020651886,10,'None'),20,0.6545623296505514,'SAMME')	0.9464563269049077	cached
adaBoost(decisionTree('gini',21,8,0.22928724526155597,10,'balanced'),20,0.6545623296505514,'SAMME')	0.940574125933278	cached
adaBoost(decisionTree('gini',28,8,0.7585504020651886,10,'None'),71,0.6545623296505514,'SAMME')	0.9486658584994163	cached
selectFwe(0.014380841049446558);adaBoost(decisionTree('gini',28,8,0.7585504020651886,10,'None'),71,1.203778553938564,'SAMME')	0.9332562950263055	cached
adaBoost(decisionTree('gini',28,8,0.7585504020651886,10,'None'),71,0.6545623296505514,'SAMME')	0.9486658584994163	cached
adaBoost(decisionTree('entropy',28,8,0.22928724526155597,10,'None'),39,0.19747663730920903,'SAMME')	0.9486609801123864	cached
maxAbsScaler();minMaxScaler();selectPercentile(64.57673831689686);minMaxScaler();selectFwe(0.04463680411700134);minMaxScaler();selectPercentile(14.066914888545645);lda(0.5180132478194824,173,0.01200532668486487)	invalid_ind (duplicated operator)	invalid_ind (duplicated operator)
adaBoost(decisionTree('gini',28,8,0.22928724526155597,10,'None'),71,0.4757278081583053,'SAMME')	0.9458747429834663	cached
adaBoost(decisionTree('gini',28,8,0.7585504020651886,10,'None'),71,0.6545623296505514,'SAMME')	0.9486658584994163	cached
adaBoost(decisionTree('gini',28,8,0.7585504020651886,10,'None'),71,0.6545623296505514,'SAMME')	0.9486658584994163	cached
adaBoost(decisionTree('gini',7,8,0.22928724526155597,10,'None'),71,0.6545623296505514,'SAMME')	0.943447611459028	5.585405349731445
adaBoost(decisionTree('gini',2,3,0.7907588336213648,7,'None'),71,0.6545623296505514,'SAMME')	0.9280082745289835	8.149594068527222
adaBoost(decisionTree('gini',28,8,0.22928724526155597,10,'None'),71,0.4757278081583053,'SAMME')	0.9458747429834663	9.255156755447388
robustScaler(False,True);maxAbsScaler();adaBoost(decisionTree('gini',8,19,0.4595844823560601,19,'balanced'),71,0.6545623296505514,'SAMME')	0.9460862788835639	7.63483452796936
adaBoost(decisionTree('gini',21,8,0.8859566573494242,18,'balanced'),71,0.6545623296505514,'SAMME')	0.9436952503153823	cached
adaBoost(decisionTree('entropy',17,8,0.22928724526155597,10,'balanced'),80,0.4757278081583053,'SAMME')	0.9509820522517647	cached
adaBoost(decisionTree('gini',28,8,0.22928724526155597,10,'None'),71,0.4757278081583053,'SAMME')	0.9458747429834663	cached
selectFwe(0.04942130974898845);selectFwe(0.024329542719522985);nystroem('sigmoid',2.8415617908217516,28,4,-0.2180298962087437);varianceThreshold();varianceThreshold();maxAbsScaler();adaBoost(decisionTree('gini',28,18,0.8859566573494242,11,'None'),71,0.6545623296505514,'SAMME')	invalid_ind (duplicated operator)	invalid_ind (duplicated operator)
adaBoost(decisionTree('gini',28,8,0.7585504020651886,10,'None'),71,0.6545623296505514,'SAMME')	0.9486658584994163	15.481947183609009
adaBoost(decisionTree('gini',28,20,0.7585504020651886,10,'None'),71,1.203778553938564,'SAMME')	0.9338675805708826	16.838650703430176
adaBoost(decisionTree('gini',7,8,0.22928724526155597,10,'None'),71,0.6545623296505514,'SAMME')	0.943447611459028	8.432323694229126
adaBoost(decisionTree('gini',28,8,0.7585504020651886,10,'balanced'),64,0.8043993966972414,'SAMME')	0.9464048421981015	11.530588865280151
minMaxScaler();minMaxScaler();randomForest(69,'gini',0.8245326211057018,9,6,False,'balanced_subsample')	invalid_ind (duplicated operator)	invalid_ind (duplicated operator)
adaBoost(decisionTree('entropy',17,8,0.22928724526155597,10,'balanced'),80,0.4757278081583053,'SAMME')	0.9509820522517647	cached
randomForest(69,'gini','log2',4,4,False,'balanced_subsample')	0.9389287445875321	5.226747989654541
selectFwe(0.04942130974898845);selectFwe(0.024329542719522985);nystroem('sigmoid',2.8415617908217516,28,4,-0.2180298962087437);varianceThreshold();varianceThreshold();maxAbsScaler();adaBoost(decisionTree('gini',28,18,0.8859566573494242,11,'None'),71,0.6545623296505514,'SAMME')	invalid_ind (duplicated operator)	invalid_ind (duplicated operator)
adaBoost(decisionTree('gini',7,8,0.22928724526155597,10,'None'),71,0.6545623296505514,'SAMME')	0.943447611459028	cached
adaBoost(decisionTree('entropy',17,8,0.22928724526155597,8,'balanced'),80,0.4757278081583053,'SAMME')	0.9434466214148625	10.105527400970459
adaBoost(decisionTree('entropy',19,2,0.060206760370249524,10,'None'),71,0.6545623296505514,'SAMME')	0.9436303639463578	6.774146318435669
robustScaler(False,True);maxAbsScaler();adaBoost(decisionTree('gini',28,18,0.7585504020651886,11,'None'),71,0.6545623296505514,'SAMME')	0.9491815181515987	cached
adaBoost(decisionTree('gini',28,8,0.22928724526155597,10,'None'),71,0.4757278081583053,'SAMME')	0.9458747429834663	8.940970659255981
adaBoost(decisionTree('gini',28,8,0.22928724526155597,10,'None'),11,0.6545623296505514,'SAMME')	0.9321315215906264	3.268913984298706
adaBoost(decisionTree('entropy',17,8,0.22928724526155597,10,'balanced'),80,0.4757278081583053,'SAMME')	0.9509820522517647	cached
adaBoost(decisionTree('gini',28,8,0.7585504020651886,10,'None'),71,0.6545623296505514,'SAMME')	0.9486658584994163	cached
robustScaler(False,True);maxAbsScaler();adaBoost(decisionTree('gini',22,13,0.3105042044137206,5,'balanced'),98,1.059524430521885,'SAMME')	0.9426346386740528	7.105226278305054
adaBoost(decisionTree('gini',21,8,0.22928724526155597,10,'balanced'),20,0.6545623296505514,'SAMME')	0.940574125933278	4.467466115951538
robustScaler(False,True);maxAbsScaler();adaBoost(decisionTree('gini',28,18,0.7585504020651886,11,'None'),71,0.6545623296505514,'SAMME')	0.9491815181515987	15.754001140594482
adaBoost(decisionTree('gini',15,8,0.07259258029571236,4,'balanced'),96,1.7337037880412078,'SAMME')	0.93404477991552	5.34469747543335
robustScaler(False,True);maxAbsScaler();adaBoost(decisionTree('gini',28,18,0.7585504020651886,11,'None'),80,0.4757278081583053,'SAMME')	0.9449160369148417	12.25407338142395
adaBoost(decisionTree('entropy',17,8,0.7585504020651886,10,'balanced'),71,0.6545623296505514,'SAMME')	0.9397398311327597	7.621270418167114
adaBoost(decisionTree('gini',28,8,0.7585504020651886,10,'None'),71,0.6545623296505514,'SAMME')	0.9486658584994163	cached
selectFwe(0.04942130974898845);selectFwe(0.024329542719522985);nystroem('sigmoid',2.8415617908217516,28,4,-0.2180298962087437);varianceThreshold();varianceThreshold();maxAbsScaler();adaBoost(decisionTree('gini',8,18,0.4595844823560601,11,'balanced'),71,0.6545623296505514,'SAMME')	invalid_ind (duplicated operator)	invalid_ind (duplicated operator)
adaBoost(decisionTree('gini',28,8,0.7585504020651886,10,'None'),20,0.6545623296505514,'SAMME')	0.9464563269049077	4.264135360717773
adaBoost(decisionTree('entropy',18,11,0.4264008026458762,7,'balanced'),61,0.4931365334257527,'SAMME')	0.9447744074754507	9.898189544677734
robustScaler(False,True);maxAbsScaler();adaBoost(decisionTree('gini',8,19,0.4595844823560601,19,'balanced'),71,0.6545623296505514,'SAMME')	0.9460862788835639	cached
adaBoost(decisionTree('gini',28,8,0.22928724526155597,10,'None'),71,0.4757278081583053,'SAMME')	0.9458747429834663	cached
adaBoost(decisionTree('gini',7,8,0.7585504020651886,10,'None'),71,0.6545623296505514,'SAMME')	0.9457388603224601	10.425503015518188
selectFwe(0.02839326959133519);varianceThreshold();varianceThreshold();minMaxScaler();adaBoost(decisionTree('gini',18,4,0.3934145920685057,6,'balanced'),90,0.5649612384712288,'SAMME')	invalid_ind (duplicated operator)	invalid_ind (duplicated operator)
adaBoost(decisionTree('gini',28,8,0.7585504020651886,10,'None'),71,0.6545623296505514,'SAMME')	0.9486658584994163	cached
adaBoost(decisionTree('gini',28,8,0.7585504020651886,10,'None'),71,0.6545623296505514,'SAMME')	0.9486658584994163	cached
adaBoost(decisionTree('entropy',19,2,0.060206760370249524,10,'None'),71,0.6545623296505514,'SAMME')	0.9436303639463578	cached
adaBoost(decisionTree('entropy',28,8,0.22928724526155597,10,'None'),39,0.19747663730920903,'SAMME')	0.9486609801123864	cached
adaBoost(decisionTree('gini',28,8,0.7585504020651886,10,'None'),71,0.6545623296505514,'SAMME')	0.9486658584994163	cached
selectFwe(0.04942130974898845);selectFwe(0.024329542719522985);nystroem('sigmoid',2.8415617908217516,28,4,-0.2180298962087437);varianceThreshold();varianceThreshold();maxAbsScaler();adaBoost(decisionTree('gini',28,18,0.8859566573494242,11,'None'),71,0.6545623296505514,'SAMME')	invalid_ind (duplicated operator)	invalid_ind (duplicated operator)
robustScaler(False,True);maxAbsScaler();adaBoost(decisionTree('gini',28,18,0.7585504020651886,11,'None'),71,0.6545623296505514,'SAMME')	0.9491815181515987	cached
adaBoost(decisionTree('gini',28,8,0.22928724526155597,10,'None'),71,0.4757278081583053,'SAMME')	0.9458747429834663	6.972667455673218
adaBoost(decisionTree('gini',15,10,0.7985812268169065,19,'balanced'),80,0.4757278081583053,'SAMME')	0.9458008244150568	14.48023509979248
selectFwe(0.04942130974898845);selectFwe(0.024329542719522985);nystroem('sigmoid',2.8415617908217516,28,4,-0.2180298962087437);varianceThreshold();varianceThreshold();maxAbsScaler();adaBoost(decisionTree('gini',28,18,0.8859566573494242,11,'None'),71,0.6545623296505514,'SAMME')	invalid_ind (duplicated operator)	invalid_ind (duplicated operator)
adaBoost(decisionTree('gini',15,8,0.07259258029571236,4,'balanced'),96,1.7337037880412078,'SAMME')	0.93404477991552	cached
adaBoost(decisionTree('entropy',19,2,0.060206760370249524,10,'None'),71,0.6545623296505514,'SAMME')	0.9436303639463578	cached
adaBoost(decisionTree('gini',28,8,0.22928724526155597,10,'None'),71,0.6545623296505514,'SAMME')	0.9416712976731038	cached
adaBoost(decisionTree('gini',28,8,0.7585504020651886,10,'None'),71,0.6545623296505514,'SAMME')	0.9486658584994163	cached
robustScaler(False,True);maxAbsScaler();adaBoost(decisionTree('gini',22,13,0.3105042044137206,5,'balanced'),98,1.059524430521885,'SAMME')	0.9426346386740528	cached
adaBoost(decisionTree('gini',28,8,0.7585504020651886,10,'None'),71,0.6545623296505514,'SAMME')	0.9486658584994163	cached
robustScaler(False,True);maxAbsScaler();adaBoost(decisionTree('gini',28,18,0.7585504020651886,11,'None'),80,0.4757278081583053,'SAMME')	0.9449160369148417	cached
selectFwe(0.04942130974898845);selectFwe(0.024329542719522985);nystroem('sigmoid',2.8415617908217516,28,4,-0.2180298962087437);varianceThreshold();varianceThreshold();maxAbsScaler();adaBoost(decisionTree('gini',28,18,0.8859566573494242,11,'None'),71,0.6545623296505514,'SAMME')	invalid_ind (duplicated operator)	invalid_ind (duplicated operator)
adaBoost(decisionTree('entropy',17,8,0.22928724526155597,10,'balanced'),80,0.4757278081583053,'SAMME')	0.9509820522517647	cached
adaBoost(decisionTree('entropy',19,2,0.060206760370249524,10,'None'),71,0.6545623296505514,'SAMME')	0.9436303639463578	cached
adaBoost(decisionTree('gini',7,8,0.22928724526155597,10,'None'),71,0.6545623296505514,'SAMME')	0.943447611459028	cached
selectFwe(0.04942130974898845);selectFwe(0.024329542719522985);nystroem('sigmoid',2.8415617908217516,28,4,-0.2180298962087437);varianceThreshold();varianceThreshold();maxAbsScaler();adaBoost(decisionTree('gini',28,18,0.8859566573494242,11,'None'),71,0.6545623296505514,'SAMME')	invalid_ind (duplicated operator)	invalid_ind (duplicated operator)
adaBoost(decisionTree('gini',28,8,0.7585504020651886,10,'None'),71,0.6545623296505514,'SAMME')	0.9486658584994163	cached
adaBoost(decisionTree('gini',7,8,0.22928724526155597,10,'None'),71,0.6545623296505514,'SAMME')	0.943447611459028	cached
selectFwe(0.04942130974898845);selectFwe(0.024329542719522985);nystroem('sigmoid',2.8415617908217516,28,4,-0.2180298962087437);varianceThreshold();varianceThreshold();maxAbsScaler();adaBoost(decisionTree('gini',28,18,0.8859566573494242,11,'None'),71,0.6545623296505514,'SAMME')	invalid_ind (duplicated operator)	invalid_ind (duplicated operator)
adaBoost(decisionTree('gini',28,8,0.7585504020651886,10,'balanced'),64,0.8043993966972414,'SAMME')	0.9464048421981015	cached
robustScaler(False,True);maxAbsScaler();adaBoost(decisionTree('entropy',28,10,0.6805509389407572,18,'None'),91,1.0254283342028223,'SAMME')	0.9431795188294018	20.893901348114014
adaBoost(decisionTree('entropy',28,14,0.8515841755727691,10,'balanced'),80,0.4757278081583053,'SAMME')	0.9435730127712999	15.586978673934937
adaBoost(decisionTree('entropy',27,19,0.5681161885632576,2,'None'),71,0.4757278081583053,'SAMME')	0.9441455644933564	14.815877676010132
adaBoost(decisionTree('entropy',17,8,0.22928724526155597,10,'balanced'),80,0.4757278081583053,'SAMME')	0.9509820522517647	5.702238321304321
maxAbsScaler();nystroem('sigmoid',1.415344368619118,98,2,0.7372784438833857);selectPercentile(77.68494508537492);randomForest(69,'gini',0.8245326211057018,9,6,False,'balanced_subsample')	0.8856931256540161	48.30662226676941
adaBoost(decisionTree('entropy',14,4,0.6241522982190477,15,'None'),49,1.5487484978508494,'SAMME')	0.9289545191605427	7.246633291244507
adaBoost(decisionTree('gini',28,8,0.7585504020651886,10,'None'),20,0.6545623296505514,'SAMME')	0.9464563269049077	cached
selectFwe(0.04942130974898845);selectFwe(0.024329542719522985);nystroem('sigmoid',2.8415617908217516,28,4,-0.2180298962087437);varianceThreshold();varianceThreshold();maxAbsScaler();adaBoost(decisionTree('gini',28,18,0.8859566573494242,11,'None'),71,0.6545623296505514,'SAMME')	invalid_ind (duplicated operator)	invalid_ind (duplicated operator)
adaBoost(decisionTree('entropy',17,8,0.22928724526155597,10,'balanced'),80,0.4757278081583053,'SAMME')	0.9509820522517647	cached
adaBoost(decisionTree('gini',28,8,0.7585504020651886,10,'balanced'),64,0.8043993966972414,'SAMME')	0.9464048421981015	cached
selectFwe(0.04942130974898845);selectFwe(0.024329542719522985);nystroem('sigmoid',2.8415617908217516,28,4,-0.2180298962087437);varianceThreshold();varianceThreshold();maxAbsScaler();adaBoost(decisionTree('gini',28,18,0.7585504020651886,11,'None'),71,0.6545623296505514,'SAMME')	invalid_ind (duplicated operator)	invalid_ind (duplicated operator)
adaBoost(decisionTree('gini',28,8,0.7585504020651886,10,'None'),71,0.6545623296505514,'SAMME')	0.9486658584994163	cached
selectFwe(0.04942130974898845);selectFwe(0.024329542719522985);nystroem('sigmoid',2.8415617908217516,28,4,-0.2180298962087437);varianceThreshold();varianceThreshold();maxAbsScaler();adaBoost(decisionTree('gini',28,18,0.6884265189161076,11,'None'),71,0.6545623296505514,'SAMME')	invalid_ind (duplicated operator)	invalid_ind (duplicated operator)
adaBoost(decisionTree('entropy',17,8,0.22928724526155597,10,'balanced'),80,0.4757278081583053,'SAMME')	0.9509820522517647	cached
adaBoost(decisionTree('gini',15,10,0.7985812268169065,19,'balanced'),80,0.4757278081583053,'SAMME')	0.9458008244150568	cached
adaBoost(decisionTree('gini',28,8,0.7585504020651886,10,'None'),71,0.6545623296505514,'SAMME')	0.9486658584994163	cached
adaBoost(decisionTree('gini',28,8,0.7585504020651886,10,'None'),71,0.6545623296505514,'SAMME')	0.9486658584994163	cached
robustScaler(False,True);maxAbsScaler();adaBoost(decisionTree('gini',28,18,0.7585504020651886,11,'None'),71,0.6545623296505514,'SAMME')	0.9491815181515987	cached
robustScaler(False,True);maxAbsScaler();adaBoost(decisionTree('gini',8,19,0.4595844823560601,19,'balanced'),71,0.6545623296505514,'SAMME')	0.9460862788835639	cached
robustScaler(False,True);maxAbsScaler();adaBoost(decisionTree('gini',28,18,0.7585504020651886,11,'None'),71,0.6545623296505514,'SAMME')	0.9491815181515987	cached
adaBoost(decisionTree('gini',28,8,0.7585504020651886,10,'None'),71,0.6545623296505514,'SAMME')	0.9486658584994163	cached
adaBoost(decisionTree('gini',7,8,0.7585504020651886,10,'None'),71,0.6545623296505514,'SAMME')	0.9457388603224601	cached
selectFwe(0.04942130974898845);selectFwe(0.024329542719522985);nystroem('sigmoid',2.8415617908217516,28,4,-0.2180298962087437);varianceThreshold();varianceThreshold();maxAbsScaler();adaBoost(decisionTree('gini',28,18,0.8859566573494242,11,'None'),71,0.6545623296505514,'SAMME')	invalid_ind (duplicated operator)	invalid_ind (duplicated operator)
selectFwe(0.04942130974898845);selectFwe(0.024329542719522985);nystroem('sigmoid',2.8415617908217516,28,4,-0.2180298962087437);varianceThreshold();varianceThreshold();maxAbsScaler();adaBoost(decisionTree('gini',28,18,0.8859566573494242,11,'None'),71,0.4757278081583053,'SAMME')	invalid_ind (duplicated operator)	invalid_ind (duplicated operator)
adaBoost(decisionTree('gini',28,8,0.7585504020651886,10,'None'),71,0.6545623296505514,'SAMME')	0.9486658584994163	cached
robustScaler(False,True);maxAbsScaler();adaBoost(decisionTree('gini',28,18,0.7585504020651886,11,'None'),71,0.6545623296505514,'SAMME')	0.9491815181515987	cached
robustScaler(False,True);maxAbsScaler();adaBoost(decisionTree('gini',8,19,0.4595844823560601,19,'balanced'),71,0.6545623296505514,'SAMME')	0.9460862788835639	cached
adaBoost(decisionTree('gini',28,8,0.22928724526155597,10,'None'),71,0.4757278081583053,'SAMME')	0.9458747429834663	cached
adaBoost(decisionTree('gini',28,8,0.7585504020651886,10,'None'),71,0.6545623296505514,'SAMME')	0.9486658584994163	cached
adaBoost(decisionTree('entropy',27,19,0.5681161885632576,2,'None'),71,0.4757278081583053,'SAMME')	0.9441455644933564	cached
robustScaler(False,True);maxAbsScaler();adaBoost(decisionTree('entropy',19,18,0.060206760370249524,11,'None'),71,0.6545623296505514,'SAMME')	0.9461601974519732	4.332701921463013
adaBoost(decisionTree('entropy',28,8,0.22928724526155597,10,'None'),71,0.6545623296505514,'SAMME')	0.9471136878302792	7.264533996582031
selectFwe(0.04942130974898845);selectFwe(0.024329542719522985);nystroem('sigmoid',2.8415617908217516,28,4,-0.2180298962087437);varianceThreshold();varianceThreshold();maxAbsScaler();adaBoost(decisionTree('gini',28,18,0.8859566573494242,11,'None'),39,0.19747663730920903,'SAMME')	invalid_ind (duplicated operator)	invalid_ind (duplicated operator)
robustScaler(False,True);maxAbsScaler();adaBoost(decisionTree('gini',28,18,0.8859566573494242,11,'None'),71,0.6545623296505514,'SAMME')	0.9429985527947103	12.417369842529297
adaBoost(decisionTree('gini',7,8,0.7585504020651886,10,'None'),80,0.4757278081583053,'SAMME')	0.9456213075297146	12.657716035842896
adaBoost(decisionTree('entropy',27,19,0.5681161885632576,2,'None'),71,0.6545623296505514,'SAMME')	0.9441308354836835	16.0659818649292
adaBoost(decisionTree('entropy',8,8,0.06888757216836505,10,'balanced'),80,0.4757278081583053,'SAMME')	0.9387282410269924	4.0108184814453125
selectFwe(0.04942130974898845);selectFwe(0.024329542719522985);nystroem('sigmoid',2.8415617908217516,28,4,-0.2180298962087437);varianceThreshold();varianceThreshold();maxAbsScaler();adaBoost(decisionTree('gini',28,18,0.8859566573494242,11,'None'),71,0.6545623296505514,'SAMME')	invalid_ind (duplicated operator)	invalid_ind (duplicated operator)
adaBoost(decisionTree('gini',28,8,0.7585504020651886,10,'None'),71,0.6545623296505514,'SAMME')	0.9486658584994163	cached
adaBoost(decisionTree('gini',28,8,0.7585504020651886,10,'None'),71,0.6545623296505514,'SAMME')	0.9486658584994163	cached
adaBoost(decisionTree('gini',7,8,0.7585504020651886,10,'None'),71,0.6545623296505514,'SAMME')	0.9457388603224601	11.000995635986328
adaBoost(decisionTree('gini',28,2,0.7585504020651886,10,'None'),80,0.4757278081583053,'SAMME')	0.9449202625609949	14.552489995956421
robustScaler(False,True);maxAbsScaler();adaBoost(decisionTree('gini',28,18,0.7585504020651886,11,'None'),71,0.6545623296505514,'SAMME')	0.9491815181515987	12.601456642150879
adaBoost(decisionTree('gini',28,8,0.7585504020651886,10,'balanced'),64,0.8043993966972414,'SAMME')	0.9464048421981015	8.020212888717651
adaBoost(decisionTree('gini',28,8,0.7585504020651886,10,'None'),96,1.7337037880412078,'SAMME')	0.9285342917650619	16.289228200912476
adaBoost(decisionTree('gini',15,8,0.07259258029571236,4,'balanced'),20,0.6545623296505514,'SAMME')	0.9408987733294895	2.1650242805480957
adaBoost(decisionTree('gini',28,8,0.7585504020651886,10,'None'),71,0.6545623296505514,'SAMME')	0.9486658584994163	cached
robustScaler(False,True);maxAbsScaler();adaBoost(decisionTree('gini',28,18,0.7585504020651886,11,'None'),71,0.6545623296505514,'SAMME')	0.9491815181515987	cached
adaBoost(decisionTree('gini',28,8,0.7585504020651886,10,'None'),71,0.6545623296505514,'SAMME')	0.9486658584994163	cached
selectFwe(0.04942130974898845);selectFwe(0.024329542719522985);nystroem('sigmoid',2.8415617908217516,28,4,-0.2180298962087437);varianceThreshold();varianceThreshold();maxAbsScaler();adaBoost(decisionTree('gini',28,18,0.8859566573494242,11,'None'),71,0.4757278081583053,'SAMME')	invalid_ind (duplicated operator)	invalid_ind (duplicated operator)
adaBoost(decisionTree('gini',28,8,0.7585504020651886,10,'None'),71,0.6545623296505514,'SAMME')	0.9486658584994163	cached
adaBoost(decisionTree('gini',28,8,0.7585504020651886,10,'None'),71,0.6545623296505514,'SAMME')	0.9486658584994163	cached
selectFwe(0.04942130974898845);maxAbsScaler();nystroem('sigmoid',2.8415617908217516,28,4,-0.2180298962087437);varianceThreshold();varianceThreshold();maxAbsScaler();adaBoost(decisionTree('gini',28,18,0.8859566573494242,11,'None'),71,0.6545623296505514,'SAMME')	invalid_ind (duplicated operator)	invalid_ind (duplicated operator)
adaBoost(decisionTree('gini',28,8,0.7585504020651886,10,'balanced'),64,0.8043993966972414,'SAMME')	0.9464048421981015	cached
adaBoost(decisionTree('gini',28,8,0.7585504020651886,10,'None'),71,0.6545623296505514,'SAMME')	0.9486658584994163	cached
adaBoost(decisionTree('gini',28,8,0.7585504020651886,10,'None'),71,0.6545623296505514,'SAMME')	0.9486658584994163	cached
adaBoost(decisionTree('gini',22,13,0.051286280379553295,11,'balanced'),44,0.5404289831688879,'SAMME')	0.9413432688952807	5.02829647064209
adaBoost(decisionTree('gini',3,12,0.5960874219298188,1,'None'),71,0.5073927413847529,'SAMME')	0.9367918980625619	5.110457897186279
adaBoost(decisionTree('entropy',28,8,0.22928724526155597,10,'None'),71,0.6545623296505514,'SAMME')	0.9471136878302792	cached
selectFwe(0.04942130974898845);selectFwe(0.024329542719522985);nystroem('sigmoid',2.8415617908217516,28,4,-0.2180298962087437);varianceThreshold();varianceThreshold();maxAbsScaler();adaBoost(decisionTree('gini',28,18,0.8859566573494242,11,'None'),71,0.4757278081583053,'SAMME')	invalid_ind (duplicated operator)	invalid_ind (duplicated operator)
adaBoost(decisionTree('entropy',27,19,0.5681161885632576,2,'None'),71,0.6545623296505514,'SAMME')	0.9441308354836835	cached
adaBoost(decisionTree('gini',28,8,0.22928724526155597,10,'None'),71,0.6545623296505514,'SAMME')	0.9416712976731038	6.678055763244629
adaBoost(decisionTree('gini',8,8,0.4595844823560601,19,'balanced'),71,0.6545623296505514,'SAMME')	0.9460879935024042	7.326822280883789
adaBoost(decisionTree('entropy',19,15,0.5497350944907902,20,'balanced'),71,0.6545623296505514,'SAMME')	0.9423553181062319	10.442654371261597
adaBoost(decisionTree('gini',28,8,0.7585504020651886,10,'None'),20,0.6545623296505514,'SAMME')	0.9464563269049077	6.867805242538452
robustScaler(False,True);maxAbsScaler();adaBoost(decisionTree('entropy',28,19,0.22928724526155597,10,'None'),71,0.6545623296505514,'SAMME')	0.9466987500709431	11.067984819412231
robustScaler(False,True);maxAbsScaler();adaBoost(decisionTree('gini',28,18,0.7585504020651886,11,'None'),71,0.6545623296505514,'SAMME')	0.9491815181515987	cached
adaBoost(decisionTree('entropy',28,8,0.22928724526155597,10,'None'),39,0.19747663730920903,'SAMME')	0.9486609801123864	cached
selectFwe(0.04942130974898845);selectFwe(0.024329542719522985);nystroem('sigmoid',2.8415617908217516,28,4,-0.2180298962087437);varianceThreshold();varianceThreshold();maxAbsScaler();adaBoost(decisionTree('gini',28,18,0.8859566573494242,11,'None'),39,0.19747663730920903,'SAMME')	invalid_ind (duplicated operator)	invalid_ind (duplicated operator)
selectFwe(0.04942130974898845);selectFwe(0.024329542719522985);nystroem('sigmoid',2.8415617908217516,28,4,-0.2180298962087437);varianceThreshold();varianceThreshold();maxAbsScaler();adaBoost(decisionTree('gini',28,18,0.8859566573494242,11,'None'),71,0.6545623296505514,'SAMME')	invalid_ind (duplicated operator)	invalid_ind (duplicated operator)
adaBoost(decisionTree('gini',28,8,0.7585504020651886,10,'None'),71,0.6545623296505514,'SAMME')	0.9486658584994163	cached
robustScaler(False,True);maxAbsScaler();adaBoost(decisionTree('gini',28,18,0.7585504020651886,11,'None'),71,0.6545623296505514,'SAMME')	0.9491815181515987	cached
robustScaler(False,True);maxAbsScaler();adaBoost(decisionTree('gini',28,18,0.7585504020651886,10,'None'),71,0.6545623296505514,'SAMME')	0.9489346757037171	15.210208654403687
adaBoost(decisionTree('gini',28,8,0.7585504020651886,10,'None'),64,0.8043993966972414,'SAMME')	0.9379307737574051	16.310142517089844
robustScaler(False,True);maxAbsScaler();adaBoost(decisionTree('entropy',17,18,0.7585504020651886,11,'balanced'),80,1.8907753966086354,'SAMME')	0.9335887909420434	15.150572776794434
adaBoost(decisionTree('gini',7,8,0.7585504020651886,10,'None'),71,0.6545623296505514,'SAMME')	0.9457388603224601	cached
robustScaler(False,True);maxAbsScaler();adaBoost(decisionTree('gini',28,18,0.7585504020651886,11,'None'),71,0.6545623296505514,'SAMME')	0.9491815181515987	cached
adaBoost(decisionTree('entropy',17,13,0.8138111735932669,18,'balanced'),10,0.8290224198948604,'SAMME')	0.9331658588835567	4.864240646362305
robustScaler(False,True);maxAbsScaler();adaBoost(decisionTree('gini',28,18,0.7585504020651886,11,'None'),71,0.6545623296505514,'SAMME')	0.9491815181515987	cached
adaBoost(decisionTree('entropy',27,19,0.5681161885632576,2,'None'),71,0.6545623296505514,'SAMME')	0.9441308354836835	cached
adaBoost(decisionTree('entropy',28,8,0.22928724526155597,10,'None'),71,0.6545623296505514,'SAMME')	0.9471136878302792	cached
adaBoost(decisionTree('entropy',28,8,0.22928724526155597,10,'balanced'),80,0.4757278081583053,'SAMME')	0.9467641434012201	9.262095212936401
adaBoost(decisionTree('gini',28,8,0.7585504020651886,10,'None'),71,0.6545623296505514,'SAMME')	0.9486658584994163	15.360206127166748
adaBoost(decisionTree('entropy',17,8,0.22928724526155597,10,'None'),39,0.19747663730920903,'SAMME')	0.9493454596506983	5.098966598510742
adaBoost(decisionTree('gini',28,8,0.7585504020651886,10,'balanced'),71,0.6545623296505514,'SAMME')	0.945366157457123	11.584264755249023
adaBoost(decisionTree('gini',28,8,0.7585504020651886,11,'None'),71,0.6545623296505514,'SAMME')	0.9493259240877935	14.218676328659058
adaBoost(decisionTree('entropy',28,8,0.22928724526155597,10,'None'),71,0.6545623296505514,'SAMME')	0.9471136878302792	cached
adaBoost(decisionTree('gini',28,8,0.7585504020651886,11,'None'),71,0.6545623296505514,'SAMME')	0.9493259240877935	cached
robustScaler(False,True);maxAbsScaler();adaBoost(decisionTree('gini',28,18,0.7585504020651886,11,'None'),71,0.6545623296505514,'SAMME')	0.9491815181515987	cached
robustScaler(False,True);maxAbsScaler();adaBoost(decisionTree('gini',28,18,0.7585504020651886,11,'None'),71,0.6545623296505514,'SAMME')	0.9491815181515987	cached
selectFwe(0.04942130974898845);selectFwe(0.024329542719522985);nystroem('sigmoid',2.8415617908217516,28,4,-0.2180298962087437);varianceThreshold();varianceThreshold();maxAbsScaler();adaBoost(decisionTree('gini',28,18,0.8859566573494242,11,'None'),71,0.6545623296505514,'SAMME')	invalid_ind (duplicated operator)	invalid_ind (duplicated operator)
adaBoost(decisionTree('gini',28,8,0.7585504020651886,10,'None'),71,0.6545623296505514,'SAMME')	0.9486658584994163	cached
adaBoost(decisionTree('gini',28,8,0.7585504020651886,10,'None'),71,0.6545623296505514,'SAMME')	0.9486658584994163	cached
selectFwe(0.04942130974898845);maxAbsScaler();nystroem('sigmoid',2.8415617908217516,28,4,-0.2180298962087437);varianceThreshold();varianceThreshold();maxAbsScaler();adaBoost(decisionTree('gini',28,18,0.8859566573494242,11,'None'),71,0.6545623296505514,'SAMME')	invalid_ind (duplicated operator)	invalid_ind (duplicated operator)
adaBoost(decisionTree('gini',28,8,0.7585504020651886,11,'None'),71,0.6545623296505514,'SAMME')	0.9493259240877935	cached
robustScaler(False,True);maxAbsScaler();adaBoost(decisionTree('gini',28,18,0.7585504020651886,11,'None'),71,0.6545623296505514,'SAMME')	0.9491815181515987	cached
selectFwe(0.04942130974898845);selectFwe(0.024329542719522985);nystroem('sigmoid',2.8415617908217516,28,4,-0.2180298962087437);varianceThreshold();varianceThreshold();maxAbsScaler();adaBoost(decisionTree('gini',28,18,0.8859566573494242,11,'None'),39,0.19747663730920903,'SAMME')	invalid_ind (duplicated operator)	invalid_ind (duplicated operator)
adaBoost(decisionTree('gini',28,8,0.7585504020651886,10,'None'),71,0.6545623296505514,'SAMME')	0.9486658584994163	cached
adaBoost(decisionTree('gini',28,8,0.7585504020651886,10,'None'),71,0.6545623296505514,'SAMME')	0.9486658584994163	cached
robustScaler(False,True);maxAbsScaler();adaBoost(decisionTree('gini',28,18,0.7585504020651886,11,'None'),71,0.6545623296505514,'SAMME')	0.9491815181515987	cached
robustScaler(False,True);maxAbsScaler();adaBoost(decisionTree('gini',28,18,0.7585504020651886,11,'None'),71,0.6545623296505514,'SAMME')	0.9491815181515987	cached
adaBoost(decisionTree('gini',28,8,0.22928724526155597,10,'None'),71,0.6545623296505514,'SAMME')	0.9416712976731038	7.350589275360107
adaBoost(decisionTree('gini',28,8,0.7585504020651886,10,'balanced'),71,0.6545623296505514,'SAMME')	0.945366157457123	11.646647930145264
adaBoost(decisionTree('gini',28,8,0.7585504020651886,10,'None'),71,0.4757278081583053,'SAMME')	0.9461389472702285	13.570202589035034
selectFwe(0.04942130974898845);selectFwe(0.024329542719522985);nystroem('sigmoid',2.8415617908217516,28,4,-0.2180298962087437);varianceThreshold();varianceThreshold();maxAbsScaler();adaBoost(decisionTree('gini',28,18,0.8859566573494242,11,'None'),71,0.6545623296505514,'SAMME')	invalid_ind (duplicated operator)	invalid_ind (duplicated operator)
adaBoost(decisionTree('gini',28,8,0.7585504020651886,10,'None'),20,0.6545623296505514,'SAMME')	0.9464563269049077	6.636534690856934
robustScaler(False,True);maxAbsScaler();adaBoost(decisionTree('gini',28,18,0.7585504020651886,11,'None'),71,0.4757278081583053,'SAMME')	0.9454536713234438	15.277355909347534
adaBoost(decisionTree('gini',28,8,0.7585504020651886,10,'None'),71,0.6545623296505514,'SAMME')	0.9486658584994163	cached
adaBoost(decisionTree('gini',28,8,0.8859566573494242,10,'None'),71,0.6545623296505514,'SAMME')	0.9441979674105301	19.08090376853943
selectFwe(0.04942130974898845);maxAbsScaler();nystroem('sigmoid',2.8415617908217516,28,4,-0.2180298962087437);varianceThreshold();varianceThreshold();maxAbsScaler();adaBoost(decisionTree('gini',28,18,0.7585504020651886,11,'None'),71,0.6545623296505514,'SAMME')	invalid_ind (duplicated operator)	invalid_ind (duplicated operator)
robustScaler(False,True);maxAbsScaler();adaBoost(decisionTree('gini',28,18,0.7585504020651886,11,'None'),71,0.6545623296505514,'SAMME')	0.9491815181515987	cached
robustScaler(False,True);maxAbsScaler();adaBoost(decisionTree('gini',28,18,0.7585504020651886,11,'None'),71,0.6545623296505514,'SAMME')	0.9491815181515987	cached
adaBoost(decisionTree('gini',28,8,0.7585504020651886,10,'balanced'),64,0.8043993966972414,'SAMME')	0.9464048421981015	11.538770198822021
adaBoost(decisionTree('entropy',17,8,0.22928724526155597,10,'balanced'),80,0.4757278081583053,'SAMME')	0.9509820522517647	cached
robustScaler(False,True);maxAbsScaler();adaBoost(decisionTree('gini',28,18,0.7585504020651886,11,'None'),71,0.6545623296505514,'SAMME')	0.9491815181515987	cached
selectFwe(0.04942130974898845);selectFwe(0.024329542719522985);nystroem('sigmoid',2.8415617908217516,28,4,-0.2180298962087437);varianceThreshold();varianceThreshold();maxAbsScaler();adaBoost(decisionTree('gini',28,18,0.8859566573494242,11,'None'),71,0.6545623296505514,'SAMME')	invalid_ind (duplicated operator)	invalid_ind (duplicated operator)
adaBoost(decisionTree('entropy',6,13,0.3767501559870092,20,'None'),87,1.22652309079436,'SAMME')	0.9438552316378195	10.671483278274536
robustScaler(False,True);maxAbsScaler();adaBoost(decisionTree('gini',8,18,0.4595844823560601,19,'balanced'),65,0.6545623296505514,'SAMME')	0.9460862788835639	8.600441932678223
robustScaler(False,True);maxAbsScaler();adaBoost(decisionTree('entropy',28,3,0.989175486527717,3,'None'),39,0.19747663730920903,'SAMME')	0.9415222788193702	14.848116636276245
adaBoost(decisionTree('gini',16,9,0.8734316902092079,12,'None'),52,0.6723144064184756,'SAMME')	0.9436122775328022	13.290256023406982
adaBoost(decisionTree('gini',28,8,0.22928724526155597,10,'None'),71,0.6545623296505514,'SAMME')	0.9416712976731038	10.10215163230896
adaBoost(decisionTree('gini',28,8,0.7585504020651886,10,'None'),71,0.4757278081583053,'SAMME')	0.9461389472702285	16.444067239761353
adaBoost(decisionTree('gini',28,8,0.7585504020651886,10,'None'),71,0.6545623296505514,'SAMME')	0.9486658584994163	16.60834527015686
robustScaler(False,True);maxAbsScaler();adaBoost(decisionTree('gini',28,19,0.7585504020651886,10,'None'),64,0.8043993966972414,'SAMME')	0.937929059138565	13.366550207138062
adaBoost(decisionTree('gini',28,8,0.7585504020651886,11,'None'),71,0.6545623296505514,'SAMME')	0.9493259240877935	14.960254669189453
adaBoost(decisionTree('gini',13,20,0.0389611771164603,11,'None'),71,0.6545623296505514,'SAMME')	0.9450385399284149	3.28165602684021
adaBoost(decisionTree('entropy',17,8,0.22928724526155597,10,'balanced'),80,0.4757278081583053,'SAMME')	0.9509820522517647	cached
adaBoost(decisionTree('gini',28,8,0.7585504020651886,10,'None'),71,0.6545623296505514,'SAMME')	0.9486658584994163	cached
adaBoost(decisionTree('gini',13,8,0.0389611771164603,10,'None'),71,0.6545623296505514,'SAMME')	0.9387706935344134	3.7811176776885986
adaBoost(decisionTree('entropy',17,8,0.22928724526155597,10,'None'),39,0.6545623296505514,'SAMME')	0.9464294737614581	6.777717113494873
adaBoost(decisionTree('gini',28,8,0.7585504020651886,10,'None'),71,0.6545623296505514,'SAMME')	0.9486658584994163	11.990168809890747
adaBoost(decisionTree('gini',28,8,0.7585504020651886,10,'None'),71,0.6545623296505514,'SAMME')	0.9486658584994163	12.771157026290894
adaBoost(decisionTree('gini',28,8,0.7585504020651886,10,'None'),71,0.4757278081583053,'SAMME')	0.9461389472702285	16.337889909744263
adaBoost(decisionTree('gini',21,18,0.6828596046252481,2,'balanced'),17,0.45865257107860685,'SAMME')	0.9424050862312541	5.983752965927124
adaBoost(decisionTree('gini',28,20,0.7585504020651886,18,'None'),71,0.4757278081583053,'SAMME')	0.94328248628007	14.8470139503479
adaBoost(decisionTree('gini',28,8,0.7585504020651886,10,'None'),71,0.6545623296505514,'SAMME')	0.9486658584994163	cached
robustScaler(False,True);maxAbsScaler();adaBoost(decisionTree('gini',28,18,0.7585504020651886,11,'None'),71,0.6545623296505514,'SAMME')	0.9491815181515987	cached
adaBoost(decisionTree('gini',28,8,0.7585504020651886,10,'None'),71,0.19747663730920903,'SAMME')	0.9463018987251622	15.755856990814209
selectFwe(0.04942130974898845);selectFwe(0.024329542719522985);nystroem('sigmoid',2.8415617908217516,28,4,-0.2180298962087437);varianceThreshold();varianceThreshold();maxAbsScaler();adaBoost(decisionTree('gini',28,18,0.8859566573494242,11,'None'),71,0.6545623296505514,'SAMME')	invalid_ind (duplicated operator)	invalid_ind (duplicated operator)
minMaxScaler();pca(0.9578147910993131,True);varianceThreshold();varianceThreshold();maxAbsScaler();adaBoost(decisionTree('gini',28,18,0.8859566573494242,11,'None'),71,0.6545623296505514,'SAMME')	invalid_ind (duplicated operator)	invalid_ind (duplicated operator)
adaBoost(decisionTree('entropy',17,8,0.22928724526155597,10,'None'),39,0.6545623296505514,'SAMME')	0.9464294737614581	6.743941068649292
robustScaler(False,True);maxAbsScaler();adaBoost(decisionTree('entropy',17,18,0.22928724526155597,10,'balanced'),80,0.4757278081583053,'SAMME')	0.9505688291112687	10.893746614456177
adaBoost(decisionTree('gini',28,8,0.8859566573494242,10,'None'),71,0.4757278081583053,'SAMME')	0.9465753288470022	18.45125913619995
adaBoost(decisionTree('gini',28,8,0.7585504020651886,10,'None'),71,0.6545623296505514,'SAMME')	0.9486658584994163	16.050209522247314
adaBoost(decisionTree('entropy',28,8,0.22928724526155597,10,'None'),71,0.19747663730920903,'SAMME')	0.9481267749414648	10.493784189224243
selectFwe(0.04942130974898845);selectFwe(0.024329542719522985);nystroem('sigmoid',2.8415617908217516,28,4,-0.2180298962087437);varianceThreshold();varianceThreshold();maxAbsScaler();adaBoost(decisionTree('entropy',2,3,0.7188464365038962,18,'None'),31,1.502685316588925,'SAMME')	invalid_ind (duplicated operator)	invalid_ind (duplicated operator)
adaBoost(decisionTree('gini',28,8,0.7585504020651886,11,'None'),71,0.6545623296505514,'SAMME')	0.9493259240877935	cached
selectFwe(0.0025914487791066135);varianceThreshold();gaussianNB(0.0040113504492743455)	0.5859222581759617	2.602386713027954
adaBoost(decisionTree('gini',28,8,0.7585504020651886,10,'None'),71,0.6545623296505514,'SAMME')	0.9486658584994163	cached
adaBoost(decisionTree('gini',28,8,0.7585504020651886,10,'None'),71,0.6545623296505514,'SAMME')	0.9486658584994163	17.762038469314575
adaBoost(decisionTree('entropy',17,8,0.7585504020651886,11,'None'),39,0.19747663730920903,'SAMME')	0.9445080294646646	10.116429567337036
adaBoost(decisionTree('gini',28,8,0.7585504020651886,10,'None'),71,0.6545623296505514,'SAMME')	0.9486658584994163	16.40626049041748
adaBoost(decisionTree('gini',28,8,0.7585504020651886,11,'None'),71,0.6545623296505514,'SAMME')	0.9493259240877935	18.456422805786133
robustScaler(False,True);maxAbsScaler();adaBoost(decisionTree('gini',28,18,0.7585504020651886,11,'balanced'),41,0.8043993966972414,'SAMME')	0.9408636623803422	10.37699270248413
adaBoost(decisionTree('gini',28,8,0.22928724526155597,10,'None'),71,0.6545623296505514,'SAMME')	0.9416712976731038	9.041217803955078
adaBoost(decisionTree('gini',28,8,0.7585504020651886,10,'None'),71,0.6545623296505514,'SAMME')	0.9486658584994163	cached
adaBoost(decisionTree('gini',28,8,0.7585504020651886,10,'None'),71,0.6545623296505514,'SAMME')	0.9486658584994163	cached
adaBoost(decisionTree('gini',28,8,0.7585504020651886,11,'None'),71,0.6545623296505514,'SAMME')	0.9493259240877935	cached
robustScaler(False,True);maxAbsScaler();adaBoost(decisionTree('gini',8,18,0.4595844823560601,19,'balanced'),65,0.6545623296505514,'SAMME')	0.9460862788835639	cached
adaBoost(decisionTree('gini',28,8,0.7585504020651886,10,'None'),71,0.4757278081583053,'SAMME')	0.9461389472702285	16.017049312591553
adaBoost(decisionTree('entropy',17,8,0.22928724526155597,10,'balanced'),80,0.6545623296505514,'SAMME')	0.9471010107427352	7.626659631729126
robustScaler(True,True);maxAbsScaler();adaBoost(decisionTree('gini',28,12,0.7585504020651886,11,'balanced'),71,0.6545623296505514,'SAMME')	0.9464833956988356	13.4166419506073
selectFwe(0.04942130974898845);maxAbsScaler();nystroem('sigmoid',2.8415617908217516,28,4,-0.2180298962087437);varianceThreshold();varianceThreshold();maxAbsScaler();adaBoost(decisionTree('gini',28,18,0.7585504020651886,11,'None'),71,0.6545623296505514,'SAMME')	invalid_ind (duplicated operator)	invalid_ind (duplicated operator)
adaBoost(decisionTree('gini',28,8,0.7585504020651886,10,'None'),71,0.6545623296505514,'SAMME')	0.9486658584994163	13.79453444480896
robustScaler(False,True);maxAbsScaler();adaBoost(decisionTree('entropy',27,16,0.8102928052149082,20,'None'),71,0.4757278081583053,'SAMME')	0.944959792791988	17.26564383506775
adaBoost(decisionTree('gini',28,8,0.5140551801032747,10,'None'),71,0.4757278081583053,'SAMME')	0.9471297941555032	7.137223243713379
adaBoost(decisionTree('entropy',17,8,0.22928724526155597,10,'None'),39,0.19747663730920903,'SAMME')	0.9493454596506983	cached
robustScaler(False,True);maxAbsScaler();adaBoost(decisionTree('entropy',17,18,0.22928724526155597,10,'balanced'),80,0.4757278081583053,'SAMME')	0.9505688291112687	cached
adaBoost(decisionTree('gini',28,8,0.7585504020651886,10,'None'),71,0.6545623296505514,'SAMME')	0.9486658584994163	cached
adaBoost(decisionTree('gini',28,8,0.7585504020651886,11,'None'),71,0.6545623296505514,'SAMME')	0.9493259240877935	cached
adaBoost(decisionTree('gini',28,8,0.7585504020651886,10,'None'),71,0.6545623296505514,'SAMME')	0.9486658584994163	cached
adaBoost(decisionTree('gini',28,8,0.7585504020651886,11,'None'),71,0.6545623296505514,'SAMME')	0.9493259240877935	cached
adaBoost(decisionTree('gini',28,8,0.7585504020651886,10,'None'),71,0.6545623296505514,'SAMME')	0.9486658584994163	cached
robustScaler(False,True);maxAbsScaler();adaBoost(decisionTree('gini',28,18,0.7585504020651886,11,'None'),71,0.6545623296505514,'SAMME')	0.9491815181515987	cached
adaBoost(decisionTree('gini',28,8,0.7585504020651886,10,'None'),71,0.6545623296505514,'SAMME')	0.9486658584994163	cached
adaBoost(decisionTree('gini',28,8,0.7585504020651886,10,'None'),71,0.6545623296505514,'SAMME')	0.9486658584994163	cached
robustScaler(False,False);maxAbsScaler();adaBoost(decisionTree('gini',8,18,0.4595844823560601,19,'None'),71,0.19747663730920903,'SAMME')	0.9484948648892628	6.654170989990234
adaBoost(decisionTree('gini',28,8,0.7585504020651886,10,'None'),39,0.19747663730920903,'SAMME')	0.9466741424853156	7.8301613330841064
adaBoost(decisionTree('gini',28,8,0.22062575378405913,10,'None'),89,0.4757278081583053,'SAMME')	0.9459148041534412	8.74721622467041
robustScaler(False,True);maxAbsScaler();adaBoost(decisionTree('entropy',17,18,0.22928724526155597,10,'balanced'),80,0.4757278081583053,'SAMME')	0.9505688291112687	cached
robustScaler(False,True);maxAbsScaler();adaBoost(decisionTree('entropy',17,18,0.22928724526155597,10,'balanced'),80,0.4757278081583053,'SAMME')	0.9505688291112687	cached
robustScaler(False,True);maxAbsScaler();adaBoost(decisionTree('gini',8,18,0.4595844823560601,19,'balanced'),65,0.6545623296505514,'SAMME')	0.9460862788835639	cached
adaBoost(decisionTree('gini',28,8,0.7585504020651886,10,'None'),71,0.6545623296505514,'SAMME')	0.9486658584994163	cached
selectFwe(0.04942130974898845);selectFwe(0.024329542719522985);nystroem('sigmoid',2.8415617908217516,28,4,-0.2180298962087437);varianceThreshold();varianceThreshold();maxAbsScaler();adaBoost(decisionTree('entropy',2,3,0.7188464365038962,18,'None'),31,1.502685316588925,'SAMME')	invalid_ind (duplicated operator)	invalid_ind (duplicated operator)
adaBoost(decisionTree('gini',28,8,0.7585504020651886,10,'None'),71,0.6545623296505514,'SAMME')	0.9486658584994163	cached
pca(0.9015350389474268,False);minMaxScaler();varianceThreshold();selectPercentile(35.97738675728955);minMaxScaler();maxAbsScaler();adaBoost(decisionTree('gini',28,18,0.7585504020651886,11,'None'),71,0.6545623296505514,'SAMME')	invalid_ind (duplicated operator)	invalid_ind (duplicated operator)
adaBoost(decisionTree('entropy',17,8,0.7585504020651886,10,'balanced'),80,0.4757278081583053,'SAMME')	0.9468451360954688	11.447531938552856
adaBoost(decisionTree('entropy',7,7,0.11594497611050447,16,'balanced'),80,0.4757278081583053,'SAMME')	0.9317524911889101	3.7542619705200195
adaBoost(decisionTree('gini',21,18,0.6828596046252481,2,'None'),71,0.6545623296505514,'SAMME')	0.9497757791605839	13.358275175094604
varianceThreshold();pca(0.7928870169423394,True);robustScaler(True,False);extraTreesClassifier(25,'entropy','log2',20,12,False,'balanced')	0.7120994134085349	3.918177843093872
adaBoost(decisionTree('gini',28,8,0.7585504020651886,10,'None'),71,0.6545623296505514,'SAMME')	0.9486658584994163	cached
adaBoost(decisionTree('entropy',17,8,0.22928724526155597,10,'None'),39,0.19747663730920903,'SAMME')	0.9493454596506983	cached
adaBoost(decisionTree('gini',28,8,0.7585504020651886,11,'balanced'),17,0.45865257107860685,'SAMME')	0.9426541024031595	6.3803932666778564
adaBoost(decisionTree('gini',28,8,0.7585504020651886,10,'None'),71,0.6545623296505514,'SAMME')	0.9486658584994163	cached
robustScaler(False,True);maxAbsScaler();adaBoost(decisionTree('gini',28,18,0.7585504020651886,11,'None'),71,0.6545623296505514,'SAMME')	0.9491815181515987	cached
adaBoost(decisionTree('entropy',28,8,0.22928724526155597,10,'None'),71,0.6545623296505514,'SAMME')	0.9471136878302792	12.500085353851318
adaBoost(decisionTree('gini',27,13,0.6098476111928584,3,'None'),65,0.6545623296505514,'SAMME')	0.9472366499490359	14.559244632720947
adaBoost(decisionTree('entropy',17,8,0.22928724526155597,10,'None'),71,0.6545623296505514,'SAMME')	0.948230201497317	11.873276710510254
adaBoost(decisionTree('gini',28,8,0.7232266012233898,11,'None'),71,0.6545623296505514,'SAMME')	0.9454954471122591	14.312283277511597
adaBoost(decisionTree('gini',28,8,0.5140551801032747,10,'None'),71,0.4757278081583053,'SAMME')	0.9471297941555032	cached
robustScaler(False,True);maxAbsScaler();adaBoost(decisionTree('gini',28,18,0.7585504020651886,19,'None'),71,0.6545623296505514,'SAMME')	0.9434293314097797	13.585996389389038
adaBoost(decisionTree('gini',28,8,0.7585504020651886,10,'None'),71,0.19747663730920903,'SAMME')	0.9463018987251622	12.585468530654907
adaBoost(decisionTree('gini',28,8,0.7585504020651886,10,'None'),71,0.6545623296505514,'SAMME')	0.9486658584994163	13.630826234817505
selectFwe(0.04942130974898845);maxAbsScaler();nystroem('sigmoid',2.8415617908217516,28,4,-0.2180298962087437);varianceThreshold();varianceThreshold();maxAbsScaler();adaBoost(decisionTree('entropy',17,18,0.22928724526155597,11,'balanced'),80,0.4757278081583053,'SAMME')	invalid_ind (duplicated operator)	invalid_ind (duplicated operator)
adaBoost(decisionTree('gini',8,8,0.4595844823560601,10,'balanced'),65,0.6545623296505514,'SAMME')	0.9446662961682616	5.083186149597168
adaBoost(decisionTree('gini',28,8,0.7585504020651886,10,'None'),71,0.6545623296505514,'SAMME')	0.9486658584994163	9.552605152130127
