pipeline	fitness	fit_time
pca(0.6778138334954449,True);pca(0.6403979427004808,False);varianceThreshold();maxAbsScaler();adaBoost(decisionTree('entropy',12,10,0.6440630729912358,14,'None'),32,1.6038460918382569,'SAMME')	invalid_ind (duplicated operator)	invalid_ind (duplicated operator)
minMaxScaler();minMaxScaler();maxAbsScaler();maxAbsScaler();selectPercentile(68.22380873331612);multinomialNB(0.2960071434065992,False)	invalid_ind (duplicated operator)	invalid_ind (duplicated operator)
fastICA(33,'deflation','arbitrary-variance','cube');robustScaler(True,True);maxAbsScaler();selectPercentile(60.86109873307718);maxAbsScaler();adaBoost(decisionTree('entropy',6,3,0.08095823218449283,20,'None'),14,0.30777819460632583,'SAMME')	invalid_ind (duplicated operator)	invalid_ind (duplicated operator)
fastICA(15,'parallel','arbitrary-variance','exp');selectPercentile(98.93139491080787);maxAbsScaler();gaussianNB(0.002899968833197195)	0.8865441176470588	2.003894567489624
minMaxScaler();nystroem('sigmoid',6.392053086903302,81,3,-0.4735065540196579);minMaxScaler();fastICA(49,'deflation','arbitrary-variance','logcosh');adaBoost(decisionTree('entropy',29,16,0.48046793016270206,11,'balanced'),77,0.04291885870194426,'SAMME')	invalid_ind (duplicated operator)	invalid_ind (duplicated operator)
robustScaler(False,True);decisionTree('entropy',28,5,0.6888553487611566,18,'None')	0.8912745098039215	1.9868333339691162
maxAbsScaler();gaussianNB(0.0012283770540599172)	0.8425245098039216	2.6556107997894287
pca(0.6232617590266532,True);selectPercentile(18.843415050222315);maxAbsScaler();kNN(2,'uniform',1)	0.6642892156862745	2.8003642559051514
pca(0.6131452986460608,False);minMaxScaler();robustScaler(True,True);selectFwe(0.015818383252087318);maxAbsScaler();varianceThreshold();adaBoost(decisionTree('entropy',26,3,0.24566018201499285,9,'balanced'),46,0.3897630024794527,'SAMME')	0.7593872549019608	3.064406394958496
varianceThreshold();robustScaler(False,False);maxAbsScaler();pca(0.9557664847732787,False);robustScaler(False,True);fastICA(76,'deflation','arbitrary-variance','exp');extraTreesClassifier(52,'gini','log2',20,18,True,'balanced')	invalid_ind (duplicated operator)	invalid_ind (duplicated operator)
bernoulliNB(0.8307998877854416,False)	0.8423774509803922	2.2046425342559814
kNN(9,'uniform',1)	0.8128186274509804	2.8002583980560303
selectPercentile(60.83997005341973);gaussianNB(0.0010773530728945182)	0.8566421568627451	2.2181341648101807
minMaxScaler();minMaxScaler();maxAbsScaler();nystroem('poly',4.222715136303169,81,2,0.7921799612925791);minMaxScaler();pca(0.9772868147198499,True);randomForest(81,'gini',0.5329644393415922,7,5,False,'balanced_subsample')	invalid_ind (duplicated operator)	invalid_ind (duplicated operator)
minMaxScaler();maxAbsScaler();adaBoost(decisionTree('gini',20,12,0.06602245055107714,12,'None'),71,1.1557012617394342,'SAMME')	0.904656862745098	3.8141019344329834
minMaxScaler();minMaxScaler();lda(0.7510801388714036,62,0.035569787781693125)	invalid_ind (duplicated operator)	invalid_ind (duplicated operator)
minMaxScaler();minMaxScaler();selectFwe(0.02408838258964935);bernoulliNB(23.080216891096455,False)	invalid_ind (duplicated operator)	invalid_ind (duplicated operator)
selectPercentile(76.45614693445269);varianceThreshold();varianceThreshold();minMaxScaler();maxAbsScaler();maxAbsScaler();nystroem('sigmoid',6.179632668578519,98,3,-0.03382556860610042);extraTreesClassifier(64,'entropy','sqrt',14,13,False,'None')	invalid_ind (duplicated operator)	invalid_ind (duplicated operator)
minMaxScaler();varianceThreshold();pca(0.7083828021821246,False);minMaxScaler();varianceThreshold();varianceThreshold();selectFwe(0.02790631543116706);multinomialNB(36.82896257256199,False)	invalid_ind (duplicated operator)	invalid_ind (duplicated operator)
robustScaler(True,False);maxAbsScaler();selectPercentile(88.14723038552357);minMaxScaler();adaBoost(decisionTree('gini',3,13,0.8690671949510088,16,'balanced'),80,0.33181612578723585,'SAMME')	0.8979901960784314	4.862919330596924
logisticRegression('l2','lbfgs',1000,0.32704755922556994,'balanced')	0.8364950980392157	3.286184549331665
nystroem('poly',0.3170440399564441,35,4,-0.2835131136708571);selectPercentile(27.279670208473533);minMaxScaler();adaBoost(decisionTree('gini',15,3,0.7675009419618711,6,'None'),72,0.9324907945283316,'SAMME')	0.8109803921568627	4.956259727478027
maxAbsScaler();maxAbsScaler();fastICA(65,'parallel','unit-variance','exp');robustScaler(False,False);maxAbsScaler();logisticRegression('l2','liblinear',1000,4.834847018408476,'None')	invalid_ind (duplicated operator)	invalid_ind (duplicated operator)
minMaxScaler();minMaxScaler();selectFwe(0.005091268233138001);lda(0.052995459437447545,101,0.07624079755228194)	invalid_ind (duplicated operator)	invalid_ind (duplicated operator)
selectPercentile(98.42890148021962);varianceThreshold();varianceThreshold();varianceThreshold();varianceThreshold();robustScaler(True,False);varianceThreshold();decisionTree('gini',3,13,0.9375651599387401,1,'balanced')	invalid_ind (duplicated operator)	invalid_ind (duplicated operator)
adaBoost(decisionTree('entropy',27,5,0.0015864014143305294,6,'balanced'),21,0.455651184851639,'SAMME')	0.8958578431372548	4.150155067443848
minMaxScaler();gaussianNB(0.0030655207599700257)	0.8491911764705883	2.8397889137268066
selectFwe(0.042439997420849244);varianceThreshold();lda(0.03353212923573279,183,0.002388712842072629)	eval_error (n_components cannot be larger than min(n_features, n_classes - 1).)	eval_error (n_components cannot be larger than min(n_features, n_classes - 1).)
varianceThreshold();varianceThreshold();kNN(38,'uniform',1)	invalid_ind (duplicated operator)	invalid_ind (duplicated operator)
bernoulliNB(9.12554170367009,False)	0.839828431372549	2.8020594120025635
minMaxScaler();minMaxScaler();minMaxScaler();selectFwe(0.04087820924797128);robustScaler(False,True);multinomialNB(0.730117964933231,True)	invalid_ind (duplicated operator)	invalid_ind (duplicated operator)
selectFwe(0.043458733301292296);decisionTree('entropy',12,7,0.45867384143840906,3,'balanced')	0.8450735294117647	3.0641722679138184
bernoulliNB(19.114366190751582,False)	0.8280637254901961	2.4051074981689453
robustScaler(True,True);adaBoost(decisionTree('gini',19,6,0.2630615980738642,18,'balanced'),59,0.16811797768305306,'SAMME')	0.9134558823529411	4.736993074417114
robustScaler(False,True);extraTreesClassifier(69,'entropy','sqrt',7,8,False,'None')	0.8690441176470587	2.516918897628784
maxAbsScaler();varianceThreshold();pca(0.8177052714536746,False);varianceThreshold();varianceThreshold();fastICA(90,'parallel','arbitrary-variance','logcosh');selectPercentile(61.72348931035846);decisionTree('entropy',21,13,0.6977261979318513,18,'balanced')	invalid_ind (duplicated operator)	invalid_ind (duplicated operator)
pca(0.8214946691447949,True);selectFwe(0.015409065678339369);nystroem('poly',0.40708636393485853,37,4,-0.3707459129873867);minMaxScaler();varianceThreshold();logisticRegression('l1','liblinear',1000,18.71785108953918,'balanced')	0.7676715686274511	3.378833532333374
minMaxScaler();varianceThreshold();minMaxScaler();varianceThreshold();minMaxScaler();pca(0.9859638822703378,False);selectFwe(0.04288814899743058);decisionTree('entropy',3,4,0.3014277001388832,6,'balanced')	invalid_ind (duplicated operator)	invalid_ind (duplicated operator)
maxAbsScaler();fastICA(79,'deflation','arbitrary-variance','logcosh');minMaxScaler();logisticRegression('None','saga',1000,2.1281510697510493,'balanced')	0.8331617647058824	14.612136125564575
maxAbsScaler();bernoulliNB(6.871821646061929,True)	0.8431617647058823	1.3087458610534668
minMaxScaler();minMaxScaler();selectFwe(0.02408838258964935);bernoulliNB(23.080216891096455,False)	invalid_ind (duplicated operator)	invalid_ind (duplicated operator)
minMaxScaler();minMaxScaler();minMaxScaler();selectFwe(0.04087820924797128);robustScaler(False,True);multinomialNB(0.730117964933231,True)	invalid_ind (duplicated operator)	invalid_ind (duplicated operator)
minMaxScaler();minMaxScaler();maxAbsScaler();nystroem('poly',4.222715136303169,81,2,0.7921799612925791);minMaxScaler();pca(0.9772868147198499,True);randomForest(81,'gini',0.5329644393415922,7,5,False,'balanced_subsample')	invalid_ind (duplicated operator)	invalid_ind (duplicated operator)
robustScaler(False,True);extraTreesClassifier(69,'entropy','sqrt',7,8,False,'None')	0.8690441176470587	cached
minMaxScaler();maxAbsScaler();adaBoost(decisionTree('gini',20,12,0.06602245055107714,12,'None'),71,1.1557012617394342,'SAMME')	0.904656862745098	cached
selectPercentile(60.83997005341973);gaussianNB(0.0010773530728945182)	0.8566421568627451	1.9661879539489746
minMaxScaler();minMaxScaler();minMaxScaler();maxAbsScaler();maxAbsScaler();nystroem('sigmoid',6.179632668578519,98,3,-0.03382556860610042);extraTreesClassifier(64,'entropy','sqrt',14,13,False,'None')	invalid_ind (duplicated operator)	invalid_ind (duplicated operator)
minMaxScaler();minMaxScaler();maxAbsScaler();nystroem('poly',4.222715136303169,81,2,0.7921799612925791);minMaxScaler();pca(0.9772868147198499,True);randomForest(81,'gini',0.5329644393415922,7,5,False,'balanced_subsample')	invalid_ind (duplicated operator)	invalid_ind (duplicated operator)
robustScaler(True,True);adaBoost(decisionTree('gini',19,6,0.2630615980738642,18,'balanced'),59,0.16811797768305306,'SAMME')	0.9134558823529411	cached
logisticRegression('l2','lbfgs',1000,0.32704755922556994,'balanced')	0.8364950980392157	2.2315752506256104
selectPercentile(60.83997005341973);decisionTree('entropy',28,5,0.6888553487611566,18,'None')	0.8177696078431372	2.8207294940948486
pca(0.6131452986460608,False);minMaxScaler();robustScaler(True,True);selectFwe(0.015818383252087318);maxAbsScaler();varianceThreshold();adaBoost(decisionTree('entropy',26,3,0.24566018201499285,9,'balanced'),46,0.3897630024794527,'SAMME')	0.7593872549019608	3.636781692504883
bernoulliNB(9.12554170367009,False)	0.839828431372549	1.9434280395507812
minMaxScaler();minMaxScaler();selectFwe(0.005091268233138001);lda(0.052995459437447545,101,0.07624079755228194)	invalid_ind (duplicated operator)	invalid_ind (duplicated operator)
robustScaler(True,False);maxAbsScaler();selectPercentile(88.14723038552357);minMaxScaler();adaBoost(decisionTree('gini',3,13,0.9375651599387401,1,'balanced'),80,0.33181612578723585,'SAMME')	0.8862254901960785	4.404585838317871
selectPercentile(98.42890148021962);varianceThreshold();varianceThreshold();varianceThreshold();varianceThreshold();robustScaler(True,False);varianceThreshold();decisionTree('gini',3,13,0.8690671949510088,16,'balanced')	invalid_ind (duplicated operator)	invalid_ind (duplicated operator)
pca(0.6232617590266532,True);selectPercentile(18.843415050222315);maxAbsScaler();adaBoost(decisionTree('entropy',27,5,0.0015864014143305294,6,'balanced'),21,0.455651184851639,'SAMME')	0.6584313725490196	2.740809202194214
robustScaler(False,True);gaussianNB(0.0010773530728945182)	0.8450735294117647	2.3309924602508545
pca(0.6778138334954449,True);pca(0.6403979427004808,False);varianceThreshold();maxAbsScaler();adaBoost(decisionTree('entropy',12,10,0.6440630729912358,14,'None'),32,1.6038460918382569,'SAMME')	invalid_ind (duplicated operator)	invalid_ind (duplicated operator)
varianceThreshold();varianceThreshold();kNN(38,'uniform',1)	invalid_ind (duplicated operator)	invalid_ind (duplicated operator)
robustScaler(False,True);decisionTree('entropy',28,5,0.6888553487611566,18,'balanced')	0.8912745098039215	2.388909339904785
kNN(2,'uniform',1)	0.8744607843137256	2.5094802379608154
minMaxScaler();minMaxScaler();selectFwe(0.02408838258964935);bernoulliNB(23.080216891096455,False)	invalid_ind (duplicated operator)	invalid_ind (duplicated operator)
minMaxScaler();varianceThreshold();minMaxScaler();varianceThreshold();minMaxScaler();pca(0.756974984227468,False);selectFwe(0.04288814899743058);decisionTree('entropy',24,4,0.3014277001388832,6,'balanced')	invalid_ind (duplicated operator)	invalid_ind (duplicated operator)
minMaxScaler();minMaxScaler();lda(0.8709877201617532,175,0.06252969706002343)	invalid_ind (duplicated operator)	invalid_ind (duplicated operator)
robustScaler(False,True);extraTreesClassifier(69,'entropy','sqrt',7,8,False,'None')	0.8690441176470587	3.481093645095825
robustScaler(True,False);maxAbsScaler();selectPercentile(88.14723038552357);minMaxScaler();adaBoost(decisionTree('gini',3,13,0.8690671949510088,16,'balanced'),80,0.33181612578723585,'SAMME')	0.8979901960784314	4.562296628952026
pca(0.9557664847732787,True);selectFwe(0.015409065678339369);nystroem('poly',0.40708636393485853,37,4,-0.3707459129873867);minMaxScaler();varianceThreshold();logisticRegression('l1','liblinear',1000,18.71785108953918,'balanced')	0.7768872549019609	4.6586692333221436
varianceThreshold();robustScaler(False,False);maxAbsScaler();pca(0.8214946691447949,False);robustScaler(False,True);fastICA(76,'deflation','arbitrary-variance','exp');extraTreesClassifier(52,'gini','log2',20,18,True,'balanced')	invalid_ind (duplicated operator)	invalid_ind (duplicated operator)
adaBoost(decisionTree('entropy',27,5,0.0015864014143305294,6,'None'),21,0.455651184851639,'SAMME')	0.904656862745098	3.2875816822052
robustScaler(True,True);bernoulliNB(19.114366190751582,False)	0.7068627450980393	2.306844711303711
robustScaler(False,True);decisionTree('entropy',28,5,0.6888553487611566,18,'None')	0.8912745098039215	cached
fastICA(15,'parallel','arbitrary-variance','exp');selectPercentile(67.08955258602944);maxAbsScaler();gaussianNB(0.002899968833197195)	0.8697303921568628	2.9110050201416016
minMaxScaler();gaussianNB(0.0030655207599700257)	0.8491911764705883	2.8001136779785156
maxAbsScaler();bernoulliNB(0.8307998877854416,False)	0.8423774509803922	2.5473406314849854
selectPercentile(60.83997005341973);adaBoost(decisionTree('entropy',6,3,0.08095823218449283,20,'None'),14,0.30777819460632583,'SAMME')	0.8358823529411765	2.746601104736328
fastICA(33,'deflation','arbitrary-variance','cube');robustScaler(True,True);maxAbsScaler();selectPercentile(60.86109873307718);maxAbsScaler();gaussianNB(0.0010773530728945182)	invalid_ind (duplicated operator)	invalid_ind (duplicated operator)
adaBoost(decisionTree('gini',19,6,0.2630615980738642,18,'balanced'),59,0.16811797768305306,'SAMME')	0.9134558823529411	3.7495768070220947
adaBoost(decisionTree('gini',10,11,0.28452366912326477,8,'balanced'),65,0.6602779222923232,'SAMME')	0.9135049019607843	4.000966787338257
adaBoost(decisionTree('entropy',23,3,0.5949276106661524,10,'None'),43,0.6663812922515915,'SAMME')	0.8987745098039216	3.0291872024536133
selectPercentile(54.434577731079195);decisionTree('entropy',10,5,0.28452366912326477,1,'balanced')	0.8662745098039217	2.1705102920532227
selectPercentile(60.83997005341973);gaussianNB(0.0010773530728945182)	0.8566421568627451	2.1827902793884277
pca(0.9557664847732787,True);selectFwe(0.02408838258964935);nystroem('poly',0.40708636393485853,37,4,-0.3707459129873867);minMaxScaler();varianceThreshold();logisticRegression('l1','liblinear',1000,18.71785108953918,'balanced')	0.7768872549019609	4.010613918304443
minMaxScaler();minMaxScaler();selectFwe(0.015409065678339369);bernoulliNB(23.080216891096455,False)	invalid_ind (duplicated operator)	invalid_ind (duplicated operator)
adaBoost(decisionTree('gini',10,11,0.28452366912326477,8,'None'),65,0.6602779222923232,'SAMME')	0.9318872549019608	4.273243427276611
adaBoost(decisionTree('entropy',27,5,0.0015864014143305294,6,'None'),21,0.455651184851639,'SAMME')	0.904656862745098	2.7579219341278076
robustScaler(True,False);nystroem('poly',0.40708636393485853,37,4,-0.3707459129873867);selectPercentile(88.14723038552357);minMaxScaler();adaBoost(decisionTree('gini',3,13,0.8690671949510088,16,'balanced'),80,0.33181612578723585,'SAMME')	0.8482107843137255	5.432744741439819
robustScaler(False,False);decisionTree('entropy',28,5,0.6888553487611566,18,'balanced')	0.8912745098039215	2.6866824626922607
adaBoost(decisionTree('entropy',28,11,0.6888553487611566,18,'None'),65,0.6602779222923232,'SAMME')	0.9076225490196078	4.7608160972595215
pca(0.6778138334954449,True);pca(0.6403979427004808,False);varianceThreshold();maxAbsScaler();adaBoost(decisionTree('entropy',12,10,0.6440630729912358,14,'None'),32,1.6038460918382569,'SAMME')	invalid_ind (duplicated operator)	invalid_ind (duplicated operator)
adaBoost(decisionTree('entropy',27,5,0.0015864014143305294,6,'None'),21,0.455651184851639,'SAMME')	0.904656862745098	cached
selectPercentile(98.42890148021962);varianceThreshold();varianceThreshold();varianceThreshold();varianceThreshold();robustScaler(True,False);varianceThreshold();decisionTree('entropy',12,13,0.8690671949510088,16,'None')	invalid_ind (duplicated operator)	invalid_ind (duplicated operator)
pca(0.6778138334954449,True);pca(0.6403979427004808,False);varianceThreshold();maxAbsScaler();adaBoost(decisionTree('entropy',3,10,0.6440630729912358,14,'balanced'),32,1.6038460918382569,'SAMME')	invalid_ind (duplicated operator)	invalid_ind (duplicated operator)
selectPercentile(60.83997005341973);decisionTree('entropy',28,5,0.6888553487611566,18,'balanced')	0.7763970588235294	3.3302435874938965
maxAbsScaler();minMaxScaler();minMaxScaler();selectFwe(0.04087820924797128);robustScaler(False,True);multinomialNB(0.730117964933231,True)	invalid_ind (duplicated operator)	invalid_ind (duplicated operator)
pca(0.9557664847732787,True);selectFwe(0.015409065678339369);maxAbsScaler();minMaxScaler();varianceThreshold();logisticRegression('l1','liblinear',1000,18.71785108953918,'balanced')	0.8068627450980392	2.9378585815429688
fastICA(33,'deflation','arbitrary-variance','cube');robustScaler(True,True);maxAbsScaler();selectPercentile(60.86109873307718);maxAbsScaler();gaussianNB(0.009561325054746047)	invalid_ind (duplicated operator)	invalid_ind (duplicated operator)
robustScaler(False,True);extraTreesClassifier(69,'entropy','sqrt',7,8,False,'None')	0.8690441176470587	4.425808668136597
minMaxScaler();bernoulliNB(0.8307998877854416,False)	0.779607843137255	2.9266836643218994
pca(0.6778138334954449,True);pca(0.6403979427004808,False);varianceThreshold();maxAbsScaler();adaBoost(decisionTree('entropy',12,10,0.6440630729912358,14,'None'),14,0.30777819460632583,'SAMME')	invalid_ind (duplicated operator)	invalid_ind (duplicated operator)
pca(0.6232617590266532,True);selectPercentile(18.843415050222315);maxAbsScaler();adaBoost(decisionTree('entropy',27,5,0.0015864014143305294,6,'None'),21,0.455651184851639,'SAMME')	0.6688480392156864	3.782837390899658
fastICA(33,'deflation','arbitrary-variance','cube');robustScaler(True,True);maxAbsScaler();selectPercentile(60.86109873307718);maxAbsScaler();gaussianNB(0.0010773530728945182)	invalid_ind (duplicated operator)	invalid_ind (duplicated operator)
minMaxScaler();maxAbsScaler();adaBoost(decisionTree('gini',20,12,0.06602245055107714,12,'None'),71,1.1557012617394342,'SAMME')	0.904656862745098	4.7149224281311035
robustScaler(True,False);maxAbsScaler();selectPercentile(88.14723038552357);nystroem('cosine',7.214772492481921,15,2,0.6842885229935471);adaBoost(decisionTree('gini',3,13,0.8690671949510088,16,'balanced'),80,0.33181612578723585,'SAMME')	0.7623529411764706	4.185151815414429
selectPercentile(78.2741282689769);adaBoost(decisionTree('entropy',6,3,0.08095823218449283,20,'None'),32,1.6038460918382569,'SAMME')	0.8585784313725491	3.3073747158050537
selectPercentile(98.42890148021962);varianceThreshold();varianceThreshold();varianceThreshold();varianceThreshold();robustScaler(True,False);varianceThreshold();decisionTree('gini',3,13,0.8690671949510088,16,'balanced')	invalid_ind (duplicated operator)	invalid_ind (duplicated operator)
selectPercentile(98.42890148021962);varianceThreshold();varianceThreshold();varianceThreshold();varianceThreshold();robustScaler(True,False);varianceThreshold();decisionTree('gini',3,13,0.8690671949510088,16,'balanced')	invalid_ind (duplicated operator)	invalid_ind (duplicated operator)
adaBoost(decisionTree('gini',10,11,0.28452366912326477,8,'balanced'),65,0.6602779222923232,'SAMME')	0.9135049019607843	5.006269454956055
fastICA(33,'deflation','arbitrary-variance','cube');robustScaler(True,True);maxAbsScaler();selectPercentile(60.86109873307718);maxAbsScaler();gaussianNB(0.0010773530728945182)	invalid_ind (duplicated operator)	invalid_ind (duplicated operator)
robustScaler(False,True);extraTreesClassifier(59,'gini','sqrt',11,8,False,'balanced_subsample')	0.903921568627451	3.4868922233581543
adaBoost(decisionTree('gini',10,11,0.28452366912326477,8,'balanced'),65,0.6602779222923232,'SAMME')	0.9135049019607843	5.0102574825286865
adaBoost(decisionTree('entropy',27,5,0.0015864014143305294,6,'balanced'),80,0.33181612578723585,'SAMME')	0.9315196078431374	4.94154167175293
maxAbsScaler();selectPercentile(41.60565794550156);selectPercentile(88.14723038552357);minMaxScaler();adaBoost(decisionTree('gini',3,13,0.9375651599387401,1,'balanced'),21,0.455651184851639,'SAMME')	invalid_ind (duplicated operator)	invalid_ind (duplicated operator)
adaBoost(decisionTree('entropy',27,5,0.0015864014143305294,6,'None'),21,0.455651184851639,'SAMME')	0.904656862745098	3.3630239963531494
robustScaler(True,True);decisionTree('entropy',28,5,0.6888553487611566,18,'balanced')	0.8912745098039215	2.8433291912078857
robustScaler(True,False);maxAbsScaler();selectPercentile(88.14723038552357);minMaxScaler();adaBoost(decisionTree('gini',3,13,0.9375651599387401,1,'balanced'),80,1.1557012617394342,'SAMME')	0.9072549019607843	5.087976932525635
robustScaler(False,True);bernoulliNB(19.114366190751582,False)	0.8280637254901961	1.837965726852417
adaBoost(decisionTree('gini',3,6,0.9375651599387401,18,'balanced'),80,0.33181612578723585,'SAMME')	0.9234558823529412	4.384204387664795
minMaxScaler();maxAbsScaler();adaBoost(decisionTree('gini',20,12,0.06602245055107714,12,'None'),71,0.33181612578723585,'SAMME')	0.910171568627451	2.740097761154175
robustScaler(True,False);maxAbsScaler();selectPercentile(88.14723038552357);minMaxScaler();adaBoost(decisionTree('gini',19,13,0.2630615980738642,1,'balanced'),59,0.16811797768305306,'SAMME')	0.9164215686274509	2.6624186038970947
maxAbsScaler();minMaxScaler();minMaxScaler();selectFwe(0.04087820924797128);robustScaler(True,True);multinomialNB(0.730117964933231,True)	invalid_ind (duplicated operator)	invalid_ind (duplicated operator)
selectPercentile(98.42890148021962);varianceThreshold();varianceThreshold();varianceThreshold();varianceThreshold();robustScaler(False,False);varianceThreshold();decisionTree('gini',3,13,0.8690671949510088,16,'balanced')	invalid_ind (duplicated operator)	invalid_ind (duplicated operator)
maxAbsScaler();selectPercentile(41.60565794550156);selectPercentile(88.14723038552357);minMaxScaler();adaBoost(decisionTree('gini',3,13,0.9375651599387401,1,'balanced'),21,0.455651184851639,'SAMME')	invalid_ind (duplicated operator)	invalid_ind (duplicated operator)
maxAbsScaler();nystroem('poly',7.098667943025127,39,4,-0.6861705122516337);selectPercentile(60.86109873307718);maxAbsScaler();gaussianNB(0.0010773530728945182)	invalid_ind (duplicated operator)	invalid_ind (duplicated operator)
maxAbsScaler();minMaxScaler();minMaxScaler();selectFwe(0.04087820924797128);robustScaler(True,True);multinomialNB(0.730117964933231,True)	invalid_ind (duplicated operator)	invalid_ind (duplicated operator)
fastICA(33,'deflation','arbitrary-variance','cube');robustScaler(False,True);maxAbsScaler();selectPercentile(60.86109873307718);maxAbsScaler();gaussianNB(0.009561325054746047)	invalid_ind (duplicated operator)	invalid_ind (duplicated operator)
robustScaler(False,True);extraTreesClassifier(59,'gini','sqrt',11,8,False,'balanced_subsample')	0.903921568627451	cached
maxAbsScaler();minMaxScaler();minMaxScaler();selectFwe(0.04087820924797128);robustScaler(False,True);multinomialNB(0.730117964933231,True)	invalid_ind (duplicated operator)	invalid_ind (duplicated operator)
selectPercentile(78.2741282689769);adaBoost(decisionTree('entropy',6,3,0.08095823218449283,20,'None'),32,1.6038460918382569,'SAMME')	0.8585784313725491	cached
pca(0.6778138334954449,True);pca(0.6403979427004808,False);varianceThreshold();maxAbsScaler();adaBoost(decisionTree('entropy',3,10,0.6440630729912358,14,'balanced'),32,1.6038460918382569,'SAMME')	invalid_ind (duplicated operator)	invalid_ind (duplicated operator)
fastICA(33,'deflation','arbitrary-variance','cube');robustScaler(True,True);maxAbsScaler();selectPercentile(60.86109873307718);maxAbsScaler();adaBoost(decisionTree('entropy',27,5,0.0015864014143305294,6,'balanced'),80,0.33181612578723585,'SAMME')	invalid_ind (duplicated operator)	invalid_ind (duplicated operator)
robustScaler(True,True);decisionTree('entropy',27,5,0.0015864014143305294,18,'balanced')	0.7433333333333334	2.0228724479675293
gaussianNB(0.0008907849813212912)	0.8491911764705883	2.2376251220703125
adaBoost(decisionTree('entropy',23,3,0.5949276106661524,10,'None'),43,0.6663812922515915,'SAMME')	0.8987745098039216	cached
adaBoost(decisionTree('gini',10,11,0.28452366912326477,8,'None'),65,0.6602779222923232,'SAMME')	0.9318872549019608	cached
robustScaler(True,True);decisionTree('entropy',28,5,0.6888553487611566,18,'balanced')	0.8912745098039215	cached
selectPercentile(54.434577731079195);gaussianNB(0.009561325054746047)	0.8588235294117647	2.518683671951294
fastICA(33,'deflation','arbitrary-variance','cube');robustScaler(True,True);maxAbsScaler();selectPercentile(60.86109873307718);maxAbsScaler();decisionTree('entropy',10,5,0.28452366912326477,1,'balanced')	invalid_ind (duplicated operator)	invalid_ind (duplicated operator)
fastICA(33,'deflation','arbitrary-variance','cube');robustScaler(True,True);maxAbsScaler();selectPercentile(60.86109873307718);maxAbsScaler();gaussianNB(0.0010773530728945182)	invalid_ind (duplicated operator)	invalid_ind (duplicated operator)
selectPercentile(60.83997005341973);gaussianNB(0.0010773530728945182)	0.8566421568627451	cached
maxAbsScaler();selectPercentile(41.60565794550156);selectPercentile(88.14723038552357);minMaxScaler();adaBoost(decisionTree('gini',3,13,0.9375651599387401,1,'balanced'),59,0.16811797768305306,'SAMME')	invalid_ind (duplicated operator)	invalid_ind (duplicated operator)
robustScaler(True,True);adaBoost(decisionTree('gini',10,6,0.2630615980738642,18,'balanced'),65,0.6602779222923232,'SAMME')	0.8991421568627451	3.6268396377563477
minMaxScaler();maxAbsScaler();adaBoost(decisionTree('gini',20,12,0.06602245055107714,12,'None'),65,0.6602779222923232,'SAMME')	0.9135049019607843	3.976921558380127
selectPercentile(60.83997005341973);gaussianNB(0.0032930431527486985)	0.8499754901960784	2.698821544647217
adaBoost(decisionTree('entropy',27,5,0.0015864014143305294,6,'balanced'),80,0.33181612578723585,'SAMME')	0.9315196078431374	cached
selectPercentile(54.434577731079195);decisionTree('entropy',10,5,0.28452366912326477,1,'balanced')	0.8662745098039217	cached
robustScaler(True,False);maxAbsScaler();selectPercentile(88.14723038552357);minMaxScaler();adaBoost(decisionTree('gini',19,13,0.2630615980738642,1,'balanced'),59,0.16811797768305306,'SAMME')	0.9164215686274509	cached
selectPercentile(98.42890148021962);varianceThreshold();varianceThreshold();varianceThreshold();varianceThreshold();robustScaler(True,False);varianceThreshold();decisionTree('gini',3,13,0.8690671949510088,16,'balanced')	invalid_ind (duplicated operator)	invalid_ind (duplicated operator)
robustScaler(True,False);nystroem('poly',0.40708636393485853,37,4,-0.3707459129873867);selectPercentile(88.14723038552357);minMaxScaler();adaBoost(decisionTree('gini',3,13,0.8690671949510088,16,'balanced'),80,0.33181612578723585,'SAMME')	0.8482107843137255	cached
selectPercentile(98.42890148021962);varianceThreshold();varianceThreshold();varianceThreshold();varianceThreshold();robustScaler(True,False);varianceThreshold();decisionTree('gini',3,13,0.8690671949510088,16,'balanced')	invalid_ind (duplicated operator)	invalid_ind (duplicated operator)
adaBoost(decisionTree('gini',19,6,0.2630615980738642,18,'balanced'),21,0.455651184851639,'SAMME')	0.8946568627450979	3.242793083190918
robustScaler(False,True);extraTreesClassifier(59,'gini','sqrt',11,8,False,'balanced_subsample')	0.903921568627451	cached
adaBoost(decisionTree('entropy',23,3,0.5949276106661524,10,'None'),43,0.6663812922515915,'SAMME')	0.8987745098039216	cached
selectPercentile(98.42890148021962);varianceThreshold();varianceThreshold();varianceThreshold();varianceThreshold();robustScaler(True,False);varianceThreshold();decisionTree('gini',10,13,0.28452366912326477,16,'balanced')	invalid_ind (duplicated operator)	invalid_ind (duplicated operator)
adaBoost(decisionTree('entropy',28,5,0.6888553487611566,6,'balanced'),80,0.33181612578723585,'SAMME')	0.9135049019607843	5.702959775924683
adaBoost(decisionTree('gini',19,11,0.28452366912326477,8,'balanced'),59,0.16811797768305306,'SAMME')	0.9197549019607842	4.187257289886475
adaBoost(decisionTree('entropy',25,2,0.847592324186695,18,'None'),71,1.1557012617394342,'SAMME')	0.910171568627451	4.796955347061157
adaBoost(decisionTree('entropy',27,5,0.0015864014143305294,6,'balanced'),80,0.6602779222923232,'SAMME')	0.9138725490196078	4.220212936401367
adaBoost(decisionTree('gini',3,11,0.8690671949510088,8,'balanced'),65,0.6602779222923232,'SAMME')	0.9079901960784313	4.0287721157073975
adaBoost(decisionTree('gini',10,11,0.28452366912326477,8,'None'),65,0.33181612578723585,'SAMME')	0.9197549019607842	2.784055471420288
fastICA(33,'deflation','arbitrary-variance','cube');robustScaler(True,True);maxAbsScaler();selectPercentile(60.86109873307718);maxAbsScaler();adaBoost(decisionTree('entropy',25,2,0.847592324186695,18,'None'),71,1.1557012617394342,'SAMME')	invalid_ind (duplicated operator)	invalid_ind (duplicated operator)
adaBoost(decisionTree('gini',10,11,0.28452366912326477,8,'None'),65,0.6602779222923232,'SAMME')	0.9318872549019608	cached
fastICA(33,'deflation','arbitrary-variance','cube');robustScaler(True,True);maxAbsScaler();selectPercentile(60.86109873307718);maxAbsScaler();adaBoost(decisionTree('entropy',27,5,0.0015864014143305294,6,'balanced'),80,0.33181612578723585,'SAMME')	invalid_ind (duplicated operator)	invalid_ind (duplicated operator)
robustScaler(True,True);decisionTree('entropy',28,5,0.6888553487611566,18,'balanced')	0.8912745098039215	cached
selectPercentile(98.42890148021962);varianceThreshold();varianceThreshold();varianceThreshold();varianceThreshold();robustScaler(True,False);varianceThreshold();decisionTree('gini',3,13,0.8690671949510088,16,'balanced')	invalid_ind (duplicated operator)	invalid_ind (duplicated operator)
maxAbsScaler();minMaxScaler();minMaxScaler();selectFwe(0.04087820924797128);robustScaler(True,True);multinomialNB(0.730117964933231,True)	invalid_ind (duplicated operator)	invalid_ind (duplicated operator)
gaussianNB(0.0010773530728945182)	0.8491911764705883	1.7038416862487793
adaBoost(decisionTree('entropy',28,5,0.6888553487611566,6,'balanced'),80,0.33181612578723585,'SAMME')	0.9135049019607843	cached
selectPercentile(98.42890148021962);varianceThreshold();varianceThreshold();varianceThreshold();varianceThreshold();robustScaler(True,False);varianceThreshold();decisionTree('gini',3,13,0.8690671949510088,16,'balanced')	invalid_ind (duplicated operator)	invalid_ind (duplicated operator)
adaBoost(decisionTree('gini',3,11,0.8690671949510088,8,'balanced'),65,0.6602779222923232,'SAMME')	0.9079901960784313	cached
robustScaler(True,False);maxAbsScaler();selectPercentile(88.14723038552357);minMaxScaler();adaBoost(decisionTree('gini',19,13,0.2630615980738642,1,'balanced'),59,0.16811797768305306,'SAMME')	0.9164215686274509	cached
adaBoost(decisionTree('gini',10,11,0.28452366912326477,8,'balanced'),65,0.6602779222923232,'SAMME')	0.9135049019607843	cached
robustScaler(True,False);maxAbsScaler();selectPercentile(88.14723038552357);minMaxScaler();adaBoost(decisionTree('gini',19,13,0.2630615980738642,1,'balanced'),59,0.16811797768305306,'SAMME')	0.9164215686274509	cached
pca(0.6778138334954449,True);pca(0.6403979427004808,False);varianceThreshold();maxAbsScaler();adaBoost(decisionTree('entropy',3,10,0.6440630729912358,14,'balanced'),65,0.33181612578723585,'SAMME')	invalid_ind (duplicated operator)	invalid_ind (duplicated operator)
adaBoost(decisionTree('gini',19,6,0.2630615980738642,18,'balanced'),59,0.16811797768305306,'SAMME')	0.9134558823529411	2.889240026473999
robustScaler(False,True);adaBoost(decisionTree('gini',10,6,0.2630615980738642,18,'balanced'),65,0.6602779222923232,'SAMME')	0.8991421568627451	3.2572073936462402
selectPercentile(98.42890148021962);varianceThreshold();varianceThreshold();varianceThreshold();varianceThreshold();robustScaler(True,False);varianceThreshold();decisionTree('gini',3,13,0.8690671949510088,16,'None')	invalid_ind (duplicated operator)	invalid_ind (duplicated operator)
adaBoost(decisionTree('gini',10,11,0.28452366912326477,8,'balanced'),65,0.6602779222923232,'SAMME')	0.9135049019607843	3.562594175338745
fastICA(33,'deflation','arbitrary-variance','cube');robustScaler(True,True);maxAbsScaler();selectPercentile(60.86109873307718);maxAbsScaler();gaussianNB(0.0010773530728945182)	invalid_ind (duplicated operator)	invalid_ind (duplicated operator)
selectPercentile(98.42890148021962);varianceThreshold();varianceThreshold();varianceThreshold();varianceThreshold();robustScaler(True,False);varianceThreshold();decisionTree('gini',3,13,0.9375651599387401,16,'balanced')	invalid_ind (duplicated operator)	invalid_ind (duplicated operator)
maxAbsScaler();selectPercentile(41.60565794550156);selectPercentile(88.14723038552357);minMaxScaler();adaBoost(decisionTree('gini',3,13,0.8690671949510088,1,'balanced'),21,0.455651184851639,'SAMME')	invalid_ind (duplicated operator)	invalid_ind (duplicated operator)
maxAbsScaler();nystroem('poly',7.098667943025127,39,4,-0.4998720470813338);selectPercentile(15.071411410428173);maxAbsScaler();multinomialNB(0.730117964933231,False)	invalid_ind (duplicated operator)	invalid_ind (duplicated operator)
maxAbsScaler();minMaxScaler();minMaxScaler();selectFwe(0.04087820924797128);robustScaler(True,True);gaussianNB(0.0010773530728945182)	invalid_ind (duplicated operator)	invalid_ind (duplicated operator)
adaBoost(decisionTree('entropy',11,15,0.2276036990457404,4,'balanced'),69,1.2447203654089782,'SAMME')	0.9042892156862745	4.047878980636597
adaBoost(decisionTree('entropy',23,3,0.5949276106661524,10,'None'),43,0.6663812922515915,'SAMME')	0.8987745098039216	cached
fastICA(33,'deflation','arbitrary-variance','cube');robustScaler(True,True);maxAbsScaler();selectPercentile(60.86109873307718);maxAbsScaler();adaBoost(decisionTree('entropy',27,5,0.0015864014143305294,6,'balanced'),65,0.6602779222923232,'SAMME')	invalid_ind (duplicated operator)	invalid_ind (duplicated operator)
adaBoost(decisionTree('gini',10,11,0.28452366912326477,8,'None'),32,1.6038460918382569,'SAMME')	0.8699754901960783	2.698472499847412
adaBoost(decisionTree('gini',19,11,0.28452366912326477,8,'balanced'),21,0.455651184851639,'SAMME')	0.9135049019607843	2.5880966186523438
adaBoost(decisionTree('gini',10,11,0.28452366912326477,8,'balanced'),65,0.6602779222923232,'SAMME')	0.9135049019607843	3.2879793643951416
adaBoost(decisionTree('entropy',27,5,0.0015864014143305294,6,'balanced'),80,0.33181612578723585,'SAMME')	0.9315196078431374	cached
robustScaler(True,True);decisionTree('entropy',28,5,0.6888553487611566,18,'balanced')	0.8912745098039215	cached
fastICA(33,'deflation','arbitrary-variance','cube');selectFwe(0.00784617796746446);maxAbsScaler();selectPercentile(60.86109873307718);maxAbsScaler();decisionTree('entropy',10,5,0.28452366912326477,1,'balanced')	invalid_ind (duplicated operator)	invalid_ind (duplicated operator)
adaBoost(decisionTree('gini',3,6,0.9375651599387401,18,'balanced'),80,0.33181612578723585,'SAMME')	0.9234558823529412	cached
adaBoost(decisionTree('gini',10,11,0.33241500080054387,8,'None'),80,0.33181612578723585,'SAMME')	0.9164215686274509	3.076148271560669
adaBoost(decisionTree('gini',5,8,0.9732157705563635,12,'balanced'),65,0.6602779222923232,'SAMME')	0.9130882352941176	4.163727521896362
adaBoost(decisionTree('gini',10,11,0.2630615980738642,8,'balanced'),65,0.6602779222923232,'SAMME')	0.9193872549019607	3.5962326526641846
adaBoost(decisionTree('gini',16,5,0.406763514677274,12,'None'),78,0.18790206965084075,'SAMME')	0.9319362745098039	3.1125080585479736
robustScaler(True,True);decisionTree('gini',28,5,0.6888553487611566,18,'balanced')	0.8879411764705882	1.779240608215332
adaBoost(decisionTree('gini',10,11,0.28452366912326477,8,'None'),65,0.33181612578723585,'SAMME')	0.9197549019607842	2.8693675994873047
robustScaler(True,True);adaBoost(decisionTree('gini',19,6,0.28452366912326477,18,'balanced'),59,0.16811797768305306,'SAMME')	0.9189705882352941	2.8285138607025146
selectPercentile(98.42890148021962);varianceThreshold();varianceThreshold();varianceThreshold();varianceThreshold();robustScaler(False,False);varianceThreshold();decisionTree('gini',16,13,0.9375651599387401,16,'None')	invalid_ind (duplicated operator)	invalid_ind (duplicated operator)
adaBoost(decisionTree('gini',10,11,0.28452366912326477,8,'balanced'),65,0.6602779222923232,'SAMME')	0.9135049019607843	cached
pca(0.6778138334954449,True);pca(0.6403979427004808,False);varianceThreshold();maxAbsScaler();adaBoost(decisionTree('entropy',3,10,0.6440630729912358,14,'balanced'),65,0.33181612578723585,'SAMME')	invalid_ind (duplicated operator)	invalid_ind (duplicated operator)
lda(0.03685183204713016,73,0.09411904829038066)	eval_error (n_components cannot be larger than min(n_features, n_classes - 1).)	eval_error (n_components cannot be larger than min(n_features, n_classes - 1).)
adaBoost(decisionTree('gini',16,5,0.406763514677274,12,'None'),78,0.18790206965084075,'SAMME')	0.9319362745098039	cached
adaBoost(decisionTree('gini',19,11,0.28452366912326477,8,'balanced'),21,0.455651184851639,'SAMME')	0.9135049019607843	cached
adaBoost(decisionTree('entropy',27,5,0.0015864014143305294,6,'balanced'),80,0.33181612578723585,'SAMME')	0.9315196078431374	cached
selectPercentile(98.42890148021962);varianceThreshold();varianceThreshold();varianceThreshold();varianceThreshold();robustScaler(True,False);varianceThreshold();decisionTree('gini',10,13,0.8690671949510088,16,'None')	invalid_ind (duplicated operator)	invalid_ind (duplicated operator)
fastICA(73,'deflation','arbitrary-variance','cube');maxAbsScaler();decisionTree('entropy',8,20,0.19823614305657122,15,'balanced')	0.7562990196078431	3.225271224975586
maxAbsScaler();minMaxScaler();minMaxScaler();selectFwe(0.04087820924797128);robustScaler(True,True);multinomialNB(0.730117964933231,True)	invalid_ind (duplicated operator)	invalid_ind (duplicated operator)
adaBoost(decisionTree('gini',16,5,0.406763514677274,12,'balanced'),59,0.16811797768305306,'SAMME')	0.9197549019607841	3.9622998237609863
adaBoost(decisionTree('gini',10,11,0.28452366912326477,8,'balanced'),65,0.6602779222923232,'SAMME')	0.9135049019607843	4.1507887840271
adaBoost(decisionTree('gini',10,5,0.406763514677274,12,'balanced'),65,0.6602779222923232,'SAMME')	0.9017401960784313	4.17205548286438
adaBoost(decisionTree('entropy',27,5,0.0015864014143305294,6,'balanced'),80,0.33181612578723585,'SAMME')	0.9315196078431374	4.589966297149658
robustScaler(True,False);maxAbsScaler();selectPercentile(88.14723038552357);minMaxScaler();adaBoost(decisionTree('gini',19,13,0.2630615980738642,1,'None'),78,0.18790206965084075,'SAMME')	0.9164215686274509	4.213884592056274
robustScaler(True,False);maxAbsScaler();selectPercentile(88.14723038552357);minMaxScaler();adaBoost(decisionTree('gini',19,13,0.2630615980738642,1,'balanced'),59,0.16811797768305306,'SAMME')	0.9164215686274509	cached
adaBoost(decisionTree('entropy',23,3,0.5949276106661524,10,'None'),43,0.6663812922515915,'SAMME')	0.8987745098039216	cached
adaBoost(decisionTree('gini',16,11,0.28452366912326477,8,'None'),78,0.18790206965084075,'SAMME')	0.9168382352941176	4.57999062538147
adaBoost(decisionTree('entropy',20,10,0.48835307587035504,2,'balanced'),65,0.6602779222923232,'SAMME')	0.9160539215686274	5.964982986450195
adaBoost(decisionTree('gini',10,11,0.28452366912326477,8,'None'),65,0.33181612578723585,'SAMME')	0.9197549019607842	4.907796621322632
selectPercentile(98.42890148021962);varianceThreshold();varianceThreshold();varianceThreshold();varianceThreshold();robustScaler(True,False);varianceThreshold();decisionTree('gini',3,13,0.8690671949510088,16,'balanced')	invalid_ind (duplicated operator)	invalid_ind (duplicated operator)
robustScaler(True,True);decisionTree('entropy',28,5,0.6888553487611566,18,'balanced')	0.8912745098039215	cached
robustScaler(False,True);decisionTree('gini',3,5,0.6888553487611566,6,'balanced')	0.887156862745098	3.1342391967773438
maxAbsScaler();selectPercentile(41.60565794550156);selectPercentile(88.14723038552357);minMaxScaler();adaBoost(decisionTree('entropy',28,13,0.8690671949510088,1,'balanced'),21,0.455651184851639,'SAMME')	invalid_ind (duplicated operator)	invalid_ind (duplicated operator)
maxAbsScaler();selectPercentile(41.60565794550156);selectPercentile(88.14723038552357);minMaxScaler();adaBoost(decisionTree('gini',3,13,0.8690671949510088,1,'balanced'),21,1.6038460918382569,'SAMME')	invalid_ind (duplicated operator)	invalid_ind (duplicated operator)
decisionTree('entropy',12,5,0.5481476355107637,12,'balanced')	0.8604901960784315	2.801128625869751
adaBoost(decisionTree('entropy',27,5,0.0015864014143305294,6,'balanced'),80,0.33181612578723585,'SAMME')	0.9315196078431374	cached
robustScaler(True,True);decisionTree('gini',13,15,0.9705010636107191,15,'balanced')	0.8804901960784314	3.5114481449127197
fastICA(33,'deflation','arbitrary-variance','cube');selectFwe(0.00784617796746446);maxAbsScaler();selectPercentile(60.86109873307718);maxAbsScaler();decisionTree('entropy',10,5,0.546513974339472,1,'balanced')	invalid_ind (duplicated operator)	invalid_ind (duplicated operator)
adaBoost(decisionTree('gini',10,11,0.28452366912326477,8,'balanced'),65,0.6602779222923232,'SAMME')	0.9135049019607843	cached
adaBoost(decisionTree('gini',16,5,0.406763514677274,12,'None'),78,0.18790206965084075,'SAMME')	0.9319362745098039	cached
maxAbsScaler();minMaxScaler();minMaxScaler();selectFwe(0.04087820924797128);robustScaler(False,True);gaussianNB(0.008107153253291838)	invalid_ind (duplicated operator)	invalid_ind (duplicated operator)
adaBoost(decisionTree('gini',3,11,0.28452366912326477,8,'balanced'),65,0.6602779222923232,'SAMME')	0.9256372549019607	4.66228723526001
selectPercentile(18.169723353865358);varianceThreshold();varianceThreshold();varianceThreshold();varianceThreshold();robustScaler(False,False);varianceThreshold();decisionTree('gini',29,13,0.8690671949510088,20,'None')	invalid_ind (duplicated operator)	invalid_ind (duplicated operator)
adaBoost(decisionTree('gini',10,11,0.2630615980738642,8,'None'),65,0.33181612578723585,'SAMME')	0.9223039215686274	4.8817219734191895
adaBoost(decisionTree('gini',10,11,0.28452366912326477,8,'None'),32,0.455651184851639,'SAMME')	0.9223039215686274	3.5815536975860596
adaBoost(decisionTree('gini',3,11,0.8690671949510088,1,'balanced'),21,0.455651184851639,'SAMME')	0.9072058823529412	3.460756778717041
maxAbsScaler();selectPercentile(41.60565794550156);selectPercentile(88.14723038552357);minMaxScaler();adaBoost(decisionTree('gini',10,13,0.33241500080054387,8,'None'),80,0.33181612578723585,'SAMME')	invalid_ind (duplicated operator)	invalid_ind (duplicated operator)
adaBoost(decisionTree('entropy',11,15,0.2276036990457404,4,'balanced'),69,1.2447203654089782,'SAMME')	0.9042892156862745	4.225942373275757
adaBoost(decisionTree('gini',10,11,0.28452366912326477,8,'balanced'),65,0.6602779222923232,'SAMME')	0.9135049019607843	3.274170398712158
maxAbsScaler();selectPercentile(41.60565794550156);selectPercentile(88.14723038552357);minMaxScaler();adaBoost(decisionTree('gini',29,13,0.8690671949510088,20,'None'),21,0.455651184851639,'SAMME')	invalid_ind (duplicated operator)	invalid_ind (duplicated operator)
selectPercentile(18.169723353865358);varianceThreshold();varianceThreshold();varianceThreshold();varianceThreshold();robustScaler(False,False);varianceThreshold();decisionTree('entropy',28,13,0.8690671949510088,1,'balanced')	invalid_ind (duplicated operator)	invalid_ind (duplicated operator)
maxAbsScaler();selectPercentile(41.60565794550156);selectPercentile(88.14723038552357);minMaxScaler();adaBoost(decisionTree('gini',3,13,0.8690671949510088,16,'balanced'),21,0.455651184851639,'SAMME')	invalid_ind (duplicated operator)	invalid_ind (duplicated operator)
selectPercentile(98.42890148021962);varianceThreshold();varianceThreshold();varianceThreshold();varianceThreshold();robustScaler(True,False);varianceThreshold();decisionTree('entropy',28,13,0.8690671949510088,1,'balanced')	invalid_ind (duplicated operator)	invalid_ind (duplicated operator)
adaBoost(decisionTree('gini',3,6,0.9375651599387401,18,'balanced'),80,0.33181612578723585,'SAMME')	0.9234558823529412	cached
adaBoost(decisionTree('gini',10,11,0.28452366912326477,8,'balanced'),65,0.6602779222923232,'SAMME')	0.9135049019607843	cached
adaBoost(decisionTree('gini',10,11,0.28452366912326477,8,'None'),32,0.18790206965084075,'SAMME')	0.9256372549019607	2.745708703994751
adaBoost(decisionTree('gini',29,5,0.406763514677274,12,'None'),78,0.18790206965084075,'SAMME')	0.9319362745098039	3.9342856407165527
selectPercentile(18.169723353865358);varianceThreshold();varianceThreshold();varianceThreshold();varianceThreshold();robustScaler(False,False);varianceThreshold();decisionTree('gini',16,13,0.8690671949510088,20,'None')	invalid_ind (duplicated operator)	invalid_ind (duplicated operator)
adaBoost(decisionTree('gini',16,11,0.28452366912326477,8,'None'),78,0.18790206965084075,'SAMME')	0.9168382352941176	cached
adaBoost(decisionTree('gini',10,11,0.28452366912326477,8,'balanced'),65,0.6602779222923232,'SAMME')	0.9135049019607843	cached
robustScaler(True,False);maxAbsScaler();selectPercentile(39.901872236269924);minMaxScaler();adaBoost(decisionTree('gini',14,3,0.8914728818333987,3,'None'),80,0.24863529090437844,'SAMME')	0.8737254901960785	4.01804780960083
adaBoost(decisionTree('gini',3,11,0.9375651599387401,18,'balanced'),80,0.33181612578723585,'SAMME')	0.9234558823529412	4.49183988571167
adaBoost(decisionTree('gini',24,11,0.44575680215526126,7,'balanced'),65,0.6602779222923232,'SAMME')	0.9042892156862745	4.807123899459839
adaBoost(decisionTree('gini',16,11,0.28452366912326477,8,'None'),78,0.455651184851639,'SAMME')	0.9168382352941176	4.543174505233765
adaBoost(decisionTree('gini',10,11,0.28452366912326477,8,'None'),32,0.455651184851639,'SAMME')	0.9223039215686274	cached
adaBoost(decisionTree('gini',10,11,0.28452366912326477,8,'None'),32,0.455651184851639,'SAMME')	0.9223039215686274	cached
adaBoost(decisionTree('gini',1,14,0.9550727519484825,3,'None'),65,0.6602779222923232,'SAMME')	0.902156862745098	4.4716856479644775
adaBoost(decisionTree('gini',10,11,0.28452366912326477,8,'balanced'),65,0.6602779222923232,'SAMME')	0.9135049019607843	cached
adaBoost(decisionTree('entropy',27,5,0.0015864014143305294,6,'balanced'),80,0.33181612578723585,'SAMME')	0.9315196078431374	cached
adaBoost(decisionTree('gini',3,6,0.9375651599387401,18,'balanced'),80,0.33181612578723585,'SAMME')	0.9234558823529412	cached
adaBoost(decisionTree('gini',10,5,0.406763514677274,12,'balanced'),65,0.6602779222923232,'SAMME')	0.9017401960784313	cached
adaBoost(decisionTree('entropy',23,3,0.5949276106661524,10,'None'),43,0.6663812922515915,'SAMME')	0.8987745098039216	cached
maxAbsScaler();selectPercentile(41.60565794550156);selectPercentile(88.14723038552357);minMaxScaler();adaBoost(decisionTree('gini',3,13,0.8690671949510088,1,'balanced'),21,1.6038460918382569,'SAMME')	invalid_ind (duplicated operator)	invalid_ind (duplicated operator)
adaBoost(decisionTree('entropy',27,5,0.0015864014143305294,6,'balanced'),80,0.33181612578723585,'SAMME')	0.9315196078431374	cached
selectPercentile(18.169723353865358);varianceThreshold();varianceThreshold();varianceThreshold();varianceThreshold();robustScaler(False,False);varianceThreshold();decisionTree('gini',29,13,0.8690671949510088,20,'None')	invalid_ind (duplicated operator)	invalid_ind (duplicated operator)
adaBoost(decisionTree('gini',16,5,0.406763514677274,12,'balanced'),59,0.16811797768305306,'SAMME')	0.9197549019607841	cached
adaBoost(decisionTree('gini',19,6,0.2630615980738642,18,'balanced'),59,0.16811797768305306,'SAMME')	0.9134558823529411	4.895363807678223
adaBoost(decisionTree('gini',3,6,0.28452366912326477,8,'balanced'),65,0.6602779222923232,'SAMME')	0.9256372549019607	4.791937828063965
adaBoost(decisionTree('gini',3,11,0.8690671949510088,1,'balanced'),21,0.455651184851639,'SAMME')	0.9072058823529412	cached
adaBoost(decisionTree('gini',10,11,0.28452366912326477,8,'None'),32,0.455651184851639,'SAMME')	0.9223039215686274	cached
maxAbsScaler();maxAbsScaler();nystroem('cosine',0.036311408001822046,98,3,-0.5365692212916042);selectFwe(0.03566108960356372);selectFwe(0.01360482001210192);mlpClassifier((52, 2),0.09107941744247752,0.26436106958708594,'adam','logistic')	invalid_ind (duplicated operator)	invalid_ind (duplicated operator)
adaBoost(decisionTree('entropy',10,11,0.28452366912326477,8,'balanced'),65,0.33181612578723585,'SAMME')	0.9205392156862745	4.926676988601685
adaBoost(decisionTree('gini',22,18,0.690875613513078,8,'None'),21,0.455651184851639,'SAMME')	0.9172058823529412	3.549133539199829
adaBoost(decisionTree('gini',10,5,0.406763514677274,12,'balanced'),65,0.6602779222923232,'SAMME')	0.9017401960784313	cached
adaBoost(decisionTree('gini',10,5,0.28452366912326477,12,'None'),32,0.455651184851639,'SAMME')	0.9318872549019608	3.0765771865844727
adaBoost(decisionTree('entropy',23,3,0.5949276106661524,10,'balanced'),65,0.6602779222923232,'SAMME')	0.9197549019607842	4.490376710891724
adaBoost(decisionTree('gini',3,11,0.28452366912326477,8,'balanced'),78,0.18790206965084075,'SAMME')	0.9230882352941177	3.7078096866607666
adaBoost(decisionTree('gini',16,11,0.406763514677274,8,'None'),78,0.18790206965084075,'SAMME')	0.9164215686274509	3.0110301971435547
adaBoost(decisionTree('gini',10,11,0.28452366912326477,8,'None'),43,0.6663812922515915,'SAMME')	0.9135049019607843	2.2829272747039795
adaBoost(decisionTree('entropy',27,5,0.0015864014143305294,6,'balanced'),80,0.33181612578723585,'SAMME')	0.9315196078431374	cached
selectPercentile(18.169723353865358);varianceThreshold();varianceThreshold();varianceThreshold();varianceThreshold();robustScaler(False,False);varianceThreshold();decisionTree('gini',29,13,0.8690671949510088,20,'balanced')	invalid_ind (duplicated operator)	invalid_ind (duplicated operator)
adaBoost(decisionTree('gini',3,6,0.28452366912326477,8,'balanced'),65,0.6602779222923232,'SAMME')	0.9256372549019607	cached
adaBoost(decisionTree('gini',3,6,0.9375651599387401,18,'balanced'),80,0.33181612578723585,'SAMME')	0.9234558823529412	cached
adaBoost(decisionTree('gini',16,11,0.28452366912326477,8,'None'),78,0.455651184851639,'SAMME')	0.9168382352941176	cached
adaBoost(decisionTree('gini',22,11,0.28452366912326477,8,'None'),21,0.455651184851639,'SAMME')	0.910171568627451	2.309776544570923
adaBoost(decisionTree('entropy',27,5,0.0015864014143305294,6,'None'),80,0.33181612578723585,'SAMME')	0.903921568627451	2.9490060806274414
minMaxScaler();adaBoost(decisionTree('gini',3,13,0.8690671949510088,16,'balanced'),21,0.455651184851639,'SAMME')	0.910171568627451	3.2550783157348633
adaBoost(decisionTree('entropy',4,20,0.34492042812684476,1,'None'),80,0.33181612578723585,'SAMME')	0.910171568627451	3.7131755352020264
adaBoost(decisionTree('gini',29,5,0.406763514677274,12,'None'),78,0.18790206965084075,'SAMME')	0.9319362745098039	cached
adaBoost(decisionTree('gini',3,6,0.9375651599387401,18,'balanced'),80,0.33181612578723585,'SAMME')	0.9234558823529412	cached
maxAbsScaler();selectPercentile(41.60565794550156);selectPercentile(88.14723038552357);minMaxScaler();adaBoost(decisionTree('gini',3,13,0.8690671949510088,16,'None'),32,0.455651184851639,'SAMME')	invalid_ind (duplicated operator)	invalid_ind (duplicated operator)
adaBoost(decisionTree('gini',3,11,0.28452366912326477,8,'None'),78,0.18790206965084075,'SAMME')	0.9205392156862745	4.284980773925781
adaBoost(decisionTree('gini',10,18,0.690875613513078,8,'None'),32,0.455651184851639,'SAMME')	0.9105392156862745	3.115222930908203
adaBoost(decisionTree('gini',10,11,0.28452366912326477,8,'None'),65,0.6602779222923232,'SAMME')	0.9318872549019608	cached
adaBoost(decisionTree('entropy',23,3,0.5949276106661524,10,'balanced'),65,0.6602779222923232,'SAMME')	0.9197549019607842	cached
adaBoost(decisionTree('gini',10,11,0.28452366912326477,8,'None'),32,0.18790206965084075,'SAMME')	0.9256372549019607	cached
adaBoost(decisionTree('gini',16,11,0.28452366912326477,8,'None'),78,0.18790206965084075,'SAMME')	0.9168382352941176	cached
adaBoost(decisionTree('gini',2,5,0.4211673817898015,5,'None'),20,1.485197350994338,'SAMME')	0.8854411764705883	2.6280386447906494
adaBoost(decisionTree('gini',16,5,0.406763514677274,12,'balanced'),59,0.6602779222923232,'SAMME')	0.9079901960784312	3.7345728874206543
adaBoost(decisionTree('entropy',1,10,0.6927737409402364,5,'balanced'),52,1.4527378667883182,'SAMME')	0.8736764705882354	3.4831559658050537
adaBoost(decisionTree('gini',3,6,0.28452366912326477,8,'balanced'),65,0.6602779222923232,'SAMME')	0.9256372549019607	cached
adaBoost(decisionTree('gini',16,5,0.406763514677274,12,'balanced'),78,0.18790206965084075,'SAMME')	0.9105392156862745	4.798964023590088
adaBoost(decisionTree('entropy',28,11,0.8690671949510088,8,'balanced'),32,0.455651184851639,'SAMME')	0.8995588235294119	4.131088018417358
selectPercentile(98.42890148021962);varianceThreshold();varianceThreshold();varianceThreshold();varianceThreshold();robustScaler(True,False);varianceThreshold();decisionTree('gini',10,13,0.28452366912326477,1,'None')	invalid_ind (duplicated operator)	invalid_ind (duplicated operator)
adaBoost(decisionTree('gini',16,5,0.406763514677274,12,'None'),78,0.18790206965084075,'SAMME')	0.9319362745098039	cached
adaBoost(decisionTree('gini',29,5,0.406763514677274,12,'None'),78,0.18790206965084075,'SAMME')	0.9319362745098039	cached
adaBoost(decisionTree('gini',10,11,0.28452366912326477,8,'None'),65,0.16811797768305306,'SAMME')	0.9260539215686274	4.507345914840698
adaBoost(decisionTree('gini',16,5,0.406763514677274,12,'None'),78,0.18790206965084075,'SAMME')	0.9319362745098039	5.075838327407837
adaBoost(decisionTree('entropy',10,11,0.28452366912326477,8,'balanced'),65,0.33181612578723585,'SAMME')	0.9205392156862745	5.5777060985565186
maxAbsScaler();maxAbsScaler();nystroem('cosine',0.036311408001822046,98,3,-0.5365692212916042);selectFwe(0.03566108960356372);selectFwe(0.01360482001210192);mlpClassifier((52, 2),0.09107941744247752,0.26436106958708594,'adam','logistic')	invalid_ind (duplicated operator)	invalid_ind (duplicated operator)
adaBoost(decisionTree('gini',10,11,0.28452366912326477,8,'None'),32,0.18790206965084075,'SAMME')	0.9256372549019607	cached
adaBoost(decisionTree('gini',10,11,0.28452366912326477,8,'None'),32,0.455651184851639,'SAMME')	0.9223039215686274	cached
adaBoost(decisionTree('gini',10,11,0.28452366912326477,8,'None'),32,0.455651184851639,'SAMME')	0.9223039215686274	4.224841117858887
adaBoost(decisionTree('entropy',3,20,0.0058706456557052755,5,'balanced'),80,0.33181612578723585,'SAMME')	0.8586274509803922	4.148115158081055
adaBoost(decisionTree('entropy',27,5,0.0015864014143305294,6,'balanced'),80,0.33181612578723585,'SAMME')	0.9315196078431374	cached
adaBoost(decisionTree('gini',10,11,0.28452366912326477,8,'balanced'),43,0.6823065330849084,'SAMME')	0.9197549019607842	3.7499568462371826
adaBoost(decisionTree('gini',29,11,0.28452366912326477,8,'None'),78,0.18790206965084075,'SAMME')	0.9168382352941176	4.231414556503296
adaBoost(decisionTree('entropy',10,11,0.28452366912326477,8,'balanced'),65,0.33181612578723585,'SAMME')	0.9205392156862745	3.4216997623443604
adaBoost(decisionTree('gini',16,11,0.28452366912326477,8,'None'),78,0.18790206965084075,'SAMME')	0.9168382352941176	2.910078525543213
selectPercentile(98.42890148021962);varianceThreshold();varianceThreshold();varianceThreshold();varianceThreshold();robustScaler(True,False);varianceThreshold();decisionTree('gini',16,13,0.406763514677274,12,'None')	invalid_ind (duplicated operator)	invalid_ind (duplicated operator)
adaBoost(decisionTree('gini',10,11,0.28452366912326477,8,'None'),65,0.16811797768305306,'SAMME')	0.9260539215686274	cached
gaussianNB(0.004152211571083364)	0.8391911764705883	1.7550146579742432
adaBoost(decisionTree('gini',10,5,0.28452366912326477,1,'None'),78,0.18790206965084075,'SAMME')	0.9336519607843137	2.7468199729919434
adaBoost(decisionTree('gini',16,11,0.28452366912326477,8,'None'),78,0.33181612578723585,'SAMME')	0.9164215686274509	3.01423978805542
adaBoost(decisionTree('gini',16,11,0.28452366912326477,8,'None'),78,0.18790206965084075,'SAMME')	0.9168382352941176	3.5302345752716064
adaBoost(decisionTree('entropy',27,5,0.0015864014143305294,6,'balanced'),65,0.6602779222923232,'SAMME')	0.9138725490196078	4.277060508728027
adaBoost(decisionTree('gini',10,11,0.28452366912326477,8,'None'),65,0.455651184851639,'SAMME')	0.9109558823529411	3.4214937686920166
adaBoost(decisionTree('gini',3,6,0.28452366912326477,8,'None'),78,0.18790206965084075,'SAMME')	0.9205392156862745	3.5716073513031006
adaBoost(decisionTree('entropy',27,5,0.0015864014143305294,6,'balanced'),80,0.18790206965084075,'SAMME')	0.9164215686274509	3.805393695831299
adaBoost(decisionTree('gini',16,11,0.28452366912326477,8,'None'),78,0.455651184851639,'SAMME')	0.9168382352941176	4.035057067871094
adaBoost(decisionTree('gini',3,6,0.28452366912326477,8,'balanced'),65,0.6602779222923232,'SAMME')	0.9256372549019607	cached
maxAbsScaler();selectPercentile(41.60565794550156);selectPercentile(88.14723038552357);minMaxScaler();adaBoost(decisionTree('gini',3,13,0.8690671949510088,16,'None'),32,0.455651184851639,'SAMME')	invalid_ind (duplicated operator)	invalid_ind (duplicated operator)
adaBoost(decisionTree('entropy',27,5,0.0015864014143305294,6,'balanced'),80,0.33181612578723585,'SAMME')	0.9315196078431374	cached
adaBoost(decisionTree('gini',29,11,0.28452366912326477,8,'None'),78,0.18790206965084075,'SAMME')	0.9168382352941176	cached
adaBoost(decisionTree('gini',10,11,0.28452366912326477,8,'None'),32,0.455651184851639,'SAMME')	0.9223039215686274	cached
adaBoost(decisionTree('gini',10,5,0.28452366912326477,12,'None'),32,0.455651184851639,'SAMME')	0.9318872549019608	cached
adaBoost(decisionTree('gini',16,5,0.5618381586844119,10,'balanced'),17,1.2501599248848965,'SAMME')	0.8946568627450981	3.0985405445098877
adaBoost(decisionTree('entropy',27,5,0.0015864014143305294,6,'balanced'),80,0.33181612578723585,'SAMME')	0.9315196078431374	cached
adaBoost(decisionTree('gini',3,6,0.9375651599387401,18,'balanced'),80,0.33181612578723585,'SAMME')	0.9234558823529412	cached
adaBoost(decisionTree('gini',3,6,0.28452366912326477,8,'balanced'),80,0.33181612578723585,'SAMME')	0.9135049019607843	4.536719799041748
adaBoost(decisionTree('gini',10,11,0.28452366912326477,8,'None'),65,0.6602779222923232,'SAMME')	0.9318872549019608	cached
adaBoost(decisionTree('gini',29,14,0.6743470922689984,16,'balanced'),78,0.10363195190851039,'SAMME')	0.9255882352941176	5.498325347900391
adaBoost(decisionTree('gini',10,5,0.406763514677274,12,'None'),65,0.16811797768305306,'SAMME')	0.9197549019607842	4.726768255233765
adaBoost(decisionTree('gini',16,20,0.28452366912326477,1,'None'),78,0.455651184851639,'SAMME')	0.9256372549019607	5.483611106872559
adaBoost(decisionTree('gini',10,3,0.28452366912326477,5,'None'),65,0.16811797768305306,'SAMME')	0.9172058823529412	4.880397796630859
adaBoost(decisionTree('gini',10,11,0.28452366912326477,8,'balanced'),65,0.6602779222923232,'SAMME')	0.9135049019607843	5.39722752571106
adaBoost(decisionTree('gini',10,11,0.28452366912326477,8,'None'),32,0.18790206965084075,'SAMME')	0.9256372549019607	3.9295272827148438
adaBoost(decisionTree('entropy',4,11,0.34492042812684476,8,'None'),80,0.33181612578723585,'SAMME')	0.904656862745098	4.6207435131073
adaBoost(decisionTree('gini',16,11,0.28452366912326477,8,'balanced'),78,0.18790206965084075,'SAMME')	0.9042892156862745	4.709532260894775
maxAbsScaler();maxAbsScaler();nystroem('cosine',0.036311408001822046,98,3,-0.5365692212916042);selectFwe(0.03566108960356372);selectFwe(0.01360482001210192);mlpClassifier((52, 2),0.09107941744247752,0.26436106958708594,'adam','logistic')	invalid_ind (duplicated operator)	invalid_ind (duplicated operator)
adaBoost(decisionTree('gini',29,5,0.406763514677274,12,'None'),78,0.18790206965084075,'SAMME')	0.9319362745098039	cached
adaBoost(decisionTree('gini',29,5,0.406763514677274,12,'None'),78,0.18790206965084075,'SAMME')	0.9319362745098039	cached
adaBoost(decisionTree('gini',3,11,0.28452366912326477,8,'None'),78,0.18790206965084075,'SAMME')	0.9205392156862745	cached
adaBoost(decisionTree('gini',3,6,0.28452366912326477,8,'balanced'),43,0.6823065330849084,'SAMME')	0.8987745098039216	3.556199073791504
adaBoost(decisionTree('gini',10,11,0.28452366912326477,8,'None'),65,0.6602779222923232,'SAMME')	0.9318872549019608	4.021539926528931
adaBoost(decisionTree('gini',29,5,0.406763514677274,12,'None'),78,0.455651184851639,'SAMME')	0.9172058823529412	3.6541709899902344
adaBoost(decisionTree('gini',10,11,0.28452366912326477,8,'balanced'),32,0.455651184851639,'SAMME')	0.9109558823529411	2.54358172416687
adaBoost(decisionTree('entropy',10,11,0.28452366912326477,8,'balanced'),65,0.18790206965084075,'SAMME')	0.9050735294117647	3.4134366512298584
adaBoost(decisionTree('gini',3,11,0.28452366912326477,8,'None'),78,0.33181612578723585,'SAMME')	0.9223529411764707	2.488671064376831
adaBoost(decisionTree('gini',10,5,0.28452366912326477,1,'None'),78,0.18790206965084075,'SAMME')	0.9336519607843137	cached
adaBoost(decisionTree('gini',10,11,0.28452366912326477,8,'None'),65,0.6602779222923232,'SAMME')	0.9318872549019608	cached
adaBoost(decisionTree('entropy',27,5,0.0015864014143305294,6,'balanced'),80,0.33181612578723585,'SAMME')	0.9315196078431374	cached
adaBoost(decisionTree('gini',16,11,0.28452366912326477,8,'None'),78,0.455651184851639,'SAMME')	0.9168382352941176	cached
adaBoost(decisionTree('gini',10,11,0.28452366912326477,8,'None'),65,0.6602779222923232,'SAMME')	0.9318872549019608	cached
adaBoost(decisionTree('entropy',27,5,0.0015864014143305294,6,'balanced'),80,0.33181612578723585,'SAMME')	0.9315196078431374	cached
adaBoost(decisionTree('gini',3,6,0.9375651599387401,18,'balanced'),80,0.33181612578723585,'SAMME')	0.9234558823529412	cached
adaBoost(decisionTree('gini',10,5,0.28452366912326477,12,'None'),32,0.455651184851639,'SAMME')	0.9318872549019608	cached
adaBoost(decisionTree('gini',8,4,0.7747966465336316,4,'None'),11,0.10655307713130936,'SAMME')	0.888406862745098	2.14265775680542
adaBoost(decisionTree('gini',21,17,0.14061869137687577,14,'None'),99,0.5997276192359449,'SAMME')	0.9138725490196078	3.2471730709075928
maxAbsScaler();selectPercentile(41.60565794550156);selectPercentile(88.14723038552357);minMaxScaler();adaBoost(decisionTree('gini',3,13,0.8690671949510088,16,'None'),32,0.455651184851639,'SAMME')	invalid_ind (duplicated operator)	invalid_ind (duplicated operator)
maxAbsScaler();selectPercentile(41.60565794550156);selectPercentile(88.14723038552357);minMaxScaler();adaBoost(decisionTree('gini',3,13,0.8690671949510088,16,'None'),32,0.455651184851639,'SAMME')	invalid_ind (duplicated operator)	invalid_ind (duplicated operator)
adaBoost(decisionTree('gini',8,15,0.5511404345284076,18,'None'),93,0.6262892667040452,'SAMME')	0.9075735294117646	3.9143264293670654
adaBoost(decisionTree('gini',10,11,0.28452366912326477,8,'balanced'),65,0.6602779222923232,'SAMME')	0.9135049019607843	3.9393954277038574
adaBoost(decisionTree('gini',10,11,0.28452366912326477,8,'None'),65,1.8396042999421935,'SAMME')	0.9013725490196076	3.8130078315734863
adaBoost(decisionTree('entropy',27,5,0.0015864014143305294,6,'balanced'),80,0.33181612578723585,'SAMME')	0.9315196078431374	cached
adaBoost(decisionTree('gini',10,5,0.406763514677274,12,'None'),80,0.33181612578723585,'SAMME')	0.9072549019607843	3.9225192070007324
adaBoost(decisionTree('entropy',27,5,0.0015864014143305294,6,'None'),65,0.16811797768305306,'SAMME')	0.9076225490196078	3.634154796600342
maxAbsScaler();maxAbsScaler();nystroem('cosine',0.036311408001822046,98,3,-0.5365692212916042);selectFwe(0.03566108960356372);selectFwe(0.01360482001210192);adaBoost(decisionTree('gini',3,6,0.28452366912326477,8,'balanced'),65,0.6602779222923232,'SAMME')	invalid_ind (duplicated operator)	invalid_ind (duplicated operator)
adaBoost(decisionTree('gini',10,11,0.28452366912326477,8,'None'),65,0.16811797768305306,'SAMME')	0.9260539215686274	3.8543038368225098
adaBoost(decisionTree('gini',29,11,0.6743470922689984,8,'balanced'),78,0.10363195190851039,'SAMME')	0.910171568627451	4.739481687545776
adaBoost(decisionTree('gini',16,11,0.28452366912326477,8,'balanced'),78,0.33181612578723585,'SAMME')	0.9193872549019607	4.8059401512146
maxAbsScaler();selectPercentile(41.60565794550156);selectPercentile(88.14723038552357);minMaxScaler();adaBoost(decisionTree('gini',3,13,0.8690671949510088,16,'None'),32,0.455651184851639,'SAMME')	invalid_ind (duplicated operator)	invalid_ind (duplicated operator)
adaBoost(decisionTree('gini',10,11,0.28452366912326477,8,'None'),65,0.16811797768305306,'SAMME')	0.9260539215686274	cached
adaBoost(decisionTree('entropy',27,5,0.0015864014143305294,6,'balanced'),65,0.16811797768305306,'SAMME')	0.9130882352941176	4.910608291625977
mlpClassifier((41, 15),0.05998853050378716,0.15206290923630988,'sgd','relu')	0.8686274509803921	3.9744486808776855
maxAbsScaler();selectPercentile(41.60565794550156);selectPercentile(88.14723038552357);minMaxScaler();adaBoost(decisionTree('gini',3,13,0.8690671949510088,16,'None'),65,0.16811797768305306,'SAMME')	invalid_ind (duplicated operator)	invalid_ind (duplicated operator)
adaBoost(decisionTree('gini',16,5,0.28452366912326477,1,'None'),78,0.455651184851639,'SAMME')	0.8833088235294116	3.8811240196228027
adaBoost(decisionTree('gini',3,11,0.28452366912326477,8,'None'),78,0.33181612578723585,'SAMME')	0.9223529411764707	5.554006099700928
adaBoost(decisionTree('gini',16,14,0.28452366912326477,16,'None'),78,0.18790206965084075,'SAMME')	0.9193382352941176	5.735215425491333
adaBoost(decisionTree('gini',10,5,0.406763514677274,12,'None'),32,0.455651184851639,'SAMME')	0.9135049019607843	3.586721658706665
adaBoost(decisionTree('entropy',27,5,0.0015864014143305294,12,'balanced'),80,0.18790206965084075,'SAMME')	0.900955882352941	4.718348264694214
adaBoost(decisionTree('gini',10,20,0.28452366912326477,1,'None'),78,0.18790206965084075,'SAMME')	0.9130882352941174	4.851748466491699
adaBoost(decisionTree('gini',10,11,0.28452366912326477,8,'None'),65,0.16811797768305306,'SAMME')	0.9260539215686274	4.093004465103149
adaBoost(decisionTree('gini',3,11,0.28452366912326477,8,'None'),78,0.18790206965084075,'SAMME')	0.9205392156862745	4.496378183364868
adaBoost(decisionTree('gini',29,5,0.406763514677274,6,'None'),78,0.18790206965084075,'SAMME')	0.9168382352941176	4.2818284034729
adaBoost(decisionTree('gini',29,6,0.9375651599387401,18,'None'),78,0.455651184851639,'SAMME')	0.9017401960784313	4.944242238998413
adaBoost(decisionTree('gini',10,11,0.28452366912326477,8,'None'),32,0.455651184851639,'SAMME')	0.9223039215686274	2.9229533672332764
adaBoost(decisionTree('gini',10,6,0.28452366912326477,8,'None'),65,0.16811797768305306,'SAMME')	0.9260539215686274	3.240988254547119
adaBoost(decisionTree('gini',3,5,0.406763514677274,12,'balanced'),80,0.33181612578723585,'SAMME')	0.9113235294117648	3.035993814468384
adaBoost(decisionTree('gini',16,14,0.28452366912326477,16,'None'),78,0.18790206965084075,'SAMME')	0.9193382352941176	cached
adaBoost(decisionTree('gini',10,5,0.406763514677274,12,'None'),32,0.455651184851639,'SAMME')	0.9135049019607843	cached
maxAbsScaler();selectPercentile(41.60565794550156);selectPercentile(88.14723038552357);minMaxScaler();adaBoost(decisionTree('gini',3,13,0.8690671949510088,16,'None'),78,0.18790206965084075,'SAMME')	invalid_ind (duplicated operator)	invalid_ind (duplicated operator)
adaBoost(decisionTree('gini',10,11,0.28452366912326477,8,'None'),65,0.6602779222923232,'SAMME')	0.9318872549019608	cached
adaBoost(decisionTree('gini',21,17,0.14061869137687577,14,'None'),99,0.5997276192359449,'SAMME')	0.9138725490196078	cached
adaBoost(decisionTree('gini',10,11,0.28452366912326477,8,'None'),65,0.16811797768305306,'SAMME')	0.9260539215686274	cached
adaBoost(decisionTree('entropy',27,5,0.0015864014143305294,6,'balanced'),80,0.33181612578723585,'SAMME')	0.9315196078431374	cached
adaBoost(decisionTree('gini',10,5,0.28452366912326477,1,'None'),65,0.16811797768305306,'SAMME')	0.9252205882352941	2.248422145843506
adaBoost(decisionTree('gini',10,11,0.28452366912326477,8,'None'),65,0.6602779222923232,'SAMME')	0.9318872549019608	cached
adaBoost(decisionTree('entropy',27,5,0.0015864014143305294,6,'balanced'),80,0.33181612578723585,'SAMME')	0.9315196078431374	cached
adaBoost(decisionTree('gini',10,11,0.406763514677274,12,'None'),32,0.455651184851639,'SAMME')	0.9135049019607843	2.6176552772521973
adaBoost(decisionTree('gini',27,5,0.0015864014143305294,6,'None'),93,0.6262892667040452,'SAMME')	0.9076225490196077	3.4933645725250244
adaBoost(decisionTree('gini',3,11,0.8690671949510088,16,'None'),32,0.455651184851639,'SAMME')	0.8962254901960783	3.8580145835876465
adaBoost(decisionTree('gini',21,11,0.14061869137687577,14,'None'),99,0.5997276192359449,'SAMME')	0.9138725490196078	4.592966794967651
adaBoost(decisionTree('gini',10,5,0.28452366912326477,8,'None'),65,0.16811797768305306,'SAMME')	0.9260539215686274	3.5183796882629395
maxAbsScaler();selectPercentile(41.60565794550156);selectPercentile(88.14723038552357);minMaxScaler();adaBoost(decisionTree('gini',3,13,0.8690671949510088,16,'None'),32,0.455651184851639,'SAMME')	invalid_ind (duplicated operator)	invalid_ind (duplicated operator)
adaBoost(decisionTree('gini',10,11,0.28452366912326477,8,'None'),32,0.455651184851639,'SAMME')	0.9223039215686274	cached
maxAbsScaler();selectPercentile(41.60565794550156);selectPercentile(88.14723038552357);minMaxScaler();adaBoost(decisionTree('gini',3,13,0.8690671949510088,16,'None'),65,0.16811797768305306,'SAMME')	invalid_ind (duplicated operator)	invalid_ind (duplicated operator)
adaBoost(decisionTree('gini',16,14,0.28452366912326477,16,'None'),78,0.18790206965084075,'SAMME')	0.9193382352941176	cached
adaBoost(decisionTree('entropy',27,5,0.0015864014143305294,6,'balanced'),78,0.18790206965084075,'SAMME')	0.9197549019607842	4.806537866592407
maxAbsScaler();selectPercentile(41.60565794550156);nystroem('poly',1.587224480822712,38,2,-0.2792947713970797);minMaxScaler();adaBoost(decisionTree('gini',10,13,0.28452366912326477,8,'None'),65,0.6602779222923232,'SAMME')	0.8884068627450981	4.532833099365234
adaBoost(decisionTree('entropy',27,5,0.0015864014143305294,6,'balanced'),80,0.33181612578723585,'SAMME')	0.9315196078431374	cached
maxAbsScaler();selectPercentile(41.60565794550156);selectPercentile(88.14723038552357);minMaxScaler();adaBoost(decisionTree('gini',3,13,0.8690671949510088,16,'None'),32,0.455651184851639,'SAMME')	invalid_ind (duplicated operator)	invalid_ind (duplicated operator)
adaBoost(decisionTree('entropy',8,12,0.32882490995406577,2,'balanced'),80,0.33181612578723585,'SAMME')	0.9223039215686274	5.022615671157837
adaBoost(decisionTree('entropy',27,5,0.0015864014143305294,6,'balanced'),80,0.33181612578723585,'SAMME')	0.9315196078431374	cached
adaBoost(decisionTree('gini',10,5,0.406763514677274,12,'None'),32,0.455651184851639,'SAMME')	0.9135049019607843	cached
maxAbsScaler();maxAbsScaler();minMaxScaler();selectFwe(0.0228206364923057);adaBoost(decisionTree('entropy',21,7,0.4561198747576516,10,'None'),67,1.1272293909888251,'SAMME')	invalid_ind (duplicated operator)	invalid_ind (duplicated operator)
adaBoost(decisionTree('gini',10,17,0.28452366912326477,8,'balanced'),65,0.6602779222923232,'SAMME')	0.926421568627451	4.8084588050842285
adaBoost(decisionTree('gini',10,5,0.28452366912326477,12,'None'),32,0.455651184851639,'SAMME')	0.9318872549019608	cached
adaBoost(decisionTree('gini',10,5,0.28452366912326477,12,'None'),32,0.455651184851639,'SAMME')	0.9318872549019608	cached
adaBoost(decisionTree('gini',3,11,0.28452366912326477,8,'None'),80,0.33181612578723585,'SAMME')	0.9190196078431372	4.584060907363892
adaBoost(decisionTree('entropy',18,20,0.28603277699176777,15,'balanced'),98,1.121107394859709,'SAMME')	0.8950735294117645	6.163292169570923
adaBoost(decisionTree('gini',3,6,0.9375651599387401,18,'balanced'),80,0.33181612578723585,'SAMME')	0.9234558823529412	cached
adaBoost(decisionTree('entropy',27,5,0.0015864014143305294,12,'balanced'),65,0.16811797768305306,'SAMME')	0.9127205882352939	4.16582989692688
adaBoost(decisionTree('gini',10,5,0.0015864014143305294,6,'balanced'),65,0.6602779222923232,'SAMME')	0.9042892156862745	4.327523708343506
adaBoost(decisionTree('gini',29,11,0.6743470922689984,8,'balanced'),78,0.16811797768305306,'SAMME')	0.9113235294117648	4.972555160522461
adaBoost(decisionTree('gini',10,11,0.28452366912326477,8,'None'),65,1.8396042999421935,'SAMME')	0.9013725490196076	3.614461660385132
adaBoost(decisionTree('entropy',27,11,0.28452366912326477,8,'balanced'),80,0.33181612578723585,'SAMME')	0.9205392156862745	3.9801104068756104
adaBoost(decisionTree('gini',10,6,0.28452366912326477,8,'None'),65,0.10363195190851039,'SAMME')	0.9205392156862745	3.1194539070129395
adaBoost(decisionTree('gini',10,11,0.28452366912326477,8,'None'),65,0.16811797768305306,'SAMME')	0.9260539215686274	2.9618048667907715
maxAbsScaler();maxAbsScaler();minMaxScaler();selectFwe(0.0228206364923057);adaBoost(decisionTree('entropy',21,7,0.4561198747576516,10,'None'),65,0.16811797768305306,'SAMME')	invalid_ind (duplicated operator)	invalid_ind (duplicated operator)
adaBoost(decisionTree('gini',16,14,0.28452366912326477,16,'None'),78,0.18790206965084075,'SAMME')	0.9193382352941176	cached
adaBoost(decisionTree('entropy',27,5,0.0015864014143305294,6,'balanced'),80,0.33181612578723585,'SAMME')	0.9315196078431374	cached
adaBoost(decisionTree('gini',10,11,0.28452366912326477,8,'None'),65,0.455651184851639,'SAMME')	0.9109558823529411	3.092130184173584
adaBoost(decisionTree('gini',10,5,0.28452366912326477,8,'None'),65,0.6602779222923232,'SAMME')	0.9318872549019608	3.602893352508545
adaBoost(decisionTree('gini',3,5,0.8690671949510088,16,'None'),32,0.455651184851639,'SAMME')	0.8962254901960783	3.723675489425659
maxAbsScaler();selectPercentile(41.60565794550156);selectPercentile(88.14723038552357);minMaxScaler();adaBoost(decisionTree('entropy',27,13,0.0015864014143305294,6,'balanced'),80,0.33181612578723585,'SAMME')	invalid_ind (duplicated operator)	invalid_ind (duplicated operator)
adaBoost(decisionTree('gini',10,5,0.28452366912326477,1,'None'),78,0.18790206965084075,'SAMME')	0.9336519607843137	cached
adaBoost(decisionTree('entropy',29,10,0.5391306422014217,17,'balanced'),67,1.1272293909888251,'SAMME')	0.9042892156862745	3.881080150604248
adaBoost(decisionTree('gini',16,5,0.406763514677274,12,'None'),65,0.16811797768305306,'SAMME')	0.9197549019607842	3.9205572605133057
adaBoost(decisionTree('entropy',3,8,0.137938609890904,8,'None'),32,0.6602779222923232,'SAMME')	0.9160539215686274	3.5387072563171387
adaBoost(decisionTree('entropy',27,5,0.0015864014143305294,6,'balanced'),80,0.33181612578723585,'SAMME')	0.9315196078431374	cached
adaBoost(decisionTree('gini',13,18,0.02155286008866697,2,'None'),65,0.6602779222923232,'SAMME')	0.910171568627451	4.106764554977417
adaBoost(decisionTree('gini',10,11,0.28452366912326477,8,'None'),65,0.16811797768305306,'SAMME')	0.9260539215686274	4.59706711769104
adaBoost(decisionTree('gini',10,11,0.28452366912326477,8,'None'),65,0.16811797768305306,'SAMME')	0.9260539215686274	cached
adaBoost(decisionTree('entropy',27,5,0.0015864014143305294,12,'balanced'),65,0.16811797768305306,'SAMME')	0.9127205882352939	cached
adaBoost(decisionTree('gini',10,5,0.28452366912326477,6,'None'),78,0.18790206965084075,'SAMME')	0.9260049019607843	4.963013410568237
adaBoost(decisionTree('gini',10,5,0.28452366912326477,18,'None'),78,0.18790206965084075,'SAMME')	0.8954901960784312	5.2004618644714355
adaBoost(decisionTree('entropy',10,5,0.406763514677274,12,'None'),32,1.3450942102854297,'SAMME')	0.9260049019607843	4.031670570373535
adaBoost(decisionTree('gini',21,11,0.14061869137687577,14,'None'),78,0.18790206965084075,'SAMME')	0.8891911764705881	4.309654474258423
adaBoost(decisionTree('entropy',27,5,0.0015864014143305294,6,'balanced'),78,0.6602779222923232,'SAMME')	0.9105392156862745	4.10010838508606
adaBoost(decisionTree('entropy',27,5,0.0015864014143305294,6,'balanced'),80,0.18790206965084075,'SAMME')	0.9164215686274509	4.222353219985962
adaBoost(decisionTree('entropy',14,6,0.1531404928874126,13,'balanced'),80,0.33181612578723585,'SAMME')	0.9109558823529411	4.757948637008667
adaBoost(decisionTree('gini',10,11,0.406763514677274,12,'None'),32,0.10363195190851039,'SAMME')	0.9344362745098038	3.823740243911743
adaBoost(decisionTree('gini',10,5,0.28452366912326477,1,'None'),99,0.5997276192359449,'SAMME')	0.9167892156862745	3.7222578525543213
adaBoost(decisionTree('gini',10,11,0.28452366912326477,8,'None'),65,0.6602779222923232,'SAMME')	0.9318872549019608	cached
selectFwe(0.0392252160777255);varianceThreshold();selectFwe(0.018582430296529815);maxAbsScaler();adaBoost(decisionTree('entropy',15,16,0.3520470615960455,11,'None'),82,0.023227826001074526,'SAMME')	invalid_ind (duplicated operator)	invalid_ind (duplicated operator)
maxAbsScaler();selectPercentile(41.60565794550156);nystroem('poly',1.587224480822712,38,2,-0.2792947713970797);minMaxScaler();adaBoost(decisionTree('gini',10,13,0.28452366912326477,8,'None'),65,0.6602779222923232,'SAMME')	0.8884068627450981	cached
maxAbsScaler();maxAbsScaler();minMaxScaler();selectFwe(0.0228206364923057);adaBoost(decisionTree('entropy',21,7,0.4561198747576516,10,'None'),67,1.1272293909888251,'SAMME')	invalid_ind (duplicated operator)	invalid_ind (duplicated operator)
adaBoost(decisionTree('entropy',27,5,0.0015864014143305294,12,'balanced'),65,0.16811797768305306,'SAMME')	0.9127205882352939	cached
adaBoost(decisionTree('entropy',27,11,0.28452366912326477,8,'balanced'),80,0.33181612578723585,'SAMME')	0.9205392156862745	cached
adaBoost(decisionTree('gini',10,11,0.28452366912326477,8,'None'),65,0.18790206965084075,'SAMME')	0.910171568627451	3.986926317214966
adaBoost(decisionTree('gini',10,9,0.3068918808654707,16,'None'),29,1.8919685027551099,'SAMME')	0.8582107843137254	3.480764865875244
adaBoost(decisionTree('entropy',27,5,0.0015864014143305294,6,'balanced'),78,0.18790206965084075,'SAMME')	0.9197549019607842	cached
adaBoost(decisionTree('gini',16,5,0.406763514677274,12,'None'),78,0.33181612578723585,'SAMME')	0.9109558823529411	4.6938817501068115
adaBoost(decisionTree('gini',10,6,0.28452366912326477,8,'None'),65,0.455651184851639,'SAMME')	0.9109558823529411	4.126584768295288
adaBoost(decisionTree('entropy',6,19,0.08550920066068979,9,'None'),61,0.5887629685893425,'SAMME')	0.9234558823529412	3.6302716732025146
adaBoost(decisionTree('entropy',27,5,0.0015864014143305294,6,'balanced'),80,0.33181612578723585,'SAMME')	0.9315196078431374	cached
adaBoost(decisionTree('gini',10,5,0.19349554282460213,8,'None'),65,0.16811797768305306,'SAMME')	0.9293382352941176	3.531139850616455
maxAbsScaler();selectPercentile(41.60565794550156);selectPercentile(88.14723038552357);minMaxScaler();adaBoost(decisionTree('gini',3,13,0.8690671949510088,16,'None'),65,0.16811797768305306,'SAMME')	invalid_ind (duplicated operator)	invalid_ind (duplicated operator)
adaBoost(decisionTree('gini',10,5,0.28452366912326477,8,'None'),65,0.6602779222923232,'SAMME')	0.9318872549019608	cached
adaBoost(decisionTree('gini',13,18,0.02155286008866697,2,'None'),65,0.6602779222923232,'SAMME')	0.910171568627451	cached
adaBoost(decisionTree('entropy',10,5,0.28452366912326477,1,'None'),61,0.5887629685893425,'SAMME')	0.8791911764705883	2.811558961868286
adaBoost(decisionTree('gini',10,5,0.406763514677274,12,'None'),65,0.16811797768305306,'SAMME')	0.9197549019607842	3.6037437915802
adaBoost(decisionTree('gini',3,6,0.8690671949510088,16,'None'),65,0.16811797768305306,'SAMME')	0.9179411764705883	4.23392391204834
maxAbsScaler();selectPercentile(41.60565794550156);selectPercentile(88.14723038552357);minMaxScaler();adaBoost(decisionTree('entropy',14,13,0.1531404928874126,13,'balanced'),80,0.33181612578723585,'SAMME')	invalid_ind (duplicated operator)	invalid_ind (duplicated operator)
adaBoost(decisionTree('gini',16,14,0.28452366912326477,16,'None'),78,0.18790206965084075,'SAMME')	0.9193382352941176	cached
adaBoost(decisionTree('entropy',29,10,0.5391306422014217,17,'balanced'),67,1.1272293909888251,'SAMME')	0.9042892156862745	cached
adaBoost(decisionTree('gini',16,14,0.406763514677274,16,'None'),78,0.18790206965084075,'SAMME')	0.9142401960784314	4.609500169754028
adaBoost(decisionTree('entropy',16,18,0.027212111444419373,11,'balanced'),99,0.5371251360097357,'SAMME')	0.9021078431372548	5.01354193687439
adaBoost(decisionTree('gini',10,5,0.28452366912326477,6,'None'),78,0.18790206965084075,'SAMME')	0.9260049019607843	cached
selectFwe(0.0392252160777255);varianceThreshold();selectFwe(0.018582430296529815);maxAbsScaler();adaBoost(decisionTree('entropy',27,16,0.0015864014143305294,6,'balanced'),80,0.33181612578723585,'SAMME')	invalid_ind (duplicated operator)	invalid_ind (duplicated operator)
adaBoost(decisionTree('gini',6,19,0.08550920066068979,9,'None'),78,0.18790206965084075,'SAMME')	0.9135049019607843	3.963799238204956
adaBoost(decisionTree('gini',16,11,0.28452366912326477,8,'None'),65,0.16811797768305306,'SAMME')	0.9260539215686274	3.9651896953582764
adaBoost(decisionTree('gini',16,5,0.406763514677274,12,'None'),78,0.18790206965084075,'SAMME')	0.9319362745098039	cached
adaBoost(decisionTree('gini',10,5,0.28452366912326477,6,'None'),78,0.18790206965084075,'SAMME')	0.9260049019607843	cached
adaBoost(decisionTree('entropy',18,8,0.137938609890904,8,'None'),32,0.6602779222923232,'SAMME')	0.9109558823529411	3.900728702545166
adaBoost(decisionTree('gini',16,5,0.406763514677274,12,'None'),78,0.33181612578723585,'SAMME')	0.9109558823529411	cached
adaBoost(decisionTree('gini',16,5,0.28452366912326477,12,'None'),78,0.18790206965084075,'SAMME')	0.9164215686274509	5.254377365112305
adaBoost(decisionTree('gini',10,5,0.28452366912326477,6,'None'),78,0.18790206965084075,'SAMME')	0.9260049019607843	cached
adaBoost(decisionTree('gini',10,5,0.28452366912326477,6,'None'),78,0.18790206965084075,'SAMME')	0.9260049019607843	cached
adaBoost(decisionTree('gini',10,11,0.28452366912326477,8,'None'),65,0.16811797768305306,'SAMME')	0.9260539215686274	cached
adaBoost(decisionTree('gini',10,5,0.28452366912326477,8,'None'),65,0.6602779222923232,'SAMME')	0.9318872549019608	cached
adaBoost(decisionTree('entropy',15,5,0.3520470615960455,11,'None'),82,0.023227826001074526,'SAMME')	0.8991911764705882	4.705134868621826
adaBoost(decisionTree('gini',16,14,0.28452366912326477,16,'None'),78,0.18790206965084075,'SAMME')	0.9193382352941176	cached
adaBoost(decisionTree('gini',10,11,0.406763514677274,12,'None'),32,0.10363195190851039,'SAMME')	0.9344362745098038	cached
adaBoost(decisionTree('entropy',27,5,0.0015864014143305294,6,'balanced'),32,0.455651184851639,'SAMME')	0.9109558823529411	3.6598150730133057
adaBoost(decisionTree('entropy',12,5,0.0015864014143305294,6,'balanced'),78,0.18790206965084075,'SAMME')	0.9197549019607842	4.654587268829346
adaBoost(decisionTree('entropy',10,11,0.28452366912326477,8,'None'),67,1.1272293909888251,'SAMME')	0.9138725490196078	4.361576557159424
maxAbsScaler();maxAbsScaler();minMaxScaler();selectFwe(0.0228206364923057);adaBoost(decisionTree('gini',21,7,0.4561198747576516,10,'None'),65,0.16811797768305306,'SAMME')	invalid_ind (duplicated operator)	invalid_ind (duplicated operator)
adaBoost(decisionTree('entropy',27,5,0.0015864014143305294,12,'balanced'),65,0.16811797768305306,'SAMME')	0.9127205882352939	cached
adaBoost(decisionTree('gini',27,11,0.9209943820167317,8,'None'),34,0.16811797768305306,'SAMME')	0.8877941176470587	3.990823745727539
adaBoost(decisionTree('gini',13,18,0.02155286008866697,2,'None'),80,0.33181612578723585,'SAMME')	0.9109558823529411	4.720874547958374
adaBoost(decisionTree('gini',3,5,0.8690671949510088,16,'None'),80,0.33181612578723585,'SAMME')	0.920906862745098	4.626592636108398
adaBoost(decisionTree('gini',10,5,0.28452366912326477,6,'None'),80,0.18790206965084075,'SAMME')	0.9260049019607843	4.637023448944092
adaBoost(decisionTree('gini',9,14,0.6866273664994285,17,'None'),79,0.589021341303913,'SAMME')	0.9260049019607843	4.741494655609131
adaBoost(decisionTree('entropy',10,5,0.19349554282460213,8,'balanced'),80,0.33181612578723585,'SAMME')	0.9230882352941177	4.509030818939209
adaBoost(decisionTree('entropy',27,5,0.0015864014143305294,12,'balanced'),32,0.6602779222923232,'SAMME')	0.922720588235294	3.1845037937164307
adaBoost(decisionTree('entropy',27,11,0.28452366912326477,8,'balanced'),65,0.6602779222923232,'SAMME')	0.9109558823529411	4.559106826782227
adaBoost(decisionTree('entropy',3,8,0.137938609890904,8,'None'),65,0.16811797768305306,'SAMME')	0.9017401960784313	2.904599666595459
adaBoost(decisionTree('gini',16,5,0.406763514677274,12,'None'),78,0.18790206965084075,'SAMME')	0.9319362745098039	cached
adaBoost(decisionTree('gini',16,14,0.28452366912326477,16,'None'),78,0.18790206965084075,'SAMME')	0.9193382352941176	cached
adaBoost(decisionTree('entropy',27,5,0.0015864014143305294,6,'balanced'),65,0.16811797768305306,'SAMME')	0.9130882352941176	2.7182602882385254
adaBoost(decisionTree('entropy',10,11,0.28452366912326477,8,'None'),67,0.16811797768305306,'SAMME')	0.9138725490196077	2.903240919113159
adaBoost(decisionTree('gini',27,11,0.28452366912326477,8,'None'),78,0.18790206965084075,'SAMME')	0.9168382352941176	3.019055128097534
adaBoost(decisionTree('entropy',27,5,0.0015864014143305294,12,'balanced'),78,0.18790206965084075,'SAMME')	0.900955882352941	3.8581745624542236
adaBoost(decisionTree('entropy',27,5,0.0015864014143305294,6,'None'),78,0.18790206965084075,'SAMME')	0.9160539215686274	4.084536075592041
adaBoost(decisionTree('gini',16,11,0.28452366912326477,8,'None'),80,0.33181612578723585,'SAMME')	0.9164215686274509	3.0925798416137695
adaBoost(decisionTree('gini',10,5,0.28452366912326477,1,'None'),65,0.16811797768305306,'SAMME')	0.9252205882352941	2.6663341522216797
adaBoost(decisionTree('gini',10,5,0.28452366912326477,6,'None'),78,0.18790206965084075,'SAMME')	0.9260049019607843	cached
adaBoost(decisionTree('gini',16,11,0.28452366912326477,8,'None'),65,0.16811797768305306,'SAMME')	0.9260539215686274	cached
adaBoost(decisionTree('gini',23,17,0.3082186887463024,10,'balanced'),75,0.5869105614561991,'SAMME')	0.9172058823529412	3.804962635040283
adaBoost(decisionTree('gini',10,5,0.28452366912326477,1,'None'),78,0.18790206965084075,'SAMME')	0.9336519607843137	cached
adaBoost(decisionTree('gini',10,11,0.28452366912326477,8,'None'),65,0.6602779222923232,'SAMME')	0.9318872549019608	cached
adaBoost(decisionTree('entropy',10,11,0.28452366912326477,8,'None'),67,1.1272293909888251,'SAMME')	0.9138725490196078	cached
adaBoost(decisionTree('gini',16,5,0.406763514677274,12,'None'),78,0.18790206965084075,'SAMME')	0.9319362745098039	cached
adaBoost(decisionTree('gini',10,5,0.28452366912326477,6,'None'),80,0.18790206965084075,'SAMME')	0.9260049019607843	cached
adaBoost(decisionTree('gini',10,5,0.28452366912326477,6,'None'),78,0.18790206965084075,'SAMME')	0.9260049019607843	cached
adaBoost(decisionTree('entropy',27,5,0.0015864014143305294,12,'balanced'),32,0.6602779222923232,'SAMME')	0.922720588235294	cached
adaBoost(decisionTree('gini',3,5,0.8690671949510088,16,'None'),80,0.33181612578723585,'SAMME')	0.920906862745098	cached
adaBoost(decisionTree('entropy',16,5,0.28452366912326477,12,'balanced'),65,0.6602779222923232,'SAMME')	0.9230882352941177	3.6995437145233154
adaBoost(decisionTree('gini',10,5,0.28452366912326477,1,'None'),78,0.18790206965084075,'SAMME')	0.9336519607843137	cached
adaBoost(decisionTree('gini',10,5,0.28452366912326477,6,'None'),78,0.18790206965084075,'SAMME')	0.9260049019607843	cached
adaBoost(decisionTree('gini',16,14,0.28452366912326477,16,'balanced'),92,0.33181612578723585,'SAMME')	0.9322549019607843	3.7987115383148193
adaBoost(decisionTree('gini',10,5,0.28452366912326477,1,'None'),78,0.18790206965084075,'SAMME')	0.9336519607843137	cached
adaBoost(decisionTree('entropy',27,5,0.0015864014143305294,12,'balanced'),32,0.6602779222923232,'SAMME')	0.922720588235294	cached
adaBoost(decisionTree('gini',10,5,0.28452366912326477,1,'None'),65,0.6602779222923232,'SAMME')	0.9046568627450979	2.4383044242858887
adaBoost(decisionTree('gini',6,19,0.08550920066068979,9,'balanced'),80,0.33181612578723585,'SAMME')	0.9076225490196078	4.433321952819824
adaBoost(decisionTree('gini',10,5,0.8690671949510088,16,'None'),65,0.6602779222923232,'SAMME')	0.9134558823529412	3.939629077911377
adaBoost(decisionTree('gini',16,11,0.28452366912326477,8,'None'),65,0.18790206965084075,'SAMME')	0.910171568627451	4.6395790576934814
adaBoost(decisionTree('gini',9,5,0.6866273664994285,19,'None'),79,0.589021341303913,'SAMME')	0.885857843137255	4.218700647354126
adaBoost(decisionTree('gini',10,11,0.28452366912326477,8,'None'),78,0.18790206965084075,'SAMME')	0.9168382352941176	4.894059419631958
adaBoost(decisionTree('gini',16,5,0.406763514677274,12,'None'),78,0.18790206965084075,'SAMME')	0.9319362745098039	cached
adaBoost(decisionTree('entropy',27,5,0.0015864014143305294,12,'balanced'),65,0.16811797768305306,'SAMME')	0.9127205882352939	cached
adaBoost(decisionTree('gini',21,14,0.20985592933954855,19,'None'),85,0.896364683407816,'SAMME')	0.8870098039215687	5.118871450424194
adaBoost(decisionTree('gini',3,5,0.28452366912326477,8,'None'),80,0.33181612578723585,'SAMME')	0.9190196078431372	5.362072229385376
adaBoost(decisionTree('entropy',27,14,0.0015864014143305294,17,'balanced'),65,0.16811797768305306,'SAMME')	0.8976225490196079	4.32246208190918
adaBoost(decisionTree('entropy',30,3,0.9076363797819871,20,'balanced'),80,0.16811797768305306,'SAMME')	0.8954411764705881	6.001600980758667
adaBoost(decisionTree('entropy',16,14,0.28452366912326477,16,'balanced'),99,0.5371251360097357,'SAMME')	0.9252205882352941	4.601649522781372
adaBoost(decisionTree('gini',16,18,0.027212111444419373,11,'None'),78,0.18790206965084075,'SAMME')	0.9050735294117647	2.4059791564941406
adaBoost(decisionTree('entropy',27,5,0.0015864014143305294,6,'balanced'),80,0.33181612578723585,'SAMME')	0.9315196078431374	cached
adaBoost(decisionTree('gini',10,5,0.28452366912326477,6,'None'),78,0.18790206965084075,'SAMME')	0.9260049019607843	cached
adaBoost(decisionTree('gini',10,11,0.28452366912326477,8,'None'),65,0.6602779222923232,'SAMME')	0.9318872549019608	cached
adaBoost(decisionTree('gini',16,5,0.406763514677274,12,'None'),78,0.18790206965084075,'SAMME')	0.9319362745098039	cached
minMaxScaler();minMaxScaler();minMaxScaler();maxAbsScaler();selectFwe(0.008681973440867977);minMaxScaler();maxAbsScaler();adaBoost(decisionTree('gini',28,3,0.3283879519565086,9,'None'),57,1.667883932980955,'SAMME')	invalid_ind (duplicated operator)	invalid_ind (duplicated operator)
adaBoost(decisionTree('gini',16,5,0.406763514677274,12,'None'),78,0.18790206965084075,'SAMME')	0.9319362745098039	cached
adaBoost(decisionTree('gini',10,5,0.28452366912326477,16,'None'),65,0.6602779222923232,'SAMME')	0.9230882352941177	2.750685930252075
adaBoost(decisionTree('entropy',27,11,0.0015864014143305294,6,'balanced'),80,0.33181612578723585,'SAMME')	0.9315196078431374	2.955378532409668
adaBoost(decisionTree('gini',18,11,0.4251581622778017,19,'balanced'),88,1.1140611185023168,'SAMME')	0.9197549019607842	3.5486526489257812
adaBoost(decisionTree('gini',16,14,0.28452366912326477,16,'balanced'),92,0.33181612578723585,'SAMME')	0.9322549019607843	cached
adaBoost(decisionTree('gini',10,11,0.406763514677274,12,'None'),32,0.10363195190851039,'SAMME')	0.9344362745098038	cached
adaBoost(decisionTree('gini',10,11,0.28452366912326477,8,'None'),78,0.18790206965084075,'SAMME')	0.9168382352941176	4.093365430831909
adaBoost(decisionTree('gini',23,5,0.3082186887463024,10,'balanced'),75,0.5869105614561991,'SAMME')	0.9172058823529412	4.301458835601807
adaBoost(decisionTree('gini',2,17,0.6315903172988977,4,'balanced'),53,0.26070507724335007,'SAMME')	0.9042892156862745	2.577028274536133
adaBoost(decisionTree('gini',10,11,0.28452366912326477,8,'None'),65,0.6602779222923232,'SAMME')	0.9318872549019608	cached
adaBoost(decisionTree('gini',10,5,0.28452366912326477,6,'None'),80,0.18790206965084075,'SAMME')	0.9260049019607843	cached
adaBoost(decisionTree('entropy',27,5,0.0015864014143305294,12,'balanced'),32,0.6602779222923232,'SAMME')	0.922720588235294	cached
adaBoost(decisionTree('gini',16,5,0.406763514677274,12,'None'),78,0.18790206965084075,'SAMME')	0.9319362745098039	cached
adaBoost(decisionTree('gini',16,5,0.406763514677274,12,'None'),78,0.18790206965084075,'SAMME')	0.9319362745098039	cached
adaBoost(decisionTree('entropy',10,5,0.28452366912326477,8,'None'),67,1.1272293909888251,'SAMME')	0.9138725490196078	3.3490021228790283
adaBoost(decisionTree('gini',3,11,0.8690671949510088,8,'None'),80,0.33181612578723585,'SAMME')	0.8984068627450981	4.198627948760986
adaBoost(decisionTree('gini',10,11,0.28452366912326477,8,'None'),65,0.6602779222923232,'SAMME')	0.9318872549019608	3.2126379013061523
adaBoost(decisionTree('gini',10,5,0.28452366912326477,12,'None'),78,0.18790206965084075,'SAMME')	0.9164215686274509	3.8244588375091553
adaBoost(decisionTree('gini',10,11,0.28452366912326477,8,'None'),65,0.18790206965084075,'SAMME')	0.910171568627451	3.699004650115967
adaBoost(decisionTree('gini',10,11,0.28452366912326477,8,'balanced'),65,0.6602779222923232,'SAMME')	0.9135049019607843	3.9040350914001465
adaBoost(decisionTree('gini',10,5,0.0015864014143305294,12,'None'),78,0.18790206965084075,'SAMME')	0.8987745098039216	3.2809064388275146
adaBoost(decisionTree('entropy',27,5,0.0015864014143305294,6,'balanced'),32,0.6602779222923232,'SAMME')	0.9017401960784314	3.352405309677124
adaBoost(decisionTree('gini',16,5,0.406763514677274,6,'None'),78,0.18790206965084075,'SAMME')	0.9168382352941176	4.603452444076538
adaBoost(decisionTree('entropy',16,14,0.28452366912326477,16,'balanced'),99,0.5371251360097357,'SAMME')	0.9252205882352941	cached
adaBoost(decisionTree('gini',3,5,0.28452366912326477,8,'None'),80,0.33181612578723585,'SAMME')	0.9190196078431372	cached
adaBoost(decisionTree('entropy',27,5,0.28452366912326477,1,'balanced'),65,0.16811797768305306,'SAMME')	0.8833088235294116	3.40777587890625
adaBoost(decisionTree('entropy',27,5,0.0015864014143305294,12,'balanced'),80,0.33181612578723585,'SAMME')	0.9193872549019607	4.781111478805542
adaBoost(decisionTree('gini',16,11,0.28452366912326477,8,'None'),65,0.18790206965084075,'SAMME')	0.910171568627451	cached
adaBoost(decisionTree('gini',10,11,0.28452366912326477,8,'None'),78,0.18790206965084075,'SAMME')	0.9168382352941176	cached
adaBoost(decisionTree('gini',16,5,0.406763514677274,12,'None'),78,0.6602779222923232,'SAMME')	0.9168382352941176	5.483124256134033
adaBoost(decisionTree('entropy',16,5,0.28452366912326477,12,'None'),65,0.6602779222923232,'SAMME')	0.9042892156862745	5.792144060134888
adaBoost(decisionTree('entropy',10,5,0.28452366912326477,1,'balanced'),99,0.5371251360097357,'SAMME')	0.8703921568627452	3.2693309783935547
adaBoost(decisionTree('gini',23,17,0.3082186887463024,10,'balanced'),78,0.18790206965084075,'SAMME')	0.9289705882352941	5.164430618286133
adaBoost(decisionTree('gini',16,14,0.28452366912326477,16,'None'),65,0.16811797768305306,'SAMME')	0.9176225490196078	2.8257198333740234
adaBoost(decisionTree('gini',10,5,0.28452366912326477,1,'None'),75,0.5869105614561991,'SAMME')	0.9142401960784314	2.131028175354004
adaBoost(decisionTree('gini',16,11,0.28452366912326477,8,'None'),65,0.18790206965084075,'SAMME')	0.910171568627451	cached
adaBoost(decisionTree('gini',10,11,0.28452366912326477,8,'None'),65,0.6602779222923232,'SAMME')	0.9318872549019608	cached
adaBoost(decisionTree('entropy',27,5,0.0015864014143305294,12,'balanced'),32,0.6602779222923232,'SAMME')	0.922720588235294	cached
adaBoost(decisionTree('gini',16,5,0.406763514677274,12,'None'),78,0.18790206965084075,'SAMME')	0.9319362745098039	cached
adaBoost(decisionTree('entropy',27,5,0.0015864014143305294,6,'None'),80,0.33181612578723585,'SAMME')	0.903921568627451	2.848193645477295
adaBoost(decisionTree('gini',16,14,0.28452366912326477,16,'None'),65,0.6602779222923232,'SAMME')	0.9230882352941177	3.5629186630249023
adaBoost(decisionTree('entropy',16,5,0.406763514677274,6,'None'),78,0.18790206965084075,'SAMME')	0.9168382352941176	3.847032070159912
adaBoost(decisionTree('gini',16,5,0.406763514677274,12,'None'),78,0.18790206965084075,'SAMME')	0.9319362745098039	cached
adaBoost(decisionTree('gini',3,11,0.8690671949510088,8,'None'),78,0.18790206965084075,'SAMME')	0.9168382352941176	4.64305567741394
adaBoost(decisionTree('gini',5,15,0.9463315395152446,16,'balanced'),78,0.18790206965084075,'SAMME')	0.9230392156862746	4.780832529067993
adaBoost(decisionTree('gini',3,5,0.28452366912326477,8,'balanced'),32,0.6602779222923232,'SAMME')	0.9285539215686274	3.0636653900146484
adaBoost(decisionTree('gini',10,5,0.28452366912326477,1,'None'),80,0.33181612578723585,'SAMME')	0.8821078431372549	3.363372325897217
adaBoost(decisionTree('gini',10,11,0.28452366912326477,8,'None'),65,0.6602779222923232,'SAMME')	0.9318872549019608	cached
adaBoost(decisionTree('gini',3,11,0.8690671949510088,8,'None'),80,0.5758991888305836,'SAMME')	0.922720588235294	4.588229656219482
adaBoost(decisionTree('gini',10,5,0.28452366912326477,16,'balanced'),92,0.33181612578723585,'SAMME')	0.9322549019607843	5.595022439956665
adaBoost(decisionTree('gini',10,5,0.28452366912326477,1,'None'),78,0.18790206965084075,'SAMME')	0.9336519607843137	cached
adaBoost(decisionTree('entropy',27,5,0.0015864014143305294,6,'balanced'),80,0.33181612578723585,'SAMME')	0.9315196078431374	cached
adaBoost(decisionTree('gini',23,5,0.3082186887463024,12,'balanced'),75,0.5869105614561991,'SAMME')	0.9105392156862745	4.772827625274658
adaBoost(decisionTree('entropy',27,5,0.0015864014143305294,12,'balanced'),80,0.33181612578723585,'SAMME')	0.9193872549019607	cached
adaBoost(decisionTree('entropy',10,5,0.28452366912326477,1,'balanced'),99,0.5371251360097357,'SAMME')	0.8703921568627452	cached
adaBoost(decisionTree('gini',10,5,0.28452366912326477,12,'None'),65,0.16811797768305306,'SAMME')	0.9205392156862745	4.287536382675171
adaBoost(decisionTree('entropy',15,2,0.18303114457777003,7,'None'),65,0.6602779222923232,'SAMME')	0.8984068627450981	5.500490665435791
adaBoost(decisionTree('gini',16,5,0.406763514677274,12,'None'),78,0.18790206965084075,'SAMME')	0.9319362745098039	cached
adaBoost(decisionTree('gini',10,5,0.28452366912326477,12,'None'),78,0.18790206965084075,'SAMME')	0.9164215686274509	cached
adaBoost(decisionTree('gini',10,11,0.28452366912326477,8,'None'),78,0.18790206965084075,'SAMME')	0.9168382352941176	5.193690299987793
adaBoost(decisionTree('gini',10,5,0.28452366912326477,12,'None'),65,0.6602779222923232,'SAMME')	0.9164215686274509	5.167264223098755
adaBoost(decisionTree('gini',16,14,0.28452366912326477,16,'None'),78,0.18790206965084075,'SAMME')	0.9193382352941176	5.5349462032318115
adaBoost(decisionTree('gini',23,17,0.3082186887463024,10,'balanced'),78,0.18790206965084075,'SAMME')	0.9289705882352941	cached
adaBoost(decisionTree('gini',10,5,0.28452366912326477,6,'None'),78,0.18790206965084075,'SAMME')	0.9260049019607843	cached
adaBoost(decisionTree('gini',10,11,0.28452366912326477,8,'None'),65,0.6602779222923232,'SAMME')	0.9318872549019608	cached
adaBoost(decisionTree('entropy',16,5,0.28452366912326477,12,'None'),65,0.6602779222923232,'SAMME')	0.9042892156862745	cached
adaBoost(decisionTree('gini',10,11,0.406763514677274,12,'None'),32,0.10363195190851039,'SAMME')	0.9344362745098038	cached
adaBoost(decisionTree('entropy',16,5,0.28452366912326477,12,'None'),65,0.6602779222923232,'SAMME')	0.9042892156862745	cached
adaBoost(decisionTree('gini',9,3,0.850227798173895,6,'balanced'),78,0.33181612578723585,'SAMME')	0.9138725490196077	7.569548845291138
adaBoost(decisionTree('gini',17,13,0.2710907129354808,13,'None'),25,0.043441570353423005,'SAMME')	0.9068382352941177	2.901862859725952
adaBoost(decisionTree('gini',5,8,0.3970580560935104,13,'balanced'),63,0.2533544823056016,'SAMME')	0.9230882352941177	4.295263051986694
adaBoost(decisionTree('gini',16,5,0.13413056330132367,12,'None'),65,0.2385944246233018,'SAMME')	0.9197549019607842	3.8648552894592285
kNN(3,'uniform',1)	0.8396323529411764	2.4358832836151123
adaBoost(decisionTree('gini',10,5,0.28452366912326477,12,'None'),78,0.18790206965084075,'SAMME')	0.9164215686274509	3.374466896057129
adaBoost(decisionTree('gini',23,17,0.3082186887463024,10,'None'),65,0.6602779222923232,'SAMME')	0.9105392156862745	3.0073869228363037
adaBoost(decisionTree('gini',10,11,0.28452366912326477,8,'None'),65,0.6602779222923232,'SAMME')	0.9318872549019608	cached
adaBoost(decisionTree('gini',9,3,0.850227798173895,6,'balanced'),78,0.33181612578723585,'SAMME')	0.9138725490196077	cached
adaBoost(decisionTree('gini',3,5,0.28452366912326477,8,'None'),78,0.18790206965084075,'SAMME')	0.9205392156862745	3.1242332458496094
adaBoost(decisionTree('gini',23,13,0.3082186887463024,10,'balanced'),79,0.18790206965084075,'SAMME')	0.9323039215686275	3.7876546382904053
adaBoost(decisionTree('gini',3,11,0.8690671949510088,8,'None'),78,0.18790206965084075,'SAMME')	0.9168382352941176	cached
adaBoost(decisionTree('gini',3,5,0.28452366912326477,8,'balanced'),92,0.33181612578723585,'SAMME')	0.9135049019607843	3.7482664585113525
adaBoost(decisionTree('gini',16,5,0.406763514677274,12,'None'),63,0.2533544823056016,'SAMME')	0.9289705882352941	4.342149019241333
adaBoost(decisionTree('gini',10,11,0.28452366912326477,8,'None'),92,0.33181612578723585,'SAMME')	0.9164215686274509	5.151641607284546
adaBoost(decisionTree('gini',10,11,0.28452366912326477,8,'balanced'),32,0.6602779222923232,'SAMME')	0.9230882352941177	3.573086738586426
adaBoost(decisionTree('gini',10,5,0.28452366912326477,16,'balanced'),32,0.6602779222923232,'SAMME')	0.904656862745098	3.783539056777954
adaBoost(decisionTree('gini',16,5,0.406763514677274,12,'None'),78,0.18790206965084075,'SAMME')	0.9319362745098039	cached
adaBoost(decisionTree('gini',10,5,0.28452366912326477,1,'None'),78,0.18790206965084075,'SAMME')	0.9336519607843137	cached
adaBoost(decisionTree('gini',5,8,0.3970580560935104,13,'balanced'),78,0.18790206965084075,'SAMME')	0.9109558823529411	5.095569849014282
adaBoost(decisionTree('gini',10,11,0.8690671949510088,8,'None'),78,0.18790206965084075,'SAMME')	0.9172058823529412	5.641496181488037
adaBoost(decisionTree('gini',10,11,0.28452366912326477,8,'None'),78,0.18790206965084075,'SAMME')	0.9168382352941176	cached
adaBoost(decisionTree('gini',16,5,0.406763514677274,12,'None'),78,0.18790206965084075,'SAMME')	0.9319362745098039	cached
adaBoost(decisionTree('gini',10,11,0.28452366912326477,8,'None'),78,0.18790206965084075,'SAMME')	0.9168382352941176	cached
adaBoost(decisionTree('gini',10,5,0.28452366912326477,12,'None'),78,0.18790206965084075,'SAMME')	0.9164215686274509	cached
adaBoost(decisionTree('gini',16,14,0.28452366912326477,16,'balanced'),78,0.18790206965084075,'SAMME')	0.9105392156862745	5.224265813827515
adaBoost(decisionTree('gini',3,5,0.28452366912326477,8,'None'),65,0.6602779222923232,'SAMME')	0.9072549019607843	4.333589553833008
maxAbsScaler();minMaxScaler();fastICA(23,'deflation','arbitrary-variance','cube');maxAbsScaler();selectFwe(0.034145341262457704);minMaxScaler();pca(0.9130607849121954,False);qda(0.006631295305730367)	invalid_ind (duplicated operator)	invalid_ind (duplicated operator)
adaBoost(decisionTree('gini',3,17,0.8690671949510088,8,'None'),80,0.5758991888305836,'SAMME')	0.9197549019607842	5.178752660751343
adaBoost(decisionTree('gini',16,14,0.28452366912326477,16,'None'),65,0.6602779222923232,'SAMME')	0.9230882352941177	cached
adaBoost(decisionTree('gini',16,5,0.13413056330132367,12,'None'),65,0.2385944246233018,'SAMME')	0.9197549019607842	cached
adaBoost(decisionTree('gini',3,5,0.28452366912326477,6,'None'),80,0.5758991888305836,'SAMME')	0.9072549019607843	4.131886005401611
adaBoost(decisionTree('gini',16,5,0.406763514677274,6,'None'),78,0.33181612578723585,'SAMME')	0.926421568627451	4.784801959991455
adaBoost(decisionTree('gini',16,14,0.28452366912326477,16,'None'),65,0.6602779222923232,'SAMME')	0.9230882352941177	4.2935545444488525
gaussianNB(0.008397322571761416)	0.8391911764705883	2.3343119621276855
adaBoost(decisionTree('entropy',8,18,0.9077157644901142,7,'None'),32,0.10363195190851039,'SAMME')	0.874877450980392	4.379242420196533
adaBoost(decisionTree('gini',22,9,0.7269426610482481,12,'None'),88,1.095111159513065,'SAMME')	0.9072058823529412	5.4437031745910645
adaBoost(decisionTree('gini',16,14,0.28452366912326477,16,'None'),78,0.18790206965084075,'SAMME')	0.9193382352941176	4.480710744857788
adaBoost(decisionTree('gini',10,5,0.28452366912326477,1,'None'),78,0.18790206965084075,'SAMME')	0.9336519607843137	cached
adaBoost(decisionTree('gini',16,5,0.406763514677274,12,'None'),78,0.18790206965084075,'SAMME')	0.9319362745098039	cached
adaBoost(decisionTree('gini',10,11,0.28452366912326477,8,'None'),65,0.6602779222923232,'SAMME')	0.9318872549019608	cached
adaBoost(decisionTree('gini',9,3,0.850227798173895,6,'balanced'),78,0.18790206965084075,'SAMME')	0.9201225490196077	6.070400714874268
adaBoost(decisionTree('gini',10,11,0.406763514677274,12,'None'),63,0.2533544823056016,'SAMME')	0.9289705882352941	4.2893126010894775
adaBoost(decisionTree('gini',5,15,0.9463315395152446,16,'balanced'),78,0.6602779222923232,'SAMME')	0.9021078431372548	5.353344678878784
adaBoost(decisionTree('gini',16,5,0.406763514677274,12,'None'),78,0.6602779222923232,'SAMME')	0.9168382352941176	4.383403539657593
adaBoost(decisionTree('gini',18,14,0.28452366912326477,12,'None'),65,0.6602779222923232,'SAMME')	0.9164215686274509	3.2349677085876465
adaBoost(decisionTree('gini',10,11,0.28452366912326477,8,'None'),65,0.18790206965084075,'SAMME')	0.910171568627451	2.5261762142181396
adaBoost(decisionTree('gini',10,5,0.28452366912326477,1,'None'),78,0.18790206965084075,'SAMME')	0.9336519607843137	cached
adaBoost(decisionTree('gini',3,5,0.28452366912326477,8,'None'),78,0.18790206965084075,'SAMME')	0.9205392156862745	cached
adaBoost(decisionTree('gini',16,5,0.406763514677274,12,'None'),78,0.18790206965084075,'SAMME')	0.9319362745098039	cached
adaBoost(decisionTree('gini',23,13,0.3082186887463024,10,'balanced'),79,0.18790206965084075,'SAMME')	0.9323039215686275	cached
adaBoost(decisionTree('gini',10,5,0.28452366912326477,1,'None'),65,0.6602779222923232,'SAMME')	0.9046568627450979	2.407371759414673
adaBoost(decisionTree('entropy',4,14,0.29679779896745107,17,'balanced'),26,0.20022631263025448,'SAMME')	0.915220588235294	2.46913743019104
adaBoost(decisionTree('gini',3,14,0.8690671949510088,16,'None'),80,0.5758991888305836,'SAMME')	0.9021078431372549	3.38217830657959
adaBoost(decisionTree('gini',10,11,0.28452366912326477,8,'None'),80,0.5758991888305836,'SAMME')	0.9076225490196077	3.788037061691284
adaBoost(decisionTree('gini',16,14,0.28452366912326477,16,'None'),78,0.18790206965084075,'SAMME')	0.9193382352941176	4.389696359634399
selectPercentile(9.429821969079619);pca(0.5879672382102676,True);qda(0.6465871900757729)	0.7649754901960785	2.1822431087493896
adaBoost(decisionTree('gini',25,7,0.5273203551454295,11,'balanced'),32,0.6602779222923232,'SAMME')	0.9160539215686274	3.5914289951324463
adaBoost(decisionTree('gini',10,11,0.28452366912326477,8,'None'),65,0.6602779222923232,'SAMME')	0.9318872549019608	cached
adaBoost(decisionTree('gini',10,11,0.28452366912326477,8,'None'),65,0.6602779222923232,'SAMME')	0.9318872549019608	cached
adaBoost(decisionTree('gini',16,17,0.28452366912326477,8,'None'),65,0.6602779222923232,'SAMME')	0.9168382352941176	3.5563178062438965
adaBoost(decisionTree('gini',16,14,0.28452366912326477,16,'None'),78,0.18790206965084075,'SAMME')	0.9193382352941176	cached
adaBoost(decisionTree('gini',16,14,0.28452366912326477,16,'None'),65,0.6602779222923232,'SAMME')	0.9230882352941177	cached
adaBoost(decisionTree('gini',10,5,0.28452366912326477,1,'balanced'),92,0.33181612578723585,'SAMME')	0.9222549019607843	3.261582136154175
adaBoost(decisionTree('gini',3,17,0.8690671949510088,8,'None'),65,0.6602779222923232,'SAMME')	0.9164215686274509	4.12314248085022
adaBoost(decisionTree('gini',9,3,0.850227798173895,6,'None'),78,0.33181612578723585,'SAMME')	0.9164215686274509	5.06671667098999
adaBoost(decisionTree('gini',9,3,0.850227798173895,6,'balanced'),32,0.6602779222923232,'SAMME')	0.9105392156862745	4.068944215774536
adaBoost(decisionTree('entropy',22,19,0.24682372928547858,15,'None'),78,0.18790206965084075,'SAMME')	0.9116911764705883	4.953297853469849
adaBoost(decisionTree('gini',10,11,0.406763514677274,12,'None'),32,0.10363195190851039,'SAMME')	0.9344362745098038	cached
adaBoost(decisionTree('gini',23,13,0.3082186887463024,10,'balanced'),79,0.2533544823056016,'SAMME')	0.9256372549019607	5.317346811294556
adaBoost(decisionTree('gini',16,5,0.406763514677274,6,'None'),78,0.18790206965084075,'SAMME')	0.9168382352941176	5.546107530593872
adaBoost(decisionTree('gini',12,11,0.12471603306062562,5,'balanced'),62,0.4331851076239054,'SAMME')	0.9076225490196078	4.977751970291138
adaBoost(decisionTree('gini',10,11,0.406763514677274,12,'None'),63,0.2533544823056016,'SAMME')	0.9289705882352941	cached
adaBoost(decisionTree('gini',16,5,0.406763514677274,6,'balanced'),78,0.18790206965084075,'SAMME')	0.926421568627451	6.2082555294036865
adaBoost(decisionTree('gini',10,11,0.28452366912326477,12,'None'),78,0.18790206965084075,'SAMME')	0.9164215686274509	4.9754064083099365
adaBoost(decisionTree('gini',10,11,0.406763514677274,12,'None'),63,0.18790206965084075,'SAMME')	0.9319362745098039	4.700874090194702
adaBoost(decisionTree('gini',16,5,0.406763514677274,12,'None'),78,0.33181612578723585,'SAMME')	0.9109558823529411	5.225882530212402
adaBoost(decisionTree('gini',10,11,0.28452366912326477,8,'None'),17,0.18790206965084075,'SAMME')	0.9256372549019607	3.449918508529663
adaBoost(decisionTree('gini',16,14,0.28452366912326477,16,'None'),65,0.6602779222923232,'SAMME')	0.9230882352941177	cached
adaBoost(decisionTree('gini',23,13,0.3082186887463024,10,'balanced'),79,0.18790206965084075,'SAMME')	0.9323039215686275	cached
adaBoost(decisionTree('gini',18,5,0.28452366912326477,12,'None'),65,0.6602779222923232,'SAMME')	0.9164215686274509	3.753519058227539
adaBoost(decisionTree('gini',10,5,0.406763514677274,12,'None'),32,0.10363195190851039,'SAMME')	0.9344362745098038	3.225269079208374
adaBoost(decisionTree('gini',10,11,0.8690671949510088,8,'None'),79,0.18790206965084075,'SAMME')	0.9113235294117648	4.279431343078613
adaBoost(decisionTree('gini',10,11,0.28452366912326477,8,'balanced'),78,0.33181612578723585,'SAMME')	0.9193872549019607	3.8138153553009033
adaBoost(decisionTree('entropy',19,18,0.2379549245640704,15,'None'),39,0.032446816821292954,'SAMME')	0.8803921568627452	2.8217906951904297
adaBoost(decisionTree('gini',16,5,0.406763514677274,6,'None'),32,0.6602779222923232,'SAMME')	0.9109558823529411	2.586498975753784
adaBoost(decisionTree('gini',23,13,0.3082186887463024,10,'balanced'),78,0.18790206965084075,'SAMME')	0.9289705882352941	3.4231455326080322
adaBoost(decisionTree('gini',10,11,0.28452366912326477,8,'None'),65,0.6602779222923232,'SAMME')	0.9318872549019608	cached
adaBoost(decisionTree('gini',16,5,0.406763514677274,12,'None'),78,0.18790206965084075,'SAMME')	0.9319362745098039	cached
adaBoost(decisionTree('gini',10,5,0.406763514677274,12,'None'),32,0.10363195190851039,'SAMME')	0.9344362745098038	cached
adaBoost(decisionTree('gini',10,5,0.406763514677274,12,'None'),32,0.10363195190851039,'SAMME')	0.9344362745098038	cached
adaBoost(decisionTree('gini',9,14,0.850227798173895,6,'balanced'),32,0.6602779222923232,'SAMME')	0.9135049019607843	2.5006227493286133
adaBoost(decisionTree('gini',16,17,0.406763514677274,12,'None'),78,0.33181612578723585,'SAMME')	0.9109558823529411	3.2140417098999023
adaBoost(decisionTree('gini',23,5,0.406763514677274,12,'balanced'),79,0.18790206965084075,'SAMME')	0.910906862745098	3.2497212886810303
adaBoost(decisionTree('gini',10,5,0.406763514677274,12,'None'),78,0.18790206965084075,'SAMME')	0.9319362745098039	3.8903121948242188
adaBoost(decisionTree('entropy',24,16,0.25333079079558707,20,'balanced'),83,0.9378333839639871,'SAMME')	0.8928921568627451	4.132576942443848
adaBoost(decisionTree('gini',16,3,0.28452366912326477,16,'None'),65,0.6602779222923232,'SAMME')	0.9230882352941177	3.15674090385437
adaBoost(decisionTree('gini',10,11,0.406763514677274,12,'None'),63,0.18790206965084075,'SAMME')	0.9319362745098039	cached
adaBoost(decisionTree('gini',10,11,0.406763514677274,12,'None'),63,0.18790206965084075,'SAMME')	0.9319362745098039	cached
adaBoost(decisionTree('gini',10,11,0.406763514677274,12,'None'),63,0.2533544823056016,'SAMME')	0.9289705882352941	cached
adaBoost(decisionTree('gini',23,13,0.3082186887463024,10,'balanced'),79,0.18790206965084075,'SAMME')	0.9323039215686275	cached
adaBoost(decisionTree('gini',10,11,0.406763514677274,12,'None'),32,0.10363195190851039,'SAMME')	0.9344362745098038	cached
adaBoost(decisionTree('gini',10,11,0.406763514677274,12,'None'),32,0.10363195190851039,'SAMME')	0.9344362745098038	cached
adaBoost(decisionTree('gini',16,5,0.28452366912326477,8,'None'),65,0.6602779222923232,'SAMME')	0.9318872549019608	3.7807445526123047
adaBoost(decisionTree('gini',17,20,0.810808173665895,6,'balanced'),78,0.18790206965084075,'SAMME')	0.9021078431372548	4.131084680557251
adaBoost(decisionTree('gini',16,11,0.406763514677274,8,'None'),78,0.18790206965084075,'SAMME')	0.9164215686274509	3.6526989936828613
adaBoost(decisionTree('gini',16,11,0.28452366912326477,12,'None'),78,0.33181612578723585,'SAMME')	0.9168382352941176	4.043350458145142
adaBoost(decisionTree('gini',10,11,0.406763514677274,12,'None'),32,0.10363195190851039,'SAMME')	0.9344362745098038	cached
adaBoost(decisionTree('gini',10,14,0.406763514677274,16,'None'),63,0.18790206965084075,'SAMME')	0.9138725490196078	3.575490951538086
adaBoost(decisionTree('entropy',4,5,0.406763514677274,12,'balanced'),26,0.20022631263025448,'SAMME')	0.9109558823529411	2.7201285362243652
adaBoost(decisionTree('gini',16,5,0.406763514677274,12,'balanced'),78,0.18790206965084075,'SAMME')	0.9105392156862745	4.087601661682129
adaBoost(decisionTree('gini',10,17,0.28452366912326477,8,'None'),32,0.10363195190851039,'SAMME')	0.9230882352941177	3.525359630584717
adaBoost(decisionTree('gini',16,11,0.28452366912326477,12,'None'),65,0.6602779222923232,'SAMME')	0.9164215686274509	3.337035894393921
adaBoost(decisionTree('entropy',14,20,0.9596045208323202,9,'None'),70,0.6463988307651499,'SAMME')	0.9042892156862745	5.318053722381592
adaBoost(decisionTree('gini',16,14,0.29679779896745107,17,'None'),78,0.18790206965084075,'SAMME')	0.8950735294117648	3.8052480220794678
adaBoost(decisionTree('gini',16,5,0.406763514677274,6,'None'),78,0.18790206965084075,'SAMME')	0.9168382352941176	3.862966299057007
adaBoost(decisionTree('gini',16,5,0.406763514677274,12,'None'),78,0.18790206965084075,'SAMME')	0.9319362745098039	cached
adaBoost(decisionTree('gini',16,11,0.406763514677274,12,'None'),65,0.6602779222923232,'SAMME')	0.9109558823529411	4.504712343215942
adaBoost(decisionTree('gini',16,14,0.28452366912326477,16,'balanced'),92,0.33181612578723585,'SAMME')	0.9322549019607843	4.870374917984009
adaBoost(decisionTree('entropy',8,9,0.5161802853017433,18,'balanced'),65,0.6602779222923232,'SAMME')	0.904656862745098	5.018657207489014
adaBoost(decisionTree('gini',10,11,0.28452366912326477,8,'None'),65,0.18790206965084075,'SAMME')	0.910171568627451	4.762552261352539
adaBoost(decisionTree('gini',23,6,0.3082186887463024,10,'balanced'),79,0.18790206965084075,'SAMME')	0.9323039215686275	5.6367669105529785
adaBoost(decisionTree('gini',23,13,0.3082186887463024,10,'None'),78,0.18790206965084075,'SAMME')	0.9260539215686275	5.045291900634766
adaBoost(decisionTree('gini',16,14,0.28452366912326477,16,'None'),78,0.18790206965084075,'SAMME')	0.9193382352941176	4.8390116691589355
adaBoost(decisionTree('gini',23,13,0.3082186887463024,10,'balanced'),78,0.6602779222923232,'SAMME')	0.926421568627451	4.519188642501831
adaBoost(decisionTree('entropy',14,6,0.5700919409285556,11,'None'),78,0.18790206965084075,'SAMME')	0.896642156862745	5.257612705230713
adaBoost(decisionTree('gini',10,11,0.28452366912326477,12,'balanced'),78,0.18790206965084075,'SAMME')	0.9286029411764705	3.8402326107025146
adaBoost(decisionTree('gini',23,13,0.3082186887463024,10,'None'),78,0.18790206965084075,'SAMME')	0.9260539215686275	cached
selectFwe(0.04604721366053071);minMaxScaler();varianceThreshold();pca(0.5695548614114704,True);pca(0.6322141008104916,False);adaBoost(decisionTree('entropy',5,14,0.42504044586949163,6,'balanced'),15,0.1896923886277303,'SAMME')	invalid_ind (duplicated operator)	invalid_ind (duplicated operator)
selectFwe(0.0399621610071773);maxAbsScaler();adaBoost(decisionTree('gini',2,20,0.3412634959947096,8,'balanced'),65,0.4140339430168023,'SAMME')	0.8388480392156863	2.6576318740844727
adaBoost(decisionTree('gini',10,11,0.406763514677274,12,'None'),32,0.10363195190851039,'SAMME')	0.9344362745098038	cached
adaBoost(decisionTree('gini',10,5,0.406763514677274,12,'None'),32,0.18790206965084075,'SAMME')	0.9348529411764706	3.1132073402404785
adaBoost(decisionTree('gini',10,11,0.406763514677274,8,'None'),63,0.18790206965084075,'SAMME')	0.9223039215686274	3.760789155960083
adaBoost(decisionTree('gini',10,11,0.406763514677274,12,'None'),65,0.6602779222923232,'SAMME')	0.9109558823529411	4.442287921905518
adaBoost(decisionTree('gini',8,9,0.5161802853017433,18,'None'),65,0.6602779222923232,'SAMME')	0.9142401960784312	4.434276819229126
adaBoost(decisionTree('entropy',4,5,0.406763514677274,12,'balanced'),26,0.10363195190851039,'SAMME')	0.926421568627451	4.022318363189697
adaBoost(decisionTree('gini',10,14,0.28452366912326477,16,'None'),65,0.18790206965084075,'SAMME')	0.9226715686274509	5.027311086654663
adaBoost(decisionTree('gini',10,5,0.406763514677274,12,'None'),32,0.10363195190851039,'SAMME')	0.9344362745098038	cached
adaBoost(decisionTree('gini',16,5,0.406763514677274,12,'balanced'),78,0.18790206965084075,'SAMME')	0.9105392156862745	cached
adaBoost(decisionTree('gini',10,5,0.406763514677274,12,'None'),78,0.10363195190851039,'SAMME')	0.9193872549019607	6.06852650642395
adaBoost(decisionTree('gini',16,11,0.406763514677274,12,'None'),63,0.2533544823056016,'SAMME')	0.9289705882352941	5.083325624465942
adaBoost(decisionTree('entropy',16,3,0.28452366912326477,16,'balanced'),65,0.6602779222923232,'SAMME')	0.9138725490196078	5.8764238357543945
adaBoost(decisionTree('gini',10,11,0.406763514677274,12,'None'),32,0.20022631263025448,'SAMME')	0.9135049019607843	3.959216594696045
maxAbsScaler();varianceThreshold();varianceThreshold();maxAbsScaler();adaBoost(decisionTree('gini',16,15,0.02511520579618587,8,'None'),50,0.8703122576158946,'SAMME')	invalid_ind (duplicated operator)	invalid_ind (duplicated operator)
adaBoost(decisionTree('gini',16,6,0.406763514677274,10,'None'),78,0.18790206965084075,'SAMME')	0.9230882352941177	4.3296120166778564
adaBoost(decisionTree('gini',10,11,0.28452366912326477,12,'None'),65,0.6602779222923232,'SAMME')	0.9164215686274509	4.965179920196533
adaBoost(decisionTree('gini',23,5,0.28452366912326477,8,'balanced'),79,0.18790206965084075,'SAMME')	0.9042892156862745	4.614269733428955
adaBoost(decisionTree('gini',23,12,0.466923452205408,15,'balanced'),92,0.33181612578723585,'SAMME')	0.9197549019607842	5.864622354507446
adaBoost(decisionTree('gini',10,5,0.406763514677274,12,'None'),32,0.10363195190851039,'SAMME')	0.9344362745098038	cached
adaBoost(decisionTree('gini',10,5,0.28452366912326477,3,'None'),78,0.18790206965084075,'SAMME')	0.9164215686274509	4.8062357902526855
adaBoost(decisionTree('gini',10,11,0.406763514677274,8,'None'),32,0.10363195190851039,'SAMME')	0.9293382352941176	3.6810410022735596
adaBoost(decisionTree('gini',23,5,0.3082186887463024,12,'balanced'),79,0.18790206965084075,'SAMME')	0.9116911764705883	5.121210098266602
adaBoost(decisionTree('gini',16,5,0.406763514677274,12,'None'),65,0.6602779222923232,'SAMME')	0.9109558823529411	4.319920301437378
adaBoost(decisionTree('gini',23,13,0.3082186887463024,10,'None'),63,0.2533544823056016,'SAMME')	0.9256372549019607	4.132267713546753
adaBoost(decisionTree('gini',23,11,0.406763514677274,12,'balanced'),79,0.18790206965084075,'SAMME')	0.910906862745098	4.99980354309082
adaBoost(decisionTree('gini',16,11,0.406763514677274,12,'balanced'),78,0.18790206965084075,'SAMME')	0.9105392156862745	5.020887613296509
adaBoost(decisionTree('gini',23,11,0.406763514677274,12,'None'),78,0.18790206965084075,'SAMME')	0.9319362745098039	4.943829536437988
adaBoost(decisionTree('gini',16,3,0.28452366912326477,16,'balanced'),78,0.6602779222923232,'SAMME')	0.9072058823529412	4.803005933761597
adaBoost(decisionTree('gini',10,11,0.406763514677274,12,'balanced'),79,0.18790206965084075,'SAMME')	0.910906862745098	5.198552131652832
adaBoost(decisionTree('gini',10,11,0.406763514677274,12,'None'),32,0.10363195190851039,'SAMME')	0.9344362745098038	cached
adaBoost(decisionTree('gini',16,5,0.406763514677274,12,'None'),78,0.18790206965084075,'SAMME')	0.9319362745098039	cached
adaBoost(decisionTree('gini',16,14,0.28452366912326477,16,'None'),78,0.18790206965084075,'SAMME')	0.9193382352941176	cached
adaBoost(decisionTree('gini',10,6,0.3082186887463024,10,'None'),63,0.18790206965084075,'SAMME')	0.9352696078431373	4.575202941894531
adaBoost(decisionTree('gini',10,5,0.406763514677274,12,'None'),32,0.10363195190851039,'SAMME')	0.9344362745098038	3.828664779663086
adaBoost(decisionTree('gini',10,13,0.3082186887463024,10,'None'),32,0.10363195190851039,'SAMME')	0.9135049019607843	3.3693315982818604
adaBoost(decisionTree('gini',23,13,0.3082186887463024,10,'None'),65,0.6602779222923232,'SAMME')	0.9105392156862745	4.838137626647949
pca(0.6199526310558136,True);nystroem('cosine',5.521188156769679,86,5,0.5914411688226291);minMaxScaler();fastICA(74,'parallel','unit-variance','logcosh');selectPercentile(11.94383496778179);randomForest(87,'gini','log2',11,15,False,'None')	0.5424264705882352	15.807119369506836
adaBoost(decisionTree('gini',23,11,0.406763514677274,12,'None'),78,0.18790206965084075,'SAMME')	0.9319362745098039	cached
adaBoost(decisionTree('gini',10,11,0.406763514677274,8,'None'),32,0.10363195190851039,'SAMME')	0.9293382352941176	cached
adaBoost(decisionTree('gini',10,11,0.406763514677274,8,'None'),63,0.18790206965084075,'SAMME')	0.9223039215686274	cached
adaBoost(decisionTree('gini',10,11,0.28452366912326477,8,'None'),65,0.6602779222923232,'SAMME')	0.9318872549019608	cached
adaBoost(decisionTree('gini',10,5,0.28452366912326477,1,'None'),78,0.18790206965084075,'SAMME')	0.9336519607843137	cached
adaBoost(decisionTree('gini',10,11,0.406763514677274,12,'None'),65,0.6602779222923232,'SAMME')	0.9109558823529411	cached
adaBoost(decisionTree('gini',10,11,0.28452366912326477,8,'None'),65,0.6602779222923232,'SAMME')	0.9318872549019608	cached
adaBoost(decisionTree('gini',16,14,0.28452366912326477,16,'None'),78,0.18790206965084075,'SAMME')	0.9193382352941176	cached
adaBoost(decisionTree('gini',10,5,0.406763514677274,12,'None'),32,0.10363195190851039,'SAMME')	0.9344362745098038	cached
adaBoost(decisionTree('gini',16,14,0.28452366912326477,16,'balanced'),92,0.33181612578723585,'SAMME')	0.9322549019607843	cached
adaBoost(decisionTree('gini',4,5,0.406763514677274,12,'None'),32,0.10363195190851039,'SAMME')	0.9084068627450981	4.084700345993042
adaBoost(decisionTree('gini',10,6,0.406763514677274,10,'None'),78,0.18790206965084075,'SAMME')	0.9230882352941177	4.687290191650391
adaBoost(decisionTree('gini',10,11,0.28452366912326477,8,'None'),78,0.18790206965084075,'SAMME')	0.9168382352941176	4.639483213424683
adaBoost(decisionTree('gini',8,17,0.766398513624421,9,'balanced'),57,1.253622605513013,'SAMME')	0.9109558823529411	4.475836277008057
adaBoost(decisionTree('gini',23,11,0.406763514677274,12,'balanced'),78,0.18790206965084075,'SAMME')	0.9105392156862745	4.786482095718384
adaBoost(decisionTree('gini',16,11,0.406763514677274,12,'balanced'),78,0.18790206965084075,'SAMME')	0.9105392156862745	cached
adaBoost(decisionTree('gini',23,11,0.406763514677274,12,'balanced'),79,0.18790206965084075,'SAMME')	0.910906862745098	cached
adaBoost(decisionTree('gini',16,5,0.28452366912326477,1,'None'),78,0.18790206965084075,'SAMME')	0.9101225490196079	3.2273366451263428
adaBoost(decisionTree('entropy',10,11,0.406763514677274,12,'balanced'),26,0.10363195190851039,'SAMME')	0.928921568627451	4.18412184715271
adaBoost(decisionTree('gini',10,5,0.406763514677274,12,'None'),32,0.10363195190851039,'SAMME')	0.9344362745098038	4.29669976234436
adaBoost(decisionTree('gini',10,5,0.406763514677274,12,'None'),65,0.6602779222923232,'SAMME')	0.9109558823529411	4.767928600311279
adaBoost(decisionTree('gini',10,5,0.28452366912326477,3,'None'),65,0.6602779222923232,'SAMME')	0.9042892156862745	5.150301694869995
adaBoost(decisionTree('gini',16,14,0.28452366912326477,16,'balanced'),26,0.10363195190851039,'SAMME')	0.9148039215686273	3.0568442344665527
adaBoost(decisionTree('gini',23,5,0.466923452205408,11,'balanced'),28,0.33181612578723585,'SAMME')	0.9171568627450981	4.079192876815796
adaBoost(decisionTree('gini',16,5,0.406763514677274,12,'None'),32,0.10363195190851039,'SAMME')	0.9344362745098038	3.2513203620910645
adaBoost(decisionTree('gini',10,5,0.406763514677274,12,'None'),32,0.18790206965084075,'SAMME')	0.9348529411764706	3.6833748817443848
adaBoost(decisionTree('gini',10,14,0.406763514677274,3,'None'),32,0.20022631263025448,'SAMME')	0.9138725490196078	3.665372848510742
adaBoost(decisionTree('gini',10,12,0.406763514677274,15,'None'),32,0.10363195190851039,'SAMME')	0.9201225490196079	3.5707128047943115
adaBoost(decisionTree('entropy',4,5,0.406763514677274,12,'balanced'),92,0.33181612578723585,'SAMME')	0.910171568627451	5.325855016708374
adaBoost(decisionTree('gini',16,6,0.2720878145303811,10,'balanced'),78,0.07149803403018466,'SAMME')	0.9223039215686274	4.770678520202637
adaBoost(decisionTree('gini',16,11,0.28452366912326477,16,'None'),78,0.18790206965084075,'SAMME')	0.9193382352941176	4.192067861557007
adaBoost(decisionTree('gini',10,6,0.406763514677274,12,'None'),78,0.10363195190851039,'SAMME')	0.9193872549019607	4.983964920043945
adaBoost(decisionTree('gini',23,5,0.3082186887463024,12,'None'),78,0.18790206965084075,'SAMME')	0.9197549019607842	4.468485355377197
adaBoost(decisionTree('gini',16,6,0.406763514677274,10,'None'),63,0.18790206965084075,'SAMME')	0.9168382352941176	4.356819152832031
adaBoost(decisionTree('gini',10,5,0.3082186887463024,12,'None'),63,0.18790206965084075,'SAMME')	0.9230882352941177	4.023591041564941
adaBoost(decisionTree('gini',10,5,0.3082186887463024,10,'None'),63,0.18790206965084075,'SAMME')	0.9352696078431373	4.422889947891235
adaBoost(decisionTree('gini',16,5,0.28452366912326477,16,'balanced'),92,0.33181612578723585,'SAMME')	0.9322549019607843	5.215138912200928
adaBoost(decisionTree('gini',16,6,0.406763514677274,10,'balanced'),79,0.18790206965084075,'SAMME')	0.9197549019607842	4.6373984813690186
adaBoost(decisionTree('gini',10,11,0.406763514677274,8,'None'),78,0.18790206965084075,'SAMME')	0.9164215686274509	3.939894437789917
adaBoost(decisionTree('gini',10,14,0.406763514677274,12,'None'),32,0.18790206965084075,'SAMME')	0.9348529411764706	2.591794729232788
