pipeline	fitness	fit_time
selectFwe(0.003032124184343105);nystroem('poly',1.2883386062650757,76,5,0.28777743677545375);minMaxScaler();minMaxScaler();adaBoost(decisionTree('gini',26,15,0.9874559311566145,11,'balanced'),58,0.9745610554644287,'SAMME')	invalid_ind (duplicated operator)	invalid_ind (duplicated operator)
pca(0.8247045418937757,False);varianceThreshold();minMaxScaler();minMaxScaler();varianceThreshold();pca(0.5604475704226722,True);mlpClassifier((45, 11),0.07999474075467382,0.5609816454564671,'adam','tanh')	invalid_ind (duplicated operator)	invalid_ind (duplicated operator)
minMaxScaler();minMaxScaler();bernoulliNB(12.24537850659824,True)	invalid_ind (duplicated operator)	invalid_ind (duplicated operator)
selectPercentile(67.00640740415653);nystroem('rbf',7.926058949227791,82,3,-0.7865126050343756);fastICA(74,'parallel','unit-variance','logcosh');nystroem('poly',0.7431471479208718,86,5,0.8775295667392682);minMaxScaler();minMaxScaler();mlpClassifier((82, 19),0.06636741280111591,0.4317587470324145,'sgd','logistic')	invalid_ind (duplicated operator)	invalid_ind (duplicated operator)
varianceThreshold();maxAbsScaler();varianceThreshold();minMaxScaler();minMaxScaler();adaBoost(decisionTree('gini',14,17,0.7014887154027867,7,'None'),84,1.5056805564104314,'SAMME')	invalid_ind (duplicated operator)	invalid_ind (duplicated operator)
maxAbsScaler();minMaxScaler();varianceThreshold();varianceThreshold();selectFwe(0.013717875939369706);maxAbsScaler();adaBoost(decisionTree('entropy',13,6,0.5443565347702323,4,'None'),19,1.0841935221591743,'SAMME')	invalid_ind (duplicated operator)	invalid_ind (duplicated operator)
maxAbsScaler();selectPercentile(67.49729644755728);minMaxScaler();pca(0.827620118724357,False);varianceThreshold();maxAbsScaler();logisticRegression('l2','newton-cg',1000,11.788446672408776,'balanced')	invalid_ind (duplicated operator)	invalid_ind (duplicated operator)
gaussianNB(0.005345998845496758)	0.8057460711361568	2.0207226276397705
robustScaler(False,False);bernoulliNB(3.6778538478223917,False)	0.7018830274163117	3.741797685623169
maxAbsScaler();minMaxScaler();minMaxScaler();pca(0.8907533052867602,False);nystroem('sigmoid',2.3676461338319124,84,4,0.2672838046821482);maxAbsScaler();lda(0.7268343838605282,1,0.010305868227100022)	invalid_ind (duplicated operator)	invalid_ind (duplicated operator)
varianceThreshold();multinomialNB(75.28608193509555,True)	eval_error (Negative values in data passed to MultinomialNB (input X).)	eval_error (Negative values in data passed to MultinomialNB (input X).)
robustScaler(False,False);robustScaler(False,False);adaBoost(decisionTree('entropy',7,7,0.33297797756233527,4,'None'),25,0.9291257421941627,'SAMME')	invalid_ind (duplicated operator)	invalid_ind (duplicated operator)
varianceThreshold();varianceThreshold();varianceThreshold();varianceThreshold();bernoulliNB(62.686980826808785,True)	invalid_ind (duplicated operator)	invalid_ind (duplicated operator)
fastICA(51,'deflation','unit-variance','exp');maxAbsScaler();robustScaler(True,True);fastICA(7,'parallel','unit-variance','cube');maxAbsScaler();varianceThreshold();logisticRegression('l1','saga',1000,16.14854951391938,'None')	invalid_ind (duplicated operator)	invalid_ind (duplicated operator)
nystroem('rbf',6.282217837690618,98,3,0.7931343299680971);maxAbsScaler();varianceThreshold();extraTreesClassifier(62,'gini','sqrt',12,5,False,'None')	0.3333333333333333	8.656380414962769
minMaxScaler();maxAbsScaler();selectPercentile(36.27029952852126);qda(0.32311751938124933)	0.8035836539295375	6.1617653369903564
maxAbsScaler();fastICA(11,'parallel','unit-variance','exp');minMaxScaler();minMaxScaler();adaBoost(decisionTree('entropy',28,13,0.4477453867296215,12,'None'),38,1.902739586516493,'SAMME')	invalid_ind (duplicated operator)	invalid_ind (duplicated operator)
minMaxScaler();minMaxScaler();robustScaler(False,True);nystroem('poly',6.73981210400215,78,5,-0.2644494481674715);varianceThreshold();gaussianNB(0.00586365944648733)	invalid_ind (duplicated operator)	invalid_ind (duplicated operator)
varianceThreshold();selectPercentile(23.532616542094964);nystroem('sigmoid',4.656629713872288,78,3,-0.06503028902992924);pca(0.9293557312154097,False);selectFwe(0.01171306329048771);decisionTree('entropy',13,16,0.7778103285353217,10,'None')	0.37260195622814585	8.0438814163208
minMaxScaler();pca(0.7370034193859818,True);pca(0.7315326987572575,True);robustScaler(True,False);varianceThreshold();extraTreesClassifier(69,'entropy','log2',19,2,False,'balanced')	invalid_ind (duplicated operator)	invalid_ind (duplicated operator)
maxAbsScaler();varianceThreshold();robustScaler(True,True);qda(0.5088301878465372)	0.8495944842404676	6.350286483764648
extraTreesClassifier(91,'entropy','sqrt',8,7,False,'balanced_subsample')	0.862426363274085	12.55716061592102
robustScaler(True,False);varianceThreshold();adaBoost(decisionTree('gini',9,5,0.131313347183873,5,'None'),26,0.5334912774697786,'SAMME')	0.8448405563692825	13.81473970413208
pca(0.7071723441242446,True);minMaxScaler();selectPercentile(76.86904177432002);adaBoost(decisionTree('entropy',28,9,0.8276009370306416,19,'None'),13,0.42548904503074875,'SAMME')	0.8465734364489705	16.33585023880005
maxAbsScaler();varianceThreshold();varianceThreshold();pca(0.7066327603503131,True);selectPercentile(52.572473535560945);fastICA(2,'deflation','unit-variance','exp');qda(0.04713710527610748)	invalid_ind (duplicated operator)	invalid_ind (duplicated operator)
pca(0.7844126162861844,False);pca(0.7205513760275748,False);adaBoost(decisionTree('entropy',28,12,0.2867938203820377,10,'None'),33,0.15494279835117597,'SAMME')	invalid_ind (duplicated operator)	invalid_ind (duplicated operator)
nystroem('sigmoid',2.2106474537829452,66,5,-0.07186365816035423);pca(0.6002084008710409,True);lda(0.8587736847999885,246,0.0161415339953486)	eval_error (n_components cannot be larger than min(n_features, n_classes - 1).)	eval_error (n_components cannot be larger than min(n_features, n_classes - 1).)
minMaxScaler();maxAbsScaler();pca(0.90968106321025,True);selectPercentile(96.51986805524741);nystroem('sigmoid',0.17085521007575558,59,5,0.17322624182877266);adaBoost(decisionTree('gini',2,13,0.46081784817900406,18,'None'),91,1.416073580656632,'SAMME')	0.6821842100981271	43.513691902160645
minMaxScaler();nystroem('sigmoid',0.13932962697589146,58,5,-0.5775479081083481);selectPercentile(12.52779336457872);adaBoost(decisionTree('gini',19,17,0.14619796964054443,8,'balanced'),57,0.0832370546964789,'SAMME')	0.6698872171083214	17.422850370407104
fastICA(41,'parallel','arbitrary-variance','logcosh');selectFwe(0.02526831841372631);nystroem('cosine',1.3267430144553578,97,2,-0.5264535486502138);minMaxScaler();varianceThreshold();varianceThreshold();adaBoost(decisionTree('entropy',20,9,0.17576060208656763,17,'None'),86,0.8172450800922813,'SAMME')	invalid_ind (duplicated operator)	invalid_ind (duplicated operator)
maxAbsScaler();pca(0.7747606203968,False);adaBoost(decisionTree('gini',10,2,0.8235705112332644,9,'None'),86,1.2089263684377511,'SAMME')	0.8405500191828483	69.9828748703003
varianceThreshold();adaBoost(decisionTree('entropy',8,17,0.13891719199939578,10,'None'),80,0.2419705886154548,'SAMME')	0.8489713068249823	30.637428760528564
maxAbsScaler();extraTreesClassifier(94,'entropy','log2',11,4,True,'None')	0.8643947232124921	12.742462635040283
minMaxScaler();maxAbsScaler();robustScaler(True,False);varianceThreshold();qda(0.05480254893384695)	0.85066417288185	5.608846664428711
adaBoost(decisionTree('entropy',29,20,0.22600741598132768,11,'balanced'),92,0.5473840821457541,'SAMME')	0.8552026237619483	70.83313035964966
mlpClassifier((85, 2),0.09528060055435454,0.015833460534613757,'sgd','tanh')	0.8496075121951832	127.77828121185303
fastICA(46,'deflation','arbitrary-variance','logcosh');varianceThreshold();maxAbsScaler();adaBoost(decisionTree('gini',19,13,0.8238569694362355,7,'balanced'),99,1.3131997280403833,'SAMME')	eval_timeout_error	eval_timeout_error
bernoulliNB(7.7473803445245375,True)	0.7006936620348065	5.889814138412476
minMaxScaler();robustScaler(True,True);nystroem('cosine',3.6414422968828246,51,2,0.42763404034839847);selectFwe(0.004040464196837461);maxAbsScaler();randomForest(47,'entropy',0.9363835123141007,3,20,True,'balanced')	0.749866853447849	85.84012460708618
varianceThreshold();selectFwe(0.01882471416403296);maxAbsScaler();fastICA(35,'deflation','arbitrary-variance','logcosh');selectPercentile(45.791557689978596);adaBoost(decisionTree('entropy',24,15,0.504151452822573,19,'None'),65,0.33674340719252865,'SAMME')	eval_timeout_error	eval_timeout_error
pca(0.7205513760275748,False);varianceThreshold();robustScaler(True,True);qda(0.5088301878465372)	0.8532746001341873	2.246656894683838
maxAbsScaler();lda(0.8587736847999885,168,0.04895509564563562)	eval_error (n_components cannot be larger than min(n_features, n_classes - 1).)	eval_error (n_components cannot be larger than min(n_features, n_classes - 1).)
nystroem('sigmoid',2.2106474537829452,66,5,-0.07186365816035423);pca(0.6002084008710409,True);extraTreesClassifier(94,'entropy','log2',11,4,True,'None')	0.34556374029438947	6.569416761398315
varianceThreshold();nystroem('rbf',2.7737341218725122,61,5,-0.043847257219563174);varianceThreshold();varianceThreshold();bernoulliNB(12.24537850659824,True)	invalid_ind (duplicated operator)	invalid_ind (duplicated operator)
minMaxScaler();minMaxScaler();bernoulliNB(62.686980826808785,True)	invalid_ind (duplicated operator)	invalid_ind (duplicated operator)
nystroem('rbf',6.282217837690618,98,3,0.7931343299680971);maxAbsScaler();varianceThreshold();extraTreesClassifier(62,'gini','sqrt',12,5,False,'None')	0.3333333333333333	8.390392065048218
pca(0.7844126162861844,False);maxAbsScaler();adaBoost(decisionTree('entropy',28,12,0.2867938203820377,10,'None'),33,0.15494279835117597,'SAMME')	0.8509544560396849	19.105158805847168
pca(0.7071723441242446,True);minMaxScaler();selectPercentile(76.86904177432002);adaBoost(decisionTree('entropy',28,9,0.8276009370306416,19,'None'),13,0.42548904503074875,'SAMME')	0.8465734364489705	10.78840970993042
maxAbsScaler();minMaxScaler();minMaxScaler();pca(0.8907533052867602,False);nystroem('sigmoid',2.3676461338319124,84,4,0.2672838046821482);maxAbsScaler();lda(0.7268343838605282,1,0.010305868227100022)	invalid_ind (duplicated operator)	invalid_ind (duplicated operator)
minMaxScaler();extraTreesClassifier(69,'entropy','log2',19,2,False,'balanced')	0.8573455316633449	7.306644678115845
selectPercentile(68.66612365337585);multinomialNB(0.1543284317988546,True)	eval_error (Negative values in data passed to MultinomialNB (input X).)	eval_error (Negative values in data passed to MultinomialNB (input X).)
varianceThreshold();selectFwe(0.01882471416403296);maxAbsScaler();selectFwe(0.043596603973461566);selectPercentile(45.791557689978596);adaBoost(decisionTree('entropy',24,15,0.504151452822573,19,'None'),65,0.33674340719252865,'SAMME')	invalid_ind (duplicated operator)	invalid_ind (duplicated operator)
selectPercentile(67.00640740415653);nystroem('rbf',7.926058949227791,82,3,-0.7865126050343756);fastICA(74,'parallel','unit-variance','logcosh');nystroem('poly',0.7431471479208718,86,5,0.8775295667392682);minMaxScaler();minMaxScaler();mlpClassifier((82, 19),0.06636741280111591,0.4317587470324145,'sgd','logistic')	invalid_ind (duplicated operator)	invalid_ind (duplicated operator)
maxAbsScaler();pca(0.7315326987572575,True);robustScaler(True,False);varianceThreshold();minMaxScaler();bernoulliNB(12.24537850659824,True)	0.33450859259737664	4.986794948577881
maxAbsScaler();selectPercentile(67.49729644755728);minMaxScaler();pca(0.827620118724357,False);varianceThreshold();maxAbsScaler();logisticRegression('l2','newton-cg',1000,11.788446672408776,'balanced')	invalid_ind (duplicated operator)	invalid_ind (duplicated operator)
minMaxScaler();robustScaler(True,True);nystroem('cosine',2.2106474537829452,51,5,-0.07186365816035423);selectFwe(0.004040464196837461);maxAbsScaler();randomForest(47,'entropy',0.9363835123141007,3,20,True,'balanced')	0.749866853447849	58.52881360054016
minMaxScaler();robustScaler(True,True);nystroem('cosine',3.6414422968828246,51,2,0.42763404034839847);selectFwe(0.004040464196837461);maxAbsScaler();randomForest(47,'entropy',0.9363835123141007,3,20,True,'balanced')	0.749866853447849	59.0304651260376
nystroem('sigmoid',3.6414422968828246,66,2,0.42763404034839847);pca(0.6002084008710409,True);lda(0.8587736847999885,246,0.0161415339953486)	eval_error (n_components cannot be larger than min(n_features, n_classes - 1).)	eval_error (n_components cannot be larger than min(n_features, n_classes - 1).)
pca(0.8907533052867602,False);varianceThreshold();minMaxScaler();minMaxScaler();varianceThreshold();pca(0.5604475704226722,True);mlpClassifier((45, 11),0.07999474075467382,0.5609816454564671,'adam','tanh')	invalid_ind (duplicated operator)	invalid_ind (duplicated operator)
maxAbsScaler();minMaxScaler();minMaxScaler();pca(0.8247045418937757,False);nystroem('sigmoid',2.3676461338319124,84,4,0.2672838046821482);maxAbsScaler();lda(0.7268343838605282,1,0.010305868227100022)	invalid_ind (duplicated operator)	invalid_ind (duplicated operator)
maxAbsScaler();fastICA(11,'parallel','unit-variance','exp');minMaxScaler();minMaxScaler();adaBoost(decisionTree('entropy',28,13,0.4477453867296215,12,'None'),38,1.902739586516493,'SAMME')	invalid_ind (duplicated operator)	invalid_ind (duplicated operator)
maxAbsScaler();selectPercentile(67.49729644755728);minMaxScaler();pca(0.827620118724357,False);varianceThreshold();maxAbsScaler();logisticRegression('l2','newton-cg',1000,11.788446672408776,'balanced')	invalid_ind (duplicated operator)	invalid_ind (duplicated operator)
selectFwe(0.0061175846490828115);nystroem('cosine',0.7358080773031397,25,2,-0.9506551448519158);nystroem('rbf',4.5408948995489595,87,2,-0.18617990774113924);varianceThreshold();maxAbsScaler();logisticRegression('l2','newton-cg',1000,11.788446672408776,'balanced')	invalid_ind (duplicated operator)	invalid_ind (duplicated operator)
robustScaler(False,False);robustScaler(False,False);adaBoost(decisionTree('entropy',7,7,0.33297797756233527,4,'None'),25,0.9291257421941627,'SAMME')	invalid_ind (duplicated operator)	invalid_ind (duplicated operator)
maxAbsScaler();minMaxScaler();varianceThreshold();varianceThreshold();selectFwe(0.013717875939369706);maxAbsScaler();adaBoost(decisionTree('entropy',13,6,0.5443565347702323,4,'None'),19,1.0841935221591743,'SAMME')	invalid_ind (duplicated operator)	invalid_ind (duplicated operator)
extraTreesClassifier(71,'entropy','log2',8,11,True,'balanced')	0.8519432294673098	6.954084157943726
extraTreesClassifier(91,'entropy','sqrt',8,7,False,'balanced_subsample')	0.862426363274085	cached
varianceThreshold();maxAbsScaler();varianceThreshold();minMaxScaler();minMaxScaler();adaBoost(decisionTree('gini',14,17,0.7014887154027867,7,'None'),84,1.5056805564104314,'SAMME')	invalid_ind (duplicated operator)	invalid_ind (duplicated operator)
varianceThreshold();selectFwe(0.01882471416403296);maxAbsScaler();fastICA(35,'deflation','arbitrary-variance','logcosh');selectPercentile(45.791557689978596);adaBoost(decisionTree('entropy',24,15,0.504151452822573,19,'None'),65,0.33674340719252865,'SAMME')	eval_timeout_error	eval_timeout_error
gaussianNB(0.005345998845496758)	0.8057460711361568	6.693798780441284
selectPercentile(67.00640740415653);nystroem('rbf',7.926058949227791,82,3,-0.7865126050343756);fastICA(74,'parallel','arbitrary-variance','logcosh');varianceThreshold();minMaxScaler();minMaxScaler();mlpClassifier((82, 19),0.06636741280111591,0.4317587470324145,'sgd','identity')	invalid_ind (duplicated operator)	invalid_ind (duplicated operator)
minMaxScaler();pca(0.7370034193859818,True);pca(0.7315326987572575,True);robustScaler(True,False);nystroem('poly',0.7431471479208718,86,5,0.8775295667392682);extraTreesClassifier(69,'entropy','log2',19,2,False,'balanced')	invalid_ind (duplicated operator)	invalid_ind (duplicated operator)
maxAbsScaler();pca(0.7066327603503131,False);adaBoost(decisionTree('gini',10,2,0.8235705112332644,9,'None'),86,1.2089263684377511,'SAMME')	0.8331734277909872	50.503966331481934
maxAbsScaler();varianceThreshold();varianceThreshold();varianceThreshold();pca(0.7747606203968,True);selectPercentile(52.572473535560945);fastICA(2,'deflation','unit-variance','exp');qda(0.04713710527610748)	invalid_ind (duplicated operator)	invalid_ind (duplicated operator)
nystroem('poly',0.4372353924904875,92,5,-0.3029727973927183);pca(0.6002084008710409,True);adaBoost(decisionTree('entropy',28,13,0.4477453867296215,12,'None'),38,1.902739586516493,'SAMME')	0.8317433638456029	31.060786724090576
maxAbsScaler();fastICA(11,'parallel','unit-variance','exp');minMaxScaler();minMaxScaler();lda(0.8587736847999885,246,0.0161415339953486)	invalid_ind (duplicated operator)	invalid_ind (duplicated operator)
minMaxScaler();robustScaler(True,True);nystroem('cosine',3.6414422968828246,51,2,0.42763404034839847);selectFwe(0.004040464196837461);maxAbsScaler();randomForest(47,'entropy',0.9363835123141007,3,20,True,'balanced')	0.749866853447849	79.71883749961853
minMaxScaler();robustScaler(True,True);nystroem('cosine',3.6414422968828246,51,2,0.17322624182877266);selectFwe(0.004040464196837461);maxAbsScaler();randomForest(47,'entropy',0.9363835123141007,3,20,True,'balanced')	0.749866853447849	96.92152237892151
mlpClassifier((85, 2),0.09528060055435454,0.015833460534613757,'sgd','tanh')	0.8496075121951832	100.2719886302948
minMaxScaler();maxAbsScaler();pca(0.90968106321025,True);selectPercentile(96.51986805524741);nystroem('sigmoid',0.17085521007575558,59,5,0.42763404034839847);adaBoost(decisionTree('gini',2,13,0.46081784817900406,18,'None'),91,1.416073580656632,'SAMME')	0.6708418720431725	22.66091561317444
minMaxScaler();robustScaler(True,True);nystroem('cosine',3.6414422968828246,51,2,0.17322624182877266);selectFwe(0.004040464196837461);maxAbsScaler();randomForest(47,'entropy',0.9363835123141007,3,20,True,'balanced')	0.749866853447849	cached
gaussianNB(0.005345998845496758)	0.8057460711361568	cached
selectPercentile(67.00640740415653);nystroem('rbf',2.7737341218725122,82,5,-0.043847257219563174);fastICA(74,'parallel','unit-variance','logcosh');nystroem('poly',0.7431471479208718,86,5,0.8775295667392682);minMaxScaler();minMaxScaler();mlpClassifier((82, 19),0.06636741280111591,0.4317587470324145,'sgd','logistic')	invalid_ind (duplicated operator)	invalid_ind (duplicated operator)
varianceThreshold();nystroem('rbf',7.926058949227791,61,3,-0.7865126050343756);varianceThreshold();varianceThreshold();bernoulliNB(12.24537850659824,True)	invalid_ind (duplicated operator)	invalid_ind (duplicated operator)
maxAbsScaler();minMaxScaler();minMaxScaler();pca(0.8247045418937757,False);nystroem('sigmoid',2.3676461338319124,84,4,0.2672838046821482);maxAbsScaler();lda(0.7268343838605282,1,0.010305868227100022)	invalid_ind (duplicated operator)	invalid_ind (duplicated operator)
pca(0.7844126162861844,False);maxAbsScaler();adaBoost(decisionTree('entropy',28,12,0.2867938203820377,10,'None'),33,0.15494279835117597,'SAMME')	0.8509544560396849	cached
maxAbsScaler();fastICA(11,'parallel','unit-variance','exp');minMaxScaler();minMaxScaler();adaBoost(decisionTree('entropy',28,10,0.4477453867296215,12,'None'),38,1.902739586516493,'SAMME')	invalid_ind (duplicated operator)	invalid_ind (duplicated operator)
extraTreesClassifier(91,'entropy','sqrt',8,7,False,'balanced_subsample')	0.862426363274085	6.357320308685303
minMaxScaler();pca(0.7370034193859818,True);pca(0.7315326987572575,True);robustScaler(True,False);nystroem('poly',0.7431471479208718,86,5,0.8775295667392682);adaBoost(decisionTree('gini',14,17,0.7014887154027867,7,'None'),84,1.5056805564104314,'SAMME')	invalid_ind (duplicated operator)	invalid_ind (duplicated operator)
varianceThreshold();maxAbsScaler();varianceThreshold();minMaxScaler();minMaxScaler();extraTreesClassifier(69,'entropy','log2',19,2,False,'balanced')	invalid_ind (duplicated operator)	invalid_ind (duplicated operator)
extraTreesClassifier(94,'entropy','log2',11,4,True,'None')	0.8643947232124921	7.085214614868164
randomForest(47,'entropy',0.9363835123141007,3,20,True,'balanced')	0.8330232710783353	56.01138687133789
minMaxScaler();robustScaler(True,True);nystroem('cosine',3.6414422968828246,51,2,0.42763404034839847);selectFwe(0.004040464196837461);maxAbsScaler();gaussianNB(0.005345998845496758)	0.8153623725842121	9.599839448928833
minMaxScaler();maxAbsScaler();pca(0.90968106321025,True);selectPercentile(96.51986805524741);nystroem('sigmoid',0.17085521007575558,59,5,0.42763404034839847);adaBoost(decisionTree('gini',2,13,0.46081784817900406,18,'None'),91,1.416073580656632,'SAMME')	0.6708418720431725	62.649229526519775
fastICA(87,'deflation','unit-variance','exp');extraTreesClassifier(94,'entropy','log2',11,4,True,'None')	0.8247190313878651	75.76853132247925
maxAbsScaler();maxAbsScaler();varianceThreshold();varianceThreshold();selectFwe(0.013717875939369706);maxAbsScaler();adaBoost(decisionTree('entropy',13,6,0.5443565347702323,4,'None'),19,1.0841935221591743,'SAMME')	invalid_ind (duplicated operator)	invalid_ind (duplicated operator)
maxAbsScaler();varianceThreshold();varianceThreshold();varianceThreshold();pca(0.7747606203968,True);selectPercentile(52.572473535560945);fastICA(2,'parallel','unit-variance','exp');qda(0.04713710527610748)	invalid_ind (duplicated operator)	invalid_ind (duplicated operator)
maxAbsScaler();fastICA(11,'deflation','unit-variance','exp');minMaxScaler();minMaxScaler();lda(0.8587736847999885,246,0.0161415339953486)	invalid_ind (duplicated operator)	invalid_ind (duplicated operator)
adaBoost(decisionTree('entropy',29,20,0.22600741598132768,11,'balanced'),92,1.0841935221591743,'SAMME')	0.852563647499361	78.5083920955658
maxAbsScaler();minMaxScaler();varianceThreshold();varianceThreshold();selectFwe(0.013717875939369706);maxAbsScaler();adaBoost(decisionTree('entropy',13,6,0.5443565347702323,4,'None'),19,0.5473840821457541,'SAMME')	invalid_ind (duplicated operator)	invalid_ind (duplicated operator)
varianceThreshold();selectFwe(0.01882471416403296);maxAbsScaler();selectFwe(0.043596603973461566);selectPercentile(45.791557689978596);adaBoost(decisionTree('entropy',24,15,0.504151452822573,19,'None'),65,0.33674340719252865,'SAMME')	invalid_ind (duplicated operator)	invalid_ind (duplicated operator)
maxAbsScaler();minMaxScaler();minMaxScaler();pca(0.8247045418937757,False);nystroem('sigmoid',2.3676461338319124,84,4,0.2672838046821482);maxAbsScaler();lda(0.7268343838605282,1,0.010305868227100022)	invalid_ind (duplicated operator)	invalid_ind (duplicated operator)
extraTreesClassifier(71,'entropy','log2',8,11,True,'balanced')	0.8519432294673098	11.263797521591187
maxAbsScaler();extraTreesClassifier(94,'entropy','log2',11,4,True,'None')	0.8643947232124921	cached
minMaxScaler();robustScaler(True,True);nystroem('cosine',3.6414422968828246,51,2,0.17322624182877266);selectFwe(0.004040464196837461);maxAbsScaler();randomForest(47,'entropy',0.9363835123141007,3,20,True,'balanced')	0.749866853447849	cached
maxAbsScaler();fastICA(11,'parallel','unit-variance','exp');minMaxScaler();minMaxScaler();lda(0.8587736847999885,246,0.0161415339953486)	invalid_ind (duplicated operator)	invalid_ind (duplicated operator)
selectPercentile(68.66612365337585);multinomialNB(0.1543284317988546,True)	eval_error (Negative values in data passed to MultinomialNB (input X).)	eval_error (Negative values in data passed to MultinomialNB (input X).)
maxAbsScaler();fastICA(11,'parallel','unit-variance','exp');minMaxScaler();minMaxScaler();adaBoost(decisionTree('entropy',28,13,0.4477453867296215,12,'None'),38,1.902739586516493,'SAMME')	invalid_ind (duplicated operator)	invalid_ind (duplicated operator)
maxAbsScaler();selectPercentile(67.49729644755728);minMaxScaler();pca(0.827620118724357,False);varianceThreshold();maxAbsScaler();logisticRegression('l2','newton-cg',1000,11.788446672408776,'balanced')	invalid_ind (duplicated operator)	invalid_ind (duplicated operator)
nystroem('poly',0.7747775768274597,40,3,0.35254713681161953);pca(0.6774394769110994,True);pca(0.9434688046691793,True);minMaxScaler();adaBoost(decisionTree('gini',9,19,0.06828452541720398,8,'None'),45,1.3052159313566782,'SAMME')	invalid_ind (duplicated operator)	invalid_ind (duplicated operator)
minMaxScaler();maxAbsScaler();robustScaler(True,False);varianceThreshold();qda(0.05480254893384695)	0.85066417288185	5.19378399848938
varianceThreshold();nystroem('rbf',2.7737341218725122,61,5,-0.043847257219563174);varianceThreshold();maxAbsScaler();bernoulliNB(12.24537850659824,True)	invalid_ind (duplicated operator)	invalid_ind (duplicated operator)
minMaxScaler();extraTreesClassifier(69,'entropy','log2',19,2,True,'balanced')	0.8627487951594214	10.247013330459595
adaBoost(decisionTree('entropy',3,8,0.37762108186515875,4,'balanced'),38,1.902739586516493,'SAMME')	0.7843798818417297	24.84126377105713
maxAbsScaler();fastICA(11,'parallel','unit-variance','exp');minMaxScaler();minMaxScaler();gaussianNB(0.005345998845496758)	invalid_ind (duplicated operator)	invalid_ind (duplicated operator)
extraTreesClassifier(91,'entropy','sqrt',8,7,False,'balanced_subsample')	0.862426363274085	13.385077953338623
extraTreesClassifier(71,'entropy','log2',8,11,False,'balanced')	0.8528024636014695	9.269293069839478
nystroem('poly',0.4372353924904875,92,5,-0.3029727973927183);pca(0.6002084008710409,True);adaBoost(decisionTree('entropy',28,13,0.4477453867296215,12,'None'),38,1.902739586516493,'SAMME')	0.8317433638456029	22.266066074371338
maxAbsScaler();mlpClassifier((85, 2),0.09528060055435454,0.015833460534613757,'sgd','tanh')	0.8614539906036119	117.20267391204834
varianceThreshold();pca(0.7066327603503131,False);adaBoost(decisionTree('gini',10,2,0.8235705112332644,9,'None'),86,1.2089263684377511,'SAMME')	0.856245785010676	43.88820934295654
maxAbsScaler();varianceThreshold();varianceThreshold();varianceThreshold();pca(0.7747606203968,True);selectPercentile(52.572473535560945);fastICA(11,'parallel','unit-variance','exp');qda(0.04713710527610748)	invalid_ind (duplicated operator)	invalid_ind (duplicated operator)
maxAbsScaler();fastICA(2,'parallel','unit-variance','exp');minMaxScaler();minMaxScaler();gaussianNB(0.005345998845496758)	invalid_ind (duplicated operator)	invalid_ind (duplicated operator)
extraTreesClassifier(71,'entropy','log2',8,11,True,'balanced')	0.8519432294673098	cached
maxAbsScaler();extraTreesClassifier(94,'entropy','log2',11,4,True,'None')	0.8643947232124921	cached
extraTreesClassifier(91,'entropy','sqrt',8,7,False,'balanced_subsample')	0.862426363274085	cached
maxAbsScaler();fastICA(11,'parallel','unit-variance','exp');minMaxScaler();minMaxScaler();gaussianNB(0.005345998845496758)	invalid_ind (duplicated operator)	invalid_ind (duplicated operator)
nystroem('poly',0.7747775768274597,40,3,0.2672838046821482);pca(0.6774394769110994,True);pca(0.9434688046691793,True);minMaxScaler();adaBoost(decisionTree('gini',9,19,0.06828452541720398,8,'None'),45,1.3052159313566782,'SAMME')	invalid_ind (duplicated operator)	invalid_ind (duplicated operator)
maxAbsScaler();minMaxScaler();minMaxScaler();pca(0.8247045418937757,False);nystroem('sigmoid',2.3676461338319124,84,4,0.35254713681161953);maxAbsScaler();lda(0.7268343838605282,1,0.010305868227100022)	invalid_ind (duplicated operator)	invalid_ind (duplicated operator)
maxAbsScaler();selectPercentile(67.49729644755728);minMaxScaler();pca(0.827620118724357,False);varianceThreshold();minMaxScaler();logisticRegression('l2','newton-cg',1000,11.788446672408776,'balanced')	invalid_ind (duplicated operator)	invalid_ind (duplicated operator)
minMaxScaler();robustScaler(True,True);nystroem('cosine',3.6414422968828246,51,2,0.17322624182877266);selectFwe(0.004040464196837461);maxAbsScaler();randomForest(47,'entropy',0.9363835123141007,3,20,True,'balanced')	0.749866853447849	cached
maxAbsScaler();varianceThreshold();varianceThreshold();varianceThreshold();pca(0.7747606203968,True);selectPercentile(52.572473535560945);fastICA(2,'parallel','unit-variance','exp');qda(0.04713710527610748)	invalid_ind (duplicated operator)	invalid_ind (duplicated operator)
maxAbsScaler();minMaxScaler();minMaxScaler();pca(0.9216324643727707,False);nystroem('sigmoid',1.2982430494117996,84,4,0.2672838046821482);maxAbsScaler();lda(0.7268343838605282,64,0.010305868227100022)	invalid_ind (duplicated operator)	invalid_ind (duplicated operator)
selectPercentile(68.66612365337585);multinomialNB(0.1543284317988546,True)	eval_error (Negative values in data passed to MultinomialNB (input X).)	eval_error (Negative values in data passed to MultinomialNB (input X).)
varianceThreshold();nystroem('rbf',7.926058949227791,61,3,-0.7865126050343756);varianceThreshold();varianceThreshold();bernoulliNB(12.24537850659824,True)	invalid_ind (duplicated operator)	invalid_ind (duplicated operator)
pca(0.7205513760275748,False);varianceThreshold();robustScaler(True,True);qda(0.5088301878465372)	0.8532746001341873	3.0444798469543457
extraTreesClassifier(71,'entropy','log2',8,11,False,'balanced')	0.8528024636014695	3.7883057594299316
maxAbsScaler();extraTreesClassifier(46,'entropy','sqrt',6,19,True,'balanced')	0.8468612486551128	4.147616147994995
extraTreesClassifier(91,'entropy','sqrt',8,7,False,'balanced_subsample')	0.862426363274085	cached
randomForest(47,'entropy',0.9363835123141007,3,20,True,'balanced')	0.8330232710783353	cached
nystroem('poly',0.7747775768274597,40,3,0.35254713681161953);pca(0.6774394769110994,True);pca(0.9434688046691793,True);minMaxScaler();adaBoost(decisionTree('gini',9,19,0.06828452541720398,8,'None'),45,1.3052159313566782,'SAMME')	invalid_ind (duplicated operator)	invalid_ind (duplicated operator)
maxAbsScaler();minMaxScaler();varianceThreshold();varianceThreshold();selectFwe(0.013717875939369706);maxAbsScaler();adaBoost(decisionTree('entropy',13,6,0.5443565347702323,4,'None'),19,0.5473840821457541,'SAMME')	invalid_ind (duplicated operator)	invalid_ind (duplicated operator)
varianceThreshold();nystroem('rbf',2.7737341218725122,61,5,-0.043847257219563174);varianceThreshold();maxAbsScaler();extraTreesClassifier(94,'entropy','log2',11,4,True,'None')	invalid_ind (duplicated operator)	invalid_ind (duplicated operator)
bernoulliNB(12.24537850659824,True)	0.7009683361424373	2.5146656036376953
maxAbsScaler();varianceThreshold();varianceThreshold();varianceThreshold();pca(0.7747606203968,True);selectPercentile(52.572473535560945);fastICA(2,'parallel','unit-variance','exp');qda(0.04713710527610748)	invalid_ind (duplicated operator)	invalid_ind (duplicated operator)
maxAbsScaler();extraTreesClassifier(85,'entropy','log2',18,18,False,'balanced_subsample')	0.8527512623041045	4.746597766876221
maxAbsScaler();minMaxScaler();minMaxScaler();pca(0.8247045418937757,False);nystroem('sigmoid',2.3676461338319124,84,4,0.2672838046821482);maxAbsScaler();lda(0.7268343838605282,1,0.010305868227100022)	invalid_ind (duplicated operator)	invalid_ind (duplicated operator)
adaBoost(decisionTree('gini',3,8,0.37762108186515875,4,'None'),86,1.2089263684377511,'SAMME')	0.8374470629327604	14.058754205703735
extraTreesClassifier(94,'entropy','log2',11,4,True,'None')	0.8643947232124921	8.913277864456177
maxAbsScaler();selectPercentile(67.49729644755728);minMaxScaler();pca(0.827620118724357,True);varianceThreshold();maxAbsScaler();logisticRegression('l2','newton-cg',1000,18.531073920463644,'balanced')	invalid_ind (duplicated operator)	invalid_ind (duplicated operator)
extraTreesClassifier(91,'entropy','sqrt',8,7,False,'balanced_subsample')	0.862426363274085	12.569204330444336
pca(0.827620118724357,False);fastICA(11,'parallel','unit-variance','exp');minMaxScaler();minMaxScaler();adaBoost(decisionTree('entropy',26,4,0.9000932277541993,4,'None'),21,1.383199379410852,'SAMME')	invalid_ind (duplicated operator)	invalid_ind (duplicated operator)
maxAbsScaler();selectPercentile(67.49729644755728);minMaxScaler();maxAbsScaler();varianceThreshold();maxAbsScaler();logisticRegression('l2','newton-cg',1000,11.788446672408776,'balanced')	invalid_ind (duplicated operator)	invalid_ind (duplicated operator)
robustScaler(True,True);minMaxScaler();varianceThreshold();varianceThreshold();selectFwe(0.013717875939369706);maxAbsScaler();extraTreesClassifier(94,'entropy','log2',11,4,True,'None')	invalid_ind (duplicated operator)	invalid_ind (duplicated operator)
extraTreesClassifier(49,'entropy','log2',4,14,False,'None')	0.852129630509826	10.185574054718018
selectPercentile(44.726586217832384);minMaxScaler();nystroem('cosine',1.3124753366259614,50,3,0.7838633201904741);maxAbsScaler();adaBoost(decisionTree('gini',16,19,0.30454760510256995,15,'None'),74,0.1251981815079267,'SAMME')	0.850256618780034	44.15784001350403
adaBoost(decisionTree('entropy',13,6,0.5443565347702323,4,'None'),19,0.5473840821457541,'SAMME')	0.8323900854528216	29.763076782226562
varianceThreshold();pca(0.9017837325497156,False);adaBoost(decisionTree('gini',10,2,0.8235705112332644,9,'balanced'),38,1.902739586516493,'SAMME')	0.8446462993845539	44.569267988204956
minMaxScaler();adaBoost(decisionTree('entropy',26,9,0.07575759043768693,6,'None'),84,1.5056805564104314,'SAMME')	0.8366368332607175	27.29754948616028
maxAbsScaler();mlpClassifier((85, 2),0.09528060055435454,0.015833460534613757,'sgd','tanh')	0.8614539906036119	76.11611104011536
extraTreesClassifier(91,'entropy','sqrt',8,7,False,'balanced_subsample')	0.862426363274085	3.444505214691162
maxAbsScaler();minMaxScaler();varianceThreshold();varianceThreshold();selectFwe(0.013717875939369706);maxAbsScaler();adaBoost(decisionTree('entropy',13,6,0.5443565347702323,4,'None'),19,0.5473840821457541,'SAMME')	invalid_ind (duplicated operator)	invalid_ind (duplicated operator)
maxAbsScaler();varianceThreshold();varianceThreshold();varianceThreshold();pca(0.7747606203968,True);selectPercentile(52.572473535560945);fastICA(2,'parallel','unit-variance','exp');qda(0.04713710527610748)	invalid_ind (duplicated operator)	invalid_ind (duplicated operator)
maxAbsScaler();varianceThreshold();varianceThreshold();varianceThreshold();pca(0.7747606203968,True);selectPercentile(52.572473535560945);fastICA(2,'parallel','unit-variance','exp');qda(0.04713710527610748)	invalid_ind (duplicated operator)	invalid_ind (duplicated operator)
maxAbsScaler();extraTreesClassifier(85,'entropy','log2',18,18,False,'balanced_subsample')	0.8527512623041045	cached
minMaxScaler();robustScaler(True,True);nystroem('cosine',3.6414422968828246,51,2,0.17322624182877266);selectFwe(0.004040464196837461);maxAbsScaler();randomForest(47,'entropy',0.9363835123141007,3,20,True,'balanced')	0.749866853447849	cached
varianceThreshold();pca(0.9017837325497156,False);adaBoost(decisionTree('gini',10,2,0.8235705112332644,9,'balanced'),38,1.902739586516493,'SAMME')	0.8446462993845539	cached
maxAbsScaler();extraTreesClassifier(85,'entropy','log2',18,18,False,'balanced_subsample')	0.8527512623041045	cached
minMaxScaler();qda(0.5088301878465372)	0.8029574444682137	2.2080302238464355
minMaxScaler();extraTreesClassifier(69,'entropy','log2',19,2,True,'balanced')	0.8627487951594214	3.619650363922119
minMaxScaler();extraTreesClassifier(69,'entropy','log2',19,2,True,'balanced')	0.8627487951594214	4.232873201370239
maxAbsScaler();varianceThreshold();varianceThreshold();varianceThreshold();pca(0.7205513760275748,False);selectPercentile(52.572473535560945);fastICA(2,'parallel','unit-variance','exp');qda(0.04713710527610748)	invalid_ind (duplicated operator)	invalid_ind (duplicated operator)
pca(0.7747606203968,True);varianceThreshold();robustScaler(True,True);qda(0.5088301878465372)	0.8435549328265853	2.9753577709198
pca(0.7205513760275748,False);varianceThreshold();robustScaler(True,True);adaBoost(decisionTree('entropy',26,9,0.07575759043768693,6,'None'),84,1.5056805564104314,'SAMME')	0.8168080360315677	10.25033974647522
extraTreesClassifier(91,'entropy','sqrt',8,7,False,'balanced_subsample')	0.862426363274085	6.033044815063477
adaBoost(decisionTree('entropy',26,6,0.07575759043768693,4,'None'),84,1.5056805564104314,'SAMME')	0.8441379381044885	15.117709636688232
selectPercentile(44.726586217832384);minMaxScaler();nystroem('cosine',1.3124753366259614,50,3,0.7838633201904741);varianceThreshold();adaBoost(decisionTree('gini',16,19,0.30454760510256995,15,'None'),74,0.1251981815079267,'SAMME')	0.8508476951380664	26.702614068984985
robustScaler(True,True);minMaxScaler();varianceThreshold();maxAbsScaler();selectFwe(0.013717875939369706);maxAbsScaler();extraTreesClassifier(94,'entropy','log2',11,4,True,'None')	invalid_ind (duplicated operator)	invalid_ind (duplicated operator)
selectPercentile(44.726586217832384);minMaxScaler();nystroem('cosine',1.3124753366259614,50,3,0.7838633201904741);maxAbsScaler();adaBoost(decisionTree('gini',16,19,0.30454760510256995,15,'None'),74,0.1251981815079267,'SAMME')	0.850256618780034	26.57902956008911
maxAbsScaler();selectPercentile(67.49729644755728);nystroem('cosine',3.6414422968828246,51,2,0.17322624182877266);maxAbsScaler();varianceThreshold();maxAbsScaler();logisticRegression('l2','newton-cg',1000,11.788446672408776,'balanced')	invalid_ind (duplicated operator)	invalid_ind (duplicated operator)
minMaxScaler();robustScaler(True,True);minMaxScaler();selectFwe(0.004040464196837461);maxAbsScaler();randomForest(47,'entropy',0.9363835123141007,3,20,True,'balanced')	invalid_ind (duplicated operator)	invalid_ind (duplicated operator)
maxAbsScaler();minMaxScaler();varianceThreshold();varianceThreshold();selectFwe(0.013717875939369706);maxAbsScaler();adaBoost(decisionTree('entropy',3,10,0.07474277911058336,8,'None'),12,1.2844528104504822,'SAMME')	invalid_ind (duplicated operator)	invalid_ind (duplicated operator)
maxAbsScaler();minMaxScaler();varianceThreshold();varianceThreshold();selectFwe(0.013717875939369706);maxAbsScaler();adaBoost(decisionTree('entropy',13,6,0.5443565347702323,4,'None'),19,0.5473840821457541,'SAMME')	invalid_ind (duplicated operator)	invalid_ind (duplicated operator)
extraTreesClassifier(49,'entropy','log2',4,14,False,'None')	0.852129630509826	3.3979084491729736
extraTreesClassifier(94,'entropy','sqrt',8,7,False,'balanced_subsample')	0.8638682605466258	5.044233798980713
adaBoost(decisionTree('entropy',13,6,0.5443565347702323,4,'None'),19,0.5473840821457541,'SAMME')	0.8323900854528216	13.953379154205322
minMaxScaler();extraTreesClassifier(69,'entropy','log2',19,2,True,'balanced')	0.8627487951594214	4.451166152954102
minMaxScaler();adaBoost(decisionTree('entropy',13,9,0.5443565347702323,6,'None'),19,0.5473840821457541,'SAMME')	0.840235128866247	14.54971170425415
extraTreesClassifier(71,'entropy','log2',8,11,True,'balanced')	0.8519432294673098	4.4317028522491455
extraTreesClassifier(91,'entropy','log2',11,4,True,'None')	0.8649620144907368	6.007201910018921
pca(0.827620118724357,False);fastICA(11,'parallel','unit-variance','exp');minMaxScaler();minMaxScaler();adaBoost(decisionTree('entropy',26,4,0.9000932277541993,4,'None'),21,1.383199379410852,'SAMME')	invalid_ind (duplicated operator)	invalid_ind (duplicated operator)
adaBoost(decisionTree('gini',28,8,0.37762108186515875,4,'None'),86,1.5098177875070173,'SAMME')	0.8555133494198834	44.28074240684509
varianceThreshold();nystroem('rbf',2.7737341218725122,61,4,-0.043847257219563174);varianceThreshold();maxAbsScaler();extraTreesClassifier(94,'entropy','log2',11,4,True,'None')	invalid_ind (duplicated operator)	invalid_ind (duplicated operator)
minMaxScaler();adaBoost(decisionTree('entropy',26,9,0.07575759043768693,6,'None'),84,1.5056805564104314,'SAMME')	0.8366368332607175	27.002018690109253
extraTreesClassifier(94,'entropy','log2',11,4,True,'None')	0.8643947232124921	11.49958086013794
randomForest(47,'entropy',0.9363835123141007,3,20,True,'balanced')	0.8330232710783353	41.54061198234558
minMaxScaler();adaBoost(decisionTree('entropy',26,9,0.07575759043768693,6,'None'),84,1.5056805564104314,'SAMME')	0.8366368332607175	31.626497507095337
selectPercentile(44.726586217832384);minMaxScaler();nystroem('cosine',2.3676461338319124,50,4,0.2672838046821482);maxAbsScaler();adaBoost(decisionTree('gini',16,19,0.30454760510256995,15,'None'),74,0.1251981815079267,'SAMME')	0.850256618780034	45.948198080062866
maxAbsScaler();minMaxScaler();minMaxScaler();pca(0.8247045418937757,False);nystroem('sigmoid',0.7518238633799748,78,3,0.7838633201904741);maxAbsScaler();lda(0.7268343838605282,232,0.08608877031842796)	invalid_ind (duplicated operator)	invalid_ind (duplicated operator)
maxAbsScaler();extraTreesClassifier(85,'entropy','log2',18,18,True,'None')	0.8409265142940411	8.676337957382202
maxAbsScaler();mlpClassifier((85, 2),0.09528060055435454,0.015833460534613757,'sgd','tanh')	0.8614539906036119	70.40100359916687
maxAbsScaler();minMaxScaler();minMaxScaler();pca(0.8247045418937757,False);nystroem('sigmoid',0.7518238633799748,78,3,0.7838633201904741);maxAbsScaler();lda(0.7268343838605282,232,0.08608877031842796)	invalid_ind (duplicated operator)	invalid_ind (duplicated operator)
extraTreesClassifier(94,'entropy','sqrt',8,7,False,'balanced_subsample')	0.8638682605466258	cached
maxAbsScaler();minMaxScaler();varianceThreshold();varianceThreshold();selectFwe(0.013717875939369706);maxAbsScaler();adaBoost(decisionTree('entropy',13,6,0.5443565347702323,4,'None'),19,0.5473840821457541,'SAMME')	invalid_ind (duplicated operator)	invalid_ind (duplicated operator)
maxAbsScaler();varianceThreshold();varianceThreshold();varianceThreshold();pca(0.7747606203968,True);selectPercentile(52.572473535560945);fastICA(2,'parallel','unit-variance','exp');qda(0.04713710527610748)	invalid_ind (duplicated operator)	invalid_ind (duplicated operator)
minMaxScaler();robustScaler(True,True);nystroem('cosine',3.6414422968828246,51,2,0.17322624182877266);maxAbsScaler();maxAbsScaler();randomForest(47,'entropy',0.9363835123141007,3,20,True,'balanced')	invalid_ind (duplicated operator)	invalid_ind (duplicated operator)
selectFwe(0.004040464196837461);extraTreesClassifier(85,'entropy','log2',18,18,False,'balanced_subsample')	0.8596085268718202	6.259568929672241
maxAbsScaler();extraTreesClassifier(85,'entropy','log2',18,18,False,'balanced_subsample')	0.8527512623041045	7.607825040817261
maxAbsScaler();extraTreesClassifier(85,'entropy','log2',18,18,False,'balanced_subsample')	0.8527512623041045	7.990983724594116
maxAbsScaler();varianceThreshold();selectFwe(0.013717875939369706);maxAbsScaler();adaBoost(decisionTree('entropy',3,10,0.07474277911058336,8,'None'),12,1.2844528104504822,'SAMME')	invalid_ind (duplicated operator)	invalid_ind (duplicated operator)
minMaxScaler();extraTreesClassifier(69,'entropy','log2',19,2,True,'balanced')	0.8627487951594214	9.704917907714844
selectPercentile(49.20293588173926);minMaxScaler();varianceThreshold();extraTreesClassifier(85,'entropy','log2',18,18,False,'balanced_subsample')	0.8607577861728697	8.816581726074219
selectPercentile(44.726586217832384);minMaxScaler();nystroem('cosine',1.3124753366259614,50,3,0.7838633201904741);varianceThreshold();adaBoost(decisionTree('gini',16,19,0.30454760510256995,15,'None'),74,0.1251981815079267,'SAMME')	0.8508476951380664	48.171074628829956
minMaxScaler();extraTreesClassifier(69,'entropy','log2',19,2,True,'balanced')	0.8627487951594214	10.6436128616333
selectPercentile(44.726586217832384);minMaxScaler();nystroem('cosine',1.3124753366259614,50,3,0.7838633201904741);varianceThreshold();adaBoost(decisionTree('gini',16,19,0.30454760510256995,15,'None'),74,0.1251981815079267,'SAMME')	0.8508476951380664	51.81334066390991
minMaxScaler();extraTreesClassifier(69,'entropy','log2',19,4,True,'None')	0.8572551824500353	9.501377820968628
robustScaler(True,True);minMaxScaler();varianceThreshold();maxAbsScaler();selectFwe(0.013717875939369706);maxAbsScaler();extraTreesClassifier(94,'entropy','log2',11,2,True,'balanced')	invalid_ind (duplicated operator)	invalid_ind (duplicated operator)
varianceThreshold();pca(0.9017837325497156,False);adaBoost(decisionTree('gini',10,2,0.8235705112332644,9,'balanced'),38,1.902739586516493,'SAMME')	0.8446462993845539	52.933454275131226
maxAbsScaler();minMaxScaler();varianceThreshold();varianceThreshold();selectFwe(0.013717875939369706);maxAbsScaler();extraTreesClassifier(91,'entropy','log2',11,4,True,'None')	invalid_ind (duplicated operator)	invalid_ind (duplicated operator)
selectPercentile(44.726586217832384);minMaxScaler();nystroem('cosine',1.3124753366259614,50,4,-0.043847257219563174);maxAbsScaler();adaBoost(decisionTree('gini',16,19,0.30454760510256995,15,'None'),74,0.1251981815079267,'SAMME')	0.850256618780034	53.06952881813049
varianceThreshold();nystroem('rbf',2.7737341218725122,61,3,0.7838633201904741);varianceThreshold();maxAbsScaler();extraTreesClassifier(94,'entropy','log2',11,4,True,'None')	invalid_ind (duplicated operator)	invalid_ind (duplicated operator)
maxAbsScaler();extraTreesClassifier(85,'entropy','log2',18,18,True,'None')	0.8409265142940411	11.951139688491821
extraTreesClassifier(91,'entropy','log2',18,18,False,'balanced_subsample')	0.8535987504933648	15.616019487380981
nystroem('sigmoid',1.2870909742600969,14,2,-0.30134691792159796);varianceThreshold();nystroem('sigmoid',0.19320603888240934,23,3,-0.09178138919827772);pca(0.6395579957984507,True);extraTreesClassifier(85,'entropy','log2',11,4,True,'None')	invalid_ind (duplicated operator)	invalid_ind (duplicated operator)
extraTreesClassifier(91,'entropy','log2',11,4,True,'None')	0.8649620144907368	18.938860177993774
pca(0.7205513760275748,False);varianceThreshold();robustScaler(True,True);qda(0.1587944467199145)	0.8450436452906454	11.010712385177612
maxAbsScaler();minMaxScaler();varianceThreshold();varianceThreshold();selectFwe(0.013717875939369706);maxAbsScaler();adaBoost(decisionTree('entropy',3,10,0.07474277911058336,8,'None'),12,1.2844528104504822,'SAMME')	invalid_ind (duplicated operator)	invalid_ind (duplicated operator)
minMaxScaler();extraTreesClassifier(69,'entropy','log2',19,2,True,'balanced')	0.8627487951594214	cached
extraTreesClassifier(71,'entropy','log2',8,11,True,'balanced')	0.8519432294673098	cached
minMaxScaler();extraTreesClassifier(69,'entropy','log2',19,2,True,'balanced')	0.8627487951594214	14.469286680221558
minMaxScaler();robustScaler(True,True);minMaxScaler();selectFwe(0.004040464196837461);maxAbsScaler();randomForest(47,'entropy',0.9363835123141007,3,20,True,'balanced')	invalid_ind (duplicated operator)	invalid_ind (duplicated operator)
minMaxScaler();extraTreesClassifier(69,'entropy','log2',19,2,True,'balanced')	0.8627487951594214	cached
extraTreesClassifier(91,'entropy','log2',11,4,True,'None')	0.8649620144907368	cached
robustScaler(False,False);minMaxScaler();varianceThreshold();maxAbsScaler();selectFwe(0.03479051109603893);maxAbsScaler();extraTreesClassifier(94,'entropy','log2',11,4,True,'None')	invalid_ind (duplicated operator)	invalid_ind (duplicated operator)
maxAbsScaler();minMaxScaler();varianceThreshold();varianceThreshold();selectFwe(0.013717875939369706);maxAbsScaler();adaBoost(decisionTree('entropy',3,10,0.07474277911058336,8,'None'),12,1.2844528104504822,'SAMME')	invalid_ind (duplicated operator)	invalid_ind (duplicated operator)
extraTreesClassifier(94,'entropy','sqrt',8,7,False,'balanced_subsample')	0.8638682605466258	21.850917100906372
adaBoost(decisionTree('entropy',13,6,0.5443565347702323,4,'None'),19,0.5473840821457541,'SAMME')	0.8323900854528216	44.8040714263916
maxAbsScaler();mlpClassifier((85, 2),0.09528060055435454,0.015833460534613757,'sgd','tanh')	0.8614539906036119	125.46953201293945
varianceThreshold();extraTreesClassifier(85,'entropy','log2',18,18,False,'balanced_subsample')	0.8527512623041045	8.40120005607605
varianceThreshold();pca(0.9017837325497156,False);mlpClassifier((85, 2),0.09528060055435454,0.015833460534613757,'sgd','tanh')	0.8472681722620707	83.6723690032959
maxAbsScaler();adaBoost(decisionTree('gini',10,2,0.8235705112332644,9,'balanced'),38,1.902739586516493,'SAMME')	0.8366791856449183	12.96865463256836
maxAbsScaler();extraTreesClassifier(85,'entropy','log2',18,18,False,'balanced_subsample')	0.8527512623041045	cached
selectFwe(0.004040464196837461);extraTreesClassifier(85,'entropy','log2',18,18,False,'balanced_subsample')	0.8596085268718202	cached
robustScaler(True,True);minMaxScaler();varianceThreshold();maxAbsScaler();selectFwe(0.013717875939369706);maxAbsScaler();extraTreesClassifier(94,'entropy','log2',11,2,True,'balanced')	invalid_ind (duplicated operator)	invalid_ind (duplicated operator)
robustScaler(False,False);minMaxScaler();varianceThreshold();maxAbsScaler();selectFwe(0.03479051109603893);maxAbsScaler();extraTreesClassifier(94,'entropy','log2',11,4,True,'None')	invalid_ind (duplicated operator)	invalid_ind (duplicated operator)
minMaxScaler();extraTreesClassifier(69,'entropy','log2',19,2,True,'balanced')	0.8627487951594214	cached
maxAbsScaler();extraTreesClassifier(85,'entropy','log2',18,18,False,'balanced_subsample')	0.8527512623041045	cached
minMaxScaler();extraTreesClassifier(69,'entropy','log2',19,2,True,'balanced')	0.8627487951594214	cached
minMaxScaler();extraTreesClassifier(69,'entropy','log2',19,2,True,'balanced')	0.8627487951594214	cached
minMaxScaler();extraTreesClassifier(69,'entropy','log2',19,2,True,'balanced')	0.8627487951594214	cached
extraTreesClassifier(94,'entropy','log2',11,4,True,'None')	0.8643947232124921	cached
adaBoost(decisionTree('gini',18,5,0.011071660849070963,12,'balanced'),10,0.43100926867376665,'SAMME')	0.7490288345506326	4.199722528457642
selectPercentile(49.20293588173926);minMaxScaler();varianceThreshold();extraTreesClassifier(85,'entropy','sqrt',8,7,False,'balanced_subsample')	0.8612809468070063	6.096758842468262
extraTreesClassifier(91,'entropy','log2',11,4,False,'balanced_subsample')	0.8650180077626043	7.093564748764038
minMaxScaler();extraTreesClassifier(69,'entropy','log2',19,18,False,'balanced_subsample')	0.848750533857167	12.217520713806152
extraTreesClassifier(91,'entropy','log2',18,18,False,'balanced_subsample')	0.8535987504933648	cached
maxAbsScaler();extraTreesClassifier(85,'entropy','log2',18,18,False,'balanced_subsample')	0.8527512623041045	cached
extraTreesClassifier(94,'entropy','log2',18,18,False,'balanced_subsample')	0.8515846690663069	12.157315015792847
minMaxScaler();extraTreesClassifier(69,'entropy','log2',19,2,True,'balanced')	0.8627487951594214	cached
minMaxScaler();extraTreesClassifier(69,'entropy','log2',19,2,True,'balanced')	0.8627487951594214	cached
extraTreesClassifier(91,'entropy','log2',18,18,True,'None')	0.8389945889149055	13.09568166732788
maxAbsScaler();extraTreesClassifier(85,'entropy','log2',18,18,False,'balanced_subsample')	0.8527512623041045	11.976128578186035
minMaxScaler();extraTreesClassifier(69,'entropy','sqrt',8,7,False,'balanced_subsample')	0.8641662774250619	12.129363298416138
selectFwe(0.004040464196837461);extraTreesClassifier(85,'entropy','log2',11,4,True,'None')	0.8607261005934299	13.665461301803589
extraTreesClassifier(91,'entropy','log2',18,18,False,'balanced_subsample')	0.8535987504933648	11.555101156234741
extraTreesClassifier(94,'entropy','log2',19,4,True,'None')	0.8629604360354464	14.957370519638062
extraTreesClassifier(94,'entropy','sqrt',8,7,True,'balanced_subsample')	0.8619117448436114	17.09051012992859
extraTreesClassifier(21,'gini','log2',9,14,True,'None')	0.8418607004849635	9.274504661560059
robustScaler(False,False);minMaxScaler();varianceThreshold();maxAbsScaler();selectFwe(0.03479051109603893);maxAbsScaler();extraTreesClassifier(94,'entropy','log2',11,4,True,'None')	invalid_ind (duplicated operator)	invalid_ind (duplicated operator)
maxAbsScaler();varianceThreshold();varianceThreshold();varianceThreshold();pca(0.7747606203968,True);minMaxScaler();fastICA(2,'parallel','unit-variance','exp');qda(0.04713710527610748)	invalid_ind (duplicated operator)	invalid_ind (duplicated operator)
robustScaler(False,False);minMaxScaler();varianceThreshold();pca(0.9116717919963409,True);selectFwe(0.03479051109603893);maxAbsScaler();extraTreesClassifier(94,'entropy','log2',11,4,True,'None')	0.8706588453082642	12.86143970489502
extraTreesClassifier(91,'entropy','log2',11,4,True,'None')	0.8649620144907368	cached
selectPercentile(52.572473535560945);extraTreesClassifier(69,'entropy','log2',19,2,True,'balanced')	0.8652793138630205	11.302615880966187
minMaxScaler();extraTreesClassifier(69,'entropy','log2',19,2,True,'None')	0.8586884756076218	11.904428482055664
robustScaler(False,False);minMaxScaler();varianceThreshold();maxAbsScaler();selectFwe(0.03479051109603893);maxAbsScaler();extraTreesClassifier(94,'entropy','log2',11,4,True,'balanced')	invalid_ind (duplicated operator)	invalid_ind (duplicated operator)
fastICA(71,'parallel','arbitrary-variance','exp');minMaxScaler();mlpClassifier((19, 12),0.05990365822686672,0.3313290007190651,'lbfgs','relu')	0.871926946247575	90.75836086273193
nystroem('sigmoid',1.2870909742600969,14,2,-0.30134691792159796);varianceThreshold();nystroem('sigmoid',0.19320603888240934,23,3,-0.09178138919827772);pca(0.6395579957984507,True);extraTreesClassifier(85,'entropy','log2',11,4,True,'None')	invalid_ind (duplicated operator)	invalid_ind (duplicated operator)
adaBoost(decisionTree('gini',12,2,0.6776659433473088,1,'balanced'),73,1.6443396915845625,'SAMME')	0.8498335667721229	93.86701774597168
maxAbsScaler();extraTreesClassifier(85,'entropy','log2',18,18,True,'balanced_subsample')	0.8421678424953125	3.190495729446411
maxAbsScaler();adaBoost(decisionTree('gini',14,3,0.8669166801761661,14,'None'),98,0.2185021967142961,'SAMME')	0.852642127530566	63.89769983291626
nystroem('sigmoid',1.2870909742600969,14,2,-0.30134691792159796);varianceThreshold();nystroem('sigmoid',0.19320603888240934,23,3,-0.09178138919827772);pca(0.6395579957984507,True);extraTreesClassifier(85,'entropy','log2',11,4,True,'None')	invalid_ind (duplicated operator)	invalid_ind (duplicated operator)
robustScaler(False,False);robustScaler(True,True);varianceThreshold();maxAbsScaler();selectFwe(0.03479051109603893);maxAbsScaler();extraTreesClassifier(94,'entropy','sqrt',8,7,False,'balanced_subsample')	invalid_ind (duplicated operator)	invalid_ind (duplicated operator)
maxAbsScaler();extraTreesClassifier(85,'entropy','log2',18,18,True,'None')	0.8409265142940411	3.202214002609253
robustScaler(True,True);selectFwe(0.041508689790816136);pca(0.860653262510612,False);varianceThreshold();adaBoost(decisionTree('gini',3,17,0.5603704127882358,5,'None'),25,0.5865189674370832,'SAMME')	0.8356033730211767	3.717839002609253
maxAbsScaler();extraTreesClassifier(85,'entropy','log2',18,18,True,'None')	0.8409265142940411	4.550851583480835
extraTreesClassifier(94,'entropy','sqrt',19,4,True,'balanced_subsample')	0.8615762386935136	4.586888551712036
extraTreesClassifier(91,'entropy','log2',11,4,True,'None')	0.8649620144907368	4.953352451324463
robustScaler(False,False);minMaxScaler();varianceThreshold();pca(0.9116717919963409,True);selectFwe(0.03479051109603893);maxAbsScaler();extraTreesClassifier(94,'entropy','log2',11,4,False,'balanced_subsample')	0.8658434048799679	3.8840253353118896
nystroem('sigmoid',0.08631241206872944,14,2,-0.30134691792159796);varianceThreshold();nystroem('sigmoid',0.19320603888240934,23,3,-0.09178138919827772);pca(0.6395579957984507,True);extraTreesClassifier(72,'entropy','log2',11,4,True,'None')	invalid_ind (duplicated operator)	invalid_ind (duplicated operator)
maxAbsScaler();adaBoost(decisionTree('gini',14,3,0.8669166801761661,14,'None'),98,0.2185021967142961,'SAMME')	0.852642127530566	cached
minMaxScaler();extraTreesClassifier(69,'entropy','log2',19,1,True,'balanced')	0.8581154133894859	4.11111855506897
maxAbsScaler();mlpClassifier((85, 2),0.09528060055435454,0.015833460534613757,'sgd','tanh')	0.8614539906036119	cached
minMaxScaler();extraTreesClassifier(69,'entropy','log2',19,2,True,'balanced')	0.8627487951594214	cached
extraTreesClassifier(47,'gini','log2',10,12,True,'balanced')	0.8467855033668357	3.672117233276367
extraTreesClassifier(84,'gini','log2',18,14,True,'balanced_subsample')	0.8524903966284135	5.927900314331055
extraTreesClassifier(91,'entropy','log2',11,4,False,'balanced_subsample')	0.8650180077626043	6.869149923324585
minMaxScaler();extraTreesClassifier(69,'entropy','sqrt',14,7,False,'balanced')	0.8641662774250619	8.674403190612793
minMaxScaler();extraTreesClassifier(69,'entropy','log2',8,2,True,'balanced')	0.8593260779713766	12.23850154876709
extraTreesClassifier(91,'entropy','sqrt',8,7,True,'None')	0.8590180804409006	12.838722229003906
extraTreesClassifier(91,'entropy','log2',19,2,True,'balanced')	0.8661679548978654	15.251288175582886
extraTreesClassifier(94,'entropy','log2',19,2,True,'balanced')	0.8664761979535711	14.383295774459839
minMaxScaler();extraTreesClassifier(69,'entropy','sqrt',19,7,False,'balanced_subsample')	0.8596496910029622	11.300628662109375
robustScaler(False,False);minMaxScaler();varianceThreshold();maxAbsScaler();selectFwe(0.03479051109603893);maxAbsScaler();extraTreesClassifier(94,'entropy','sqrt',11,4,False,'balanced_subsample')	invalid_ind (duplicated operator)	invalid_ind (duplicated operator)
maxAbsScaler();extraTreesClassifier(85,'entropy','log2',18,18,True,'balanced')	0.843047234575662	14.454301118850708
minMaxScaler();extraTreesClassifier(69,'entropy','log2',18,18,False,'balanced_subsample')	0.848750533857167	14.06543231010437
maxAbsScaler();varianceThreshold();varianceThreshold();varianceThreshold();pca(0.7747606203968,True);minMaxScaler();fastICA(2,'parallel','unit-variance','exp');qda(0.04713710527610748)	invalid_ind (duplicated operator)	invalid_ind (duplicated operator)
minMaxScaler();extraTreesClassifier(69,'entropy','log2',8,7,True,'None')	0.8539698197545839	9.712939500808716
minMaxScaler();extraTreesClassifier(69,'entropy','log2',19,2,True,'balanced')	0.8627487951594214	cached
selectPercentile(52.572473535560945);extraTreesClassifier(69,'entropy','log2',19,2,True,'balanced')	0.8652793138630205	cached
selectFwe(0.004040464196837461);extraTreesClassifier(85,'entropy','log2',11,4,True,'None')	0.8607261005934299	cached
selectFwe(0.004040464196837461);extraTreesClassifier(85,'entropy','log2',11,4,True,'None')	0.8607261005934299	cached
extraTreesClassifier(91,'entropy','log2',18,18,True,'None')	0.8389945889149055	cached
minMaxScaler();extraTreesClassifier(69,'entropy','log2',19,2,True,'balanced')	0.8627487951594214	cached
extraTreesClassifier(91,'entropy','log2',11,4,True,'balanced_subsample')	0.8647847451956021	15.298012256622314
minMaxScaler();extraTreesClassifier(69,'gini','sqrt',19,2,False,'balanced_subsample')	0.8610668774673375	15.326295137405396
extraTreesClassifier(91,'entropy','log2',11,4,True,'None')	0.8649620144907368	18.630262851715088
minMaxScaler();extraTreesClassifier(69,'entropy','log2',19,2,False,'balanced')	0.8573455316633449	18.871102809906006
fastICA(71,'parallel','arbitrary-variance','exp');minMaxScaler();mlpClassifier((19, 12),0.05990365822686672,0.3313290007190651,'lbfgs','relu')	0.871926946247575	118.83262205123901
minMaxScaler();extraTreesClassifier(69,'entropy','log2',19,2,True,'balanced')	0.8627487951594214	9.644193649291992
fastICA(71,'parallel','arbitrary-variance','exp');minMaxScaler();mlpClassifier((19, 12),0.05990365822686672,0.3313290007190651,'lbfgs','relu')	0.871926946247575	109.26579570770264
robustScaler(False,False);minMaxScaler();varianceThreshold();pca(0.9116717919963409,True);selectFwe(0.03479051109603893);maxAbsScaler();extraTreesClassifier(94,'entropy','log2',11,4,True,'None')	0.8706588453082642	3.3236570358276367
selectFwe(0.004040464196837461);extraTreesClassifier(85,'entropy','log2',11,4,True,'None')	0.8607261005934299	cached
extraTreesClassifier(94,'entropy','log2',11,4,True,'None')	0.8643947232124921	cached
selectPercentile(52.572473535560945);extraTreesClassifier(69,'entropy','log2',19,2,True,'None')	0.8592455720680119	3.190253257751465
minMaxScaler();extraTreesClassifier(69,'entropy','log2',19,2,True,'None')	0.8586884756076218	3.8217403888702393
minMaxScaler();extraTreesClassifier(69,'entropy','log2',8,4,True,'None')	0.8524079787499176	3.8982253074645996
extraTreesClassifier(91,'entropy','log2',11,4,True,'balanced')	0.8604010595303626	3.8864712715148926
extraTreesClassifier(91,'entropy','log2',8,7,True,'balanced')	0.8550735907910605	4.822259902954102
extraTreesClassifier(91,'entropy','log2',18,18,True,'balanced')	0.8387708854918386	4.312688112258911
maxAbsScaler();varianceThreshold();varianceThreshold();varianceThreshold();pca(0.7747606203968,True);minMaxScaler();fastICA(2,'parallel','unit-variance','exp');extraTreesClassifier(94,'entropy','log2',11,4,True,'None')	invalid_ind (duplicated operator)	invalid_ind (duplicated operator)
robustScaler(False,True);minMaxScaler();varianceThreshold();pca(0.9116717919963409,True);selectFwe(0.040423492385127754);maxAbsScaler();extraTreesClassifier(94,'entropy','log2',11,7,True,'None')	0.8664509246683352	4.516075849533081
minMaxScaler();extraTreesClassifier(69,'entropy','log2',8,7,True,'balanced')	0.8548112131204457	5.07374906539917
selectPercentile(52.572473535560945);extraTreesClassifier(69,'entropy','log2',19,2,True,'balanced')	0.8652793138630205	cached
maxAbsScaler();adaBoost(decisionTree('gini',14,3,0.8669166801761661,14,'None'),98,0.2185021967142961,'SAMME')	0.852642127530566	cached
extraTreesClassifier(94,'entropy','log2',11,4,True,'None')	0.8643947232124921	cached
minMaxScaler();extraTreesClassifier(69,'entropy','log2',19,2,True,'None')	0.8586884756076218	5.35392165184021
minMaxScaler();extraTreesClassifier(58,'gini','sqrt',2,20,True,'balanced_subsample')	0.8523064247765607	5.08407735824585
gaussianNB(0.004106467320149765)	0.8057460711361568	3.1123650074005127
nystroem('sigmoid',2.3084164942143683,25,3,0.6935284884803532);extraTreesClassifier(69,'entropy','log2',19,2,True,'balanced')	0.36318548391269045	5.297154664993286
selectFwe(0.004040464196837461);extraTreesClassifier(75,'entropy','log2',11,12,True,'balanced')	0.858826518803089	5.789551258087158
selectPercentile(40.68768298262673);extraTreesClassifier(69,'entropy','log2',19,2,True,'balanced')	0.8621512378334932	5.512125253677368
lda(0.6207771999487224,150,0.08837989283239607)	eval_error (n_components cannot be larger than min(n_features, n_classes - 1).)	eval_error (n_components cannot be larger than min(n_features, n_classes - 1).)
selectFwe(0.004040464196837461);extraTreesClassifier(85,'entropy','log2',11,4,False,'balanced_subsample')	0.8647648518329051	6.946305990219116
extraTreesClassifier(91,'entropy','sqrt',8,7,True,'None')	0.8590180804409006	6.700317859649658
extraTreesClassifier(91,'entropy','log2',11,4,True,'None')	0.8649620144907368	7.410711288452148
minMaxScaler();selectPercentile(26.185907575975314);pca(0.9984178802713248,False);maxAbsScaler();fastICA(6,'deflation','arbitrary-variance','cube');mlpClassifier((19, 10),0.0253766419966416,0.16770544688152983,'adam','tanh')	0.828272668131482	10.259835720062256
extraTreesClassifier(91,'entropy','sqrt',8,7,False,'balanced_subsample')	0.862426363274085	cached
minMaxScaler();extraTreesClassifier(69,'entropy','log2',19,2,True,'balanced')	0.8627487951594214	cached
extraTreesClassifier(91,'entropy','log2',19,4,True,'None')	0.8629862672969303	5.475637197494507
extraTreesClassifier(94,'entropy','log2',19,4,True,'None')	0.8629604360354464	5.5420074462890625
extraTreesClassifier(91,'entropy','sqrt',8,7,True,'None')	0.8590180804409006	5.098865985870361
extraTreesClassifier(91,'entropy','sqrt',11,4,True,'balanced_subsample')	0.8627281121920808	5.590463876724243
extraTreesClassifier(91,'entropy','log2',11,4,False,'balanced_subsample')	0.8650180077626043	5.422351837158203
robustScaler(False,False);minMaxScaler();varianceThreshold();pca(0.9116717919963409,True);selectFwe(0.03479051109603893);maxAbsScaler();extraTreesClassifier(94,'entropy','log2',11,4,True,'None')	0.8706588453082642	cached
extraTreesClassifier(94,'entropy','log2',19,2,True,'balanced')	0.8664761979535711	cached
extraTreesClassifier(91,'entropy','log2',11,2,True,'balanced')	0.8601934504993549	6.167344093322754
adaBoost(decisionTree('entropy',9,19,0.28493934667559706,1,'balanced'),44,0.22844154051368637,'SAMME')	0.8530799029045782	11.207069635391235
extraTreesClassifier(91,'entropy','log2',11,4,True,'balanced')	0.8604010595303626	2.976227045059204
maxAbsScaler();adaBoost(decisionTree('gini',14,3,0.8669166801761661,14,'None'),98,0.2185021967142961,'SAMME')	0.852642127530566	44.02196383476257
selectPercentile(52.572473535560945);extraTreesClassifier(69,'entropy','log2',19,2,True,'balanced')	0.8652793138630205	2.4264330863952637
maxAbsScaler();adaBoost(decisionTree('gini',14,3,0.8669166801761661,14,'None'),98,0.2185021967142961,'SAMME')	0.852642127530566	40.28839302062988
selectFwe(0.004040464196837461);extraTreesClassifier(75,'entropy','log2',11,12,True,'balanced')	0.858826518803089	cached
extraTreesClassifier(91,'entropy','log2',19,2,True,'balanced')	0.8661679548978654	cached
extraTreesClassifier(65,'gini','sqrt',10,20,False,'balanced')	0.8561476512917569	3.27781343460083
extraTreesClassifier(61,'gini','sqrt',16,14,True,'balanced')	0.8560271042131152	3.7275798320770264
extraTreesClassifier(94,'entropy','log2',11,4,True,'None')	0.8643947232124921	cached
extraTreesClassifier(63,'entropy','sqrt',7,2,False,'balanced')	0.8661033302974636	3.801403522491455
selectFwe(0.004040464196837461);extraTreesClassifier(85,'entropy','log2',11,4,False,'balanced_subsample')	0.8647648518329051	cached
selectPercentile(40.68768298262673);extraTreesClassifier(69,'entropy','log2',19,2,True,'balanced')	0.8621512378334932	cached
minMaxScaler();extraTreesClassifier(58,'gini','sqrt',2,20,True,'balanced_subsample')	0.8523064247765607	cached
maxAbsScaler();varianceThreshold();selectFwe(0.017792071416396386);minMaxScaler();maxAbsScaler();maxAbsScaler();robustScaler(False,False);kNN(36,'distance',2)	invalid_ind (duplicated operator)	invalid_ind (duplicated operator)
selectPercentile(40.68768298262673);extraTreesClassifier(69,'entropy','log2',19,2,True,'balanced')	0.8621512378334932	cached
extraTreesClassifier(94,'entropy','log2',11,4,True,'balanced')	0.860690788895987	3.9399821758270264
selectPercentile(52.572473535560945);extraTreesClassifier(69,'entropy','log2',11,4,True,'None')	0.8649793583201264	4.070366382598877
extraTreesClassifier(91,'entropy','log2',11,4,True,'None')	0.8649620144907368	6.6305811405181885
selectFwe(0.017375284068125746);selectFwe(0.04724920715325695);robustScaler(True,False);selectPercentile(26.477789124905996);bernoulliNB(1.4897386818216212,True)	invalid_ind (duplicated operator)	invalid_ind (duplicated operator)
selectPercentile(40.68768298262673);extraTreesClassifier(69,'entropy','log2',19,2,True,'None')	0.8584015463150315	7.849195718765259
extraTreesClassifier(94,'entropy','log2',11,4,False,'balanced_subsample')	0.867584955137026	9.56757378578186
extraTreesClassifier(94,'entropy','log2',19,2,True,'balanced')	0.8664761979535711	9.642207860946655
extraTreesClassifier(91,'entropy','log2',11,4,False,'balanced_subsample')	0.8650180077626043	cached
extraTreesClassifier(91,'entropy','log2',11,4,True,'balanced')	0.8604010595303626	cached
extraTreesClassifier(94,'entropy','log2',11,2,True,'balanced')	0.863653140437636	13.158136367797852
minMaxScaler();extraTreesClassifier(69,'entropy','log2',19,2,True,'balanced')	0.8627487951594214	cached
selectPercentile(52.572473535560945);extraTreesClassifier(69,'entropy','log2',19,2,True,'balanced')	0.8652793138630205	cached
extraTreesClassifier(91,'entropy','log2',11,4,True,'None')	0.8649620144907368	13.129868268966675
extraTreesClassifier(94,'entropy','log2',11,4,True,'None')	0.8643947232124921	cached
selectFwe(0.004040464196837461);extraTreesClassifier(75,'entropy','log2',11,12,True,'balanced')	0.858826518803089	cached
selectPercentile(52.572473535560945);extraTreesClassifier(69,'entropy','log2',19,2,True,'balanced')	0.8652793138630205	cached
extraTreesClassifier(91,'entropy','sqrt',8,7,True,'None')	0.8590180804409006	16.495510578155518
extraTreesClassifier(60,'entropy','log2',13,11,True,'balanced_subsample')	0.85133551289519	18.079367876052856
pca(0.671162004054093,False);maxAbsScaler();selectFwe(0.0079450093478295);adaBoost(decisionTree('entropy',19,12,0.22395926089044738,17,'None'),86,0.8757885829152608,'SAMME')	0.8431430759217591	34.433316469192505
extraTreesClassifier(94,'entropy','log2',19,2,True,'balanced')	0.8664761979535711	cached
extraTreesClassifier(94,'entropy','log2',11,4,False,'balanced_subsample')	0.867584955137026	23.127077102661133
robustScaler(False,True);minMaxScaler();varianceThreshold();pca(0.9116717919963409,True);selectFwe(0.040423492385127754);maxAbsScaler();extraTreesClassifier(94,'entropy','log2',11,7,True,'balanced')	0.8665341555636289	19.480942487716675
maxAbsScaler();extraTreesClassifier(91,'entropy','log2',11,4,False,'balanced_subsample')	0.8650180077626043	23.883533716201782
selectPercentile(68.0606415428684);lda(0.7821545060726433,85,0.007248833789097078)	eval_error (n_components cannot be larger than min(n_features, n_classes - 1).)	eval_error (n_components cannot be larger than min(n_features, n_classes - 1).)
minMaxScaler();extraTreesClassifier(69,'entropy','log2',8,7,True,'None')	0.8539698197545839	17.763075351715088
mlpClassifier((19, 12),0.05990365822686672,0.3313290007190651,'lbfgs','relu')	0.842095375646766	87.88249897956848
fastICA(71,'parallel','arbitrary-variance','exp');minMaxScaler();mlpClassifier((19, 12),0.05990365822686672,0.3313290007190651,'lbfgs','relu')	0.871926946247575	136.33268809318542
extraTreesClassifier(94,'entropy','log2',19,2,True,'balanced')	0.8664761979535711	7.8405773639678955
fastICA(71,'parallel','arbitrary-variance','exp');minMaxScaler();extraTreesClassifier(91,'entropy','log2',19,2,True,'balanced')	0.8402529108587837	38.55963492393494
robustScaler(False,False);minMaxScaler();varianceThreshold();pca(0.9116717919963409,True);selectFwe(0.03479051109603893);maxAbsScaler();extraTreesClassifier(94,'entropy','log2',11,4,True,'None')	0.8706588453082642	cached
extraTreesClassifier(94,'entropy','log2',11,4,True,'balanced')	0.860690788895987	cached
robustScaler(False,True);minMaxScaler();varianceThreshold();pca(0.9116717919963409,True);selectFwe(0.040423492385127754);maxAbsScaler();extraTreesClassifier(94,'entropy','log2',11,7,True,'balanced')	0.8665341555636289	cached
fastICA(71,'parallel','arbitrary-variance','exp');minMaxScaler();mlpClassifier((19, 12),0.05990365822686672,0.3313290007190651,'lbfgs','relu')	0.871926946247575	cached
extraTreesClassifier(94,'entropy','log2',19,2,True,'balanced')	0.8664761979535711	cached
selectPercentile(40.68768298262673);extraTreesClassifier(69,'entropy','log2',19,2,True,'balanced')	0.8621512378334932	cached
minMaxScaler();extraTreesClassifier(69,'entropy','log2',8,7,True,'None')	0.8539698197545839	cached
extraTreesClassifier(94,'entropy','log2',11,4,False,'balanced_subsample')	0.867584955137026	cached
extraTreesClassifier(94,'entropy','log2',11,4,False,'balanced_subsample')	0.867584955137026	cached
extraTreesClassifier(94,'entropy','log2',11,4,False,'balanced_subsample')	0.867584955137026	cached
extraTreesClassifier(50,'entropy','log2',2,7,False,'balanced')	0.8561549109560603	7.657169580459595
fastICA(71,'parallel','arbitrary-variance','exp');minMaxScaler();mlpClassifier((19, 12),0.05990365822686672,0.3313290007190651,'lbfgs','relu')	0.871926946247575	cached
extraTreesClassifier(91,'entropy','log2',11,4,False,'balanced_subsample')	0.8650180077626043	cached
selectPercentile(40.68768298262673);extraTreesClassifier(69,'entropy','log2',19,2,True,'balanced')	0.8621512378334932	8.433277130126953
robustScaler(False,False);extraTreesClassifier(69,'gini','log2',17,11,False,'balanced_subsample')	0.8522013533543866	12.372820377349854
extraTreesClassifier(94,'entropy','log2',11,4,True,'balanced')	0.860690788895987	13.359140634536743
extraTreesClassifier(63,'entropy','log2',7,2,True,'balanced')	0.8526385451342533	13.80911111831665
maxAbsScaler();selectFwe(0.015921656354349376);robustScaler(False,False);selectFwe(0.020100467819910234);kNN(4,'uniform',1)	invalid_ind (duplicated operator)	invalid_ind (duplicated operator)
selectPercentile(52.572473535560945);extraTreesClassifier(69,'entropy','log2',11,4,True,'None')	0.8649793583201264	cached
robustScaler(False,False);minMaxScaler();varianceThreshold();pca(0.9116717919963409,True);selectFwe(0.03479051109603893);maxAbsScaler();extraTreesClassifier(94,'entropy','log2',11,4,True,'None')	0.8706588453082642	cached
selectPercentile(40.68768298262673);extraTreesClassifier(69,'entropy','log2',19,2,True,'balanced')	0.8621512378334932	cached
selectPercentile(40.68768298262673);extraTreesClassifier(69,'entropy','log2',19,2,True,'balanced')	0.8621512378334932	cached
fastICA(71,'parallel','arbitrary-variance','exp');minMaxScaler();mlpClassifier((19, 12),0.05990365822686672,0.3313290007190651,'lbfgs','relu')	0.871926946247575	cached
selectFwe(0.004040464196837461);extraTreesClassifier(75,'entropy','log2',11,12,True,'None')	0.8593335864380824	14.696836709976196
extraTreesClassifier(94,'gini','log2',14,3,True,'None')	0.8610207956548537	12.846069097518921
selectPercentile(52.572473535560945);extraTreesClassifier(69,'entropy','log2',19,2,True,'balanced')	0.8652793138630205	14.787217855453491
qda(0.8610621461467104)	0.8644674928221814	8.542243957519531
selectFwe(0.016274456450196862);extraTreesClassifier(69,'entropy','log2',19,2,True,'balanced')	0.8609836335438723	13.064032316207886
selectPercentile(4.17621008066338);extraTreesClassifier(69,'entropy','log2',11,4,True,'None')	0.6505456148735899	12.609956741333008
extraTreesClassifier(94,'entropy','log2',19,4,False,'balanced_subsample')	0.8550105074250615	18.890485048294067
extraTreesClassifier(94,'entropy','log2',11,4,True,'balanced')	0.860690788895987	14.913836240768433
extraTreesClassifier(91,'entropy','log2',19,2,True,'balanced')	0.8661679548978654	cached
robustScaler(False,True);minMaxScaler();varianceThreshold();pca(0.9116717919963409,True);selectFwe(0.040423492385127754);maxAbsScaler();extraTreesClassifier(94,'entropy','log2',11,7,True,'balanced')	0.8665341555636289	cached
extraTreesClassifier(91,'entropy','sqrt',19,2,False,'balanced')	0.8653309366684901	16.868839740753174
extraTreesClassifier(91,'entropy','log2',19,2,True,'balanced')	0.8661679548978654	14.241302967071533
varianceThreshold();minMaxScaler();maxAbsScaler();robustScaler(True,True);pca(0.5259344803122794,False);robustScaler(False,False);minMaxScaler();qda(0.9595702035581558)	invalid_ind (duplicated operator)	invalid_ind (duplicated operator)
selectFwe(0.004040464196837461);extraTreesClassifier(85,'entropy','log2',11,2,True,'balanced')	0.8644447546491655	14.612069606781006
extraTreesClassifier(63,'entropy','log2',7,2,True,'balanced')	0.8526385451342533	11.586363077163696
mlpClassifier((19, 12),0.05990365822686672,0.3313290007190651,'lbfgs','relu')	0.842095375646766	65.310555934906
fastICA(71,'parallel','arbitrary-variance','exp');minMaxScaler();extraTreesClassifier(94,'entropy','log2',11,4,True,'None')	0.8367291551703003	13.659836292266846
robustScaler(False,False);minMaxScaler();varianceThreshold();pca(0.9116717919963409,True);selectFwe(0.03479051109603893);maxAbsScaler();extraTreesClassifier(94,'entropy','log2',11,4,True,'None')	0.8706588453082642	cached
robustScaler(False,False);minMaxScaler();varianceThreshold();pca(0.9116717919963409,True);selectFwe(0.03479051109603893);maxAbsScaler();extraTreesClassifier(94,'entropy','log2',11,4,True,'None')	0.8706588453082642	cached
fastICA(71,'parallel','arbitrary-variance','exp');minMaxScaler();mlpClassifier((19, 12),0.05990365822686672,0.3313290007190651,'lbfgs','relu')	0.871926946247575	cached
selectPercentile(52.572473535560945);extraTreesClassifier(69,'entropy','log2',19,2,True,'balanced')	0.8652793138630205	cached
extraTreesClassifier(91,'entropy','log2',19,2,True,'balanced')	0.8661679548978654	cached
extraTreesClassifier(94,'entropy','log2',11,4,False,'balanced_subsample')	0.867584955137026	cached
extraTreesClassifier(94,'entropy','log2',11,4,False,'balanced_subsample')	0.867584955137026	cached
extraTreesClassifier(94,'entropy','log2',11,4,False,'balanced_subsample')	0.867584955137026	cached
selectFwe(0.016274456450196862);extraTreesClassifier(69,'entropy','log2',19,2,True,'balanced')	0.8609836335438723	cached
selectPercentile(40.68768298262673);extraTreesClassifier(69,'entropy','log2',19,7,True,'balanced')	0.8641982465046152	4.303931474685669
selectPercentile(89.12293916493996);extraTreesClassifier(69,'entropy','log2',19,2,True,'balanced')	0.8619061360508852	4.8320324420928955
robustScaler(False,True);minMaxScaler();varianceThreshold();pca(0.9116717919963409,True);selectFwe(0.040423492385127754);maxAbsScaler();extraTreesClassifier(94,'entropy','sqrt',11,7,False,'balanced_subsample')	0.8695517838753138	4.748987913131714
selectPercentile(40.68768298262673);extraTreesClassifier(69,'entropy','log2',19,2,True,'balanced')	0.8621512378334932	5.170015573501587
robustScaler(False,True);minMaxScaler();varianceThreshold();pca(0.9116717919963409,True);selectFwe(0.040423492385127754);maxAbsScaler();extraTreesClassifier(94,'entropy','log2',11,2,True,'balanced')	0.8675632601022679	6.76844334602356
extraTreesClassifier(94,'entropy','log2',11,4,True,'balanced')	0.860690788895987	cached
selectPercentile(40.68768298262673);extraTreesClassifier(69,'entropy','log2',19,2,True,'balanced')	0.8621512378334932	cached
extraTreesClassifier(91,'entropy','log2',8,7,True,'balanced')	0.8550735907910605	7.85784125328064
extraTreesClassifier(91,'entropy','log2',11,4,True,'None')	0.8649620144907368	7.936448097229004
robustScaler(False,False);minMaxScaler();varianceThreshold();pca(0.9116717919963409,True);selectFwe(0.03479051109603893);maxAbsScaler();extraTreesClassifier(94,'entropy','sqrt',19,2,False,'balanced')	0.8695396386161033	12.794123888015747
extraTreesClassifier(94,'entropy','log2',11,4,True,'balanced')	0.860690788895987	15.849247694015503
extraTreesClassifier(94,'entropy','log2',11,4,True,'balanced')	0.860690788895987	15.274554014205933
extraTreesClassifier(15,'entropy','log2',13,10,True,'balanced_subsample')	0.8379711519447538	7.652956008911133
selectFwe(0.004040464196837461);extraTreesClassifier(75,'entropy','log2',11,12,True,'balanced')	0.858826518803089	11.33087420463562
selectPercentile(40.68768298262673);extraTreesClassifier(69,'entropy','log2',19,2,False,'balanced_subsample')	0.866980222251879	9.366652011871338
extraTreesClassifier(94,'entropy','log2',19,2,True,'balanced')	0.8664761979535711	cached
robustScaler(False,False);minMaxScaler();varianceThreshold();pca(0.9116717919963409,True);selectFwe(0.03479051109603893);maxAbsScaler();extraTreesClassifier(94,'entropy','log2',11,4,True,'None')	0.8706588453082642	cached
varianceThreshold();adaBoost(decisionTree('gini',12,9,0.5461496282291168,9,'balanced'),48,0.9048713421941629,'SAMME')	0.8505995595340925	42.235058069229126
robustScaler(False,True);minMaxScaler();varianceThreshold();pca(0.805621460089649,False);selectFwe(0.040423492385127754);maxAbsScaler();extraTreesClassifier(94,'entropy','log2',11,7,False,'balanced_subsample')	0.8695517838753138	16.551031351089478
selectPercentile(52.572473535560945);extraTreesClassifier(69,'entropy','log2',19,2,True,'None')	0.8592455720680119	19.061002731323242
extraTreesClassifier(91,'entropy','sqrt',8,7,False,'balanced_subsample')	0.862426363274085	cached
extraTreesClassifier(94,'entropy','log2',11,4,False,'balanced_subsample')	0.867584955137026	cached
extraTreesClassifier(94,'entropy','log2',19,4,True,'None')	0.8629604360354464	24.845701456069946
selectPercentile(80.62131475335988);extraTreesClassifier(11,'entropy','log2',19,2,True,'balanced')	0.8361632752737845	14.869246482849121
extraTreesClassifier(94,'entropy','log2',11,4,False,'balanced_subsample')	0.867584955137026	cached
extraTreesClassifier(94,'entropy','log2',11,4,True,'balanced')	0.860690788895987	18.611958742141724
extraTreesClassifier(94,'gini','log2',14,3,False,'None')	0.8607059549483917	21.361883640289307
extraTreesClassifier(94,'entropy','log2',11,4,True,'balanced_subsample')	0.8642175588233192	21.594534397125244
fastICA(71,'parallel','arbitrary-variance','exp');minMaxScaler();mlpClassifier((19, 12),0.05990365822686672,0.3313290007190651,'lbfgs','relu')	0.871926946247575	127.66114664077759
fastICA(71,'parallel','unit-variance','exp');minMaxScaler();mlpClassifier((19, 12),0.05990365822686672,0.3313290007190651,'lbfgs','logistic')	0.8586317492400042	120.72501063346863
fastICA(71,'parallel','arbitrary-variance','exp');minMaxScaler();mlpClassifier((19, 12),0.05990365822686672,0.3313290007190651,'lbfgs','relu')	0.871926946247575	cached
extraTreesClassifier(94,'entropy','log2',11,4,True,'balanced')	0.860690788895987	cached
extraTreesClassifier(94,'entropy','log2',19,2,True,'balanced')	0.8664761979535711	cached
extraTreesClassifier(91,'entropy','log2',11,4,True,'None')	0.8649620144907368	cached
robustScaler(False,True);minMaxScaler();varianceThreshold();pca(0.9116717919963409,True);selectFwe(0.040423492385127754);maxAbsScaler();extraTreesClassifier(94,'entropy','log2',11,2,True,'balanced')	0.8675632601022679	cached
robustScaler(False,True);minMaxScaler();varianceThreshold();pca(0.805621460089649,False);selectFwe(0.040423492385127754);maxAbsScaler();extraTreesClassifier(94,'entropy','log2',11,7,False,'balanced_subsample')	0.8695517838753138	cached
robustScaler(False,False);minMaxScaler();varianceThreshold();pca(0.9116717919963409,True);selectFwe(0.03479051109603893);maxAbsScaler();extraTreesClassifier(94,'entropy','log2',16,4,True,'None')	0.8706782684213792	4.911763668060303
robustScaler(False,True);minMaxScaler();varianceThreshold();pca(0.805621460089649,False);selectFwe(0.040423492385127754);maxAbsScaler();extraTreesClassifier(94,'entropy','log2',11,4,False,'balanced_subsample')	0.8658434048799679	5.17465353012085
robustScaler(False,False);minMaxScaler();varianceThreshold();pca(0.8136181243731917,True);selectFwe(0.03479051109603893);maxAbsScaler();extraTreesClassifier(94,'entropy','log2',11,4,True,'balanced')	0.8687499715687572	5.734249114990234
extraTreesClassifier(94,'entropy','log2',11,4,True,'None')	0.8643947232124921	6.269826173782349
extraTreesClassifier(94,'entropy','log2',11,4,True,'balanced_subsample')	0.8642175588233192	7.235757112503052
selectPercentile(28.04233293612574);extraTreesClassifier(69,'entropy','log2',19,7,True,'balanced')	0.8430561065512817	4.529872417449951
extraTreesClassifier(94,'entropy','log2',11,4,False,'balanced_subsample')	0.867584955137026	cached
robustScaler(False,True);minMaxScaler();varianceThreshold();pca(0.805621460089649,False);selectFwe(0.040423492385127754);maxAbsScaler();extraTreesClassifier(94,'entropy','log2',11,7,False,'balanced_subsample')	0.8695517838753138	cached
robustScaler(False,False);minMaxScaler();varianceThreshold();pca(0.9116717919963409,True);selectFwe(0.03479051109603893);maxAbsScaler();extraTreesClassifier(94,'entropy','log2',11,4,False,'None')	0.8663459964767053	5.8238866329193115
robustScaler(False,False);minMaxScaler();varianceThreshold();pca(0.9116717919963409,True);selectFwe(0.03479051109603893);maxAbsScaler();extraTreesClassifier(94,'gini','log2',14,3,False,'None')	0.8674827293938334	5.492768049240112
extraTreesClassifier(94,'entropy','log2',11,7,False,'balanced_subsample')	0.8564427817581193	6.835825681686401
extraTreesClassifier(94,'entropy','log2',19,2,False,'balanced')	0.8593120370423787	6.528668403625488
robustScaler(True,True);pca(0.6974109613977384,False);selectPercentile(14.107077991468222);decisionTree('entropy',2,4,0.01365386969309168,10,'None')	0.4091502994485935	3.738698959350586
selectPercentile(40.68768298262673);extraTreesClassifier(69,'entropy','log2',19,2,True,'balanced')	0.8621512378334932	11.054361820220947
minMaxScaler();pca(0.9547630498735822,True);adaBoost(decisionTree('gini',5,19,0.03189068263769501,14,'balanced'),63,0.47365462537349945,'SAMME')	0.7423360320052935	18.045591354370117
robustScaler(False,True);minMaxScaler();varianceThreshold();pca(0.805621460089649,False);selectFwe(0.040423492385127754);maxAbsScaler();extraTreesClassifier(94,'entropy','log2',11,4,True,'balanced')	0.8687499715687572	18.284984350204468
robustScaler(False,True);minMaxScaler();varianceThreshold();pca(0.9116717919963409,True);selectFwe(0.040423492385127754);maxAbsScaler();extraTreesClassifier(94,'entropy','log2',11,2,False,'balanced_subsample')	0.8680531403082299	20.473196506500244
extraTreesClassifier(94,'entropy','log2',11,7,False,'balanced_subsample')	0.8564427817581193	23.121662139892578
fastICA(71,'parallel','arbitrary-variance','exp');minMaxScaler();extraTreesClassifier(69,'entropy','log2',19,2,True,'balanced')	0.8362851644274795	94.2262806892395
pca(0.9958863119291268,False);minMaxScaler();nystroem('sigmoid',5.191847615793822,92,2,-0.9685147941158643);fastICA(91,'deflation','arbitrary-variance','exp');extraTreesClassifier(94,'entropy','log2',19,7,True,'balanced')	eval_timeout_error	eval_timeout_error
selectPercentile(40.68768298262673);extraTreesClassifier(69,'entropy','log2',11,4,True,'None')	0.8647004122393571	35.74226403236389
extraTreesClassifier(94,'entropy','log2',11,4,False,'balanced_subsample')	0.867584955137026	cached
robustScaler(False,True);minMaxScaler();varianceThreshold();pca(0.9116717919963409,True);selectFwe(0.040423492385127754);maxAbsScaler();extraTreesClassifier(94,'entropy','sqrt',11,7,False,'balanced_subsample')	0.8695517838753138	cached
robustScaler(False,True);minMaxScaler();varianceThreshold();pca(0.805621460089649,False);selectFwe(0.040423492385127754);maxAbsScaler();extraTreesClassifier(94,'entropy','log2',11,4,True,'None')	0.8706588453082642	31.881696224212646
robustScaler(False,False);minMaxScaler();varianceThreshold();pca(0.9116717919963409,True);selectFwe(0.03479051109603893);maxAbsScaler();mlpClassifier((19, 12),0.05990365822686672,0.3313290007190651,'lbfgs','relu')	0.8689759106759081	136.93724036216736
robustScaler(False,False);minMaxScaler();varianceThreshold();pca(0.9116717919963409,True);selectFwe(0.03479051109603893);maxAbsScaler();extraTreesClassifier(94,'entropy','log2',11,7,False,'balanced_subsample')	0.8695517838753138	36.84127759933472
fastICA(71,'parallel','arbitrary-variance','exp');minMaxScaler();mlpClassifier((19, 12),0.05990365822686672,0.3313290007190651,'lbfgs','relu')	0.871926946247575	239.03836369514465
selectFwe(0.03180157662544908);mlpClassifier((19, 12),0.05990365822686672,0.3313290007190651,'lbfgs','relu')	0.8571224775700627	151.1683530807495
extraTreesClassifier(94,'entropy','sqrt',11,4,False,'balanced_subsample')	0.863611999227307	42.596354246139526
fastICA(71,'parallel','arbitrary-variance','exp');minMaxScaler();mlpClassifier((19, 12),0.05990365822686672,0.3313290007190651,'lbfgs','relu')	0.871926946247575	251.20152521133423
extraTreesClassifier(94,'entropy','log2',11,4,True,'balanced')	0.860690788895987	30.409852504730225
robustScaler(False,False);minMaxScaler();varianceThreshold();pca(0.9116717919963409,True);selectFwe(0.03479051109603893);maxAbsScaler();extraTreesClassifier(94,'entropy','log2',11,4,True,'balanced_subsample')	0.8695900783910672	28.409990072250366
extraTreesClassifier(94,'entropy','log2',11,4,True,'None')	0.8643947232124921	10.228980779647827
fastICA(71,'parallel','arbitrary-variance','exp');minMaxScaler();extraTreesClassifier(94,'entropy','log2',11,4,True,'None')	0.8367291551703003	102.08592009544373
robustScaler(False,True);minMaxScaler();varianceThreshold();pca(0.9116717919963409,True);selectFwe(0.040423492385127754);maxAbsScaler();adaBoost(decisionTree('entropy',18,5,0.22972054377142326,2,'None'),98,0.3363634835809363,'SAMME')	0.8412769154621456	31.816689252853394
robustScaler(True,True);selectPercentile(18.597770142001337);maxAbsScaler();minMaxScaler();minMaxScaler();selectPercentile(47.995116814353096);minMaxScaler();extraTreesClassifier(94,'entropy','sqrt',11,7,False,'balanced_subsample')	invalid_ind (duplicated operator)	invalid_ind (duplicated operator)
fastICA(71,'parallel','arbitrary-variance','exp');minMaxScaler();mlpClassifier((19, 12),0.05990365822686672,0.3313290007190651,'lbfgs','relu')	0.871926946247575	cached
extraTreesClassifier(94,'entropy','log2',19,2,False,'balanced')	0.8593120370423787	cached
robustScaler(False,False);minMaxScaler();varianceThreshold();pca(0.9116717919963409,True);selectFwe(0.03479051109603893);maxAbsScaler();extraTreesClassifier(94,'entropy','log2',11,4,True,'None')	0.8706588453082642	cached
robustScaler(False,False);minMaxScaler();varianceThreshold();pca(0.9116717919963409,True);selectFwe(0.03479051109603893);maxAbsScaler();decisionTree('gini',9,17,0.06227430997389849,9,'balanced')	0.841746526818777	3.308598041534424
extraTreesClassifier(94,'entropy','log2',11,7,False,'balanced_subsample')	0.8564427817581193	cached
robustScaler(False,True);minMaxScaler();varianceThreshold();pca(0.805621460089649,False);selectFwe(0.040423492385127754);maxAbsScaler();extraTreesClassifier(94,'entropy','log2',11,4,False,'balanced_subsample')	0.8658434048799679	cached
robustScaler(False,False);minMaxScaler();varianceThreshold();pca(0.9116717919963409,True);selectFwe(0.03479051109603893);maxAbsScaler();extraTreesClassifier(94,'entropy','log2',19,2,True,'balanced')	0.8677597218977166	7.955170154571533
robustScaler(False,True);minMaxScaler();varianceThreshold();pca(0.805621460089649,False);selectFwe(0.040423492385127754);maxAbsScaler();extraTreesClassifier(94,'entropy','log2',11,2,True,'balanced')	0.8675632601022679	8.389877319335938
robustScaler(False,True);minMaxScaler();varianceThreshold();pca(0.9116717919963409,True);selectFwe(0.040423492385127754);maxAbsScaler();extraTreesClassifier(94,'entropy','log2',11,4,True,'None')	0.8706588453082642	9.34533143043518
selectPercentile(40.68768298262673);extraTreesClassifier(69,'entropy','sqrt',19,2,False,'balanced')	0.866980222251879	18.92475152015686
extraTreesClassifier(94,'entropy','log2',19,4,False,'balanced_subsample')	0.8550105074250615	20.431085109710693
selectPercentile(40.68768298262673);extraTreesClassifier(69,'entropy','log2',11,2,True,'balanced')	0.8624008617845579	21.172361612319946
robustScaler(False,False);minMaxScaler();varianceThreshold();pca(0.8136181243731917,True);selectFwe(0.03479051109603893);maxAbsScaler();extraTreesClassifier(94,'entropy','log2',11,4,True,'balanced')	0.8687499715687572	cached
fastICA(71,'parallel','arbitrary-variance','exp');minMaxScaler();mlpClassifier((19, 12),0.05990365822686672,0.3313290007190651,'lbfgs','relu')	0.871926946247575	cached
robustScaler(False,False);minMaxScaler();varianceThreshold();pca(0.9116717919963409,True);selectFwe(0.03479051109603893);maxAbsScaler();extraTreesClassifier(94,'entropy','log2',16,4,False,'None')	0.870342551240997	16.320882081985474
extraTreesClassifier(94,'entropy','log2',19,2,True,'None')	0.8627391799926437	28.915932655334473
robustScaler(False,True);minMaxScaler();varianceThreshold();pca(0.9116717919963409,True);selectFwe(0.040423492385127754);maxAbsScaler();extraTreesClassifier(94,'entropy','sqrt',11,7,True,'balanced_subsample')	0.8656318200267851	31.67554545402527
selectPercentile(40.68768298262673);extraTreesClassifier(69,'entropy','log2',11,4,True,'balanced')	0.8655881067449467	21.89106297492981
robustScaler(True,True);minMaxScaler();varianceThreshold();pca(0.805621460089649,False);selectFwe(0.040423492385127754);maxAbsScaler();extraTreesClassifier(32,'entropy','log2',17,7,False,'balanced_subsample')	0.866944798220177	19.204566478729248
robustScaler(False,True);minMaxScaler();varianceThreshold();pca(0.805621460089649,False);selectFwe(0.040423492385127754);maxAbsScaler();extraTreesClassifier(94,'entropy','log2',11,7,False,'balanced_subsample')	0.8695517838753138	cached
extraTreesClassifier(94,'entropy','log2',11,7,False,'balanced_subsample')	0.8564427817581193	24.984081268310547
extraTreesClassifier(94,'entropy','log2',11,7,True,'balanced_subsample')	0.8591190889748402	31.150586128234863
selectPercentile(28.04233293612574);mlpClassifier((19, 12),0.05990365822686672,0.3313290007190651,'lbfgs','relu')	0.8403725825179957	122.81850147247314
robustScaler(False,False);minMaxScaler();varianceThreshold();pca(0.9116717919963409,True);selectFwe(0.03479051109603893);maxAbsScaler();extraTreesClassifier(94,'entropy','log2',11,4,False,'balanced_subsample')	0.8658434048799679	28.47466278076172
robustScaler(False,False);minMaxScaler();varianceThreshold();pca(0.9116717919963409,True);selectFwe(0.03479051109603893);maxAbsScaler();extraTreesClassifier(94,'entropy','log2',11,4,True,'None')	0.8706588453082642	cached
extraTreesClassifier(94,'entropy','log2',11,4,True,'None')	0.8643947232124921	cached
robustScaler(False,False);minMaxScaler();varianceThreshold();pca(0.9116717919963409,True);selectFwe(0.03479051109603893);maxAbsScaler();extraTreesClassifier(94,'entropy','log2',11,4,True,'balanced')	0.8687499715687572	25.151503324508667
fastICA(71,'parallel','arbitrary-variance','exp');selectPercentile(21.08444885444466);mlpClassifier((19, 12),0.05990365822686672,0.3313290007190651,'lbfgs','relu')	0.8539263058295722	192.63018083572388
selectPercentile(28.04233293612574);extraTreesClassifier(69,'entropy','log2',19,7,True,'None')	0.8433026055302101	21.4019775390625
robustScaler(False,False);minMaxScaler();varianceThreshold();pca(0.9116717919963409,True);fastICA(38,'parallel','arbitrary-variance','logcosh');maxAbsScaler();extraTreesClassifier(94,'entropy','sqrt',11,4,False,'balanced_subsample')	0.8399588873591401	111.6865541934967
fastICA(71,'parallel','arbitrary-variance','exp');minMaxScaler();mlpClassifier((19, 12),0.05990365822686672,0.3313290007190651,'lbfgs','relu')	0.871926946247575	212.5242941379547
extraTreesClassifier(94,'entropy','log2',11,4,False,'balanced_subsample')	0.867584955137026	25.120798349380493
extraTreesClassifier(56,'entropy','log2',6,12,False,'balanced_subsample')	0.8530625228758316	16.23294949531555
extraTreesClassifier(91,'entropy','log2',11,4,True,'None')	0.8649620144907368	19.399391174316406
robustScaler(False,False);minMaxScaler();varianceThreshold();pca(0.9116717919963409,True);selectFwe(0.03479051109603893);maxAbsScaler();extraTreesClassifier(94,'entropy','log2',14,3,True,'balanced')	0.8690215865586117	12.495704174041748
fastICA(71,'parallel','arbitrary-variance','exp');minMaxScaler();extraTreesClassifier(69,'entropy','log2',19,7,True,'balanced')	0.8319824779776421	90.7407476902008
extraTreesClassifier(94,'entropy','sqrt',11,4,True,'balanced_subsample')	0.8621520910920422	19.70549964904785
fastICA(71,'parallel','arbitrary-variance','exp');pca(0.9116717919963409,True);mlpClassifier((19, 12),0.05990365822686672,0.3313290007190651,'lbfgs','relu')	0.7991072509205855	89.06226372718811
robustScaler(False,False);minMaxScaler();nystroem('sigmoid',5.885063823143132,80,4,-0.9928416190529643);minMaxScaler();selectFwe(0.03479051109603893);maxAbsScaler();extraTreesClassifier(94,'entropy','log2',16,4,True,'None')	invalid_ind (duplicated operator)	invalid_ind (duplicated operator)
robustScaler(False,True);minMaxScaler();varianceThreshold();pca(0.805621460089649,False);selectFwe(0.040423492385127754);maxAbsScaler();extraTreesClassifier(94,'entropy','log2',11,7,False,'balanced_subsample')	0.8695517838753138	cached
robustScaler(False,False);minMaxScaler();varianceThreshold();pca(0.8136181243731917,True);selectFwe(0.03479051109603893);maxAbsScaler();extraTreesClassifier(94,'entropy','log2',11,4,True,'balanced')	0.8687499715687572	cached
minMaxScaler();maxAbsScaler();minMaxScaler();varianceThreshold();pca(0.805621460089649,False);selectFwe(0.040423492385127754);maxAbsScaler();extraTreesClassifier(94,'entropy','log2',11,2,True,'balanced')	invalid_ind (duplicated operator)	invalid_ind (duplicated operator)
robustScaler(False,True);minMaxScaler();varianceThreshold();pca(0.8906083577328636,False);selectFwe(0.040423492385127754);maxAbsScaler();extraTreesClassifier(94,'entropy','log2',11,13,False,'None')	0.8689738834108324	7.323976755142212
robustScaler(False,False);minMaxScaler();varianceThreshold();pca(0.9116717919963409,True);selectFwe(0.03479051109603893);maxAbsScaler();extraTreesClassifier(94,'entropy','log2',19,2,True,'balanced')	0.8677597218977166	8.926852941513062
robustScaler(False,False);minMaxScaler();varianceThreshold();pca(0.9116717919963409,True);selectFwe(0.03479051109603893);maxAbsScaler();extraTreesClassifier(94,'entropy','log2',16,4,True,'None')	0.8706782684213792	10.305776119232178
robustScaler(False,True);minMaxScaler();varianceThreshold();pca(0.9116717919963409,True);selectFwe(0.03479051109603893);maxAbsScaler();extraTreesClassifier(94,'entropy','log2',11,4,True,'balanced')	0.8687499715687572	11.197283029556274
robustScaler(False,True);minMaxScaler();varianceThreshold();pca(0.805621460089649,False);selectFwe(0.040423492385127754);maxAbsScaler();extraTreesClassifier(94,'entropy','log2',11,2,True,'balanced')	0.8675632601022679	14.476182222366333
robustScaler(False,False);minMaxScaler();varianceThreshold();pca(0.805621460089649,False);selectFwe(0.040423492385127754);maxAbsScaler();extraTreesClassifier(94,'entropy','log2',20,4,False,'balanced_subsample')	0.8695361149955516	16.39814305305481
fastICA(71,'parallel','arbitrary-variance','exp');minMaxScaler();mlpClassifier((19, 12),0.05990365822686672,0.3313290007190651,'lbfgs','relu')	0.871926946247575	cached
extraTreesClassifier(94,'entropy','log2',11,4,True,'None')	0.8643947232124921	cached
robustScaler(False,True);minMaxScaler();varianceThreshold();pca(0.9116717919963409,True);selectFwe(0.040423492385127754);maxAbsScaler();extraTreesClassifier(94,'entropy','log2',11,4,True,'None')	0.8706588453082642	cached
robustScaler(False,True);minMaxScaler();varianceThreshold();pca(0.9116717919963409,True);selectFwe(0.040423492385127754);maxAbsScaler();extraTreesClassifier(94,'entropy','log2',11,4,True,'None')	0.8706588453082642	cached
robustScaler(False,True);minMaxScaler();varianceThreshold();pca(0.9116717919963409,True);selectFwe(0.040423492385127754);maxAbsScaler();extraTreesClassifier(94,'entropy','sqrt',11,7,True,'balanced_subsample')	0.8656318200267851	cached
robustScaler(False,False);minMaxScaler();varianceThreshold();pca(0.9116717919963409,True);selectFwe(0.03479051109603893);maxAbsScaler();extraTreesClassifier(94,'entropy','log2',16,4,True,'None')	0.8706782684213792	cached
robustScaler(False,False);minMaxScaler();varianceThreshold();pca(0.9116717919963409,True);selectFwe(0.03479051109603893);maxAbsScaler();extraTreesClassifier(94,'entropy','log2',19,2,False,'balanced')	0.8695396386161033	19.021738052368164
robustScaler(False,False);minMaxScaler();varianceThreshold();pca(0.9116717919963409,True);selectFwe(0.03479051109603893);maxAbsScaler();decisionTree('gini',9,17,0.06227430997389849,9,'balanced')	0.841746526818777	cached
robustScaler(False,False);minMaxScaler();varianceThreshold();pca(0.9116717919963409,True);selectFwe(0.03479051109603893);maxAbsScaler();extraTreesClassifier(94,'entropy','log2',11,4,True,'None')	0.8706588453082642	cached
fastICA(71,'parallel','arbitrary-variance','exp');minMaxScaler();mlpClassifier((19, 12),0.05990365822686672,0.3313290007190651,'lbfgs','relu')	0.871926946247575	cached
fastICA(71,'parallel','arbitrary-variance','exp');minMaxScaler();mlpClassifier((19, 12),0.05990365822686672,0.3313290007190651,'lbfgs','relu')	0.871926946247575	cached
robustScaler(False,True);minMaxScaler();varianceThreshold();pca(0.9116717919963409,True);selectFwe(0.040423492385127754);maxAbsScaler();extraTreesClassifier(94,'entropy','log2',11,4,False,'balanced_subsample')	0.8658434048799679	19.969905376434326
robustScaler(False,False);minMaxScaler();varianceThreshold();pca(0.9116717919963409,True);selectFwe(0.03479051109603893);maxAbsScaler();extraTreesClassifier(94,'entropy','log2',11,4,True,'balanced')	0.8687499715687572	cached
robustScaler(False,False);minMaxScaler();varianceThreshold();pca(0.9116717919963409,True);selectFwe(0.03479051109603893);maxAbsScaler();extraTreesClassifier(94,'entropy','log2',11,4,True,'None')	0.8706588453082642	cached
minMaxScaler();maxAbsScaler();nystroem('poly',0.07639706105661906,18,3,0.23262779592762084);selectFwe(0.03479051109603893);maxAbsScaler();extraTreesClassifier(94,'entropy','log2',11,4,True,'balanced')	invalid_ind (duplicated operator)	invalid_ind (duplicated operator)
selectPercentile(40.68768298262673);extraTreesClassifier(69,'entropy','log2',11,4,True,'balanced')	0.8655881067449467	cached
extraTreesClassifier(94,'entropy','log2',11,7,True,'None')	0.8558955643209796	23.286171913146973
minMaxScaler();extraTreesClassifier(94,'entropy','log2',19,2,True,'balanced')	0.866185077138433	22.227673292160034
robustScaler(False,True);minMaxScaler();varianceThreshold();pca(0.9116717919963409,True);selectFwe(0.03479051109603893);maxAbsScaler();extraTreesClassifier(94,'entropy','log2',11,4,True,'balanced')	0.8687499715687572	16.52370595932007
extraTreesClassifier(94,'entropy','log2',11,4,False,'balanced_subsample')	0.867584955137026	24.279723405838013
robustScaler(False,False);minMaxScaler();varianceThreshold();pca(0.9116717919963409,True);selectFwe(0.040423492385127754);maxAbsScaler();extraTreesClassifier(94,'entropy','log2',11,2,True,'balanced')	0.8675632601022679	24.777937650680542
robustScaler(False,True);minMaxScaler();varianceThreshold();pca(0.9116717919963409,True);selectFwe(0.040423492385127754);maxAbsScaler();extraTreesClassifier(94,'entropy','log2',11,4,False,'None')	0.8663459964767053	24.176913738250732
extraTreesClassifier(94,'entropy','log2',19,2,False,'balanced')	0.8593120370423787	26.760208129882812
selectPercentile(40.68768298262673);extraTreesClassifier(69,'entropy','sqrt',19,2,True,'balanced')	0.8621512378334932	28.087462186813354
robustScaler(False,False);minMaxScaler();varianceThreshold();pca(0.9116717919963409,True);selectFwe(0.03479051109603893);maxAbsScaler();extraTreesClassifier(94,'entropy','log2',16,4,False,'None')	0.870342551240997	cached
robustScaler(True,True);minMaxScaler();varianceThreshold();pca(0.805621460089649,False);selectFwe(0.040423492385127754);maxAbsScaler();extraTreesClassifier(32,'entropy','log2',17,7,False,'balanced_subsample')	0.866944798220177	cached
fastICA(71,'parallel','arbitrary-variance','exp');varianceThreshold();mlpClassifier((19, 12),0.05990365822686672,0.3313290007190651,'lbfgs','relu')	0.8710334024438164	192.1628861427307
robustScaler(False,False);minMaxScaler();minMaxScaler();pca(0.8136181243731917,True);selectFwe(0.03479051109603893);maxAbsScaler();extraTreesClassifier(94,'entropy','log2',11,4,True,'balanced')	invalid_ind (duplicated operator)	invalid_ind (duplicated operator)
fastICA(71,'parallel','arbitrary-variance','exp');minMaxScaler();mlpClassifier((19, 12),0.05990365822686672,0.3313290007190651,'lbfgs','relu')	0.871926946247575	209.33504986763
fastICA(71,'parallel','arbitrary-variance','exp');minMaxScaler();mlpClassifier((19, 12),0.05990365822686672,0.3313290007190651,'lbfgs','relu')	0.871926946247575	201.2325415611267
fastICA(71,'parallel','arbitrary-variance','exp');minMaxScaler();mlpClassifier((19, 12),0.05990365822686672,0.3313290007190651,'lbfgs','relu')	0.871926946247575	159.14070558547974
robustScaler(False,False);minMaxScaler();varianceThreshold();pca(0.805621460089649,False);selectFwe(0.040423492385127754);maxAbsScaler();extraTreesClassifier(94,'entropy','log2',20,4,False,'balanced_subsample')	0.8695361149955516	cached
robustScaler(False,False);minMaxScaler();varianceThreshold();pca(0.9116717919963409,True);selectFwe(0.03479051109603893);maxAbsScaler();extraTreesClassifier(94,'entropy','log2',19,4,True,'balanced')	0.8699097259844597	5.837482929229736
robustScaler(False,False);minMaxScaler();varianceThreshold();pca(0.9116717919963409,True);selectFwe(0.03479051109603893);maxAbsScaler();extraTreesClassifier(94,'entropy','log2',16,4,True,'balanced')	0.8689941507585173	5.845868825912476
robustScaler(False,False);minMaxScaler();varianceThreshold();pca(0.9116717919963409,True);selectFwe(0.03479051109603893);fastICA(71,'parallel','arbitrary-variance','exp');extraTreesClassifier(94,'entropy','log2',16,4,True,'None')	0.8686881199747415	6.318851709365845
robustScaler(False,True);minMaxScaler();varianceThreshold();pca(0.805621460089649,False);selectFwe(0.040423492385127754);maxAbsScaler();extraTreesClassifier(94,'entropy','log2',11,4,True,'balanced')	0.8687499715687572	6.199192762374878
extraTreesClassifier(94,'entropy','log2',11,4,False,'balanced')	0.867584955137026	6.957489013671875
robustScaler(False,False);minMaxScaler();varianceThreshold();pca(0.8136181243731917,True);selectFwe(0.03479051109603893);maxAbsScaler();extraTreesClassifier(94,'entropy','log2',11,2,True,'balanced')	0.8675632601022679	11.972275495529175
robustScaler(False,True);minMaxScaler();varianceThreshold();pca(0.9116717919963409,True);selectFwe(0.03479051109603893);maxAbsScaler();extraTreesClassifier(94,'entropy','log2',11,7,False,'balanced_subsample')	0.8695517838753138	12.392350435256958
robustScaler(False,False);minMaxScaler();varianceThreshold();pca(0.9116717919963409,True);selectFwe(0.03479051109603893);maxAbsScaler();extraTreesClassifier(94,'entropy','log2',19,2,True,'None')	0.8709395712446227	13.702779054641724
robustScaler(False,False);minMaxScaler();varianceThreshold();pca(0.9116717919963409,True);selectFwe(0.03479051109603893);maxAbsScaler();extraTreesClassifier(94,'entropy','log2',19,2,True,'balanced')	0.8677597218977166	21.680688619613647
robustScaler(False,False);minMaxScaler();varianceThreshold();pca(0.9116717919963409,True);selectFwe(0.040423492385127754);maxAbsScaler();extraTreesClassifier(94,'gini','log2',11,4,True,'None')	0.8706588453082642	21.983078002929688
robustScaler(False,False);minMaxScaler();varianceThreshold();pca(0.9116717919963409,True);selectFwe(0.03479051109603893);maxAbsScaler();extraTreesClassifier(94,'entropy','log2',16,4,True,'None')	0.8706782684213792	26.898444652557373
robustScaler(False,False);minMaxScaler();varianceThreshold();pca(0.9116717919963409,True);selectFwe(0.03479051109603893);maxAbsScaler();extraTreesClassifier(94,'entropy','log2',11,4,True,'None')	0.8706588453082642	cached
fastICA(71,'parallel','arbitrary-variance','exp');minMaxScaler();mlpClassifier((19, 12),0.05990365822686672,0.3313290007190651,'lbfgs','relu')	0.871926946247575	cached
robustScaler(False,True);minMaxScaler();varianceThreshold();pca(0.8136181243731917,True);selectFwe(0.03479051109603893);maxAbsScaler();extraTreesClassifier(94,'entropy','log2',11,4,True,'balanced')	0.8687499715687572	30.11340856552124
robustScaler(False,False);minMaxScaler();varianceThreshold();pca(0.9116717919963409,True);selectFwe(0.03479051109603893);maxAbsScaler();extraTreesClassifier(94,'entropy','log2',19,2,True,'balanced')	0.8677597218977166	26.93959379196167
robustScaler(False,True);minMaxScaler();pca(0.9676365772822819,False);pca(0.9116717919963409,True);selectFwe(0.03479051109603893);maxAbsScaler();extraTreesClassifier(94,'entropy','log2',11,4,False,'balanced')	invalid_ind (duplicated operator)	invalid_ind (duplicated operator)
robustScaler(False,False);minMaxScaler();varianceThreshold();pca(0.9116717919963409,True);selectFwe(0.03479051109603893);maxAbsScaler();mlpClassifier((19, 12),0.05990365822686672,0.3313290007190651,'lbfgs','relu')	0.8689759106759081	96.8149676322937
extraTreesClassifier(94,'entropy','log2',11,2,True,'balanced')	0.863653140437636	36.015735149383545
robustScaler(False,True);minMaxScaler();varianceThreshold();pca(0.9116717919963409,True);robustScaler(False,True);maxAbsScaler();extraTreesClassifier(94,'entropy','log2',11,4,False,'balanced_subsample')	invalid_ind (duplicated operator)	invalid_ind (duplicated operator)
maxAbsScaler();minMaxScaler();mlpClassifier((19, 12),0.05990365822686672,0.3313290007190651,'lbfgs','relu')	0.8613408458344407	124.17584705352783
robustScaler(False,False);minMaxScaler();varianceThreshold();pca(0.9116717919963409,True);selectFwe(0.040423492385127754);maxAbsScaler();extraTreesClassifier(94,'entropy','log2',11,2,True,'balanced')	0.8675632601022679	cached
robustScaler(False,True);minMaxScaler();varianceThreshold();pca(0.9116717919963409,True);selectFwe(0.040423492385127754);maxAbsScaler();extraTreesClassifier(94,'entropy','log2',11,4,False,'None')	0.8663459964767053	cached
robustScaler(False,False);minMaxScaler();varianceThreshold();pca(0.9116717919963409,True);selectFwe(0.03479051109603893);maxAbsScaler();extraTreesClassifier(91,'gini','log2',11,7,True,'balanced_subsample')	0.8646871635262794	33.608360052108765
robustScaler(False,False);minMaxScaler();varianceThreshold();pca(0.9116717919963409,True);selectFwe(0.03479051109603893);maxAbsScaler();extraTreesClassifier(94,'entropy','log2',11,2,True,'balanced')	0.8675632601022679	20.584500074386597
robustScaler(False,True);minMaxScaler();varianceThreshold();pca(0.805621460089649,False);selectFwe(0.040423492385127754);maxAbsScaler();extraTreesClassifier(94,'entropy','log2',19,2,True,'balanced')	0.8677597218977166	34.43653631210327
fastICA(71,'parallel','arbitrary-variance','logcosh');minMaxScaler();extraTreesClassifier(94,'entropy','log2',2,4,True,'None')	0.8401585541141856	163.25384998321533
robustScaler(False,True);minMaxScaler();varianceThreshold();pca(0.805621460089649,False);selectFwe(0.040423492385127754);maxAbsScaler();extraTreesClassifier(94,'entropy','log2',11,2,True,'balanced')	0.8675632601022679	cached
robustScaler(False,True);minMaxScaler();varianceThreshold();pca(0.8906083577328636,False);selectFwe(0.040423492385127754);maxAbsScaler();extraTreesClassifier(94,'entropy','log2',11,13,False,'None')	0.8689738834108324	cached
fastICA(71,'parallel','arbitrary-variance','exp');minMaxScaler();mlpClassifier((19, 12),0.05990365822686672,0.3313290007190651,'lbfgs','relu')	0.871926946247575	264.50397849082947
fastICA(71,'parallel','arbitrary-variance','exp');selectFwe(0.03479051109603893);mlpClassifier((19, 12),0.05990365822686672,0.3313290007190651,'lbfgs','relu')	0.8383421252857879	197.64763855934143
minMaxScaler();maxAbsScaler();nystroem('poly',0.07639706105661906,18,3,0.23262779592762084);minMaxScaler();maxAbsScaler();extraTreesClassifier(94,'entropy','log2',11,4,True,'balanced')	invalid_ind (duplicated operator)	invalid_ind (duplicated operator)
robustScaler(False,False);minMaxScaler();varianceThreshold();pca(0.9116717919963409,True);selectFwe(0.03479051109603893);maxAbsScaler();extraTreesClassifier(94,'entropy','log2',16,4,True,'balanced')	0.8689941507585173	27.589537143707275
robustScaler(True,False);pca(0.805621460089649,False);selectFwe(0.040423492385127754);maxAbsScaler();extraTreesClassifier(94,'entropy','log2',20,4,False,'balanced_subsample')	0.8760989161302394	22.68881893157959
pca(0.7540454155457416,True);minMaxScaler();varianceThreshold();maxAbsScaler();extraTreesClassifier(94,'entropy','log2',11,4,True,'balanced')	0.865290119544435	21.102320909500122
minMaxScaler();maxAbsScaler();nystroem('poly',0.07639706105661906,18,3,0.23262779592762084);selectFwe(0.03479051109603893);maxAbsScaler();extraTreesClassifier(94,'entropy','log2',11,7,False,'balanced_subsample')	invalid_ind (duplicated operator)	invalid_ind (duplicated operator)
robustScaler(False,False);minMaxScaler();varianceThreshold();pca(0.9116717919963409,True);selectFwe(0.03479051109603893);maxAbsScaler();extraTreesClassifier(94,'entropy','log2',11,4,True,'None')	0.8706588453082642	18.203346252441406
fastICA(71,'parallel','arbitrary-variance','exp');minMaxScaler();mlpClassifier((19, 12),0.05990365822686672,0.3313290007190651,'lbfgs','relu')	0.871926946247575	211.6962411403656
fastICA(71,'parallel','arbitrary-variance','exp');pca(0.9116717919963409,False);mlpClassifier((19, 12),0.03191659220333736,0.3313290007190651,'lbfgs','tanh')	0.8626156355276724	180.64127039909363
robustScaler(False,False);minMaxScaler();varianceThreshold();minMaxScaler();selectFwe(0.03479051109603893);maxAbsScaler();extraTreesClassifier(94,'entropy','log2',16,4,True,'None')	invalid_ind (duplicated operator)	invalid_ind (duplicated operator)
robustScaler(False,False);minMaxScaler();varianceThreshold();minMaxScaler();selectFwe(0.03479051109603893);maxAbsScaler();extraTreesClassifier(94,'entropy','log2',16,7,False,'balanced_subsample')	invalid_ind (duplicated operator)	invalid_ind (duplicated operator)
minMaxScaler();maxAbsScaler();nystroem('poly',0.07639706105661906,18,3,0.23262779592762084);selectFwe(0.03479051109603893);maxAbsScaler();extraTreesClassifier(94,'entropy','log2',11,4,True,'None')	invalid_ind (duplicated operator)	invalid_ind (duplicated operator)
maxAbsScaler();varianceThreshold();fastICA(33,'parallel','unit-variance','logcosh');maxAbsScaler();adaBoost(decisionTree('gini',27,18,0.8477758780229174,10,'None'),61,0.39708471498576764,'SAMME')	invalid_ind (duplicated operator)	invalid_ind (duplicated operator)
robustScaler(False,False);minMaxScaler();varianceThreshold();pca(0.805621460089649,False);selectFwe(0.040423492385127754);maxAbsScaler();extraTreesClassifier(94,'entropy','log2',20,4,False,'balanced_subsample')	0.8695361149955516	cached
robustScaler(False,False);minMaxScaler();varianceThreshold();pca(0.8136181243731917,True);selectFwe(0.03479051109603893);maxAbsScaler();extraTreesClassifier(94,'entropy','log2',11,2,True,'balanced')	0.8675632601022679	cached
robustScaler(False,True);minMaxScaler();varianceThreshold();pca(0.8906083577328636,False);selectFwe(0.040423492385127754);maxAbsScaler();extraTreesClassifier(94,'entropy','log2',11,13,False,'None')	0.8689738834108324	cached
robustScaler(True,False);pca(0.805621460089649,False);selectFwe(0.040423492385127754);maxAbsScaler();extraTreesClassifier(94,'entropy','log2',20,4,False,'balanced_subsample')	0.8760989161302394	cached
fastICA(71,'parallel','arbitrary-variance','exp');minMaxScaler();mlpClassifier((19, 12),0.05990365822686672,0.3313290007190651,'lbfgs','relu')	0.871926946247575	cached
varianceThreshold();varianceThreshold();varianceThreshold();pca(0.805621460089649,False);selectFwe(0.040423492385127754);maxAbsScaler();extraTreesClassifier(94,'entropy','log2',11,4,False,'balanced_subsample')	invalid_ind (duplicated operator)	invalid_ind (duplicated operator)
minMaxScaler();maxAbsScaler();nystroem('poly',0.07639706105661906,18,3,0.23262779592762084);selectFwe(0.03479051109603893);maxAbsScaler();extraTreesClassifier(94,'entropy','log2',11,7,True,'balanced')	invalid_ind (duplicated operator)	invalid_ind (duplicated operator)
robustScaler(False,False);minMaxScaler();varianceThreshold();pca(0.9116717919963409,False);selectFwe(0.03479051109603893);maxAbsScaler();extraTreesClassifier(94,'entropy','log2',19,2,True,'None')	0.8709395712446227	12.426280736923218
robustScaler(False,False);minMaxScaler();varianceThreshold();pca(0.9116717919963409,True);selectFwe(0.03479051109603893);maxAbsScaler();extraTreesClassifier(94,'entropy','log2',19,2,True,'None')	0.8709395712446227	cached
robustScaler(False,True);minMaxScaler();varianceThreshold();pca(0.9116717919963409,True);selectFwe(0.03479051109603893);maxAbsScaler();extraTreesClassifier(94,'entropy','log2',11,7,False,'balanced_subsample')	0.8695517838753138	cached
robustScaler(True,False);pca(0.805621460089649,False);selectFwe(0.040423492385127754);maxAbsScaler();extraTreesClassifier(94,'entropy','log2',20,4,True,'balanced_subsample')	0.8738225390788393	23.213067054748535
robustScaler(False,False);minMaxScaler();varianceThreshold();pca(0.6901360405061558,False);selectFwe(0.040423492385127754);maxAbsScaler();extraTreesClassifier(94,'entropy','sqrt',20,4,False,'balanced_subsample')	0.8695361149955516	21.78036379814148
robustScaler(False,False);minMaxScaler();varianceThreshold();pca(0.9116717919963409,True);selectFwe(0.03479051109603893);maxAbsScaler();extraTreesClassifier(94,'entropy','log2',11,2,True,'balanced')	0.8675632601022679	cached
robustScaler(False,False);minMaxScaler();varianceThreshold();pca(0.9116717919963409,True);selectFwe(0.03479051109603893);maxAbsScaler();mlpClassifier((19, 12),0.05990365822686672,0.3313290007190651,'lbfgs','relu')	0.8689759106759081	cached
robustScaler(False,True);minMaxScaler();varianceThreshold();pca(0.9116717919963409,True);selectFwe(0.03479051109603893);maxAbsScaler();extraTreesClassifier(94,'entropy','log2',11,7,False,'balanced_subsample')	0.8695517838753138	cached
robustScaler(False,False);minMaxScaler();varianceThreshold();pca(0.9116717919963409,True);selectFwe(0.03479051109603893);maxAbsScaler();extraTreesClassifier(94,'entropy','log2',19,2,False,'None')	0.8666312355575414	18.412869453430176
robustScaler(False,True);minMaxScaler();varianceThreshold();pca(0.805621460089649,False);selectFwe(0.040423492385127754);maxAbsScaler();extraTreesClassifier(94,'entropy','log2',11,2,False,'balanced_subsample')	0.8680531403082299	23.48296618461609
minMaxScaler();maxAbsScaler();nystroem('poly',0.07639706105661906,18,3,0.23262779592762084);selectFwe(0.03479051109603893);maxAbsScaler();extraTreesClassifier(94,'entropy','log2',11,7,True,'balanced')	invalid_ind (duplicated operator)	invalid_ind (duplicated operator)
fastICA(71,'parallel','arbitrary-variance','exp');minMaxScaler();extraTreesClassifier(94,'entropy','log2',19,2,True,'balanced')	0.8416838634263245	90.15976643562317
robustScaler(False,False);minMaxScaler();varianceThreshold();pca(0.805621460089649,False);selectFwe(0.040423492385127754);maxAbsScaler();extraTreesClassifier(94,'entropy','log2',19,2,True,'None')	0.8709395712446227	29.04351305961609
robustScaler(False,False);minMaxScaler();varianceThreshold();pca(0.9116717919963409,True);selectFwe(0.03479051109603893);maxAbsScaler();extraTreesClassifier(94,'entropy','log2',20,4,False,'balanced_subsample')	0.8695361149955516	30.870516777038574
selectPercentile(40.68768298262673);extraTreesClassifier(69,'entropy','sqrt',19,2,False,'balanced')	0.866980222251879	cached
robustScaler(False,False);minMaxScaler();varianceThreshold();pca(0.9116717919963409,True);selectFwe(0.03479051109603893);maxAbsScaler();extraTreesClassifier(94,'entropy','log2',11,13,True,'None')	0.8647098125744239	29.809329748153687
robustScaler(False,True);minMaxScaler();varianceThreshold();pca(0.8136181243731917,True);selectFwe(0.03479051109603893);maxAbsScaler();minMaxScaler();mlpClassifier((19, 12),0.05990365822686672,0.3313290007190651,'lbfgs','relu')	invalid_ind (duplicated operator)	invalid_ind (duplicated operator)
fastICA(71,'parallel','arbitrary-variance','exp');maxAbsScaler();mlpClassifier((19, 12),0.05990365822686672,0.3313290007190651,'lbfgs','relu')	0.8310562637076936	181.95378994941711
robustScaler(False,False);minMaxScaler();varianceThreshold();pca(0.9116717919963409,True);selectFwe(0.03479051109603893);fastICA(71,'parallel','arbitrary-variance','exp');extraTreesClassifier(94,'entropy','log2',16,4,True,'None')	0.8686881199747415	cached
robustScaler(False,False);minMaxScaler();varianceThreshold();minMaxScaler();selectFwe(0.03479051109603893);maxAbsScaler();extraTreesClassifier(94,'entropy','log2',16,4,True,'None')	invalid_ind (duplicated operator)	invalid_ind (duplicated operator)
fastICA(98,'deflation','arbitrary-variance','exp');minMaxScaler();mlpClassifier((19, 12),0.05990365822686672,0.3313290007190651,'lbfgs','relu')	eval_timeout_error	eval_timeout_error
maxAbsScaler();extraTreesClassifier(94,'entropy','log2',11,4,True,'balanced')	0.860690788895987	35.377355098724365
robustScaler(False,False);minMaxScaler();varianceThreshold();pca(0.9116717919963409,True);selectFwe(0.03479051109603893);maxAbsScaler();mlpClassifier((19, 12),0.05990365822686672,0.3313290007190651,'lbfgs','relu')	0.8689759106759081	112.22456407546997
robustScaler(False,False);minMaxScaler();varianceThreshold();pca(0.805621460089649,False);selectFwe(0.040423492385127754);maxAbsScaler();extraTreesClassifier(94,'entropy','log2',11,2,True,'balanced')	0.8675632601022679	20.794605255126953
robustScaler(False,True);minMaxScaler();varianceThreshold();pca(0.805621460089649,False);selectFwe(0.040423492385127754);maxAbsScaler();extraTreesClassifier(94,'entropy','log2',11,7,False,'balanced_subsample')	0.8695517838753138	19.27151107788086
robustScaler(False,False);minMaxScaler();varianceThreshold();pca(0.8136181243731917,True);selectFwe(0.03479051109603893);maxAbsScaler();extraTreesClassifier(94,'entropy','log2',20,4,False,'balanced_subsample')	0.8695361149955516	13.595882654190063
robustScaler(False,True);minMaxScaler();varianceThreshold();pca(0.9116717919963409,True);selectFwe(0.03479051109603893);maxAbsScaler();extraTreesClassifier(94,'entropy','log2',11,4,True,'balanced')	0.8687499715687572	14.59118390083313
fastICA(47,'parallel','arbitrary-variance','logcosh');pca(0.805621460089649,False);mlpClassifier((19, 12),0.03191659220333736,0.3313290007190651,'sgd','tanh')	0.45465417710180295	68.24880743026733
fastICA(71,'deflation','arbitrary-variance','exp');minMaxScaler();mlpClassifier((25, 4),0.07567233471955549,0.3313290007190651,'lbfgs','relu')	0.8613936958834476	225.55225157737732
minMaxScaler();varianceThreshold();maxAbsScaler();extraTreesClassifier(94,'entropy','log2',20,4,False,'balanced_subsample')	0.861073410595526	5.92413067817688
robustScaler(False,False);minMaxScaler();varianceThreshold();pca(0.8136181243731917,True);selectFwe(0.03479051109603893);maxAbsScaler();extraTreesClassifier(94,'entropy','log2',20,4,False,'balanced_subsample')	0.8695361149955516	cached
varianceThreshold();varianceThreshold();varianceThreshold();pca(0.805621460089649,False);selectFwe(0.040423492385127754);maxAbsScaler();extraTreesClassifier(94,'entropy','log2',11,4,False,'balanced_subsample')	invalid_ind (duplicated operator)	invalid_ind (duplicated operator)
robustScaler(False,False);minMaxScaler();varianceThreshold();minMaxScaler();selectFwe(0.03479051109603893);maxAbsScaler();extraTreesClassifier(94,'entropy','log2',16,4,True,'None')	invalid_ind (duplicated operator)	invalid_ind (duplicated operator)
minMaxScaler();maxAbsScaler();nystroem('poly',0.07639706105661906,18,3,0.23262779592762084);selectFwe(0.03479051109603893);maxAbsScaler();extraTreesClassifier(94,'entropy','log2',11,11,True,'balanced')	invalid_ind (duplicated operator)	invalid_ind (duplicated operator)
robustScaler(False,False);minMaxScaler();varianceThreshold();pca(0.9116717919963409,True);selectFwe(0.03479051109603893);maxAbsScaler();extraTreesClassifier(94,'entropy','log2',20,4,False,'balanced_subsample')	0.8695361149955516	5.745187520980835
robustScaler(False,True);minMaxScaler();varianceThreshold();pca(0.805621460089649,False);selectFwe(0.040423492385127754);maxAbsScaler();extraTreesClassifier(94,'entropy','log2',11,7,False,'balanced_subsample')	0.8695517838753138	5.638869047164917
robustScaler(False,False);minMaxScaler();varianceThreshold();pca(0.9116717919963409,True);selectFwe(0.03479051109603893);maxAbsScaler();extraTreesClassifier(94,'entropy','log2',19,7,True,'balanced')	0.868155519490806	6.236771106719971
minMaxScaler();maxAbsScaler();nystroem('poly',0.07639706105661906,18,3,0.23262779592762084);selectFwe(0.03479051109603893);maxAbsScaler();extraTreesClassifier(94,'entropy','log2',11,2,False,'None')	invalid_ind (duplicated operator)	invalid_ind (duplicated operator)
robustScaler(False,False);minMaxScaler();varianceThreshold();minMaxScaler();selectFwe(0.03479051109603893);maxAbsScaler();extraTreesClassifier(94,'entropy','log2',16,4,False,'None')	invalid_ind (duplicated operator)	invalid_ind (duplicated operator)
robustScaler(False,False);minMaxScaler();varianceThreshold();pca(0.9116717919963409,True);selectFwe(0.03479051109603893);maxAbsScaler();extraTreesClassifier(94,'entropy','log2',19,2,True,'None')	0.8709395712446227	7.200748443603516
robustScaler(False,False);minMaxScaler();varianceThreshold();pca(0.8136181243731917,True);selectFwe(0.03479051109603893);maxAbsScaler();extraTreesClassifier(94,'entropy','log2',11,2,True,'balanced')	0.8675632601022679	10.551037073135376
robustScaler(True,False);pca(0.805621460089649,False);selectFwe(0.040423492385127754);maxAbsScaler();extraTreesClassifier(94,'entropy','log2',20,4,True,'balanced_subsample')	0.8738225390788393	cached
robustScaler(True,False);pca(0.805621460089649,False);selectFwe(0.040423492385127754);maxAbsScaler();extraTreesClassifier(94,'entropy','log2',20,4,True,'balanced_subsample')	0.8738225390788393	cached
robustScaler(False,False);minMaxScaler();varianceThreshold();pca(0.9116717919963409,True);selectFwe(0.03479051109603893);maxAbsScaler();extraTreesClassifier(94,'entropy','log2',19,2,False,'None')	0.8666312355575414	9.619373083114624
robustScaler(False,True);minMaxScaler();varianceThreshold();pca(0.8906083577328636,False);selectFwe(0.040423492385127754);maxAbsScaler();extraTreesClassifier(94,'entropy','log2',11,13,False,'None')	0.8689738834108324	11.32503056526184
fastICA(71,'parallel','arbitrary-variance','exp');varianceThreshold();mlpClassifier((19, 12),0.05990365822686672,0.3313290007190651,'lbfgs','relu')	0.8710334024438164	cached
fastICA(71,'parallel','arbitrary-variance','exp');minMaxScaler();mlpClassifier((19, 12),0.05990365822686672,0.3313290007190651,'lbfgs','relu')	0.871926946247575	cached
robustScaler(False,False);minMaxScaler();varianceThreshold();pca(0.9116717919963409,True);selectFwe(0.03479051109603893);maxAbsScaler();mlpClassifier((19, 12),0.05990365822686672,0.3313290007190651,'lbfgs','relu')	0.8689759106759081	cached
robustScaler(False,False);minMaxScaler();varianceThreshold();pca(0.8136181243731917,True);selectFwe(0.03479051109603893);maxAbsScaler();extraTreesClassifier(94,'entropy','log2',20,4,False,'balanced_subsample')	0.8695361149955516	cached
robustScaler(False,False);minMaxScaler();varianceThreshold();pca(0.9116717919963409,True);selectFwe(0.03479051109603893);maxAbsScaler();extraTreesClassifier(94,'entropy','log2',20,4,True,'balanced_subsample')	0.8724738285485623	13.388899326324463
robustScaler(False,True);minMaxScaler();varianceThreshold();pca(0.9116717919963409,True);selectFwe(0.03479051109603893);maxAbsScaler();extraTreesClassifier(94,'entropy','log2',11,7,False,'balanced_subsample')	0.8695517838753138	cached
robustScaler(True,False);pca(0.805621460089649,False);selectFwe(0.040423492385127754);maxAbsScaler();extraTreesClassifier(94,'entropy','log2',20,4,False,'balanced')	0.8760989161302394	20.360534191131592
robustScaler(True,False);pca(0.805621460089649,True);selectFwe(0.0035990894947373854);maxAbsScaler();extraTreesClassifier(94,'entropy','log2',2,4,False,'balanced_subsample')	0.8738461157396188	19.27561354637146
robustScaler(False,True);minMaxScaler();varianceThreshold();pca(0.8136181243731917,True);selectFwe(0.040423492385127754);maxAbsScaler();minMaxScaler();mlpClassifier((19, 12),0.05990365822686672,0.3313290007190651,'lbfgs','relu')	invalid_ind (duplicated operator)	invalid_ind (duplicated operator)
selectPercentile(40.68768298262673);extraTreesClassifier(69,'entropy','sqrt',19,2,False,'balanced_subsample')	0.866980222251879	22.76501202583313
fastICA(71,'parallel','arbitrary-variance','exp');varianceThreshold();mlpClassifier((19, 12),0.05990365822686672,0.3313290007190651,'lbfgs','relu')	0.8710334024438164	cached
robustScaler(False,False);minMaxScaler();varianceThreshold();pca(0.805621460089649,False);selectFwe(0.03479051109603893);maxAbsScaler();extraTreesClassifier(94,'entropy','log2',19,2,True,'None')	0.8709395712446227	23.683985233306885
robustScaler(True,False);pca(0.805621460089649,False);selectFwe(0.040423492385127754);maxAbsScaler();extraTreesClassifier(94,'entropy','log2',20,4,False,'balanced_subsample')	0.8760989161302394	cached
robustScaler(True,False);pca(0.805621460089649,False);selectFwe(0.040423492385127754);maxAbsScaler();extraTreesClassifier(94,'entropy','log2',20,4,False,'balanced_subsample')	0.8760989161302394	cached
robustScaler(False,False);minMaxScaler();varianceThreshold();pca(0.805621460089649,False);selectFwe(0.040423492385127754);minMaxScaler();extraTreesClassifier(94,'entropy','log2',11,2,True,'balanced')	invalid_ind (duplicated operator)	invalid_ind (duplicated operator)
nystroem('sigmoid',1.6855189062691809,75,5,-0.33076125908977994);minMaxScaler();varianceThreshold();pca(0.6901360405061558,False);selectFwe(0.040423492385127754);maxAbsScaler();extraTreesClassifier(94,'entropy','sqrt',20,4,False,'balanced_subsample')	0.3651040629594407	25.322786808013916
minMaxScaler();maxAbsScaler();nystroem('poly',0.07639706105661906,18,3,0.23262779592762084);selectFwe(0.03479051109603893);maxAbsScaler();extraTreesClassifier(94,'entropy','log2',19,2,True,'None')	invalid_ind (duplicated operator)	invalid_ind (duplicated operator)
robustScaler(False,False);minMaxScaler();varianceThreshold();pca(0.9116717919963409,False);selectFwe(0.03479051109603893);maxAbsScaler();extraTreesClassifier(94,'entropy','log2',11,7,True,'balanced')	0.8665341555636289	32.46036338806152
fastICA(71,'parallel','arbitrary-variance','exp');minMaxScaler();extraTreesClassifier(94,'entropy','log2',19,2,True,'balanced_subsample')	0.8442174294708018	116.98564720153809
robustScaler(False,False);minMaxScaler();varianceThreshold();pca(0.9116717919963409,False);selectFwe(0.03479051109603893);maxAbsScaler();extraTreesClassifier(94,'entropy','log2',19,2,True,'None')	0.8709395712446227	cached
fastICA(71,'deflation','arbitrary-variance','exp');maxAbsScaler();mlpClassifier((25, 4),0.07567233471955549,0.3313290007190651,'lbfgs','relu')	0.8193494296950462	200.13158321380615
robustScaler(False,False);minMaxScaler();varianceThreshold();pca(0.805621460089649,False);selectFwe(0.040423492385127754);minMaxScaler();extraTreesClassifier(94,'entropy','log2',11,2,True,'balanced')	invalid_ind (duplicated operator)	invalid_ind (duplicated operator)
fastICA(98,'deflation','arbitrary-variance','exp');minMaxScaler();mlpClassifier((19, 12),0.05990365822686672,0.3313290007190651,'lbfgs','relu')	0.8645287357760132	220.32942152023315
robustScaler(False,False);minMaxScaler();varianceThreshold();pca(0.8136181243731917,True);selectFwe(0.03479051109603893);maxAbsScaler();extraTreesClassifier(94,'entropy','log2',11,2,True,'balanced')	timeout_error	timeout_error
fastICA(98,'deflation','arbitrary-variance','exp');maxAbsScaler();mlpClassifier((61, 12),0.05990365822686672,0.6380407993574877,'lbfgs','relu')	0.837055457447596	201.76333594322205
