pipeline	fitness	fit_time
minMaxScaler();minMaxScaler();gaussianNB(0.0026535924869711324)	invalid_ind (duplicated operator)	invalid_ind (duplicated operator)
robustScaler(False,False);minMaxScaler();varianceThreshold();minMaxScaler();bernoulliNB(13.47682032738268,True)	invalid_ind (duplicated operator)	invalid_ind (duplicated operator)
maxAbsScaler();maxAbsScaler();maxAbsScaler();maxAbsScaler();selectFwe(0.009043666552575984);qda(0.2944927770994724)	invalid_ind (duplicated operator)	invalid_ind (duplicated operator)
minMaxScaler();selectFwe(0.024658343705673866);multinomialNB(4.818108993452412,True)	0.06649968574628709	2.2541463375091553
varianceThreshold();varianceThreshold();multinomialNB(36.87483075923989,True)	invalid_ind (duplicated operator)	invalid_ind (duplicated operator)
varianceThreshold();maxAbsScaler();bernoulliNB(21.523060441398258,False)	0.0740778067570047	3.0224971771240234
robustScaler(True,True);selectPercentile(90.1038273587697);selectFwe(0.0326841797004676);randomForest(86,'entropy',0.6956345264363321,14,3,False,'balanced_subsample')	0.13643645108887212	62.645498514175415
varianceThreshold();robustScaler(False,True);selectFwe(0.04466939840961905);varianceThreshold();minMaxScaler();adaBoost(decisionTree('gini',10,13,0.49326104275013793,5,'balanced'),74,1.3552637436178543,'SAMME')	invalid_ind (duplicated operator)	invalid_ind (duplicated operator)
maxAbsScaler();nystroem('poly',2.3695199774104716,54,3,0.3536970796999488);adaBoost(decisionTree('entropy',4,12,0.8955753946414917,17,'None'),74,1.4932288908626732,'SAMME')	eval_timeout_error	eval_timeout_error
nystroem('sigmoid',1.7423961110204327,44,2,-0.23262073421992024);adaBoost(decisionTree('entropy',28,13,0.5699993338763802,7,'None'),72,1.4483520731325303,'SAMME')	eval_timeout_error	eval_timeout_error
selectFwe(0.017249723534111822);minMaxScaler();minMaxScaler();selectFwe(0.018793868640708627);adaBoost(decisionTree('entropy',20,4,0.8562771389130047,20,'None'),32,0.19666825807181484,'SAMME')	invalid_ind (duplicated operator)	invalid_ind (duplicated operator)
varianceThreshold();lda(0.12629982004880003,53,0.013603893314741142)	eval_error (n_components cannot be larger than min(n_features, n_classes - 1).)	eval_error (n_components cannot be larger than min(n_features, n_classes - 1).)
logisticRegression('l1','liblinear',1000,1.6485202941946948,'balanced')	eval_error (The 'liblinear' solver does not support multiclass classification (n_classes >= 3). Either use another solver or wrap the estimator in a OneVsRestClassifier to keep applying a one-versus-rest scheme.)	eval_error (The 'liblinear' solver does not support multiclass classification (n_classes >= 3). Either use another solver or wrap the estimator in a OneVsRestClassifier to keep applying a one-versus-rest scheme.)
varianceThreshold();selectPercentile(62.49760567667308);pca(0.771115481433299,False);varianceThreshold();adaBoost(decisionTree('gini',19,14,0.204821737736817,4,'balanced'),25,0.8771129300595147,'SAMME')	invalid_ind (duplicated operator)	invalid_ind (duplicated operator)
maxAbsScaler();varianceThreshold();robustScaler(True,True);maxAbsScaler();selectFwe(0.04686724486146901);fastICA(87,'parallel','arbitrary-variance','cube');varianceThreshold();gaussianNB(0.007328583021315048)	invalid_ind (duplicated operator)	invalid_ind (duplicated operator)
minMaxScaler();multinomialNB(48.75738030882885,True)	0.05367750091457544	6.407764911651611
maxAbsScaler();bernoulliNB(7.680138010703927,False)	0.073742034588159	8.325497388839722
maxAbsScaler();fastICA(44,'deflation','unit-variance','logcosh');fastICA(73,'parallel','unit-variance','exp');logisticRegression('None','liblinear',1000,2.593247120632086,'None')	invalid_ind (duplicated operator)	invalid_ind (duplicated operator)
robustScaler(True,True);selectPercentile(9.204553991742472);mlpClassifier((97, 3),0.04338905221155612,0.8979170621498264,'sgd','relu')	0.05896108837825311	30.332459688186646
varianceThreshold();varianceThreshold();nystroem('cosine',3.4878415009605916,73,5,-0.31511366869620727);maxAbsScaler();fastICA(50,'parallel','unit-variance','logcosh');maxAbsScaler();multinomialNB(14.543848286903104,True)	invalid_ind (duplicated operator)	invalid_ind (duplicated operator)
minMaxScaler();minMaxScaler();adaBoost(decisionTree('gini',3,16,0.6521538633106674,10,'balanced'),14,0.8121983926656746,'SAMME')	invalid_ind (duplicated operator)	invalid_ind (duplicated operator)
selectFwe(0.02044616347306722);maxAbsScaler();qda(0.8710531292337911)	eval_error (The covariance matrix of class 21 is not full rank. When using `solver='svd'` the number of samples in each class should be more than the number of features, but class 21 has 7 samples and 10 features. Try using `solver='eigen'` and setting the parameter `shrinkage` for regularization.)	eval_error (The covariance matrix of class 21 is not full rank. When using `solver='svd'` the number of samples in each class should be more than the number of features, but class 21 has 7 samples and 10 features. Try using `solver='eigen'` and setting the parameter `shrinkage` for regularization.)
maxAbsScaler();selectPercentile(97.49937227847703);selectPercentile(39.728449753026766);logisticRegression('l1','newton-cg',1000,12.568882388547669,'balanced')	invalid_ind (duplicated operator)	invalid_ind (duplicated operator)
varianceThreshold();varianceThreshold();maxAbsScaler();pca(0.9939164754574539,True);decisionTree('entropy',24,7,0.19997419692838092,13,'None')	invalid_ind (duplicated operator)	invalid_ind (duplicated operator)
robustScaler(True,True);pca(0.5481929107864705,False);mlpClassifier((72, 18),0.022693828368837,0.653887448259359,'lbfgs','logistic')	0.13301927705084712	102.51691961288452
qda(0.8171380001725462)	eval_error (The covariance matrix of class 21 is not full rank. When using `solver='svd'` the number of samples in each class should be more than the number of features, but class 21 has 7 samples and 10 features. Try using `solver='eigen'` and setting the parameter `shrinkage` for regularization.)	eval_error (The covariance matrix of class 21 is not full rank. When using `solver='svd'` the number of samples in each class should be more than the number of features, but class 21 has 7 samples and 10 features. Try using `solver='eigen'` and setting the parameter `shrinkage` for regularization.)
minMaxScaler();minMaxScaler();minMaxScaler();lda(0.4241197773808294,170,0.006711473841465632)	invalid_ind (duplicated operator)	invalid_ind (duplicated operator)
minMaxScaler();decisionTree('gini',20,17,0.8654933191750928,8,'None')	0.15652647536713177	3.494811534881592
nystroem('poly',0.014195095503263807,48,2,0.08154489278859844);maxAbsScaler();maxAbsScaler();fastICA(54,'deflation','arbitrary-variance','exp');varianceThreshold();minMaxScaler();mlpClassifier((94, 19),0.0035576576385947852,0.339507963138615,'sgd','identity')	invalid_ind (duplicated operator)	invalid_ind (duplicated operator)
maxAbsScaler();kNN(2,'distance',1)	0.11812982173193114	4.50658106803894
minMaxScaler();selectFwe(0.021545208688461062);selectPercentile(11.119971147298271);varianceThreshold();selectPercentile(42.913231208662765);mlpClassifier((16, 4),0.07254450317809137,0.6016185865695745,'adam','identity')	invalid_ind (duplicated operator)	invalid_ind (duplicated operator)
fastICA(36,'deflation','unit-variance','cube');extraTreesClassifier(83,'gini','log2',10,16,False,'balanced_subsample')	0.14377691863936168	7.650667428970337
minMaxScaler();maxAbsScaler();varianceThreshold();maxAbsScaler();maxAbsScaler();minMaxScaler();randomForest(23,'gini',0.5333866128032695,20,17,True,'balanced')	invalid_ind (duplicated operator)	invalid_ind (duplicated operator)
gaussianNB(0.0021356320261678814)	0.13867229538430156	2.835200071334839
varianceThreshold();nystroem('rbf',0.324586797525103,27,4,-0.549944339870978);minMaxScaler();varianceThreshold();adaBoost(decisionTree('gini',3,9,0.280172569160838,11,'None'),86,1.2087854129873528,'SAMME')	invalid_ind (duplicated operator)	invalid_ind (duplicated operator)
randomForest(79,'entropy',0.505433262868637,12,6,False,'balanced_subsample')	0.15736113170047591	43.28824210166931
mlpClassifier((85, 5),0.013374859278454247,0.9769018800688869,'sgd','relu')	0.08004688868525253	5.3030853271484375
maxAbsScaler();robustScaler(False,True);nystroem('cosine',7.556033650403374,90,5,-0.5536084395066585);adaBoost(decisionTree('gini',10,4,0.8585144063565593,10,'None'),30,0.5888670915381928,'SAMME')	0.1261538434583132	121.04138040542603
varianceThreshold();maxAbsScaler();minMaxScaler();adaBoost(decisionTree('entropy',28,17,0.633662319891193,18,'balanced'),89,0.4577973427625389,'SAMME')	0.14780090658788192	20.04157066345215
nystroem('rbf',0.6523880507402764,45,4,0.41252309451027713);gaussianNB(0.0059729857275077165)	0.09033924100718352	1.803736686706543
fastICA(36,'deflation','unit-variance','cube');extraTreesClassifier(83,'gini','log2',10,16,False,'balanced_subsample')	0.14377691863936168	cached
maxAbsScaler();selectPercentile(97.49937227847703);selectPercentile(39.728449753026766);lda(0.12629982004880003,53,0.013603893314741142)	invalid_ind (duplicated operator)	invalid_ind (duplicated operator)
nystroem('rbf',0.6523880507402764,45,4,0.41252309451027713);multinomialNB(36.87483075923989,True)	eval_error (Negative values in data passed to MultinomialNB (input X).)	eval_error (Negative values in data passed to MultinomialNB (input X).)
varianceThreshold();varianceThreshold();gaussianNB(0.0059729857275077165)	invalid_ind (duplicated operator)	invalid_ind (duplicated operator)
varianceThreshold();logisticRegression('l1','newton-cg',1000,12.568882388547669,'balanced')	eval_error (Solver newton-cg supports only 'l2' or None penalties, got l1 penalty.)	eval_error (Solver newton-cg supports only 'l2' or None penalties, got l1 penalty.)
minMaxScaler();minMaxScaler();adaBoost(decisionTree('gini',3,16,0.6521538633106674,10,'balanced'),14,0.8121983926656746,'SAMME')	invalid_ind (duplicated operator)	invalid_ind (duplicated operator)
randomForest(79,'entropy',0.505433262868637,12,6,False,'balanced_subsample')	0.15736113170047591	15.820053577423096
selectFwe(0.017249723534111822);minMaxScaler();minMaxScaler();selectFwe(0.018793868640708627);maxAbsScaler();multinomialNB(14.543848286903104,True)	invalid_ind (duplicated operator)	invalid_ind (duplicated operator)
varianceThreshold();varianceThreshold();nystroem('cosine',3.4878415009605916,73,5,-0.31511366869620727);maxAbsScaler();fastICA(50,'parallel','unit-variance','logcosh');adaBoost(decisionTree('entropy',20,4,0.8562771389130047,20,'None'),32,0.19666825807181484,'SAMME')	invalid_ind (duplicated operator)	invalid_ind (duplicated operator)
varianceThreshold();varianceThreshold();nystroem('cosine',3.4878415009605916,73,5,-0.31511366869620727);maxAbsScaler();fastICA(50,'parallel','unit-variance','logcosh');maxAbsScaler();multinomialNB(14.543848286903104,True)	invalid_ind (duplicated operator)	invalid_ind (duplicated operator)
maxAbsScaler();fastICA(44,'deflation','arbitrary-variance','logcosh');fastICA(73,'parallel','unit-variance','exp');logisticRegression('None','liblinear',1000,4.524850237101351,'None')	invalid_ind (duplicated operator)	invalid_ind (duplicated operator)
mlpClassifier((85, 5),0.013374859278454247,0.9769018800688869,'sgd','relu')	0.08004688868525253	cached
minMaxScaler();minMaxScaler();adaBoost(decisionTree('gini',14,9,0.7944006922875018,17,'balanced'),99,0.7483421054063227,'SAMME')	invalid_ind (duplicated operator)	invalid_ind (duplicated operator)
robustScaler(True,False);minMaxScaler();varianceThreshold();minMaxScaler();bernoulliNB(13.47682032738268,True)	invalid_ind (duplicated operator)	invalid_ind (duplicated operator)
robustScaler(True,True);selectPercentile(90.1038273587697);selectFwe(0.0326841797004676);randomForest(86,'entropy',0.6956345264363321,14,3,False,'balanced_subsample')	0.13643645108887212	25.177898168563843
minMaxScaler();minMaxScaler();gaussianNB(0.0026535924869711324)	invalid_ind (duplicated operator)	invalid_ind (duplicated operator)
robustScaler(True,True);selectPercentile(90.1038273587697);varianceThreshold();randomForest(86,'entropy',0.6956345264363321,14,3,False,'balanced_subsample')	0.13643645108887212	31.459336280822754
selectFwe(0.0326841797004676);lda(0.12629982004880003,53,0.013603893314741142)	eval_error (n_components cannot be larger than min(n_features, n_classes - 1).)	eval_error (n_components cannot be larger than min(n_features, n_classes - 1).)
maxAbsScaler();bernoulliNB(7.680138010703927,False)	0.073742034588159	cached
selectFwe(0.014442792202435842);minMaxScaler();minMaxScaler();selectFwe(0.008154926129546582);adaBoost(decisionTree('entropy',20,4,0.8562771389130047,20,'None'),32,0.19666825807181484,'SAMME')	invalid_ind (duplicated operator)	invalid_ind (duplicated operator)
randomForest(79,'entropy',0.505433262868637,12,6,False,'balanced_subsample')	0.15736113170047591	cached
maxAbsScaler();nystroem('cosine',7.556033650403374,54,5,-0.5536084395066585);adaBoost(decisionTree('gini',10,4,0.8585144063565593,10,'None'),30,0.5888670915381928,'SAMME')	0.14774594498242716	52.18290162086487
robustScaler(True,True);pca(0.6195726058922716,False);selectFwe(0.0326841797004676);randomForest(86,'entropy',0.6956345264363321,14,3,False,'balanced_subsample')	0.12281842469729845	40.62524127960205
maxAbsScaler();nystroem('poly',2.3695199774104716,54,3,0.3536970796999488);adaBoost(decisionTree('entropy',4,12,0.8955753946414917,17,'None'),74,1.4932288908626732,'SAMME')	eval_timeout_error	eval_timeout_error
nystroem('poly',0.014195095503263807,48,2,0.08154489278859844);minMaxScaler();maxAbsScaler();fastICA(54,'deflation','arbitrary-variance','exp');varianceThreshold();minMaxScaler();mlpClassifier((94, 19),0.0035576576385947852,0.339507963138615,'sgd','identity')	invalid_ind (duplicated operator)	invalid_ind (duplicated operator)
maxAbsScaler();minMaxScaler();minMaxScaler();lda(0.4241197773808294,170,0.006711473841465632)	invalid_ind (duplicated operator)	invalid_ind (duplicated operator)
maxAbsScaler();adaBoost(decisionTree('entropy',24,7,0.22509934230030493,5,'None'),72,0.809010512563863,'SAMME')	0.1423927369688039	38.093594789505005
maxAbsScaler();adaBoost(decisionTree('entropy',12,6,0.25945266013498836,9,'balanced'),89,0.10631158193585655,'SAMME')	0.16145939783583713	42.41381120681763
nystroem('poly',0.014195095503263807,48,2,0.08154489278859844);maxAbsScaler();maxAbsScaler();fastICA(54,'deflation','arbitrary-variance','exp');varianceThreshold();minMaxScaler();mlpClassifier((16, 4),0.07254450317809137,0.339507963138615,'sgd','identity')	invalid_ind (duplicated operator)	invalid_ind (duplicated operator)
minMaxScaler();selectFwe(0.021545208688461062);selectPercentile(11.119971147298271);varianceThreshold();selectPercentile(42.913231208662765);mlpClassifier((94, 19),0.0035576576385947852,0.6016185865695745,'adam','identity')	invalid_ind (duplicated operator)	invalid_ind (duplicated operator)
nystroem('poly',0.014195095503263807,48,2,0.08154489278859844);maxAbsScaler();maxAbsScaler();fastICA(54,'deflation','arbitrary-variance','exp');varianceThreshold();minMaxScaler();mlpClassifier((94, 19),0.0035576576385947852,0.339507963138615,'sgd','relu')	invalid_ind (duplicated operator)	invalid_ind (duplicated operator)
robustScaler(False,True);pca(0.5481929107864705,False);mlpClassifier((72, 18),0.022693828368837,0.653887448259359,'lbfgs','logistic')	0.1322278231943733	100.28479957580566
varianceThreshold();varianceThreshold();nystroem('cosine',3.4878415009605916,73,5,-0.31511366869620727);maxAbsScaler();fastICA(50,'parallel','unit-variance','logcosh');maxAbsScaler();qda(0.8171380001725462)	invalid_ind (duplicated operator)	invalid_ind (duplicated operator)
multinomialNB(14.543848286903104,True)	0.06328890792972519	3.993171215057373
maxAbsScaler();robustScaler(False,True);nystroem('cosine',2.3695199774104716,90,3,0.3536970796999488);adaBoost(decisionTree('entropy',4,12,0.8955753946414917,17,'None'),74,1.4932288908626732,'SAMME')	eval_timeout_error	eval_timeout_error
robustScaler(True,True);selectPercentile(9.204553991742472);mlpClassifier((97, 3),0.04338905221155612,0.8979170621498264,'sgd','identity')	0.11161414051326816	16.25383496284485
varianceThreshold();maxAbsScaler();minMaxScaler();adaBoost(decisionTree('entropy',28,17,0.633662319891193,18,'balanced'),89,0.4577973427625389,'SAMME')	0.14780090658788192	57.36706590652466
varianceThreshold();lda(0.31560514986441923,208,0.012704808846704014)	eval_error (n_components cannot be larger than min(n_features, n_classes - 1).)	eval_error (n_components cannot be larger than min(n_features, n_classes - 1).)
minMaxScaler();nystroem('cosine',7.556033650403374,90,5,-0.5536084395066585);adaBoost(decisionTree('gini',10,4,0.8585144063565593,10,'None'),30,0.5888670915381928,'SAMME')	0.13148891409025829	67.04546928405762
maxAbsScaler();robustScaler(False,True);selectFwe(0.024658343705673866);multinomialNB(4.818108993452412,True)	0.08412980439937437	1.7110953330993652
varianceThreshold();varianceThreshold();nystroem('poly',0.014195095503263807,73,2,0.08154489278859844);maxAbsScaler();fastICA(54,'deflation','arbitrary-variance','exp');maxAbsScaler();qda(0.8171380001725462)	invalid_ind (duplicated operator)	invalid_ind (duplicated operator)
nystroem('cosine',3.4878415009605916,48,5,-0.31511366869620727);minMaxScaler();maxAbsScaler();fastICA(50,'parallel','unit-variance','logcosh');varianceThreshold();minMaxScaler();mlpClassifier((94, 19),0.0035576576385947852,0.339507963138615,'sgd','identity')	invalid_ind (duplicated operator)	invalid_ind (duplicated operator)
maxAbsScaler();robustScaler(False,True);selectFwe(0.024658343705673866);multinomialNB(4.818108993452412,True)	0.08412980439937437	cached
nystroem('poly',0.014195095503263807,48,2,0.08154489278859844);maxAbsScaler();maxAbsScaler();fastICA(54,'deflation','arbitrary-variance','exp');varianceThreshold();minMaxScaler();mlpClassifier((16, 4),0.07254450317809137,0.339507963138615,'sgd','identity')	invalid_ind (duplicated operator)	invalid_ind (duplicated operator)
maxAbsScaler();adaBoost(decisionTree('entropy',24,7,0.22509934230030493,5,'None'),72,0.809010512563863,'SAMME')	0.1423927369688039	cached
minMaxScaler();minMaxScaler();adaBoost(decisionTree('gini',14,9,0.7944006922875018,17,'balanced'),99,0.7483421054063227,'SAMME')	invalid_ind (duplicated operator)	invalid_ind (duplicated operator)
varianceThreshold();multinomialNB(14.543848286903104,True)	0.06328890792972519	2.040821075439453
selectFwe(0.0369124102155959);minMaxScaler();minMaxScaler();selectFwe(0.018793868640708627);maxAbsScaler();varianceThreshold();gaussianNB(0.0059729857275077165)	invalid_ind (duplicated operator)	invalid_ind (duplicated operator)
selectFwe(0.04492828971181427);minMaxScaler();minMaxScaler();selectPercentile(23.54877307222603);varianceThreshold();selectPercentile(42.913231208662765);mlpClassifier((94, 19),0.09434346281312868,0.6016185865695745,'adam','identity')	invalid_ind (duplicated operator)	invalid_ind (duplicated operator)
minMaxScaler();selectFwe(0.021545208688461062);selectFwe(0.008154926129546582);adaBoost(decisionTree('entropy',20,4,0.8562771389130047,20,'None'),32,0.19666825807181484,'SAMME')	invalid_ind (duplicated operator)	invalid_ind (duplicated operator)
selectFwe(0.017249723534111822);minMaxScaler();pca(0.5481929107864705,False);selectFwe(0.018793868640708627);maxAbsScaler();multinomialNB(14.543848286903104,True)	invalid_ind (duplicated operator)	invalid_ind (duplicated operator)
robustScaler(True,True);minMaxScaler();logisticRegression('l1','newton-cg',1000,12.568882388547669,'balanced')	eval_error (Solver newton-cg supports only 'l2' or None penalties, got l1 penalty.)	eval_error (Solver newton-cg supports only 'l2' or None penalties, got l1 penalty.)
nystroem('poly',0.535918127491515,75,5,0.9039671844539274);maxAbsScaler();pca(0.7877955768519503,True);maxAbsScaler();varianceThreshold();adaBoost(decisionTree('entropy',12,6,0.25945266013498836,9,'balanced'),89,0.10631158193585655,'SAMME')	invalid_ind (duplicated operator)	invalid_ind (duplicated operator)
maxAbsScaler();selectPercentile(97.49937227847703);selectPercentile(39.728449753026766);lda(0.12629982004880003,53,0.013603893314741142)	invalid_ind (duplicated operator)	invalid_ind (duplicated operator)
selectFwe(0.0326841797004676);lda(0.12629982004880003,53,0.013603893314741142)	eval_error (n_components cannot be larger than min(n_features, n_classes - 1).)	eval_error (n_components cannot be larger than min(n_features, n_classes - 1).)
varianceThreshold();lda(0.31560514986441923,208,0.012704808846704014)	eval_error (n_components cannot be larger than min(n_features, n_classes - 1).)	eval_error (n_components cannot be larger than min(n_features, n_classes - 1).)
maxAbsScaler();selectPercentile(97.49937227847703);selectPercentile(39.728449753026766);lda(0.12629982004880003,53,0.013603893314741142)	invalid_ind (duplicated operator)	invalid_ind (duplicated operator)
selectFwe(0.014442792202435842);minMaxScaler();minMaxScaler();selectFwe(0.008154926129546582);maxAbsScaler();qda(0.8171380001725462)	invalid_ind (duplicated operator)	invalid_ind (duplicated operator)
varianceThreshold();varianceThreshold();nystroem('cosine',3.4878415009605916,73,5,-0.31511366869620727);maxAbsScaler();fastICA(50,'parallel','unit-variance','logcosh');adaBoost(decisionTree('gini',12,2,0.2558043282584668,18,'balanced'),49,0.5254164788002763,'SAMME')	invalid_ind (duplicated operator)	invalid_ind (duplicated operator)
varianceThreshold();varianceThreshold();nystroem('cosine',3.4878415009605916,73,5,-0.31511366869620727);maxAbsScaler();fastICA(50,'parallel','unit-variance','logcosh');maxAbsScaler();qda(0.8171380001725462)	invalid_ind (duplicated operator)	invalid_ind (duplicated operator)
varianceThreshold();varianceThreshold();nystroem('cosine',3.4878415009605916,73,5,-0.31511366869620727);maxAbsScaler();fastICA(50,'parallel','unit-variance','logcosh');adaBoost(decisionTree('entropy',20,4,0.8562771389130047,20,'None'),32,0.19666825807181484,'SAMME')	invalid_ind (duplicated operator)	invalid_ind (duplicated operator)
randomForest(79,'entropy',0.505433262868637,12,6,False,'balanced_subsample')	0.15736113170047591	cached
randomForest(79,'entropy',0.505433262868637,12,6,False,'balanced_subsample')	0.15736113170047591	cached
maxAbsScaler();adaBoost(decisionTree('gini',20,7,0.8654933191750928,8,'None'),72,0.809010512563863,'SAMME')	0.13720316791191728	25.795560359954834
minMaxScaler();decisionTree('entropy',24,17,0.22509934230030493,5,'None')	0.133063282871746	4.408207178115845
robustScaler(True,True);selectPercentile(90.1038273587697);varianceThreshold();randomForest(86,'entropy',0.6956345264363321,14,3,False,'balanced_subsample')	0.13643645108887212	55.353296756744385
nystroem('poly',0.014195095503263807,48,2,0.08154489278859844);maxAbsScaler();maxAbsScaler();fastICA(54,'deflation','arbitrary-variance','exp');varianceThreshold();minMaxScaler();mlpClassifier((16, 4),0.07254450317809137,0.339507963138615,'sgd','identity')	invalid_ind (duplicated operator)	invalid_ind (duplicated operator)
robustScaler(True,True);selectPercentile(90.1038273587697);robustScaler(False,False);randomForest(86,'entropy',0.6956345264363321,14,3,False,'balanced_subsample')	invalid_ind (duplicated operator)	invalid_ind (duplicated operator)
robustScaler(True,False);minMaxScaler();varianceThreshold();minMaxScaler();bernoulliNB(13.47682032738268,True)	invalid_ind (duplicated operator)	invalid_ind (duplicated operator)
minMaxScaler();selectFwe(0.021545208688461062);selectPercentile(11.119971147298271);varianceThreshold();selectPercentile(42.913231208662765);mlpClassifier((94, 19),0.0035576576385947852,0.6016185865695745,'adam','identity')	invalid_ind (duplicated operator)	invalid_ind (duplicated operator)
gaussianNB(0.0021356320261678814)	0.13867229538430156	cached
nystroem('poly',0.014195095503263807,48,2,0.08154489278859844);maxAbsScaler();maxAbsScaler();fastICA(54,'deflation','arbitrary-variance','exp');varianceThreshold();minMaxScaler();mlpClassifier((94, 19),0.0035576576385947852,0.339507963138615,'sgd','relu')	invalid_ind (duplicated operator)	invalid_ind (duplicated operator)
minMaxScaler();minMaxScaler();adaBoost(decisionTree('gini',14,9,0.7944006922875018,17,'balanced'),99,0.7483421054063227,'SAMME')	invalid_ind (duplicated operator)	invalid_ind (duplicated operator)
maxAbsScaler();adaBoost(decisionTree('entropy',12,6,0.25945266013498836,9,'balanced'),89,0.10631158193585655,'SAMME')	0.16145939783583713	38.64092421531677
robustScaler(True,True);selectPercentile(90.1038273587697);selectFwe(0.0326841797004676);randomForest(86,'entropy',0.6956345264363321,14,3,False,'balanced_subsample')	0.13643645108887212	67.01445770263672
maxAbsScaler();nystroem('cosine',7.556033650403374,54,5,-0.5536084395066585);randomForest(79,'entropy',0.505433262868637,12,6,False,'balanced_subsample')	eval_timeout_error	eval_timeout_error
multinomialNB(14.543848286903104,True)	0.06328890792972519	6.744671583175659
minMaxScaler();decisionTree('gini',20,11,0.8654933191750928,8,'None')	0.15763314434737213	8.513517618179321
adaBoost(decisionTree('gini',10,4,0.8585144063565593,10,'None'),30,0.5888670915381928,'SAMME')	0.1362862168812726	16.131027221679688
robustScaler(False,True);minMaxScaler();mlpClassifier((72, 18),0.022693828368837,0.653887448259359,'lbfgs','logistic')	0.14195531981450113	99.61193919181824
varianceThreshold();varianceThreshold();nystroem('cosine',3.4878415009605916,73,5,-0.31511366869620727);maxAbsScaler();fastICA(50,'parallel','unit-variance','logcosh');adaBoost(decisionTree('gini',12,2,0.2558043282584668,18,'balanced'),49,0.5254164788002763,'SAMME')	invalid_ind (duplicated operator)	invalid_ind (duplicated operator)
minMaxScaler();minMaxScaler();adaBoost(decisionTree('gini',14,9,0.7944006922875018,17,'balanced'),99,0.7483421054063227,'SAMME')	invalid_ind (duplicated operator)	invalid_ind (duplicated operator)
varianceThreshold();varianceThreshold();nystroem('cosine',3.4878415009605916,73,5,-0.31511366869620727);maxAbsScaler();fastICA(50,'parallel','unit-variance','logcosh');adaBoost(decisionTree('gini',12,2,0.2558043282584668,18,'balanced'),72,0.809010512563863,'SAMME')	invalid_ind (duplicated operator)	invalid_ind (duplicated operator)
randomForest(79,'entropy',0.505433262868637,12,6,False,'balanced_subsample')	0.15736113170047591	cached
varianceThreshold();multinomialNB(14.543848286903104,True)	0.06328890792972519	cached
selectFwe(0.04492828971181427);minMaxScaler();minMaxScaler();selectPercentile(23.54877307222603);varianceThreshold();selectPercentile(42.913231208662765);mlpClassifier((94, 19),0.09434346281312868,0.6016185865695745,'adam','identity')	invalid_ind (duplicated operator)	invalid_ind (duplicated operator)
gaussianNB(0.0021356320261678814)	0.13867229538430156	1.8136858940124512
minMaxScaler();decisionTree('entropy',24,17,0.457683933115711,5,'balanced')	0.1556350122652596	2.020800828933716
minMaxScaler();decisionTree('entropy',24,17,0.22509934230030493,5,'None')	0.133063282871746	cached
multinomialNB(14.543848286903104,True)	0.06328890792972519	1.8992867469787598
maxAbsScaler();adaBoost(decisionTree('gini',20,7,0.8654933191750928,8,'None'),15,0.809010512563863,'SAMME')	0.1308936338575022	4.875080108642578
selectFwe(0.04492828971181427);minMaxScaler();minMaxScaler();selectPercentile(23.54877307222603);varianceThreshold();selectPercentile(42.913231208662765);mlpClassifier((94, 19),0.09434346281312868,0.6016185865695745,'adam','identity')	invalid_ind (duplicated operator)	invalid_ind (duplicated operator)
selectFwe(0.014442792202435842);minMaxScaler();minMaxScaler();selectFwe(0.008154926129546582);maxAbsScaler();qda(0.8171380001725462)	invalid_ind (duplicated operator)	invalid_ind (duplicated operator)
maxAbsScaler();adaBoost(decisionTree('gini',20,7,0.8654933191750928,8,'None'),49,0.5254164788002763,'SAMME')	0.12876132892165373	8.292837381362915
robustScaler(True,True);selectPercentile(90.1038273587697);selectFwe(0.0326841797004676);randomForest(86,'entropy',0.6956345264363321,14,3,False,'balanced_subsample')	0.13643645108887212	cached
minMaxScaler();selectFwe(0.021545208688461062);selectPercentile(11.119971147298271);varianceThreshold();selectPercentile(42.913231208662765);mlpClassifier((94, 19),0.0035576576385947852,0.6016185865695745,'adam','identity')	invalid_ind (duplicated operator)	invalid_ind (duplicated operator)
selectFwe(0.017249723534111822);robustScaler(True,True);pca(0.5481929107864705,False);selectFwe(0.018793868640708627);maxAbsScaler();multinomialNB(14.543848286903104,True)	invalid_ind (duplicated operator)	invalid_ind (duplicated operator)
maxAbsScaler();adaBoost(decisionTree('entropy',24,7,0.22509934230030493,5,'None'),72,0.809010512563863,'SAMME')	0.1423927369688039	11.82515263557434
randomForest(79,'entropy',0.505433262868637,12,6,False,'balanced_subsample')	0.15736113170047591	15.534536123275757
minMaxScaler();decisionTree('gini',20,11,0.8654933191750928,8,'None')	0.15763314434737213	2.4277453422546387
maxAbsScaler();selectFwe(0.011713389862694542);pca(0.7866450186632286,True);decisionTree('entropy',28,16,0.5808352568130942,16,'balanced')	0.1369208277912584	2.7931313514709473
minMaxScaler();lda(0.12629982004880003,53,0.013603893314741142)	eval_error (n_components cannot be larger than min(n_features, n_classes - 1).)	eval_error (n_components cannot be larger than min(n_features, n_classes - 1).)
selectFwe(0.0326841797004676);decisionTree('gini',20,11,0.8654933191750928,8,'None')	0.1573827847551185	2.97540283203125
minMaxScaler();selectFwe(0.021545208688461062);selectPercentile(11.119971147298271);varianceThreshold();selectPercentile(42.913231208662765);mlpClassifier((94, 19),0.0035576576385947852,0.6016185865695745,'adam','identity')	invalid_ind (duplicated operator)	invalid_ind (duplicated operator)
varianceThreshold();maxAbsScaler();minMaxScaler();adaBoost(decisionTree('entropy',28,17,0.633662319891193,18,'balanced'),89,0.4577973427625389,'SAMME')	0.14780090658788192	cached
selectFwe(0.04492828971181427);minMaxScaler();minMaxScaler();selectPercentile(23.54877307222603);varianceThreshold();nystroem('cosine',7.556033650403374,54,5,-0.5536084395066585);mlpClassifier((94, 19),0.09434346281312868,0.6016185865695745,'adam','identity')	invalid_ind (duplicated operator)	invalid_ind (duplicated operator)
maxAbsScaler();selectPercentile(42.913231208662765);adaBoost(decisionTree('gini',10,4,0.8585144063565593,10,'None'),30,0.5888670915381928,'SAMME')	0.1214127149385732	4.528627157211304
maxAbsScaler();selectPercentile(97.49937227847703);selectPercentile(39.728449753026766);adaBoost(decisionTree('gini',10,4,0.8585144063565593,10,'None'),30,0.5888670915381928,'SAMME')	invalid_ind (duplicated operator)	invalid_ind (duplicated operator)
maxAbsScaler();nystroem('cosine',7.556033650403374,54,5,-0.5536084395066585);lda(0.12629982004880003,53,0.013603893314741142)	eval_error (n_components cannot be larger than min(n_features, n_classes - 1).)	eval_error (n_components cannot be larger than min(n_features, n_classes - 1).)
minMaxScaler();selectFwe(0.021545208688461062);selectFwe(0.008154926129546582);adaBoost(decisionTree('gini',20,4,0.8654933191750928,20,'None'),32,0.19666825807181484,'SAMME')	invalid_ind (duplicated operator)	invalid_ind (duplicated operator)
minMaxScaler();decisionTree('entropy',20,11,0.8562771389130047,8,'None')	0.14025534064947393	2.9609341621398926
minMaxScaler();selectPercentile(90.1038273587697);robustScaler(False,False);randomForest(86,'entropy',0.6956345264363321,14,3,False,'balanced_subsample')	0.13667427609663493	25.66312336921692
maxAbsScaler();nystroem('cosine',0.014195095503263807,54,2,0.08154489278859844);adaBoost(decisionTree('gini',10,4,0.8585144063565593,10,'None'),30,0.5888670915381928,'SAMME')	0.14774594498242716	32.05223298072815
nystroem('poly',7.556033650403374,48,5,-0.5536084395066585);maxAbsScaler();maxAbsScaler();fastICA(54,'deflation','arbitrary-variance','exp');varianceThreshold();minMaxScaler();mlpClassifier((94, 19),0.0035576576385947852,0.339507963138615,'sgd','relu')	invalid_ind (duplicated operator)	invalid_ind (duplicated operator)
varianceThreshold();maxAbsScaler();minMaxScaler();adaBoost(decisionTree('entropy',28,17,0.633662319891193,18,'None'),32,0.19666825807181484,'SAMME')	0.13916125782795835	5.632065296173096
minMaxScaler();selectFwe(0.021545208688461062);selectFwe(0.008154926129546582);adaBoost(decisionTree('entropy',20,4,0.8562771389130047,20,'balanced'),89,0.4577973427625389,'SAMME')	invalid_ind (duplicated operator)	invalid_ind (duplicated operator)
maxAbsScaler();nystroem('cosine',7.556033650403374,54,5,-0.5536084395066585);randomForest(79,'entropy',0.505433262868637,12,6,False,'balanced_subsample')	0.17299505335599163	149.3884129524231
minMaxScaler();decisionTree('entropy',24,17,0.22509934230030493,5,'None')	0.133063282871746	1.5318782329559326
maxAbsScaler();nystroem('cosine',7.556033650403374,54,5,-0.5536084395066585);randomForest(86,'entropy',0.6956345264363321,14,3,False,'balanced_subsample')	0.1583418305998392	235.70533800125122
robustScaler(True,False);pca(0.7428098283775494,True);selectFwe(0.0326841797004676);adaBoost(decisionTree('gini',10,8,0.8585144063565593,10,'None'),30,0.5888670915381928,'SAMME')	0.10433510049869402	2.6073079109191895
minMaxScaler();selectFwe(0.021545208688461062);selectPercentile(11.119971147298271);nystroem('cosine',7.556033650403374,54,5,-0.5536084395066585);selectPercentile(42.913231208662765);mlpClassifier((94, 19),0.0035576576385947852,0.6016185865695745,'adam','identity')	invalid_ind (duplicated operator)	invalid_ind (duplicated operator)
nystroem('poly',5.966572988235395,88,5,0.011051627232952388);selectFwe(0.03936971530478954);nystroem('rbf',1.5453951336508491,68,3,0.978717556216294);selectFwe(0.008154926129546582);maxAbsScaler();qda(0.8171380001725462)	invalid_ind (duplicated operator)	invalid_ind (duplicated operator)
minMaxScaler();selectFwe(0.04492828971181427);selectPercentile(11.119971147298271);varianceThreshold();selectPercentile(42.913231208662765);mlpClassifier((94, 19),0.0035576576385947852,0.6016185865695745,'adam','identity')	invalid_ind (duplicated operator)	invalid_ind (duplicated operator)
selectFwe(0.021545208688461062);minMaxScaler();minMaxScaler();selectPercentile(23.54877307222603);varianceThreshold();selectPercentile(42.913231208662765);mlpClassifier((94, 19),0.09434346281312868,0.6016185865695745,'adam','identity')	invalid_ind (duplicated operator)	invalid_ind (duplicated operator)
gaussianNB(0.0021356320261678814)	0.13867229538430156	1.7860267162322998
minMaxScaler();selectFwe(0.021545208688461062);selectFwe(0.008154926129546582);adaBoost(decisionTree('gini',20,4,0.8654933191750928,20,'None'),32,0.19666825807181484,'SAMME')	invalid_ind (duplicated operator)	invalid_ind (duplicated operator)
maxAbsScaler();nystroem('cosine',7.556033650403374,54,5,-0.5536084395066585);gaussianNB(0.0021356320261678814)	0.1029170256631041	2.34216570854187
maxAbsScaler();adaBoost(decisionTree('entropy',24,7,0.22509934230030493,5,'None'),30,0.5888670915381928,'SAMME')	0.12699530919659102	4.9081947803497314
maxAbsScaler();adaBoost(decisionTree('entropy',12,6,0.25945266013498836,9,'balanced'),89,0.10631158193585655,'SAMME')	0.16145939783583713	10.698064804077148
selectFwe(0.00605878347525535);minMaxScaler();minMaxScaler();selectPercentile(32.22160705180522);varianceThreshold();selectPercentile(42.913231208662765);mlpClassifier((94, 19),0.09434346281312868,0.6016185865695745,'adam','identity')	invalid_ind (duplicated operator)	invalid_ind (duplicated operator)
maxAbsScaler();selectPercentile(42.913231208662765);adaBoost(decisionTree('gini',10,4,0.8585144063565593,10,'None'),72,0.809010512563863,'SAMME')	0.12714553618848093	6.876358509063721
maxAbsScaler();adaBoost(decisionTree('gini',20,7,0.8654933191750928,8,'None'),49,0.5254164788002763,'SAMME')	0.12876132892165373	cached
maxAbsScaler();selectPercentile(42.913231208662765);adaBoost(decisionTree('gini',10,4,0.8585144063565593,10,'None'),30,0.5888670915381928,'SAMME')	0.1214127149385732	cached
fastICA(36,'deflation','unit-variance','cube');extraTreesClassifier(83,'gini','log2',10,16,False,'balanced_subsample')	0.14377691863936168	4.485321760177612
minMaxScaler();selectFwe(0.021545208688461062);selectFwe(0.008154926129546582);adaBoost(decisionTree('entropy',20,4,0.8562771389130047,20,'balanced'),89,0.4577973427625389,'SAMME')	invalid_ind (duplicated operator)	invalid_ind (duplicated operator)
randomForest(79,'entropy',0.505433262868637,12,6,False,'balanced_subsample')	0.15736113170047591	11.323799848556519
maxAbsScaler();varianceThreshold();randomForest(86,'entropy',0.6956345264363321,14,3,False,'balanced_subsample')	0.14587704828612913	16.450681924819946
minMaxScaler();selectFwe(0.021545208688461062);selectFwe(0.008154926129546582);randomForest(86,'entropy',0.6956345264363321,14,3,False,'balanced_subsample')	invalid_ind (duplicated operator)	invalid_ind (duplicated operator)
minMaxScaler();decisionTree('entropy',7,11,0.9070904569670729,11,'None')	0.12287556499139521	2.1624298095703125
randomForest(79,'entropy',0.505433262868637,12,6,False,'balanced_subsample')	0.15736113170047591	cached
randomForest(79,'entropy',0.505433262868637,12,6,False,'balanced_subsample')	0.15736113170047591	cached
selectFwe(0.04492828971181427);minMaxScaler();minMaxScaler();selectPercentile(23.54877307222603);varianceThreshold();selectPercentile(42.913231208662765);mlpClassifier((94, 19),0.09434346281312868,0.6016185865695745,'adam','identity')	invalid_ind (duplicated operator)	invalid_ind (duplicated operator)
varianceThreshold();selectPercentile(33.71569957924315);maxAbsScaler();varianceThreshold();robustScaler(False,False);extraTreesClassifier(83,'gini','log2',10,16,False,'balanced_subsample')	invalid_ind (duplicated operator)	invalid_ind (duplicated operator)
maxAbsScaler();adaBoost(decisionTree('gini',20,7,0.8654933191750928,8,'None'),32,0.19666825807181484,'SAMME')	0.13217701193541526	5.775085926055908
minMaxScaler();decisionTree('entropy',24,17,0.457683933115711,5,'balanced')	0.1556350122652596	2.583618640899658
minMaxScaler();decisionTree('entropy',24,17,0.22509934230030493,5,'None')	0.133063282871746	2.405214309692383
randomForest(79,'entropy',0.505433262868637,12,6,False,'balanced_subsample')	0.15736113170047591	cached
robustScaler(True,True);selectPercentile(90.1038273587697);selectFwe(0.0326841797004676);randomForest(86,'entropy',0.6956345264363321,14,3,False,'balanced_subsample')	0.13643645108887212	cached
selectFwe(0.014442792202435842);minMaxScaler();minMaxScaler();selectFwe(0.008154926129546582);maxAbsScaler();qda(0.8171380001725462)	invalid_ind (duplicated operator)	invalid_ind (duplicated operator)
maxAbsScaler();minMaxScaler();maxAbsScaler();adaBoost(decisionTree('gini',8,2,0.24103545896307965,13,'None'),88,0.6320146040365229,'SAMME')	invalid_ind (duplicated operator)	invalid_ind (duplicated operator)
maxAbsScaler();maxAbsScaler();selectPercentile(39.728449753026766);randomForest(40,'entropy',0.8894786176898897,20,2,True,'balanced_subsample')	invalid_ind (duplicated operator)	invalid_ind (duplicated operator)
selectFwe(0.014442792202435842);minMaxScaler();minMaxScaler();selectFwe(0.040269927014493036);selectPercentile(97.49937227847703);qda(0.8171380001725462)	invalid_ind (duplicated operator)	invalid_ind (duplicated operator)
varianceThreshold();maxAbsScaler();minMaxScaler();adaBoost(decisionTree('entropy',28,17,0.633662319891193,18,'balanced'),89,0.4577973427625389,'SAMME')	0.14780090658788192	cached
maxAbsScaler();nystroem('cosine',7.556033650403374,54,5,-0.5536084395066585);decisionTree('entropy',24,17,0.22509934230030493,5,'None')	0.13726729218566236	3.8705875873565674
minMaxScaler();selectFwe(0.0011892349023754705);robustScaler(False,False);adaBoost(decisionTree('gini',20,4,0.8654933191750928,20,'None'),32,0.19666825807181484,'SAMME')	0.13622421596087103	5.362324953079224
robustScaler(True,True);selectPercentile(90.1038273587697);selectFwe(0.0326841797004676);randomForest(86,'entropy',0.6956345264363321,14,3,False,'balanced_subsample')	0.13643645108887212	22.14484214782715
nystroem('poly',7.556033650403374,48,5,-0.5536084395066585);maxAbsScaler();maxAbsScaler();fastICA(54,'deflation','arbitrary-variance','exp');varianceThreshold();minMaxScaler();mlpClassifier((94, 19),0.0035576576385947852,0.339507963138615,'sgd','relu')	invalid_ind (duplicated operator)	invalid_ind (duplicated operator)
minMaxScaler();lda(0.02982978171882844,119,0.08824099933048506)	eval_error (n_components cannot be larger than min(n_features, n_classes - 1).)	eval_error (n_components cannot be larger than min(n_features, n_classes - 1).)
varianceThreshold();maxAbsScaler();minMaxScaler();adaBoost(decisionTree('entropy',28,17,0.633662319891193,18,'None'),49,0.5254164788002763,'SAMME')	0.1535017207739888	8.723338842391968
maxAbsScaler();adaBoost(decisionTree('gini',20,7,0.8654933191750928,18,'None'),78,0.809010512563863,'SAMME')	0.13468573400254671	8.300768375396729
varianceThreshold();nystroem('rbf',1.8220769357985007,43,4,0.9921616908551607);maxAbsScaler();fastICA(60,'parallel','unit-variance','logcosh');maxAbsScaler();nystroem('rbf',0.7276613288679106,72,2,-0.644437618606273);randomForest(79,'entropy',0.505433262868637,12,6,False,'balanced_subsample')	invalid_ind (duplicated operator)	invalid_ind (duplicated operator)
maxAbsScaler();adaBoost(decisionTree('entropy',12,6,0.25945266013498836,9,'balanced'),89,0.10631158193585655,'SAMME')	0.16145939783583713	cached
varianceThreshold();maxAbsScaler();minMaxScaler();adaBoost(decisionTree('entropy',28,17,0.633662319891193,18,'None'),49,0.5254164788002763,'SAMME')	0.1535017207739888	cached
selectFwe(0.0326841797004676);minMaxScaler();minMaxScaler();selectPercentile(23.54877307222603);varianceThreshold();selectPercentile(42.913231208662765);mlpClassifier((94, 19),0.09434346281312868,0.6016185865695745,'adam','identity')	invalid_ind (duplicated operator)	invalid_ind (duplicated operator)
qda(0.8171380001725462)	eval_error (The covariance matrix of class 21 is not full rank. When using `solver='svd'` the number of samples in each class should be more than the number of features, but class 21 has 7 samples and 10 features. Try using `solver='eigen'` and setting the parameter `shrinkage` for regularization.)	eval_error (The covariance matrix of class 21 is not full rank. When using `solver='svd'` the number of samples in each class should be more than the number of features, but class 21 has 7 samples and 10 features. Try using `solver='eigen'` and setting the parameter `shrinkage` for regularization.)
robustScaler(True,True);selectPercentile(90.1038273587697);selectFwe(0.0326841797004676);decisionTree('entropy',28,16,0.5808352568130942,16,'balanced')	0.14653795631788782	2.711859941482544
maxAbsScaler();robustScaler(True,True);adaBoost(decisionTree('gini',10,4,0.8585144063565593,10,'None'),30,0.5888670915381928,'SAMME')	0.13678240420180615	4.267232179641724
selectPercentile(42.913231208662765);selectPercentile(90.1038273587697);selectFwe(0.0326841797004676);randomForest(86,'entropy',0.6956345264363321,14,3,False,'balanced_subsample')	invalid_ind (duplicated operator)	invalid_ind (duplicated operator)
minMaxScaler();decisionTree('gini',20,11,0.8654933191750928,8,'None')	0.15763314434737213	cached
maxAbsScaler();adaBoost(decisionTree('entropy',24,7,0.22509934230030493,5,'None'),30,0.5888670915381928,'SAMME')	0.12699530919659102	cached
randomForest(79,'gini',0.505433262868637,12,6,True,'balanced_subsample')	0.17815184849149976	6.797071933746338
randomForest(79,'entropy',0.505433262868637,12,6,False,'balanced_subsample')	0.15736113170047591	cached
maxAbsScaler();selectFwe(0.011713389862694542);pca(0.7866450186632286,True);randomForest(86,'entropy',0.6956345264363321,14,3,False,'balanced_subsample')	0.11817332013928823	11.300468921661377
randomForest(79,'entropy',0.505433262868637,12,6,False,'balanced_subsample')	0.15736113170047591	14.853503704071045
selectFwe(0.021545208688461062);minMaxScaler();minMaxScaler();selectPercentile(23.54877307222603);varianceThreshold();selectPercentile(42.913231208662765);mlpClassifier((94, 19),0.09434346281312868,0.6016185865695745,'adam','identity')	invalid_ind (duplicated operator)	invalid_ind (duplicated operator)
randomForest(79,'entropy',0.505433262868637,12,6,False,'balanced_subsample')	0.15736113170047591	cached
randomForest(79,'entropy',0.505433262868637,12,6,False,'balanced_subsample')	0.15736113170047591	cached
selectFwe(0.03064997521814486);minMaxScaler();minMaxScaler();selectFwe(0.040269927014493036);selectPercentile(97.49937227847703);qda(0.8171380001725462)	invalid_ind (duplicated operator)	invalid_ind (duplicated operator)
maxAbsScaler();nystroem('cosine',7.556033650403374,54,5,-0.5536084395066585);gaussianNB(0.0021356320261678814)	0.1029170256631041	3.4691386222839355
robustScaler(True,True);selectPercentile(90.1038273587697);selectFwe(0.021545208688461062);randomForest(86,'entropy',0.6956345264363321,14,3,False,'balanced_subsample')	0.13643645108887212	19.90972661972046
maxAbsScaler();selectFwe(0.015780302628575302);selectFwe(0.027043916698404547);randomForest(86,'entropy',0.6956345264363321,14,3,False,'balanced_subsample')	invalid_ind (duplicated operator)	invalid_ind (duplicated operator)
maxAbsScaler();selectPercentile(42.913231208662765);adaBoost(decisionTree('entropy',10,4,0.8585144063565593,10,'None'),30,0.5888670915381928,'SAMME')	0.13298890148964904	6.550001859664917
minMaxScaler();decisionTree('gini',24,17,0.22509934230030493,5,'None')	0.13121656490757233	2.673492908477783
varianceThreshold();maxAbsScaler();maxAbsScaler();adaBoost(decisionTree('entropy',28,17,0.633662319891193,18,'balanced'),89,0.4577973427625389,'SAMME')	invalid_ind (duplicated operator)	invalid_ind (duplicated operator)
maxAbsScaler();adaBoost(decisionTree('entropy',12,6,0.25945266013498836,9,'balanced'),89,0.10631158193585655,'SAMME')	0.16145939783583713	13.179816246032715
selectFwe(0.014442792202435842);minMaxScaler();minMaxScaler();selectFwe(0.008154926129546582);maxAbsScaler();qda(0.8171380001725462)	invalid_ind (duplicated operator)	invalid_ind (duplicated operator)
randomForest(79,'entropy',0.505433262868637,12,6,False,'balanced_subsample')	0.15736113170047591	cached
maxAbsScaler();selectPercentile(42.913231208662765);adaBoost(decisionTree('gini',10,4,0.8585144063565593,10,'None'),72,0.809010512563863,'SAMME')	0.12714553618848093	cached
minMaxScaler();decisionTree('gini',20,11,0.8654933191750928,8,'None')	0.15763314434737213	cached
minMaxScaler();maxAbsScaler();selectPercentile(39.728449753026766);randomForest(40,'entropy',0.8894786176898897,20,2,True,'balanced_subsample')	0.18175965840555305	6.632402181625366
maxAbsScaler();nystroem('cosine',7.556033650403374,40,5,-0.2025867223355784);decisionTree('gini',24,17,0.22509934230030493,7,'None')	0.12396701095691234	2.701787233352661
minMaxScaler();minMaxScaler();maxAbsScaler();selectFwe(0.021545208688461062);selectFwe(0.008154926129546582);randomForest(86,'entropy',0.6956345264363321,14,3,False,'balanced_subsample')	invalid_ind (duplicated operator)	invalid_ind (duplicated operator)
minMaxScaler();adaBoost(decisionTree('entropy',12,6,0.25945266013498836,9,'balanced'),89,0.10631158193585655,'SAMME')	0.1599024624796174	13.647249221801758
minMaxScaler();lda(0.02982978171882844,119,0.08824099933048506)	eval_error (n_components cannot be larger than min(n_features, n_classes - 1).)	eval_error (n_components cannot be larger than min(n_features, n_classes - 1).)
randomForest(86,'entropy',0.6956345264363321,14,3,False,'balanced_subsample')	0.14436791351615577	20.073992490768433
maxAbsScaler();adaBoost(decisionTree('gini',20,7,0.8654933191750928,8,'None'),88,0.6320146040365229,'SAMME')	0.14028666005608567	13.52308702468872
maxAbsScaler();minMaxScaler();maxAbsScaler();adaBoost(decisionTree('gini',8,2,0.24103545896307965,13,'None'),32,0.19666825807181484,'SAMME')	invalid_ind (duplicated operator)	invalid_ind (duplicated operator)
varianceThreshold();maxAbsScaler();minMaxScaler();adaBoost(decisionTree('entropy',28,17,0.633662319891193,18,'balanced'),89,0.4577973427625389,'SAMME')	0.14780090658788192	15.375978946685791
maxAbsScaler();nystroem('cosine',7.556033650403374,54,5,-0.5536084395066585);randomForest(79,'entropy',0.6956345264363321,14,3,False,'balanced_subsample')	0.15750969101914242	213.86360049247742
maxAbsScaler();nystroem('cosine',7.556033650403374,54,5,-0.5536084395066585);randomForest(86,'entropy',0.505433262868637,6,6,False,'balanced_subsample')	0.17290836582405902	151.14667582511902
randomForest(79,'entropy',0.505433262868637,12,6,False,'balanced_subsample')	0.15736113170047591	cached
varianceThreshold();maxAbsScaler();minMaxScaler();adaBoost(decisionTree('entropy',28,17,0.633662319891193,18,'None'),49,0.5254164788002763,'SAMME')	0.1535017207739888	cached
selectFwe(0.03064997521814486);minMaxScaler();minMaxScaler();selectFwe(0.040269927014493036);selectPercentile(97.49937227847703);randomForest(79,'gini',0.505433262868637,12,6,True,'balanced_subsample')	invalid_ind (duplicated operator)	invalid_ind (duplicated operator)
selectFwe(0.0326841797004676);minMaxScaler();minMaxScaler();selectPercentile(23.54877307222603);varianceThreshold();selectPercentile(42.913231208662765);mlpClassifier((94, 19),0.09434346281312868,0.6016185865695745,'adam','identity')	invalid_ind (duplicated operator)	invalid_ind (duplicated operator)
robustScaler(True,True);selectPercentile(90.1038273587697);selectFwe(0.0326841797004676);decisionTree('entropy',28,16,0.5808352568130942,16,'balanced')	0.14653795631788782	cached
maxAbsScaler();robustScaler(True,True);adaBoost(decisionTree('gini',10,4,0.8585144063565593,10,'None'),30,0.5888670915381928,'SAMME')	0.13678240420180615	cached
maxAbsScaler();adaBoost(decisionTree('gini',20,7,0.8654933191750928,8,'None'),88,0.6320146040365229,'SAMME')	0.14028666005608567	cached
minMaxScaler();decisionTree('gini',20,11,0.8654933191750928,8,'None')	0.15763314434737213	2.0140209197998047
qda(0.8171380001725462)	eval_error (The covariance matrix of class 21 is not full rank. When using `solver='svd'` the number of samples in each class should be more than the number of features, but class 21 has 7 samples and 10 features. Try using `solver='eigen'` and setting the parameter `shrinkage` for regularization.)	eval_error (The covariance matrix of class 21 is not full rank. When using `solver='svd'` the number of samples in each class should be more than the number of features, but class 21 has 7 samples and 10 features. Try using `solver='eigen'` and setting the parameter `shrinkage` for regularization.)
selectFwe(0.021545208688461062);minMaxScaler();minMaxScaler();selectPercentile(23.54877307222603);varianceThreshold();selectPercentile(42.913231208662765);mlpClassifier((94, 19),0.09434346281312868,0.6016185865695745,'adam','identity')	invalid_ind (duplicated operator)	invalid_ind (duplicated operator)
minMaxScaler();maxAbsScaler();selectPercentile(39.728449753026766);adaBoost(decisionTree('gini',10,4,0.8585144063565593,10,'None'),72,0.809010512563863,'SAMME')	0.12711513704993732	5.39696192741394
maxAbsScaler();adaBoost(decisionTree('entropy',12,6,0.25945266013498836,9,'balanced'),89,0.10631158193585655,'SAMME')	0.16145939783583713	9.273042440414429
maxAbsScaler();selectFwe(0.015780302628575302);selectFwe(0.027043916698404547);randomForest(86,'entropy',0.6956345264363321,14,3,False,'balanced_subsample')	invalid_ind (duplicated operator)	invalid_ind (duplicated operator)
maxAbsScaler();selectPercentile(42.913231208662765);randomForest(40,'entropy',0.8894786176898897,20,2,True,'balanced_subsample')	0.18258622143962416	5.366313219070435
selectFwe(0.03064997521814486);minMaxScaler();minMaxScaler();selectFwe(0.040269927014493036);selectPercentile(97.49937227847703);qda(0.8171380001725462)	invalid_ind (duplicated operator)	invalid_ind (duplicated operator)
randomForest(79,'entropy',0.505433262868637,12,6,False,'balanced_subsample')	0.15736113170047591	11.2078378200531
selectFwe(0.014442792202435842);minMaxScaler();minMaxScaler();selectFwe(0.008154926129546582);maxAbsScaler();qda(0.8171380001725462)	invalid_ind (duplicated operator)	invalid_ind (duplicated operator)
maxAbsScaler();adaBoost(decisionTree('entropy',28,16,0.23753289019810386,8,'None'),88,0.6320146040365229,'SAMME')	0.13442670806385587	9.813579082489014
maxAbsScaler();nystroem('cosine',7.556033650403374,54,5,-0.5536084395066585);randomForest(79,'entropy',0.6956345264363321,14,3,False,'balanced_subsample')	0.15750969101914242	cached
maxAbsScaler();nystroem('cosine',7.556033650403374,54,5,-0.5536084395066585);randomForest(79,'entropy',0.6956345264363321,14,3,False,'balanced_subsample')	0.15750969101914242	cached
minMaxScaler();decisionTree('gini',20,11,0.8654933191750928,8,'None')	0.15763314434737213	1.8555152416229248
maxAbsScaler();selectFwe(0.011713389862694542);pca(0.7866450186632286,True);decisionTree('gini',20,16,0.8654933191750928,16,'None')	0.1090959516835397	2.1018929481506348
minMaxScaler();decisionTree('entropy',10,9,0.35883316801624676,18,'balanced')	0.14370945686426959	1.977752447128296
robustScaler(True,True);fastICA(63,'parallel','unit-variance','logcosh');selectFwe(0.0326841797004676);decisionTree('entropy',28,16,0.5808352568130942,16,'balanced')	0.1626522006928655	3.9252521991729736
maxAbsScaler();adaBoost(decisionTree('entropy',24,7,0.22509934230030493,5,'None'),30,0.5888670915381928,'SAMME')	0.12699530919659102	4.83432936668396
selectFwe(0.014442792202435842);minMaxScaler();minMaxScaler();selectFwe(0.008154926129546582);maxAbsScaler();qda(0.8171380001725462)	invalid_ind (duplicated operator)	invalid_ind (duplicated operator)
randomForest(79,'entropy',0.505433262868637,12,6,False,'balanced_subsample')	0.15736113170047591	15.86004090309143
maxAbsScaler();adaBoost(decisionTree('gini',12,6,0.25945266013498836,9,'None'),32,0.19666825807181484,'SAMME')	0.1330110387003419	3.1067652702331543
maxAbsScaler();minMaxScaler();maxAbsScaler();adaBoost(decisionTree('entropy',8,2,0.24103545896307965,13,'balanced'),89,0.10631158193585655,'SAMME')	invalid_ind (duplicated operator)	invalid_ind (duplicated operator)
maxAbsScaler();selectFwe(0.015780302628575302);selectFwe(0.027043916698404547);randomForest(86,'entropy',0.6956345264363321,14,3,False,'balanced_subsample')	invalid_ind (duplicated operator)	invalid_ind (duplicated operator)
maxAbsScaler();nystroem('cosine',7.556033650403374,54,5,-0.5536084395066585);randomForest(86,'entropy',0.505433262868637,6,6,False,'balanced_subsample')	0.17290836582405902	cached
maxAbsScaler();selectFwe(0.015780302628575302);selectPercentile(42.913231208662765);randomForest(86,'entropy',0.6956345264363321,14,3,False,'balanced_subsample')	0.16177097806843413	7.769334077835083
varianceThreshold();maxAbsScaler();minMaxScaler();adaBoost(decisionTree('entropy',15,12,0.56476666722855,1,'balanced'),89,0.4577973427625389,'SAMME')	0.13198968515417792	18.759882926940918
randomForest(69,'entropy',0.6956345264363321,14,2,False,'balanced_subsample')	0.14265389472402787	15.195314168930054
randomForest(79,'entropy',0.505433262868637,12,6,False,'balanced_subsample')	0.15736113170047591	11.700642108917236
maxAbsScaler();selectFwe(0.027043916698404547);adaBoost(decisionTree('gini',10,4,0.8585144063565593,10,'None'),72,0.809010512563863,'SAMME')	0.12661570974336533	7.111269950866699
randomForest(86,'entropy',0.6956345264363321,14,3,False,'balanced_subsample')	0.14436791351615577	13.869584321975708
maxAbsScaler();nystroem('cosine',7.556033650403374,54,5,-0.5536084395066585);randomForest(86,'gini',0.505433262868637,6,6,True,'balanced_subsample')	0.16501151850978643	35.30679631233215
maxAbsScaler();nystroem('cosine',7.556033650403374,54,5,-0.5536084395066585);randomForest(86,'entropy',0.6956345264363321,6,3,False,'balanced_subsample')	0.14372119997119798	227.23668718338013
minMaxScaler();minMaxScaler();maxAbsScaler();selectFwe(0.021545208688461062);selectFwe(0.008154926129546582);randomForest(86,'entropy',0.505433262868637,14,6,False,'balanced_subsample')	invalid_ind (duplicated operator)	invalid_ind (duplicated operator)
robustScaler(True,True);fastICA(63,'parallel','unit-variance','logcosh');selectFwe(0.0326841797004676);decisionTree('entropy',28,16,0.5808352568130942,16,'balanced')	0.1626522006928655	cached
randomForest(79,'entropy',0.505433262868637,12,6,False,'balanced_subsample')	0.15736113170047591	cached
selectFwe(0.014442792202435842);minMaxScaler();minMaxScaler();selectFwe(0.008154926129546582);selectPercentile(39.728449753026766);qda(0.8171380001725462)	invalid_ind (duplicated operator)	invalid_ind (duplicated operator)
robustScaler(True,True);fastICA(63,'parallel','unit-variance','logcosh');selectFwe(0.0326841797004676);decisionTree('entropy',28,16,0.5808352568130942,16,'balanced')	0.1626522006928655	cached
minMaxScaler();maxAbsScaler();maxAbsScaler();adaBoost(decisionTree('gini',10,4,0.8585144063565593,10,'None'),72,0.809010512563863,'SAMME')	invalid_ind (duplicated operator)	invalid_ind (duplicated operator)
robustScaler(True,True);fastICA(63,'parallel','unit-variance','logcosh');selectFwe(0.0326841797004676);decisionTree('entropy',28,16,0.5808352568130942,16,'balanced')	0.1626522006928655	cached
minMaxScaler();minMaxScaler();maxAbsScaler();selectFwe(0.021545208688461062);selectFwe(0.008154926129546582);randomForest(86,'entropy',0.505433262868637,14,6,False,'balanced_subsample')	invalid_ind (duplicated operator)	invalid_ind (duplicated operator)
randomForest(79,'entropy',0.505433262868637,12,6,False,'balanced_subsample')	0.15736113170047591	cached
minMaxScaler();decisionTree('entropy',24,17,0.457683933115711,5,'balanced')	0.1556350122652596	cached
minMaxScaler();minMaxScaler();maxAbsScaler();selectFwe(0.021545208688461062);selectFwe(0.008154926129546582);randomForest(86,'entropy',0.505433262868637,14,6,False,'balanced_subsample')	invalid_ind (duplicated operator)	invalid_ind (duplicated operator)
nystroem('cosine',0.41891680338551107,83,5,0.7507833538069206);decisionTree('gini',11,18,0.8559652199630646,2,'balanced')	0.14539140510170143	4.108503818511963
varianceThreshold();maxAbsScaler();minMaxScaler();adaBoost(decisionTree('entropy',10,17,0.35883316801624676,18,'balanced'),49,0.5254164788002763,'SAMME')	0.16700222130435513	5.590773582458496
maxAbsScaler();selectFwe(0.044270233186150684);adaBoost(decisionTree('entropy',28,16,0.23753289019810386,8,'None'),88,0.6320146040365229,'SAMME')	0.13442670806385587	10.52889895439148
randomForest(79,'entropy',0.505433262868637,12,6,False,'balanced_subsample')	0.15736113170047591	11.115882635116577
randomForest(69,'entropy',0.6956345264363321,14,2,False,'balanced')	0.14265389472402787	14.942615032196045
randomForest(86,'entropy',0.6956345264363321,14,3,False,'balanced_subsample')	0.14436791351615577	cached
selectFwe(0.021545208688461062);minMaxScaler();minMaxScaler();selectPercentile(23.54877307222603);varianceThreshold();selectPercentile(42.913231208662765);mlpClassifier((94, 19),0.09434346281312868,0.6016185865695745,'adam','identity')	invalid_ind (duplicated operator)	invalid_ind (duplicated operator)
maxAbsScaler();nystroem('cosine',7.556033650403374,54,5,-0.5536084395066585);randomForest(86,'gini',0.505433262868637,6,6,True,'balanced_subsample')	0.16501151850978643	cached
selectFwe(0.014442792202435842);minMaxScaler();minMaxScaler();selectFwe(0.008154926129546582);maxAbsScaler();qda(0.8171380001725462)	invalid_ind (duplicated operator)	invalid_ind (duplicated operator)
adaBoost(decisionTree('entropy',25,17,0.09043065843322673,9,'balanced'),38,0.13656746626208438,'SAMME')	0.14835238309041882	6.044572114944458
fastICA(32,'parallel','unit-variance','logcosh');maxAbsScaler();minMaxScaler();adaBoost(decisionTree('entropy',28,17,0.633662319891193,18,'None'),49,0.5254164788002763,'SAMME')	0.14250365220244465	10.56215214729309
randomForest(79,'entropy',0.505433262868637,12,6,False,'balanced_subsample')	0.15736113170047591	cached
randomForest(79,'entropy',0.505433262868637,12,6,False,'balanced_subsample')	0.15736113170047591	cached
maxAbsScaler();adaBoost(decisionTree('entropy',12,6,0.25945266013498836,9,'balanced'),89,0.10631158193585655,'SAMME')	0.16145939783583713	cached
maxAbsScaler();adaBoost(decisionTree('entropy',12,6,0.25945266013498836,9,'balanced'),89,0.10631158193585655,'SAMME')	0.16145939783583713	cached
randomForest(79,'entropy',0.505433262868637,12,6,False,'balanced_subsample')	0.15736113170047591	cached
randomForest(79,'entropy',0.505433262868637,12,6,False,'balanced_subsample')	0.15736113170047591	cached
selectFwe(0.021545208688461062);minMaxScaler();minMaxScaler();selectPercentile(23.54877307222603);varianceThreshold();selectPercentile(42.913231208662765);adaBoost(decisionTree('entropy',28,17,0.633662319891193,18,'None'),49,0.5254164788002763,'SAMME')	invalid_ind (duplicated operator)	invalid_ind (duplicated operator)
maxAbsScaler();adaBoost(decisionTree('entropy',29,19,0.0159451316443453,1,'balanced'),88,0.6320146040365229,'SAMME')	0.1422873503418412	12.417665958404541
maxAbsScaler();selectFwe(0.011713389862694542);pca(0.7866450186632286,True);decisionTree('entropy',28,16,0.5808352568130942,16,'balanced')	0.1369208277912584	cached
maxAbsScaler();nystroem('cosine',7.556033650403374,54,5,-0.5536084395066585);randomForest(86,'gini',0.505433262868637,6,6,True,'balanced_subsample')	0.16501151850978643	cached
minMaxScaler();decisionTree('entropy',24,17,0.457683933115711,5,'balanced')	0.1556350122652596	cached
minMaxScaler();decisionTree('entropy',24,17,0.457683933115711,5,'balanced')	0.1556350122652596	cached
maxAbsScaler();randomForest(79,'entropy',0.6956345264363321,14,3,False,'balanced_subsample')	0.14656227039067973	20.91954517364502
maxAbsScaler();robustScaler(True,True);selectFwe(0.027043916698404547);randomForest(86,'entropy',0.6956345264363321,14,3,False,'balanced_subsample')	0.14450093390342397	27.851226806640625
randomForest(79,'entropy',0.505433262868637,12,6,False,'balanced_subsample')	0.15736113170047591	28.577382802963257
varianceThreshold();maxAbsScaler();minMaxScaler();mlpClassifier((94, 19),0.09434346281312868,0.6016185865695745,'adam','identity')	0.1441917466087638	38.5022029876709
selectFwe(0.036586129549205135);adaBoost(decisionTree('entropy',7,11,0.9685067724996175,2,'None'),47,1.3816139269756036,'SAMME')	0.13082953781555823	11.038763284683228
maxAbsScaler();nystroem('cosine',7.556033650403374,54,5,-0.5536084395066585);randomForest(79,'entropy',0.6956345264363321,14,3,False,'balanced_subsample')	eval_timeout_error	eval_timeout_error
varianceThreshold();maxAbsScaler();minMaxScaler();adaBoost(decisionTree('entropy',28,17,0.633662319891193,18,'None'),49,0.5254164788002763,'SAMME')	0.1535017207739888	6.784294843673706
maxAbsScaler();adaBoost(decisionTree('entropy',12,6,0.25945266013498836,9,'balanced'),89,0.10631158193585655,'SAMME')	0.16145939783583713	cached
varianceThreshold();maxAbsScaler();maxAbsScaler();adaBoost(decisionTree('entropy',28,17,0.633662319891193,18,'None'),49,0.5254164788002763,'SAMME')	invalid_ind (duplicated operator)	invalid_ind (duplicated operator)
minMaxScaler();minMaxScaler();selectPercentile(39.728449753026766);randomForest(40,'entropy',0.8894786176898897,20,2,True,'balanced_subsample')	invalid_ind (duplicated operator)	invalid_ind (duplicated operator)
robustScaler(True,True);fastICA(63,'parallel','unit-variance','logcosh');selectFwe(0.0326841797004676);decisionTree('entropy',28,16,0.5808352568130942,16,'balanced')	0.1626522006928655	cached
minMaxScaler();fastICA(57,'deflation','arbitrary-variance','cube');fastICA(39,'parallel','unit-variance','cube');selectFwe(0.0326841797004676);decisionTree('entropy',28,16,0.5808352568130942,16,'balanced')	invalid_ind (duplicated operator)	invalid_ind (duplicated operator)
robustScaler(True,True);fastICA(63,'parallel','unit-variance','logcosh');selectFwe(0.0326841797004676);decisionTree('entropy',29,16,0.5808352568130942,16,'balanced')	0.1626522006928655	4.444677829742432
adaBoost(decisionTree('entropy',2,3,0.8639519226092048,16,'None'),48,1.8443939298517693,'SAMME')	0.08852688027063407	7.133302450180054
minMaxScaler();maxAbsScaler();selectPercentile(59.99899230034251);randomForest(40,'gini',0.505433262868637,20,16,True,'balanced')	0.16826408119476782	3.585984230041504
maxAbsScaler();adaBoost(decisionTree('entropy',28,19,0.0159451316443453,1,'balanced'),88,0.6320146040365229,'SAMME')	0.15468509920600063	10.820002794265747
selectPercentile(43.00478102294365);varianceThreshold();nystroem('rbf',7.8052586593119795,89,5,-0.6769603242985802);fastICA(71,'deflation','arbitrary-variance','cube');varianceThreshold();varianceThreshold();adaBoost(decisionTree('gini',10,11,0.6213481590953261,14,'balanced'),68,0.439652729391997,'SAMME')	invalid_ind (duplicated operator)	invalid_ind (duplicated operator)
robustScaler(True,True);fastICA(63,'parallel','unit-variance','logcosh');selectFwe(0.0326841797004676);randomForest(86,'entropy',0.6956345264363321,14,20,False,'balanced_subsample')	0.19354165301091558	16.879991054534912
decisionTree('entropy',28,16,0.5808352568130942,16,'balanced')	0.1564176169214061	2.429476499557495
robustScaler(True,True);fastICA(63,'parallel','unit-variance','logcosh');selectFwe(0.0326841797004676);decisionTree('entropy',28,16,0.5808352568130942,16,'balanced')	0.1626522006928655	5.052653551101685
randomForest(79,'entropy',0.505433262868637,12,6,True,'balanced_subsample')	0.18123752645189964	9.944294691085815
minMaxScaler();maxAbsScaler();selectPercentile(39.728449753026766);randomForest(40,'entropy',0.8894786176898897,20,2,False,'balanced_subsample')	0.15044498781657484	7.216837644577026
robustScaler(True,True);fastICA(63,'parallel','unit-variance','logcosh');selectFwe(0.0326841797004676);decisionTree('entropy',12,16,0.25945266013498836,9,'balanced')	0.13797406247029587	4.8235132694244385
maxAbsScaler();adaBoost(decisionTree('gini',6,9,0.1970952788749596,11,'None'),71,1.481793372028542,'SAMME')	0.12514365822918133	5.905353546142578
robustScaler(True,True);fastICA(63,'parallel','unit-variance','logcosh');selectPercentile(39.728449753026766);decisionTree('entropy',28,16,0.5808352568130942,16,'balanced')	0.14181702940411037	4.5016560554504395
maxAbsScaler();nystroem('cosine',7.556033650403374,54,5,-0.5536084395066585);randomForest(86,'gini',0.505433262868637,6,6,True,'balanced_subsample')	0.16501151850978643	54.825430154800415
robustScaler(True,True);fastICA(63,'parallel','unit-variance','logcosh');selectFwe(0.0326841797004676);decisionTree('entropy',28,16,0.5808352568130942,16,'balanced')	0.1626522006928655	4.625565052032471
robustScaler(True,True);fastICA(63,'parallel','unit-variance','logcosh');selectFwe(0.0326841797004676);decisionTree('entropy',28,16,0.5808352568130942,16,'balanced')	0.1626522006928655	cached
robustScaler(True,True);fastICA(63,'parallel','unit-variance','logcosh');selectFwe(0.0326841797004676);decisionTree('entropy',28,16,0.5808352568130942,16,'balanced')	0.1626522006928655	cached
minMaxScaler();minMaxScaler();maxAbsScaler();selectFwe(0.021545208688461062);selectFwe(0.008154926129546582);randomForest(86,'entropy',0.505433262868637,14,6,False,'balanced_subsample')	invalid_ind (duplicated operator)	invalid_ind (duplicated operator)
minMaxScaler();maxAbsScaler();selectFwe(0.0326841797004676);randomForest(40,'entropy',0.8894786176898897,20,2,True,'balanced_subsample')	0.18000877062321846	10.080179452896118
minMaxScaler();decisionTree('entropy',24,17,0.457683933115711,5,'balanced')	0.1556350122652596	2.437751293182373
minMaxScaler();maxAbsScaler();selectPercentile(78.79765496980664);randomForest(40,'entropy','None',6,2,True,'balanced_subsample')	0.1582304274239143	13.636868238449097
randomForest(79,'entropy',0.505433262868637,12,6,False,'balanced_subsample')	0.15736113170047591	cached
randomForest(79,'entropy',0.505433262868637,12,6,False,'balanced_subsample')	0.15736113170047591	cached
maxAbsScaler();robustScaler(True,True);selectFwe(0.027043916698404547);randomForest(86,'entropy',0.6956345264363321,14,3,False,'balanced_subsample')	0.14450093390342397	20.85420560836792
maxAbsScaler();nystroem('cosine',7.556033650403374,54,5,-0.5536084395066585);decisionTree('entropy',28,16,0.5808352568130942,16,'balanced')	0.1761019985814956	6.181984186172485
robustScaler(True,True);fastICA(63,'parallel','unit-variance','logcosh');selectFwe(0.0326841797004676);randomForest(86,'gini',0.505433262868637,6,6,True,'balanced_subsample')	0.1828714982171481	10.636834144592285
maxAbsScaler();robustScaler(True,True);selectFwe(0.027043916698404547);randomForest(86,'entropy',0.6956345264363321,14,3,False,'balanced_subsample')	0.14450093390342397	cached
maxAbsScaler();nystroem('cosine',7.556033650403374,54,5,-0.5536084395066585);randomForest(86,'entropy',0.505433262868637,6,6,False,'balanced_subsample')	0.17290836582405902	cached
maxAbsScaler();nystroem('cosine',7.556033650403374,54,5,-0.5536084395066585);randomForest(86,'gini',0.505433262868637,6,6,True,'balanced_subsample')	0.16501151850978643	50.982916593551636
robustScaler(True,True);fastICA(63,'parallel','unit-variance','logcosh');selectFwe(0.0326841797004676);decisionTree('entropy',28,16,0.5808352568130942,16,'balanced')	0.1626522006928655	3.781560182571411
maxAbsScaler();nystroem('cosine',5.253243597970779,54,5,-0.5536084395066585);adaBoost(decisionTree('entropy',28,16,0.23753289019810386,8,'balanced'),88,0.6320146040365229,'SAMME')	0.12146083945013324	136.6585283279419
maxAbsScaler();selectFwe(0.044270233186150684);randomForest(86,'gini',0.505433262868637,6,6,True,'balanced_subsample')	0.175283950778563	5.24709415435791
maxAbsScaler();nystroem('cosine',7.556033650403374,54,5,-0.5536084395066585);randomForest(86,'entropy',0.505433262868637,6,6,False,'balanced_subsample')	0.17290836582405902	210.23660516738892
adaBoost(decisionTree('gini',5,4,0.7179368373483307,19,'None'),44,1.3235396657653713,'SAMME')	0.1191524091772673	3.7431445121765137
maxAbsScaler();nystroem('cosine',7.556033650403374,54,5,-0.5536084395066585);randomForest(86,'entropy',0.8894786176898897,6,2,True,'balanced_subsample')	0.1437958522181379	212.47344660758972
robustScaler(True,True);fastICA(63,'parallel','unit-variance','logcosh');selectFwe(0.0326841797004676);decisionTree('entropy',28,16,0.5808352568130942,16,'balanced')	0.1626522006928655	cached
robustScaler(True,True);fastICA(63,'parallel','unit-variance','logcosh');selectFwe(0.0326841797004676);randomForest(86,'gini',0.505433262868637,6,6,True,'balanced_subsample')	0.1828714982171481	cached
maxAbsScaler();nystroem('cosine',7.556033650403374,54,5,-0.5536084395066585);randomForest(86,'gini',0.505433262868637,6,6,True,'balanced_subsample')	0.16501151850978643	cached
minMaxScaler();maxAbsScaler();selectFwe(0.0326841797004676);randomForest(40,'entropy',0.8894786176898897,20,2,True,'balanced_subsample')	0.18000877062321846	cached
robustScaler(True,True);fastICA(63,'parallel','unit-variance','logcosh');selectFwe(0.0326841797004676);decisionTree('entropy',28,16,0.5808352568130942,16,'balanced')	0.1626522006928655	cached
robustScaler(True,True);fastICA(63,'parallel','unit-variance','logcosh');selectFwe(0.0326841797004676);decisionTree('entropy',28,16,0.5808352568130942,16,'balanced')	0.1626522006928655	cached
minMaxScaler();fastICA(57,'deflation','arbitrary-variance','cube');fastICA(39,'parallel','unit-variance','cube');selectFwe(0.0326841797004676);decisionTree('entropy',28,16,0.5808352568130942,16,'balanced')	invalid_ind (duplicated operator)	invalid_ind (duplicated operator)
maxAbsScaler();nystroem('cosine',7.556033650403374,54,5,-0.5536084395066585);decisionTree('entropy',28,16,0.5808352568130942,16,'balanced')	0.1761019985814956	cached
maxAbsScaler();nystroem('cosine',7.556033650403374,54,5,-0.5536084395066585);randomForest(86,'gini',0.505433262868637,6,6,True,'balanced_subsample')	0.16501151850978643	cached
minMaxScaler();minMaxScaler();maxAbsScaler();selectFwe(0.021545208688461062);selectFwe(0.008154926129546582);randomForest(86,'gini',0.505433262868637,18,6,True,'balanced_subsample')	invalid_ind (duplicated operator)	invalid_ind (duplicated operator)
minMaxScaler();maxAbsScaler();selectFwe(0.0326841797004676);randomForest(40,'entropy',0.8894786176898897,20,2,True,'balanced_subsample')	0.18000877062321846	7.853449821472168
robustScaler(True,True);fastICA(63,'parallel','unit-variance','logcosh');selectFwe(0.0037280462690843174);randomForest(86,'gini',0.505433262868637,6,6,True,'balanced_subsample')	0.1828714982171481	8.753658771514893
robustScaler(True,True);fastICA(63,'parallel','unit-variance','logcosh');selectFwe(0.0326841797004676);decisionTree('entropy',28,16,0.5808352568130942,16,'balanced')	0.1626522006928655	cached
robustScaler(True,True);fastICA(63,'parallel','unit-variance','logcosh');selectFwe(0.0326841797004676);randomForest(86,'entropy',0.505433262868637,6,6,False,'balanced_subsample')	0.1965523322796212	16.90245771408081
robustScaler(False,True);fastICA(63,'parallel','unit-variance','logcosh');selectFwe(0.0326841797004676);randomForest(86,'entropy',0.6956345264363321,14,20,False,'balanced_subsample')	0.19818332576153658	22.29305124282837
maxAbsScaler();nystroem('poly',1.1415957569232984,25,5,-0.3414286969796272);randomForest(86,'gini',0.505433262868637,6,6,True,'balanced_subsample')	0.16305371021266657	24.82642364501953
robustScaler(True,True);fastICA(63,'parallel','unit-variance','logcosh');selectFwe(0.0326841797004676);randomForest(86,'entropy',0.6956345264363321,14,20,False,'balanced_subsample')	0.19354165301091558	cached
maxAbsScaler();nystroem('cosine',7.556033650403374,54,5,-0.5536084395066585);decisionTree('entropy',28,16,0.5808352568130942,16,'balanced')	0.1761019985814956	cached
robustScaler(True,True);selectPercentile(94.64125665012193);selectFwe(0.0326841797004676);decisionTree('entropy',28,16,0.5808352568130942,16,'balanced')	0.14653795631788782	2.1661925315856934
randomForest(79,'entropy',0.505433262868637,12,6,False,'balanced_subsample')	0.15736113170047591	13.552531957626343
robustScaler(True,True);fastICA(63,'parallel','unit-variance','logcosh');selectFwe(0.0326841797004676);randomForest(86,'entropy',0.6956345264363321,14,20,False,'balanced_subsample')	0.19354165301091558	cached
robustScaler(True,True);fastICA(63,'parallel','unit-variance','logcosh');selectFwe(0.0326841797004676);decisionTree('entropy',28,16,0.5808352568130942,16,'balanced')	0.1626522006928655	cached
robustScaler(True,True);fastICA(63,'parallel','unit-variance','logcosh');selectFwe(0.0326841797004676);decisionTree('entropy',28,16,0.5808352568130942,16,'balanced')	0.1626522006928655	4.455301761627197
nystroem('sigmoid',0.8734884789421742,69,5,0.39281246898015487);multinomialNB(28.655887115878556,False)	eval_error (Negative values in data passed to MultinomialNB (input X).)	eval_error (Negative values in data passed to MultinomialNB (input X).)
robustScaler(True,True);fastICA(63,'parallel','unit-variance','logcosh');minMaxScaler();decisionTree('entropy',28,16,0.5808352568130942,16,'balanced')	0.1875491529660712	4.830653429031372
randomForest(79,'entropy',0.505433262868637,12,6,True,'balanced_subsample')	0.18123752645189964	13.47374153137207
selectFwe(0.0326841797004676);maxAbsScaler();selectPercentile(59.99899230034251);randomForest(40,'gini',0.505433262868637,20,16,True,'balanced')	0.16852837215986743	4.095721006393433
minMaxScaler();maxAbsScaler();selectPercentile(59.99899230034251);randomForest(40,'gini',0.505433262868637,20,16,True,'balanced')	0.16826408119476782	cached
randomForest(79,'entropy',0.505433262868637,12,6,True,'balanced_subsample')	0.18123752645189964	cached
maxAbsScaler();fastICA(63,'parallel','unit-variance','logcosh');selectFwe(0.0326841797004676);randomForest(86,'entropy',0.6956345264363321,14,20,False,'balanced_subsample')	0.1887800982810762	20.754019737243652
robustScaler(True,True);nystroem('cosine',7.556033650403374,54,5,-0.5536084395066585);decisionTree('entropy',28,16,0.5808352568130942,16,'balanced')	0.13942669453119944	6.697051286697388
maxAbsScaler();nystroem('cosine',7.556033650403374,54,5,-0.5536084395066585);decisionTree('entropy',28,16,0.5808352568130942,16,'balanced')	0.1761019985814956	7.180816888809204
minMaxScaler();maxAbsScaler();selectPercentile(59.99899230034251);randomForest(40,'gini',0.505433262868637,20,16,True,'balanced')	0.16826408119476782	4.83045768737793
maxAbsScaler();nystroem('cosine',7.556033650403374,54,5,-0.5536084395066585);randomForest(86,'gini',0.505433262868637,6,6,True,'balanced_subsample')	0.16501151850978643	53.33335900306702
robustScaler(True,True);fastICA(63,'parallel','unit-variance','logcosh');selectFwe(0.0326841797004676);decisionTree('entropy',28,16,0.5808352568130942,16,'balanced')	0.1626522006928655	4.3937296867370605
maxAbsScaler();nystroem('cosine',7.556033650403374,54,5,-0.5536084395066585);randomForest(86,'entropy',0.8894786176898897,6,6,True,'balanced_subsample')	0.16986119974105934	201.45939016342163
maxAbsScaler();nystroem('cosine',7.556033650403374,54,5,-0.5536084395066585);randomForest(86,'entropy',0.505433262868637,6,6,False,'balanced_subsample')	0.17290836582405902	201.8573033809662
minMaxScaler();maxAbsScaler();selectPercentile(39.728449753026766);randomForest(40,'entropy',0.505433262868637,20,2,False,'balanced_subsample')	0.16459311168203314	4.0029706954956055
maxAbsScaler();nystroem('cosine',7.556033650403374,54,5,-0.5536084395066585);randomForest(86,'entropy',0.505433262868637,6,6,False,'balanced_subsample')	0.17290836582405902	203.8808994293213
robustScaler(True,True);fastICA(63,'parallel','unit-variance','logcosh');selectFwe(0.0326841797004676);decisionTree('entropy',28,16,0.5808352568130942,16,'balanced')	0.1626522006928655	2.7617452144622803
robustScaler(True,True);fastICA(63,'parallel','unit-variance','logcosh');selectFwe(0.0326841797004676);decisionTree('entropy',28,16,0.5808352568130942,16,'balanced')	0.1626522006928655	cached
maxAbsScaler();nystroem('cosine',7.556033650403374,54,5,-0.5536084395066585);decisionTree('entropy',28,16,0.5808352568130942,16,'balanced')	0.1761019985814956	cached
maxAbsScaler();nystroem('cosine',7.556033650403374,54,5,-0.5536084395066585);randomForest(86,'gini',0.505433262868637,6,6,True,'balanced_subsample')	0.16501151850978643	cached
robustScaler(True,True);fastICA(63,'parallel','unit-variance','logcosh');selectFwe(0.0326841797004676);randomForest(86,'entropy',0.6956345264363321,14,20,False,'balanced_subsample')	0.19354165301091558	cached
pca(0.7500491118046176,False);minMaxScaler();pca(0.9144079287934966,False);randomForest(40,'entropy',0.505433262868637,20,2,False,'balanced_subsample')	invalid_ind (duplicated operator)	invalid_ind (duplicated operator)
randomForest(79,'entropy',0.505433262868637,12,6,False,'balanced_subsample')	0.15736113170047591	cached
minMaxScaler();maxAbsScaler();selectPercentile(59.99899230034251);randomForest(40,'entropy',0.505433262868637,20,16,False,'balanced_subsample')	0.1573281762863258	8.21888017654419
robustScaler(True,True);selectPercentile(49.93019252218663);selectFwe(0.0326841797004676);randomForest(86,'entropy',0.6956345264363321,14,20,False,'balanced_subsample')	0.15990219574362502	17.053179502487183
maxAbsScaler();fastICA(63,'parallel','unit-variance','logcosh');selectFwe(0.0326841797004676);randomForest(86,'entropy',0.6956345264363321,14,20,False,'balanced_subsample')	0.1887800982810762	cached
robustScaler(True,True);fastICA(63,'parallel','unit-variance','logcosh');selectFwe(0.0326841797004676);randomForest(86,'entropy',0.6956345264363321,14,20,False,'balanced_subsample')	0.19354165301091558	cached
robustScaler(True,True);fastICA(63,'parallel','unit-variance','logcosh');selectFwe(0.0326841797004676);decisionTree('entropy',28,16,0.5808352568130942,16,'balanced')	0.1626522006928655	cached
minMaxScaler();maxAbsScaler();selectFwe(0.0326841797004676);randomForest(40,'entropy',0.8894786176898897,20,2,True,'balanced_subsample')	0.18000877062321846	cached
maxAbsScaler();nystroem('cosine',7.556033650403374,54,5,-0.5536084395066585);decisionTree('entropy',28,16,0.5808352568130942,16,'balanced')	0.1761019985814956	cached
maxAbsScaler();nystroem('cosine',7.556033650403374,54,5,-0.5536084395066585);randomForest(86,'gini',0.505433262868637,6,6,True,'balanced_subsample')	0.16501151850978643	cached
robustScaler(False,True);fastICA(63,'deflation','unit-variance','logcosh');selectFwe(0.04495588520049663);randomForest(86,'entropy',0.6956345264363321,14,20,False,'balanced_subsample')	eval_error (A has a NaN entry)	eval_error (A has a NaN entry)
maxAbsScaler();fastICA(63,'parallel','unit-variance','logcosh');selectFwe(0.0326841797004676);randomForest(86,'entropy',0.6956345264363321,14,20,False,'balanced_subsample')	0.1887800982810762	cached
robustScaler(False,True);fastICA(63,'parallel','unit-variance','logcosh');selectFwe(0.0326841797004676);randomForest(86,'entropy',0.6956345264363321,14,20,False,'balanced_subsample')	0.19818332576153658	cached
robustScaler(True,True);fastICA(63,'parallel','unit-variance','logcosh');selectFwe(0.0326841797004676);randomForest(86,'entropy',0.6956345264363321,14,20,False,'balanced_subsample')	0.19354165301091558	27.572306394577026
robustScaler(True,True);nystroem('sigmoid',0.8734884789421742,69,5,0.39281246898015487);minMaxScaler();decisionTree('entropy',28,16,0.5808352568130942,16,'balanced')	0.13496418333737242	7.413188695907593
fastICA(63,'parallel','unit-variance','logcosh');multinomialNB(28.655887115878556,False)	eval_error (Negative values in data passed to MultinomialNB (input X).)	eval_error (Negative values in data passed to MultinomialNB (input X).)
maxAbsScaler();nystroem('cosine',7.556033650403374,54,5,-0.5536084395066585);decisionTree('entropy',28,16,0.5808352568130942,16,'balanced')	0.1761019985814956	cached
maxAbsScaler();fastICA(63,'parallel','unit-variance','logcosh');selectFwe(0.0326841797004676);randomForest(86,'entropy',0.6956345264363321,14,20,False,'balanced_subsample')	0.1887800982810762	cached
robustScaler(True,True);fastICA(63,'parallel','unit-variance','logcosh');selectFwe(0.0326841797004676);randomForest(86,'gini',0.505433262868637,6,6,True,'balanced_subsample')	0.1828714982171481	cached
robustScaler(True,True);fastICA(63,'parallel','unit-variance','logcosh');selectFwe(0.0037280462690843174);randomForest(86,'gini',0.505433262868637,6,6,True,'balanced_subsample')	0.1828714982171481	11.877137899398804
robustScaler(True,True);fastICA(63,'parallel','unit-variance','logcosh');selectFwe(0.0326841797004676);decisionTree('entropy',28,16,0.5808352568130942,16,'balanced')	0.1626522006928655	cached
robustScaler(False,True);fastICA(63,'parallel','unit-variance','logcosh');selectFwe(0.0326841797004676);randomForest(86,'entropy',0.6956345264363321,14,20,True,'balanced_subsample')	0.20988841580854692	22.611626625061035
robustScaler(True,True);fastICA(63,'parallel','unit-variance','logcosh');selectFwe(0.0326841797004676);randomForest(19,'gini','sqrt',4,3,True,'balanced')	0.15528411720869154	7.2210612297058105
robustScaler(True,True);nystroem('sigmoid',2.0143991523407268,23,2,0.8090129295153703);selectFwe(0.0326841797004676);randomForest(86,'gini',0.505433262868637,6,6,True,'balanced_subsample')	0.15076116099811482	38.988367319107056
nystroem('sigmoid',7.556033650403374,69,5,-0.5536084395066585);multinomialNB(28.655887115878556,False)	eval_error (Negative values in data passed to MultinomialNB (input X).)	eval_error (Negative values in data passed to MultinomialNB (input X).)
maxAbsScaler();nystroem('cosine',7.556033650403374,54,5,-0.5536084395066585);randomForest(86,'gini',0.8293258857367687,6,6,False,'balanced_subsample')	eval_timeout_error	eval_timeout_error
maxAbsScaler();nystroem('cosine',7.556033650403374,54,5,-0.5536084395066585);randomForest(86,'gini',0.505433262868637,6,6,True,'balanced')	0.15980394208391116	111.32041001319885
maxAbsScaler();nystroem('cosine',7.556033650403374,54,5,-0.5536084395066585);mlpClassifier((29, 13),0.043117131914535395,0.9988054065012887,'lbfgs','tanh')	0.13554003519514551	97.94519138336182
randomForest(79,'entropy',0.505433262868637,12,6,False,'balanced_subsample')	0.15736113170047591	27.0139217376709
robustScaler(True,True);fastICA(63,'parallel','unit-variance','logcosh');selectFwe(0.0326841797004676);randomForest(40,'entropy',0.8894786176898897,20,2,True,'balanced_subsample')	0.19333337377129362	14.122288942337036
minMaxScaler();maxAbsScaler();selectFwe(0.04296032225558526);decisionTree('entropy',28,16,0.5808352568130942,16,'balanced')	0.1564176169214061	2.373210906982422
maxAbsScaler();nystroem('cosine',7.556033650403374,54,5,-0.5536084395066585);randomForest(86,'gini',0.505433262868637,11,6,True,'balanced_subsample')	0.16501151850978643	69.48694443702698
maxAbsScaler();nystroem('poly',1.1415957569232984,25,5,-0.3414286969796272);randomForest(86,'entropy',0.8894786176898897,20,2,True,'balanced_subsample')	0.17429097324837464	194.43546056747437
minMaxScaler();maxAbsScaler();selectFwe(0.0326841797004676);randomForest(40,'gini',0.505433262868637,6,6,True,'balanced_subsample')	0.181202596491352	3.45444393157959
maxAbsScaler();nystroem('cosine',0.8734884789421742,54,5,0.39281246898015487);randomForest(93,'gini',0.9079104814482392,4,10,False,'balanced_subsample')	0.15318176403241598	159.4505136013031
maxAbsScaler();nystroem('cosine',7.556033650403374,54,5,-0.5536084395066585);randomForest(86,'entropy',0.505433262868637,6,6,True,'balanced_subsample')	0.16505580213625662	98.66833734512329
robustScaler(True,True);fastICA(63,'parallel','unit-variance','logcosh');selectFwe(0.0326841797004676);decisionTree('entropy',28,16,0.5808352568130942,16,'balanced')	0.1626522006928655	cached
pca(0.7500491118046176,False);minMaxScaler();pca(0.9144079287934966,False);randomForest(40,'entropy',0.505433262868637,20,2,True,'balanced_subsample')	invalid_ind (duplicated operator)	invalid_ind (duplicated operator)
robustScaler(True,False);fastICA(63,'parallel','unit-variance','cube');selectFwe(0.0326841797004676);decisionTree('entropy',12,16,0.5808352568130942,16,'balanced')	0.16296855679894123	3.7944138050079346
minMaxScaler();maxAbsScaler();selectFwe(0.0326841797004676);randomForest(40,'entropy',0.8894786176898897,20,2,True,'balanced_subsample')	0.18000877062321846	9.292644500732422
robustScaler(True,True);fastICA(63,'parallel','unit-variance','logcosh');maxAbsScaler();randomForest(86,'gini',0.505433262868637,6,6,True,'balanced_subsample')	0.1818981579648902	11.118553876876831
nystroem('sigmoid',7.556033650403374,69,5,-0.5536084395066585);multinomialNB(28.655887115878556,False)	eval_error (Negative values in data passed to MultinomialNB (input X).)	eval_error (Negative values in data passed to MultinomialNB (input X).)
minMaxScaler();maxAbsScaler();selectFwe(0.0441663814569);randomForest(40,'entropy',0.8894786176898897,20,2,False,'balanced_subsample')	0.14028109665787128	14.762643337249756
maxAbsScaler();nystroem('cosine',7.556033650403374,54,5,-0.5536084395066585);randomForest(86,'gini','sqrt',6,6,True,'balanced')	0.16077253902652178	19.399897813796997
selectFwe(0.0037280462690843174);nystroem('cosine',7.556033650403374,54,5,-0.5536084395066585);decisionTree('entropy',28,16,0.5808352568130942,16,'balanced')	0.1493548280963964	11.358026266098022
maxAbsScaler();fastICA(63,'parallel','unit-variance','logcosh');selectFwe(0.0326841797004676);randomForest(86,'entropy',0.6956345264363321,14,20,False,'balanced_subsample')	0.1887800982810762	cached
robustScaler(False,True);fastICA(63,'parallel','unit-variance','logcosh');selectFwe(0.0326841797004676);randomForest(86,'entropy',0.6956345264363321,14,20,True,'balanced_subsample')	0.20988841580854692	cached
robustScaler(False,True);fastICA(63,'parallel','unit-variance','logcosh');selectFwe(0.0326841797004676);randomForest(86,'entropy',0.6956345264363321,14,20,True,'balanced_subsample')	0.20988841580854692	cached
robustScaler(True,True);fastICA(63,'parallel','unit-variance','logcosh');selectFwe(0.0326841797004676);randomForest(19,'gini','sqrt',4,3,True,'balanced')	0.15528411720869154	cached
robustScaler(True,True);maxAbsScaler();selectFwe(0.0326841797004676);randomForest(19,'gini',0.505433262868637,4,3,True,'balanced')	0.1771014946974196	7.563777446746826
maxAbsScaler();nystroem('cosine',7.556033650403374,54,5,-0.5536084395066585);decisionTree('entropy',28,16,0.5808352568130942,16,'balanced')	0.1761019985814956	cached
robustScaler(True,True);fastICA(63,'parallel','unit-variance','logcosh');minMaxScaler();decisionTree('entropy',28,17,0.5808352568130942,16,'balanced')	0.1875491529660712	9.460389852523804
maxAbsScaler();nystroem('cosine',7.556033650403374,54,5,-0.5536084395066585);randomForest(86,'entropy',0.505433262868637,6,6,True,'balanced_subsample')	0.16505580213625662	cached
maxAbsScaler();nystroem('cosine',7.556033650403374,54,5,-0.5536084395066585);randomForest(86,'gini',0.505433262868637,6,6,True,'balanced_subsample')	0.16501151850978643	cached
nystroem('sigmoid',7.556033650403374,69,5,-0.5536084395066585);fastICA(63,'parallel','unit-variance','logcosh');selectFwe(0.0326841797004676);decisionTree('entropy',5,16,0.5808352568130942,16,'balanced')	0.12851221569743748	41.454264402389526
robustScaler(True,True);fastICA(63,'parallel','unit-variance','logcosh');selectFwe(0.0326841797004676);randomForest(86,'entropy',0.6956345264363321,6,20,False,'balanced_subsample')	0.19354165301091558	39.59038829803467
robustScaler(True,True);multinomialNB(28.655887115878556,False)	eval_error (Negative values in data passed to MultinomialNB (input X).)	eval_error (Negative values in data passed to MultinomialNB (input X).)
robustScaler(True,False);fastICA(63,'parallel','unit-variance','logcosh');selectFwe(0.0326841797004676);randomForest(86,'entropy',0.6956345264363321,14,20,False,'balanced_subsample')	0.17544597018203395	36.91841912269592
minMaxScaler();maxAbsScaler();selectPercentile(59.99899230034251);randomForest(40,'entropy',0.505433262868637,20,16,False,'balanced_subsample')	0.1573281762863258	cached
robustScaler(True,True);fastICA(44,'parallel','arbitrary-variance','logcosh');selectFwe(0.0037280462690843174);randomForest(86,'gini',0.505433262868637,14,6,True,'balanced_subsample')	0.1661194590917871	11.40160346031189
pca(0.7500491118046176,False);minMaxScaler();pca(0.9144079287934966,False);randomForest(40,'entropy',0.8894786176898897,20,2,True,'balanced_subsample')	invalid_ind (duplicated operator)	invalid_ind (duplicated operator)
robustScaler(True,True);fastICA(63,'parallel','unit-variance','logcosh');randomForest(86,'gini',0.505433262868637,6,6,True,'balanced')	0.1923641088232831	11.875184059143066
maxAbsScaler();nystroem('cosine',7.556033650403374,54,5,-0.5536084395066585);selectFwe(0.0326841797004676);decisionTree('entropy',28,16,0.5808352568130942,16,'balanced')	0.14537287508628327	6.8543407917022705
maxAbsScaler();nystroem('cosine',7.556033650403374,54,5,-0.5536084395066585);randomForest(86,'entropy',0.505433262868637,6,6,True,'balanced_subsample')	0.16505580213625662	cached
maxAbsScaler();fastICA(63,'parallel','unit-variance','logcosh');selectFwe(0.0326841797004676);randomForest(86,'entropy',0.6956345264363321,14,20,False,'balanced_subsample')	0.1887800982810762	cached
robustScaler(False,True);fastICA(63,'parallel','unit-variance','logcosh');selectFwe(0.0326841797004676);randomForest(86,'entropy',0.6956345264363321,14,20,False,'balanced_subsample')	0.19818332576153658	cached
robustScaler(True,True);fastICA(63,'parallel','unit-variance','logcosh');selectFwe(0.0326841797004676);randomForest(86,'entropy',0.6956345264363321,14,20,False,'balanced_subsample')	0.19354165301091558	cached
nystroem('sigmoid',7.556033650403374,69,5,-0.5536084395066585);multinomialNB(28.655887115878556,False)	eval_error (Negative values in data passed to MultinomialNB (input X).)	eval_error (Negative values in data passed to MultinomialNB (input X).)
maxAbsScaler();nystroem('cosine',7.556033650403374,54,5,-0.5536084395066585);decisionTree('entropy',28,16,0.5808352568130942,16,'balanced')	0.1761019985814956	cached
robustScaler(True,True);fastICA(63,'parallel','unit-variance','logcosh');selectFwe(0.0326841797004676);randomForest(40,'entropy',0.505433262868637,20,2,False,'balanced_subsample')	0.18325818147129808	12.400907754898071
robustScaler(True,True);fastICA(63,'parallel','unit-variance','logcosh');selectFwe(0.0326841797004676);randomForest(86,'entropy',0.6956345264363321,14,20,False,'balanced_subsample')	0.19354165301091558	20.501343250274658
robustScaler(True,True);fastICA(63,'parallel','unit-variance','logcosh');selectFwe(0.0037280462690843174);randomForest(86,'gini',0.505433262868637,6,6,True,'balanced_subsample')	0.1828714982171481	7.704876899719238
robustScaler(True,True);nystroem('sigmoid',7.556033650403374,69,5,-0.5536084395066585);selectFwe(0.0326841797004676);randomForest(86,'entropy',0.6956345264363321,14,20,False,'balanced_subsample')	0.13482973236680745	88.66472244262695
fastICA(63,'parallel','unit-variance','logcosh');multinomialNB(28.655887115878556,False)	eval_error (Negative values in data passed to MultinomialNB (input X).)	eval_error (Negative values in data passed to MultinomialNB (input X).)
maxAbsScaler();fastICA(63,'parallel','unit-variance','logcosh');nystroem('sigmoid',7.556033650403374,69,5,-0.5536084395066585);randomForest(86,'entropy',0.6956345264363321,14,20,False,'balanced_subsample')	eval_timeout_error	eval_timeout_error
selectFwe(0.0326841797004676);multinomialNB(28.655887115878556,False)	0.0779118615387729	1.6266453266143799
maxAbsScaler();nystroem('cosine',7.556033650403374,54,5,-0.5536084395066585);decisionTree('entropy',28,16,0.5808352568130942,16,'balanced')	0.1761019985814956	cached
robustScaler(True,True);fastICA(63,'parallel','unit-variance','logcosh');minMaxScaler();decisionTree('entropy',28,16,0.5808352568130942,16,'balanced')	0.1875491529660712	cached
robustScaler(True,True);fastICA(63,'parallel','unit-variance','logcosh');selectFwe(0.0326841797004676);randomForest(86,'entropy',0.6956345264363321,14,20,False,'balanced_subsample')	0.19354165301091558	cached
robustScaler(False,True);fastICA(63,'parallel','unit-variance','logcosh');selectFwe(0.0326841797004676);randomForest(86,'entropy',0.6956345264363321,14,20,True,'balanced_subsample')	0.20988841580854692	cached
robustScaler(True,True);fastICA(63,'parallel','unit-variance','logcosh');selectFwe(0.0326841797004676);randomForest(86,'entropy',0.6956345264363321,6,20,False,'balanced_subsample')	0.19354165301091558	cached
robustScaler(True,True);fastICA(63,'parallel','unit-variance','logcosh');selectFwe(0.0326841797004676);randomForest(86,'entropy',0.6956345264363321,14,20,False,'balanced_subsample')	0.19354165301091558	cached
robustScaler(True,True);fastICA(63,'parallel','unit-variance','logcosh');maxAbsScaler();randomForest(86,'gini',0.505433262868637,6,6,True,'balanced_subsample')	0.1818981579648902	cached
robustScaler(False,True);fastICA(63,'parallel','unit-variance','logcosh');selectFwe(0.0326841797004676);randomForest(86,'gini',0.6956345264363321,14,20,True,'balanced_subsample')	0.19215296547035882	10.669052600860596
robustScaler(True,True);fastICA(63,'parallel','unit-variance','logcosh');selectFwe(0.0326841797004676);randomForest(86,'entropy',0.5385335561458697,14,20,False,'balanced_subsample')	0.20469288957337234	12.78588318824768
minMaxScaler();maxAbsScaler();selectFwe(0.0326841797004676);adaBoost(decisionTree('gini',16,19,0.969983812108392,12,'None'),91,0.6096216109788294,'SAMME')	0.13274274479095313	14.33845853805542
robustScaler(False,True);fastICA(63,'parallel','unit-variance','logcosh');selectFwe(0.0326841797004676);randomForest(86,'entropy',0.6956345264363321,14,20,True,'balanced_subsample')	0.20988841580854692	cached
maxAbsScaler();nystroem('cosine',7.556033650403374,54,5,-0.5536084395066585);randomForest(86,'gini',0.505433262868637,6,6,True,'balanced_subsample')	0.16501151850978643	cached
robustScaler(False,True);fastICA(63,'parallel','unit-variance','logcosh');selectFwe(0.0326841797004676);randomForest(86,'entropy',0.6956345264363321,14,20,True,'balanced_subsample')	0.20988841580854692	cached
robustScaler(True,True);fastICA(44,'parallel','arbitrary-variance','logcosh');selectFwe(0.0037280462690843174);randomForest(86,'entropy',0.505433262868637,14,6,True,'balanced_subsample')	0.1830511639257389	15.075878381729126
fastICA(63,'parallel','unit-variance','logcosh');multinomialNB(28.655887115878556,False)	eval_error (Negative values in data passed to MultinomialNB (input X).)	eval_error (Negative values in data passed to MultinomialNB (input X).)
robustScaler(False,True);fastICA(63,'parallel','unit-variance','logcosh');selectFwe(0.0037280462690843174);randomForest(86,'entropy',0.6956345264363321,14,20,False,'balanced_subsample')	0.19695517865454681	21.25949501991272
robustScaler(True,True);fastICA(3,'deflation','arbitrary-variance','logcosh');maxAbsScaler();randomForest(86,'gini',0.505433262868637,6,6,True,'balanced_subsample')	0.13805776277328022	10.511272430419922
robustScaler(True,True);fastICA(63,'parallel','unit-variance','logcosh');maxAbsScaler();randomForest(86,'gini',0.505433262868637,6,6,True,'balanced_subsample')	0.1818981579648902	cached
robustScaler(False,True);fastICA(63,'parallel','unit-variance','logcosh');selectFwe(0.0326841797004676);randomForest(86,'entropy',0.6956345264363321,14,20,True,'balanced_subsample')	0.20988841580854692	cached
selectFwe(0.0326841797004676);nystroem('cosine',7.556033650403374,54,5,-0.5536084395066585);decisionTree('entropy',28,16,0.5808352568130942,16,'balanced')	0.1493548280963964	5.7595319747924805
minMaxScaler();fastICA(80,'parallel','unit-variance','logcosh');robustScaler(True,False);nystroem('rbf',7.167982659265633,57,3,-0.8862574349752634);selectPercentile(29.544010842280976);logisticRegression('l1','liblinear',1000,0.7695803739977392,'balanced')	eval_error (The 'liblinear' solver does not support multiclass classification (n_classes >= 3). Either use another solver or wrap the estimator in a OneVsRestClassifier to keep applying a one-versus-rest scheme.)	eval_error (The 'liblinear' solver does not support multiclass classification (n_classes >= 3). Either use another solver or wrap the estimator in a OneVsRestClassifier to keep applying a one-versus-rest scheme.)
robustScaler(True,True);fastICA(44,'parallel','arbitrary-variance','logcosh');selectFwe(0.0037280462690843174);randomForest(86,'entropy',0.505433262868637,14,6,True,'balanced_subsample')	0.1830511639257389	16.470661640167236
robustScaler(False,True);fastICA(63,'parallel','unit-variance','logcosh');selectFwe(0.0326841797004676);randomForest(86,'entropy',0.8894786176898897,14,2,True,'balanced_subsample')	0.18543752411029626	29.471994876861572
maxAbsScaler();nystroem('cosine',1.5637118228476141,26,5,0.1353955099930464);randomForest(86,'gini',0.505433262868637,6,6,True,'balanced_subsample')	0.1752932702342347	30.608847618103027
robustScaler(True,True);maxAbsScaler();selectFwe(0.0326841797004676);randomForest(19,'gini',0.505433262868637,4,3,False,'balanced')	0.1622222048967889	4.328599452972412
minMaxScaler();maxAbsScaler();selectFwe(0.0326841797004676);randomForest(29,'entropy',0.6252912574791811,2,5,False,'balanced_subsample')	0.14345944990015594	9.382816791534424
pca(0.7500491118046176,False);minMaxScaler();pca(0.9144079287934966,False);randomForest(40,'entropy',0.6956345264363321,20,20,False,'balanced_subsample')	invalid_ind (duplicated operator)	invalid_ind (duplicated operator)
maxAbsScaler();fastICA(63,'parallel','unit-variance','logcosh');selectFwe(0.0326841797004676);randomForest(86,'entropy',0.6956345264363321,14,20,True,'balanced_subsample')	0.20553001620766578	15.947325468063354
maxAbsScaler();fastICA(63,'parallel','unit-variance','logcosh');selectFwe(0.0326841797004676);randomForest(86,'entropy',0.6956345264363321,14,20,False,'balanced_subsample')	0.1887800982810762	cached
robustScaler(True,True);fastICA(63,'parallel','unit-variance','logcosh');selectFwe(0.0326841797004676);randomForest(86,'entropy',0.6956345264363321,14,20,False,'balanced_subsample')	0.19354165301091558	cached
robustScaler(True,True);fastICA(63,'parallel','unit-variance','logcosh');selectFwe(0.0326841797004676);randomForest(86,'entropy',0.8894786176898897,14,2,True,'balanced_subsample')	0.18360369157091774	23.746942281723022
robustScaler(False,True);fastICA(63,'parallel','unit-variance','logcosh');selectFwe(0.0326841797004676);randomForest(86,'gini',0.505433262868637,6,6,True,'balanced_subsample')	0.1767881071959415	11.0607430934906
robustScaler(True,True);fastICA(63,'parallel','unit-variance','logcosh');randomForest(86,'gini',0.505433262868637,6,6,True,'balanced_subsample')	0.1818981579648902	12.099688053131104
robustScaler(True,True);fastICA(63,'parallel','unit-variance','logcosh');maxAbsScaler();randomForest(86,'entropy',0.6956345264363321,14,20,False,'balanced_subsample')	0.20527728401729778	22.97507619857788
robustScaler(True,False);fastICA(63,'parallel','unit-variance','logcosh');selectFwe(0.0326841797004676);randomForest(86,'entropy',0.6956345264363321,14,20,False,'balanced_subsample')	0.17544597018203395	cached
robustScaler(True,True);fastICA(63,'parallel','unit-variance','logcosh');maxAbsScaler();randomForest(86,'gini',0.505433262868637,6,6,True,'balanced_subsample')	0.1818981579648902	cached
robustScaler(True,True);fastICA(63,'parallel','unit-variance','logcosh');maxAbsScaler();randomForest(86,'gini',0.505433262868637,6,6,True,'balanced')	0.1923641088232831	11.356088876724243
maxAbsScaler();nystroem('cosine',7.556033650403374,54,5,-0.5536084395066585);randomForest(86,'gini',0.505433262868637,6,6,True,'balanced_subsample')	0.16501151850978643	58.124727964401245
maxAbsScaler();nystroem('cosine',7.556033650403374,54,5,-0.5536084395066585);randomForest(86,'entropy',0.505433262868637,6,6,True,'balanced_subsample')	0.16505580213625662	125.47653436660767
maxAbsScaler();nystroem('cosine',7.556033650403374,54,5,-0.5536084395066585);randomForest(86,'entropy',0.505433262868637,6,6,False,'balanced_subsample')	0.17290836582405902	183.90939354896545
maxAbsScaler();fastICA(63,'parallel','unit-variance','logcosh');selectFwe(0.0326841797004676);randomForest(86,'entropy',0.6956345264363321,14,20,True,'balanced_subsample')	0.20553001620766578	cached
maxAbsScaler();fastICA(63,'parallel','unit-variance','logcosh');selectFwe(0.0326841797004676);randomForest(86,'entropy',0.6956345264363321,14,20,True,'balanced_subsample')	0.20553001620766578	cached
maxAbsScaler();fastICA(63,'parallel','unit-variance','logcosh');selectFwe(0.0326841797004676);randomForest(86,'entropy',0.6956345264363321,14,20,True,'balanced_subsample')	0.20553001620766578	cached
maxAbsScaler();fastICA(48,'deflation','unit-variance','exp');selectFwe(0.0326841797004676);randomForest(86,'entropy',0.6956345264363321,14,20,True,'balanced_subsample')	eval_error (A has a NaN entry)	eval_error (A has a NaN entry)
robustScaler(True,True);fastICA(63,'parallel','unit-variance','logcosh');maxAbsScaler();randomForest(86,'entropy',0.6956345264363321,14,20,False,'balanced_subsample')	0.20527728401729778	cached
robustScaler(False,True);fastICA(63,'parallel','unit-variance','logcosh');selectFwe(0.0037280462690843174);randomForest(86,'gini',0.6956345264363321,14,20,True,'balanced_subsample')	0.18145305989551286	11.13471794128418
maxAbsScaler();fastICA(63,'parallel','unit-variance','logcosh');selectFwe(0.0326841797004676);randomForest(86,'entropy',0.6956345264363321,14,20,True,'balanced_subsample')	0.20553001620766578	14.455062866210938
robustScaler(False,True);fastICA(44,'parallel','arbitrary-variance','logcosh');selectFwe(0.0037280462690843174);randomForest(60,'entropy',0.505433262868637,14,6,True,'balanced_subsample')	0.18139332055454904	11.900858640670776
maxAbsScaler();fastICA(63,'parallel','unit-variance','logcosh');selectFwe(0.0326841797004676);randomForest(86,'entropy',0.6956345264363321,14,20,False,'balanced_subsample')	0.1887800982810762	19.00985836982727
robustScaler(False,True);fastICA(63,'parallel','unit-variance','logcosh');selectFwe(0.0326841797004676);randomForest(86,'entropy',0.6956345264363321,14,20,True,'balanced_subsample')	0.20988841580854692	cached
robustScaler(True,True);fastICA(63,'parallel','unit-variance','logcosh');minMaxScaler();decisionTree('entropy',28,16,0.5808352568130942,16,'balanced')	0.1875491529660712	cached
robustScaler(False,True);fastICA(63,'parallel','unit-variance','logcosh');selectFwe(0.0326841797004676);randomForest(86,'entropy',0.6956345264363321,14,20,True,'balanced_subsample')	0.20988841580854692	cached
maxAbsScaler();nystroem('cosine',1.5637118228476141,26,5,0.1353955099930464);randomForest(86,'gini',0.505433262868637,6,6,True,'balanced_subsample')	0.1752932702342347	cached
robustScaler(True,True);fastICA(63,'parallel','unit-variance','logcosh');maxAbsScaler();randomForest(86,'entropy',0.6956345264363321,14,20,False,'balanced_subsample')	0.20527728401729778	cached
robustScaler(True,True);fastICA(63,'parallel','unit-variance','logcosh');selectFwe(0.0326841797004676);randomForest(86,'entropy',0.6956345264363321,14,20,False,'balanced_subsample')	0.19354165301091558	cached
robustScaler(True,True);fastICA(63,'parallel','unit-variance','logcosh');selectFwe(0.0326841797004676);randomForest(86,'entropy',0.6956345264363321,14,20,False,'balanced_subsample')	0.19354165301091558	18.39200234413147
robustScaler(False,True);fastICA(63,'parallel','unit-variance','logcosh');selectFwe(0.0326841797004676);randomForest(86,'entropy',0.6956345264363321,14,20,False,'balanced_subsample')	0.19818332576153658	24.214642763137817
robustScaler(True,True);fastICA(63,'parallel','unit-variance','logcosh');selectFwe(0.0326841797004676);randomForest(86,'entropy',0.505433262868637,14,6,True,'balanced_subsample')	0.1912095579152443	22.408643007278442
robustScaler(False,True);fastICA(63,'parallel','unit-variance','logcosh');selectFwe(0.0326841797004676);adaBoost(decisionTree('entropy',27,2,0.6497143109340363,4,'None'),38,0.8723002147289658,'SAMME')	0.1290263922016977	28.442159414291382
maxAbsScaler();nystroem('cosine',7.556033650403374,54,5,-0.5536084395066585);randomForest(86,'entropy',0.6956345264363321,14,20,False,'balanced_subsample')	eval_timeout_error	eval_timeout_error
robustScaler(True,False);fastICA(69,'parallel','unit-variance','logcosh');selectFwe(0.02491028390704005);randomForest(86,'gini',0.7710028506253279,20,20,True,'balanced_subsample')	0.17876519307271338	15.357887983322144
robustScaler(False,True);fastICA(63,'parallel','unit-variance','logcosh');selectFwe(0.0326841797004676);randomForest(86,'entropy',0.6956345264363321,14,20,True,'balanced_subsample')	0.20988841580854692	cached
robustScaler(True,True);fastICA(63,'parallel','unit-variance','logcosh');maxAbsScaler();randomForest(86,'gini',0.505433262868637,6,6,True,'balanced_subsample')	0.1818981579648902	cached
maxAbsScaler();fastICA(44,'parallel','arbitrary-variance','logcosh');selectFwe(0.0037280462690843174);randomForest(86,'entropy',0.6956345264363321,14,20,True,'balanced_subsample')	0.2029216462173465	24.17608952522278
maxAbsScaler();fastICA(63,'parallel','unit-variance','logcosh');selectFwe(0.0326841797004676);decisionTree('entropy',28,16,0.5808352568130942,16,'balanced')	0.16642758162329846	8.018908739089966
robustScaler(True,True);fastICA(63,'parallel','unit-variance','logcosh');selectFwe(0.0326841797004676);randomForest(86,'entropy',0.5385335561458697,14,20,False,'balanced_subsample')	0.20469288957337234	cached
robustScaler(True,True);fastICA(63,'parallel','unit-variance','logcosh');selectFwe(0.0326841797004676);randomForest(86,'entropy',0.6956345264363321,6,20,False,'balanced_subsample')	0.19354165301091558	cached
robustScaler(True,True);fastICA(63,'parallel','unit-variance','logcosh');minMaxScaler();decisionTree('entropy',28,16,0.5808352568130942,16,'balanced')	0.1875491529660712	cached
robustScaler(True,True);fastICA(63,'parallel','unit-variance','logcosh');maxAbsScaler();randomForest(86,'gini',0.505433262868637,6,6,True,'balanced_subsample')	0.1818981579648902	cached
varianceThreshold();selectPercentile(67.93184830779826);maxAbsScaler();minMaxScaler();minMaxScaler();fastICA(63,'parallel','unit-variance','logcosh');selectFwe(0.0326841797004676);randomForest(86,'entropy',0.6956345264363321,14,20,True,'balanced_subsample')	invalid_ind (duplicated operator)	invalid_ind (duplicated operator)
robustScaler(True,True);fastICA(44,'parallel','arbitrary-variance','logcosh');minMaxScaler();decisionTree('entropy',28,17,0.5808352568130942,16,'balanced')	0.1790260805036498	6.275220155715942
nystroem('rbf',3.6840470490098696,33,5,0.06362098981928077);fastICA(63,'parallel','unit-variance','logcosh');selectFwe(0.0326841797004676);randomForest(86,'entropy',0.6956345264363321,14,20,True,'balanced_subsample')	0.1649923255161133	92.90170359611511
robustScaler(True,False);fastICA(63,'parallel','unit-variance','logcosh');selectFwe(0.0326841797004676);randomForest(86,'entropy',0.6956345264363321,14,20,False,'balanced_subsample')	0.17544597018203395	cached
robustScaler(True,True);fastICA(63,'parallel','unit-variance','logcosh');maxAbsScaler();randomForest(86,'gini',0.505433262868637,6,6,True,'balanced')	0.1923641088232831	cached
robustScaler(True,True);fastICA(63,'parallel','unit-variance','logcosh');selectFwe(0.0326841797004676);randomForest(86,'entropy',0.6956345264363321,14,20,True,'balanced_subsample')	0.20682631918799635	21.116515398025513
robustScaler(True,True);fastICA(18,'deflation','unit-variance','logcosh');selectFwe(0.02492333561314947);randomForest(86,'entropy',0.6956345264363321,4,20,False,'balanced_subsample')	eval_error (A has a NaN entry)	eval_error (A has a NaN entry)
robustScaler(True,True);fastICA(63,'parallel','unit-variance','logcosh');selectFwe(0.0326841797004676);randomForest(86,'entropy',0.6956345264363321,14,20,False,'balanced_subsample')	0.19354165301091558	cached
robustScaler(False,True);fastICA(63,'parallel','unit-variance','logcosh');selectFwe(0.0326841797004676);randomForest(86,'entropy',0.6956345264363321,14,19,True,'balanced_subsample')	0.20116398960804904	24.498884677886963
robustScaler(True,True);fastICA(63,'parallel','unit-variance','logcosh');selectFwe(0.0037280462690843174);randomForest(86,'entropy',0.505433262868637,14,6,True,'balanced_subsample')	0.1912095579152443	19.39663076400757
robustScaler(False,True);fastICA(63,'parallel','unit-variance','logcosh');selectFwe(0.0326841797004676);randomForest(86,'entropy',0.6956345264363321,14,20,False,'balanced_subsample')	0.19818332576153658	15.979237794876099
maxAbsScaler();fastICA(63,'parallel','unit-variance','logcosh');selectFwe(0.0326841797004676);randomForest(86,'entropy',0.6956345264363321,14,20,True,'balanced_subsample')	0.20553001620766578	cached
maxAbsScaler();fastICA(63,'parallel','unit-variance','logcosh');selectFwe(0.0326841797004676);randomForest(86,'entropy',0.6956345264363321,14,20,True,'balanced_subsample')	0.20553001620766578	cached
robustScaler(True,True);fastICA(63,'parallel','unit-variance','logcosh');minMaxScaler();decisionTree('entropy',1,16,0.5808352568130942,1,'balanced')	0.08873376623376623	4.302501916885376
robustScaler(True,True);fastICA(63,'parallel','unit-variance','logcosh');selectFwe(0.0326841797004676);randomForest(86,'entropy',0.6956345264363321,14,20,False,'balanced_subsample')	0.19354165301091558	cached
robustScaler(True,True);fastICA(44,'parallel','arbitrary-variance','logcosh');maxAbsScaler();randomForest(86,'gini',0.505433262868637,6,6,True,'balanced_subsample')	0.16831172129477873	11.168750524520874
robustScaler(True,True);fastICA(63,'parallel','unit-variance','logcosh');selectFwe(0.0326841797004676);randomForest(86,'entropy',0.5385335561458697,14,20,True,'balanced_subsample')	0.2078520903222752	13.500711679458618
robustScaler(True,True);fastICA(63,'parallel','unit-variance','logcosh');selectFwe(0.0326841797004676);randomForest(86,'entropy',0.5385335561458697,14,20,False,'balanced_subsample')	0.20469288957337234	15.959741830825806
robustScaler(False,True);fastICA(63,'parallel','unit-variance','logcosh');selectFwe(0.0326841797004676);randomForest(86,'gini',0.6956345264363321,14,20,True,'balanced_subsample')	0.19215296547035882	12.602077007293701
robustScaler(True,True);fastICA(63,'parallel','unit-variance','logcosh');selectFwe(0.0326841797004676);randomForest(86,'entropy',0.6956345264363321,14,20,False,'balanced_subsample')	0.19354165301091558	20.65299415588379
maxAbsScaler();fastICA(63,'parallel','unit-variance','logcosh');selectFwe(0.0037280462690843174);randomForest(86,'entropy',0.6956345264363321,14,20,True,'balanced_subsample')	0.20430899716371104	17.478304386138916
robustScaler(True,False);fastICA(63,'parallel','unit-variance','logcosh');selectFwe(0.0326841797004676);randomForest(86,'entropy',0.6956345264363321,14,20,True,'balanced_subsample')	0.17994224763063132	15.481669664382935
robustScaler(True,True);fastICA(63,'parallel','unit-variance','logcosh');selectFwe(0.0326841797004676);randomForest(86,'entropy',0.6956345264363321,6,20,False,'balanced_subsample')	0.19354165301091558	cached
robustScaler(True,True);fastICA(63,'parallel','unit-variance','logcosh');minMaxScaler();decisionTree('entropy',28,16,0.5808352568130942,16,'balanced')	0.1875491529660712	cached
robustScaler(True,True);fastICA(63,'parallel','unit-variance','logcosh');selectFwe(0.0326841797004676);randomForest(86,'entropy',0.6956345264363321,14,20,False,'balanced_subsample')	0.19354165301091558	cached
robustScaler(True,True);fastICA(63,'parallel','unit-variance','logcosh');selectFwe(0.0326841797004676);randomForest(86,'entropy',0.5385335561458697,14,20,False,'balanced_subsample')	0.20469288957337234	cached
maxAbsScaler();fastICA(63,'parallel','unit-variance','logcosh');selectFwe(0.0326841797004676);randomForest(86,'entropy',0.6956345264363321,14,20,True,'balanced_subsample')	0.20553001620766578	cached
robustScaler(False,True);fastICA(63,'parallel','unit-variance','logcosh');selectFwe(0.0326841797004676);randomForest(86,'entropy',0.6956345264363321,14,20,False,'balanced_subsample')	0.19818332576153658	22.604801416397095
robustScaler(False,True);fastICA(63,'parallel','unit-variance','logcosh');selectFwe(0.0326841797004676);randomForest(86,'entropy',0.6956345264363321,14,20,False,'balanced_subsample')	0.19818332576153658	cached
robustScaler(False,True);fastICA(63,'parallel','unit-variance','logcosh');selectFwe(0.0326841797004676);randomForest(86,'entropy',0.6956345264363321,14,19,True,'balanced_subsample')	0.20116398960804904	cached
robustScaler(True,True);fastICA(63,'parallel','unit-variance','logcosh');maxAbsScaler();randomForest(86,'entropy',0.6956345264363321,14,20,False,'balanced_subsample')	0.20527728401729778	cached
maxAbsScaler();fastICA(63,'parallel','unit-variance','logcosh');selectFwe(0.0326841797004676);randomForest(86,'entropy',0.6956345264363321,14,20,True,'balanced_subsample')	0.20553001620766578	cached
robustScaler(True,True);fastICA(63,'parallel','unit-variance','logcosh');maxAbsScaler();randomForest(86,'entropy',0.6956345264363321,14,20,True,'balanced_subsample')	0.21980452614406362	15.837905168533325
maxAbsScaler();fastICA(63,'parallel','unit-variance','logcosh');selectFwe(0.0326841797004676);randomForest(86,'entropy',0.6956345264363321,14,20,True,'balanced_subsample')	0.20553001620766578	cached
varianceThreshold();selectPercentile(67.93184830779826);maxAbsScaler();minMaxScaler();minMaxScaler();fastICA(63,'parallel','unit-variance','logcosh');selectFwe(0.0326841797004676);randomForest(86,'entropy',0.6956345264363321,14,20,True,'balanced_subsample')	invalid_ind (duplicated operator)	invalid_ind (duplicated operator)
robustScaler(True,True);fastICA(63,'parallel','unit-variance','logcosh');selectFwe(0.0037280462690843174);randomForest(86,'entropy',0.6956345264363321,14,20,False,'balanced_subsample')	0.19354165301091558	21.227137804031372
robustScaler(True,True);fastICA(63,'parallel','unit-variance','logcosh');minMaxScaler();decisionTree('entropy',28,16,0.5808352568130942,16,'balanced')	0.1875491529660712	cached
robustScaler(True,True);fastICA(63,'parallel','unit-variance','logcosh');selectFwe(0.0326841797004676);randomForest(86,'entropy',0.505433262868637,14,6,True,'balanced_subsample')	0.1912095579152443	cached
robustScaler(True,True);fastICA(63,'parallel','unit-variance','logcosh');maxAbsScaler();randomForest(86,'entropy',0.6956345264363321,14,20,True,'balanced')	0.21288360868157735	17.01141881942749
robustScaler(False,True);fastICA(63,'parallel','unit-variance','logcosh');selectFwe(0.0037280462690843174);randomForest(60,'gini',0.505433262868637,14,6,True,'balanced_subsample')	0.1756430737267934	10.003742694854736
minMaxScaler();maxAbsScaler();randomForest(86,'entropy',0.6956345264363321,14,20,False,'balanced_subsample')	0.15664017388998536	17.34912896156311
maxAbsScaler();fastICA(63,'parallel','unit-variance','logcosh');selectFwe(0.0326841797004676);randomForest(86,'entropy',0.6956345264363321,14,20,True,'balanced_subsample')	0.20553001620766578	cached
robustScaler(False,True);fastICA(63,'parallel','unit-variance','logcosh');selectFwe(0.0326841797004676);randomForest(86,'entropy',0.6956345264363321,14,19,True,'balanced_subsample')	0.20116398960804904	cached
robustScaler(True,True);fastICA(63,'parallel','unit-variance','logcosh');selectFwe(0.0326841797004676);randomForest(86,'entropy',0.6956345264363321,6,20,False,'balanced_subsample')	0.19354165301091558	cached
robustScaler(False,True);fastICA(63,'parallel','unit-variance','logcosh');selectFwe(0.0326841797004676);randomForest(86,'entropy',0.6956345264363321,14,20,False,'balanced_subsample')	0.19818332576153658	cached
maxAbsScaler();fastICA(63,'parallel','unit-variance','logcosh');selectFwe(0.0326841797004676);randomForest(86,'entropy',0.6956345264363321,14,20,False,'balanced_subsample')	0.1887800982810762	20.141576051712036
robustScaler(True,False);fastICA(44,'parallel','arbitrary-variance','logcosh');maxAbsScaler();randomForest(86,'entropy',0.505433262868637,12,6,True,'balanced_subsample')	0.16962012961588263	17.192071199417114
robustScaler(False,True);fastICA(63,'parallel','unit-variance','logcosh');selectFwe(0.0326841797004676);randomForest(86,'entropy',0.6956345264363321,14,20,False,'balanced_subsample')	0.19818332576153658	20.528789043426514
robustScaler(True,True);fastICA(63,'parallel','unit-variance','logcosh');maxAbsScaler();randomForest(86,'entropy',0.6956345264363321,14,20,True,'balanced_subsample')	0.21980452614406362	13.127801418304443
robustScaler(True,True);fastICA(63,'parallel','unit-variance','logcosh');pca(0.967378254140699,False);randomForest(86,'entropy',0.5385335561458697,14,20,False,'balanced_subsample')	0.17445543598276766	33.81090068817139
robustScaler(True,True);fastICA(63,'parallel','unit-variance','logcosh');minMaxScaler();decisionTree('entropy',28,17,0.5808352568130942,16,'balanced')	0.1875491529660712	cached
robustScaler(True,True);fastICA(63,'parallel','unit-variance','logcosh');maxAbsScaler();randomForest(86,'entropy',0.6956345264363321,14,20,True,'balanced_subsample')	0.21980452614406362	cached
maxAbsScaler();fastICA(63,'parallel','unit-variance','logcosh');selectFwe(0.0326841797004676);randomForest(86,'entropy',0.6956345264363321,14,20,True,'balanced_subsample')	0.20553001620766578	cached
robustScaler(True,True);fastICA(63,'parallel','unit-variance','logcosh');selectFwe(0.0326841797004676);randomForest(86,'entropy',0.5385335561458697,14,20,False,'balanced_subsample')	0.20469288957337234	cached
maxAbsScaler();fastICA(63,'parallel','unit-variance','logcosh');selectFwe(0.0326841797004676);randomForest(86,'entropy',0.6956345264363321,14,20,True,'balanced_subsample')	0.20553001620766578	cached
robustScaler(True,True);fastICA(63,'parallel','unit-variance','logcosh');selectFwe(0.0326841797004676);randomForest(86,'entropy',0.6956345264363321,14,20,False,'balanced_subsample')	0.19354165301091558	cached
robustScaler(False,True);fastICA(63,'parallel','unit-variance','logcosh');selectFwe(0.0326841797004676);randomForest(86,'entropy',0.6956345264363321,14,20,True,'balanced_subsample')	0.20988841580854692	cached
robustScaler(False,True);fastICA(63,'parallel','unit-variance','logcosh');selectFwe(0.0326841797004676);randomForest(86,'entropy',0.6956345264363321,14,19,True,'balanced_subsample')	0.20116398960804904	cached
maxAbsScaler();fastICA(63,'parallel','unit-variance','logcosh');selectFwe(0.0326841797004676);randomForest(86,'entropy',0.6956345264363321,14,20,True,'balanced_subsample')	0.20553001620766578	cached
robustScaler(True,True);fastICA(63,'parallel','unit-variance','logcosh');selectFwe(0.0326841797004676);randomForest(86,'entropy',0.6956345264363321,14,20,False,'balanced_subsample')	0.19354165301091558	cached
maxAbsScaler();fastICA(63,'parallel','unit-variance','logcosh');selectFwe(0.0326841797004676);randomForest(86,'entropy',0.6956345264363321,14,20,True,'balanced_subsample')	0.20553001620766578	cached
robustScaler(False,True);fastICA(63,'parallel','unit-variance','logcosh');selectFwe(0.0326841797004676);randomForest(86,'entropy',0.6956345264363321,14,20,False,'balanced_subsample')	0.19818332576153658	cached
maxAbsScaler();fastICA(63,'parallel','unit-variance','logcosh');selectFwe(0.0326841797004676);randomForest(86,'entropy',0.6956345264363321,14,20,True,'balanced_subsample')	0.20553001620766578	cached
robustScaler(True,True);fastICA(63,'parallel','unit-variance','logcosh');selectFwe(0.0326841797004676);randomForest(86,'entropy',0.6956345264363321,6,20,True,'balanced_subsample')	0.20682631918799635	18.786028146743774
maxAbsScaler();fastICA(63,'parallel','unit-variance','logcosh');selectFwe(0.0326841797004676);randomForest(87,'entropy',0.8855075689353366,9,20,True,'balanced_subsample')	0.18586667948450983	25.948771715164185
varianceThreshold();minMaxScaler();varianceThreshold();maxAbsScaler();maxAbsScaler();minMaxScaler();randomForest(86,'entropy',0.6956345264363321,14,20,True,'balanced_subsample')	invalid_ind (duplicated operator)	invalid_ind (duplicated operator)
maxAbsScaler();fastICA(63,'parallel','unit-variance','logcosh');selectFwe(0.0326841797004676);randomForest(86,'entropy',0.6956345264363321,14,20,True,'balanced_subsample')	0.20553001620766578	cached
robustScaler(False,True);fastICA(63,'parallel','unit-variance','logcosh');selectFwe(0.0326841797004676);randomForest(86,'entropy',0.6956345264363321,14,20,False,'balanced_subsample')	0.19818332576153658	cached
robustScaler(True,True);fastICA(63,'parallel','unit-variance','logcosh');maxAbsScaler();randomForest(86,'entropy',0.6956345264363321,14,20,False,'balanced_subsample')	0.20527728401729778	28.359514474868774
robustScaler(False,True);fastICA(16,'parallel','unit-variance','logcosh');selectFwe(0.0326841797004676);randomForest(86,'entropy',0.6956345264363321,14,20,False,'balanced_subsample')	0.19818332576153658	30.320581197738647
robustScaler(True,True);fastICA(63,'parallel','unit-variance','logcosh');minMaxScaler();decisionTree('entropy',28,16,0.5808352568130942,16,'balanced')	0.1875491529660712	cached
maxAbsScaler();fastICA(63,'parallel','unit-variance','logcosh');selectFwe(0.0326841797004676);randomForest(86,'entropy',0.6956345264363321,14,20,True,'balanced_subsample')	0.20553001620766578	cached
robustScaler(True,True);fastICA(63,'parallel','unit-variance','logcosh');maxAbsScaler();randomForest(86,'entropy',0.6956345264363321,14,20,False,'balanced_subsample')	0.20527728401729778	cached
robustScaler(True,True);fastICA(63,'parallel','unit-variance','logcosh');maxAbsScaler();randomForest(86,'entropy',0.6956345264363321,14,20,False,'balanced_subsample')	0.20527728401729778	cached
varianceThreshold();maxAbsScaler();selectPercentile(93.46828727500011);fastICA(17,'deflation','arbitrary-variance','logcosh');varianceThreshold();randomForest(86,'entropy',0.6956345264363321,14,20,True,'balanced_subsample')	invalid_ind (duplicated operator)	invalid_ind (duplicated operator)
robustScaler(False,True);fastICA(63,'parallel','unit-variance','logcosh');selectFwe(0.0326841797004676);randomForest(86,'entropy',0.5385335561458697,14,20,False,'balanced_subsample')	0.18840386064538106	33.21922421455383
robustScaler(False,True);fastICA(63,'deflation','unit-variance','logcosh');selectFwe(0.0326841797004676);randomForest(86,'entropy',0.6956345264363321,14,20,True,'balanced_subsample')	eval_error (A has a NaN entry)	eval_error (A has a NaN entry)
maxAbsScaler();fastICA(63,'parallel','unit-variance','logcosh');selectFwe(0.0326841797004676);randomForest(86,'entropy',0.6956345264363321,14,20,True,'balanced_subsample')	0.20553001620766578	29.52510929107666
robustScaler(True,True);fastICA(63,'parallel','unit-variance','logcosh');pca(0.967378254140699,False);randomForest(86,'entropy',0.5385335561458697,14,20,True,'balanced')	0.18110535472137537	46.521114349365234
robustScaler(False,True);fastICA(63,'parallel','unit-variance','logcosh');selectFwe(0.0326841797004676);randomForest(86,'entropy',0.6956345264363321,14,19,True,'balanced_subsample')	0.20116398960804904	cached
robustScaler(True,True);fastICA(63,'parallel','unit-variance','logcosh');selectFwe(0.0326841797004676);randomForest(86,'entropy',0.5385335561458697,14,20,False,'balanced_subsample')	0.20469288957337234	cached
robustScaler(False,True);fastICA(63,'parallel','unit-variance','logcosh');selectFwe(0.0326841797004676);randomForest(86,'entropy',0.6956345264363321,14,19,True,'balanced_subsample')	0.20116398960804904	cached
robustScaler(True,True);fastICA(63,'parallel','unit-variance','logcosh');maxAbsScaler();randomForest(86,'entropy',0.6956345264363321,14,20,True,'balanced')	0.21288360868157735	cached
varianceThreshold();robustScaler(True,False);fastICA(86,'deflation','unit-variance','logcosh');maxAbsScaler();pca(0.8661320014829443,True);selectFwe(0.0326841797004676);randomForest(86,'entropy',0.6956345264363321,14,20,False,'balanced_subsample')	0.11680069552682859	76.95194005966187
maxAbsScaler();fastICA(63,'parallel','unit-variance','logcosh');selectFwe(0.0326841797004676);randomForest(86,'entropy',0.6956345264363321,14,20,True,'balanced_subsample')	0.20553001620766578	cached
robustScaler(True,True);fastICA(63,'parallel','unit-variance','logcosh');selectFwe(0.0326841797004676);randomForest(86,'entropy',0.6956345264363321,6,20,True,'balanced_subsample')	0.20682631918799635	31.07148313522339
robustScaler(False,True);fastICA(63,'parallel','unit-variance','logcosh');selectFwe(0.0326841797004676);randomForest(86,'entropy',0.6956345264363321,14,20,True,'balanced_subsample')	0.20988841580854692	42.0026330947876
robustScaler(True,True);fastICA(63,'parallel','unit-variance','logcosh');maxAbsScaler();randomForest(86,'entropy',0.6956345264363321,14,20,False,'balanced_subsample')	0.20527728401729778	58.923750162124634
mlpClassifier((33, 7),0.0716500000088899,0.5401820604023048,'lbfgs','logistic')	0.13535787398460458	83.02865791320801
robustScaler(True,False);fastICA(63,'parallel','unit-variance','logcosh');maxAbsScaler();randomForest(86,'entropy',0.6956345264363321,14,20,False,'balanced_subsample')	0.17572721479045733	51.0636670589447
robustScaler(False,True);fastICA(63,'parallel','unit-variance','logcosh');selectFwe(0.0326841797004676);randomForest(86,'gini',0.6956345264363321,14,20,False,'balanced_subsample')	0.1954769812772036	8.25748610496521
robustScaler(True,True);fastICA(63,'parallel','unit-variance','logcosh');maxAbsScaler();randomForest(86,'entropy',0.6956345264363321,14,20,False,'balanced_subsample')	0.20527728401729778	cached
robustScaler(True,True);fastICA(63,'parallel','unit-variance','logcosh');maxAbsScaler();randomForest(86,'entropy',0.6956345264363321,14,20,True,'balanced')	0.21288360868157735	cached
maxAbsScaler();fastICA(63,'parallel','unit-variance','logcosh');selectFwe(0.0326841797004676);randomForest(86,'entropy',0.6956345264363321,14,20,True,'balanced_subsample')	0.20553001620766578	cached
maxAbsScaler();fastICA(63,'parallel','unit-variance','logcosh');selectFwe(0.0326841797004676);randomForest(86,'entropy',0.6956345264363321,14,20,True,'balanced_subsample')	0.20553001620766578	cached
robustScaler(True,True);fastICA(63,'parallel','unit-variance','logcosh');maxAbsScaler();randomForest(86,'entropy',0.6956345264363321,14,20,False,'balanced_subsample')	0.20527728401729778	cached
maxAbsScaler();fastICA(63,'parallel','unit-variance','logcosh');selectFwe(0.0326841797004676);randomForest(86,'entropy',0.6956345264363321,14,20,True,'balanced_subsample')	0.20553001620766578	cached
robustScaler(False,True);fastICA(63,'parallel','unit-variance','logcosh');selectFwe(0.0326841797004676);randomForest(86,'entropy',0.6956345264363321,14,20,True,'balanced_subsample')	0.20988841580854692	cached
maxAbsScaler();fastICA(63,'parallel','unit-variance','logcosh');selectFwe(0.0326841797004676);randomForest(86,'entropy',0.6956345264363321,14,20,True,'balanced_subsample')	0.20553001620766578	cached
varianceThreshold();maxAbsScaler();selectPercentile(93.46828727500011);fastICA(17,'deflation','arbitrary-variance','logcosh');varianceThreshold();randomForest(86,'entropy',0.6956345264363321,14,20,True,'balanced_subsample')	invalid_ind (duplicated operator)	invalid_ind (duplicated operator)
maxAbsScaler();fastICA(63,'parallel','unit-variance','logcosh');selectFwe(0.0326841797004676);adaBoost(decisionTree('gini',29,20,0.8612323944814784,8,'None'),19,1.2037194301205747,'SAMME')	0.129310986217774	6.9441399574279785
robustScaler(True,True);fastICA(63,'parallel','unit-variance','logcosh');maxAbsScaler();randomForest(86,'entropy',0.6956345264363321,14,20,False,'balanced_subsample')	0.20527728401729778	cached
maxAbsScaler();fastICA(81,'parallel','unit-variance','logcosh');selectFwe(0.0326841797004676);randomForest(86,'entropy',0.6956345264363321,14,20,True,'balanced_subsample')	0.20553001620766578	16.494537115097046
robustScaler(False,True);fastICA(63,'parallel','unit-variance','logcosh');selectFwe(0.0326841797004676);randomForest(86,'entropy',0.6956345264363321,14,20,True,'balanced_subsample')	0.20988841580854692	cached
robustScaler(False,True);fastICA(63,'parallel','unit-variance','logcosh');selectFwe(0.0326841797004676);randomForest(86,'entropy',0.6956345264363321,14,20,False,'balanced_subsample')	0.19818332576153658	cached
robustScaler(True,True);fastICA(63,'parallel','unit-variance','logcosh');selectFwe(0.0326841797004676);randomForest(86,'entropy',0.5385335561458697,14,20,False,'balanced_subsample')	0.20469288957337234	16.886629581451416
robustScaler(True,True);fastICA(63,'parallel','unit-variance','logcosh');selectFwe(0.0326841797004676);randomForest(86,'entropy',0.6956345264363321,14,20,False,'balanced_subsample')	0.19354165301091558	17.85064148902893
maxAbsScaler();fastICA(63,'parallel','unit-variance','logcosh');selectFwe(0.0326841797004676);randomForest(86,'entropy',0.6956345264363321,14,20,False,'balanced_subsample')	0.1887800982810762	28.914023399353027
robustScaler(False,True);fastICA(63,'parallel','unit-variance','logcosh');maxAbsScaler();randomForest(86,'gini',0.6956345264363321,14,20,False,'balanced_subsample')	0.17510520083134187	37.282615661621094
maxAbsScaler();fastICA(63,'parallel','unit-variance','logcosh');selectFwe(0.0326841797004676);randomForest(86,'entropy',0.6956345264363321,14,20,True,'balanced_subsample')	0.20553001620766578	cached
varianceThreshold();varianceThreshold();selectFwe(0.0326841797004676);randomForest(86,'entropy',0.6956345264363321,14,20,True,'balanced_subsample')	invalid_ind (duplicated operator)	invalid_ind (duplicated operator)
robustScaler(True,True);fastICA(63,'parallel','unit-variance','logcosh');maxAbsScaler();randomForest(86,'entropy',0.6956345264363321,14,20,True,'balanced_subsample')	0.21980452614406362	45.994906187057495
robustScaler(True,True);fastICA(63,'parallel','unit-variance','logcosh');maxAbsScaler();randomForest(86,'entropy',0.6956345264363321,14,20,True,'balanced_subsample')	0.21980452614406362	47.32663154602051
maxAbsScaler();fastICA(63,'parallel','unit-variance','logcosh');selectFwe(0.0326841797004676);randomForest(86,'entropy',0.6956345264363321,14,20,True,'balanced_subsample')	0.20553001620766578	cached
robustScaler(False,True);fastICA(80,'parallel','arbitrary-variance','logcosh');selectFwe(0.0326841797004676);randomForest(86,'entropy',0.6956345264363321,14,20,True,'balanced_subsample')	0.21700051951695873	53.156025648117065
mlpClassifier((33, 7),0.0716500000088899,0.5401820604023048,'lbfgs','logistic')	0.13535787398460458	92.20612978935242
maxAbsScaler();fastICA(63,'parallel','unit-variance','logcosh');selectFwe(0.0326841797004676);randomForest(86,'entropy',0.6956345264363321,14,20,True,'balanced_subsample')	0.20553001620766578	cached
robustScaler(False,True);fastICA(63,'parallel','unit-variance','logcosh');selectFwe(0.0326841797004676);randomForest(86,'entropy',0.6956345264363321,14,20,True,'balanced_subsample')	0.20988841580854692	cached
robustScaler(True,True);fastICA(33,'parallel','arbitrary-variance','cube');selectFwe(0.0326841797004676);randomForest(86,'entropy',0.5385335561458697,14,20,False,'balanced_subsample')	0.18685256829919739	37.45136308670044
maxAbsScaler();fastICA(63,'parallel','unit-variance','logcosh');selectFwe(0.0326841797004676);randomForest(86,'entropy',0.6956345264363321,14,20,True,'balanced_subsample')	0.20553001620766578	cached
maxAbsScaler();fastICA(63,'parallel','unit-variance','logcosh');selectFwe(0.0326841797004676);randomForest(86,'entropy',0.6956345264363321,14,20,True,'balanced_subsample')	0.20553001620766578	cached
robustScaler(False,True);fastICA(63,'parallel','unit-variance','logcosh');maxAbsScaler();randomForest(86,'entropy',0.6956345264363321,14,20,False,'balanced_subsample')	0.20687434805899327	60.96074604988098
robustScaler(True,True);fastICA(63,'parallel','unit-variance','logcosh');maxAbsScaler();randomForest(86,'entropy',0.6956345264363321,14,20,True,'balanced_subsample')	0.21980452614406362	25.362544536590576
robustScaler(False,True);fastICA(63,'parallel','unit-variance','logcosh');selectFwe(0.0326841797004676);randomForest(86,'entropy',0.6956345264363321,14,19,False,'balanced_subsample')	0.19155187746651273	37.38332724571228
robustScaler(True,True);fastICA(63,'parallel','unit-variance','logcosh');selectFwe(0.0326841797004676);randomForest(86,'entropy',0.6956345264363321,14,20,True,'balanced')	0.21951251798565954	23.309256076812744
maxAbsScaler();fastICA(63,'parallel','unit-variance','logcosh');selectFwe(0.0326841797004676);randomForest(86,'entropy',0.6956345264363321,14,20,False,'balanced_subsample')	0.1887800982810762	30.209831476211548
robustScaler(True,True);fastICA(63,'parallel','unit-variance','logcosh');maxAbsScaler();randomForest(86,'entropy',0.6956345264363321,6,20,True,'balanced_subsample')	0.21980452614406362	23.074840545654297
maxAbsScaler();fastICA(54,'deflation','unit-variance','logcosh');selectFwe(0.009116677558804513);randomForest(86,'entropy',0.6956345264363321,14,20,True,'balanced_subsample')	0.17315085378275388	71.78542804718018
maxAbsScaler();fastICA(63,'parallel','unit-variance','logcosh');selectFwe(0.0326841797004676);randomForest(86,'entropy',0.6956345264363321,14,20,True,'balanced_subsample')	0.20553001620766578	cached
robustScaler(True,True);fastICA(63,'parallel','unit-variance','logcosh');nystroem('rbf',1.237521678618473,96,4,-0.9140375867531823);randomForest(86,'entropy',0.6956345264363321,14,20,True,'balanced_subsample')	0.12405580877410342	174.3882851600647
robustScaler(False,True);fastICA(63,'parallel','unit-variance','logcosh');selectFwe(0.0326841797004676);randomForest(86,'entropy',0.6956345264363321,14,20,False,'balanced_subsample')	0.19818332576153658	13.040418148040771
robustScaler(False,True);fastICA(63,'parallel','unit-variance','logcosh');maxAbsScaler();randomForest(86,'entropy',0.6956345264363321,14,20,False,'balanced_subsample')	0.20687434805899327	cached
maxAbsScaler();fastICA(63,'parallel','unit-variance','logcosh');selectFwe(0.0326841797004676);randomForest(86,'entropy',0.6956345264363321,14,20,True,'balanced_subsample')	0.20553001620766578	cached
robustScaler(True,True);fastICA(63,'parallel','unit-variance','logcosh');maxAbsScaler();randomForest(86,'entropy',0.6956345264363321,14,20,True,'balanced_subsample')	0.21980452614406362	cached
maxAbsScaler();fastICA(63,'parallel','unit-variance','logcosh');selectFwe(0.0326841797004676);randomForest(86,'entropy',0.6956345264363321,14,20,True,'balanced_subsample')	0.20553001620766578	cached
robustScaler(True,True);fastICA(63,'parallel','unit-variance','logcosh');selectFwe(0.0326841797004676);randomForest(86,'entropy',0.6956345264363321,14,20,True,'balanced')	0.21951251798565954	cached
robustScaler(False,True);fastICA(63,'parallel','unit-variance','logcosh');selectFwe(0.0326841797004676);randomForest(86,'entropy',0.6956345264363321,14,20,True,'balanced_subsample')	0.20988841580854692	cached
robustScaler(False,True);fastICA(63,'parallel','unit-variance','logcosh');selectFwe(0.0326841797004676);randomForest(86,'entropy',0.6956345264363321,14,20,True,'balanced_subsample')	0.20988841580854692	cached
maxAbsScaler();fastICA(63,'parallel','unit-variance','logcosh');selectFwe(0.0326841797004676);randomForest(86,'entropy',0.6956345264363321,14,20,True,'balanced_subsample')	0.20553001620766578	cached
robustScaler(False,True);fastICA(63,'parallel','unit-variance','logcosh');selectFwe(0.0326841797004676);randomForest(86,'entropy',0.6956345264363321,14,20,True,'balanced_subsample')	0.20988841580854692	cached
maxAbsScaler();fastICA(63,'parallel','unit-variance','logcosh');selectFwe(0.0326841797004676);randomForest(86,'entropy',0.6956345264363321,14,20,True,'balanced_subsample')	0.20553001620766578	cached
robustScaler(False,True);fastICA(63,'parallel','unit-variance','logcosh');selectFwe(0.0326841797004676);randomForest(86,'entropy',0.6956345264363321,14,20,True,'balanced_subsample')	0.20988841580854692	cached
maxAbsScaler();fastICA(63,'parallel','unit-variance','logcosh');selectFwe(0.0326841797004676);randomForest(86,'entropy',0.6956345264363321,14,20,True,'balanced_subsample')	0.20553001620766578	cached
robustScaler(False,True);fastICA(63,'parallel','unit-variance','logcosh');selectFwe(0.0326841797004676);randomForest(86,'entropy',0.6956345264363321,14,20,True,'balanced_subsample')	0.20988841580854692	cached
maxAbsScaler();fastICA(81,'parallel','unit-variance','logcosh');selectFwe(0.0326841797004676);randomForest(86,'entropy',0.6956345264363321,14,20,True,'balanced_subsample')	0.20553001620766578	cached
robustScaler(False,True);fastICA(63,'parallel','unit-variance','logcosh');maxAbsScaler();randomForest(86,'entropy',0.6956345264363321,14,20,False,'balanced_subsample')	0.20687434805899327	cached
maxAbsScaler();fastICA(63,'parallel','unit-variance','logcosh');selectFwe(0.0326841797004676);randomForest(86,'entropy',0.6956345264363321,14,20,True,'balanced_subsample')	0.20553001620766578	cached
robustScaler(True,True);fastICA(63,'parallel','unit-variance','logcosh');maxAbsScaler();randomForest(86,'entropy',0.6956345264363321,14,20,True,'balanced_subsample')	0.21980452614406362	cached
robustScaler(False,True);fastICA(63,'parallel','unit-variance','logcosh');selectFwe(0.0326841797004676);randomForest(86,'entropy',0.6956345264363321,14,20,False,'balanced_subsample')	0.19818332576153658	cached
maxAbsScaler();fastICA(67,'parallel','unit-variance','exp');selectFwe(0.0326841797004676);randomForest(86,'entropy',0.6956345264363321,14,17,True,'balanced_subsample')	0.1946822039448941	18.51213026046753
robustScaler(True,True);fastICA(63,'parallel','unit-variance','logcosh');maxAbsScaler();randomForest(86,'entropy',0.6956345264363321,14,20,True,'balanced_subsample')	0.21980452614406362	19.771114349365234
maxAbsScaler();fastICA(63,'parallel','unit-variance','logcosh');selectFwe(0.0326841797004676);randomForest(86,'entropy',0.6956345264363321,14,20,False,'balanced_subsample')	0.1887800982810762	25.080655336380005
robustScaler(True,True);fastICA(63,'parallel','unit-variance','cube');selectFwe(0.0326841797004676);randomForest(86,'entropy',0.6956345264363321,14,20,True,'balanced')	0.19168447242884434	12.752187728881836
robustScaler(True,True);fastICA(63,'parallel','unit-variance','logcosh');maxAbsScaler();randomForest(86,'entropy',0.6956345264363321,14,20,True,'balanced_subsample')	0.21980452614406362	15.822519302368164
maxAbsScaler();fastICA(80,'parallel','arbitrary-variance','logcosh');selectFwe(0.0326841797004676);randomForest(86,'entropy',0.6956345264363321,14,20,True,'balanced_subsample')	0.2040743421793708	15.366360187530518
maxAbsScaler();fastICA(63,'parallel','unit-variance','logcosh');selectFwe(0.0326841797004676);randomForest(86,'gini',0.6956345264363321,14,20,False,'balanced_subsample')	0.20443416865452946	12.251652717590332
robustScaler(False,True);fastICA(63,'parallel','unit-variance','logcosh');selectFwe(0.0326841797004676);randomForest(86,'entropy',0.6956345264363321,14,20,True,'balanced_subsample')	0.20988841580854692	22.366961240768433
robustScaler(False,True);fastICA(63,'parallel','unit-variance','logcosh');selectFwe(0.0326841797004676);randomForest(86,'entropy',0.6956345264363321,14,20,True,'balanced_subsample')	0.20988841580854692	cached
maxAbsScaler();fastICA(63,'parallel','unit-variance','logcosh');selectFwe(0.0326841797004676);randomForest(86,'entropy',0.6956345264363321,14,20,True,'balanced_subsample')	0.20553001620766578	cached
robustScaler(True,True);fastICA(63,'parallel','unit-variance','logcosh');maxAbsScaler();randomForest(86,'entropy',0.6956345264363321,14,20,True,'balanced_subsample')	0.21980452614406362	20.946525812149048
maxAbsScaler();fastICA(63,'parallel','unit-variance','logcosh');selectFwe(0.0326841797004676);randomForest(86,'entropy',0.6956345264363321,14,20,False,'balanced_subsample')	0.1887800982810762	19.792879581451416
robustScaler(True,True);fastICA(63,'parallel','unit-variance','logcosh');maxAbsScaler();randomForest(86,'entropy',0.5796582868297852,14,20,True,'balanced_subsample')	0.1989072066839554	14.675016164779663
pca(0.7114051109554813,True);maxAbsScaler();pca(0.7538538072978926,True);adaBoost(decisionTree('gini',25,16,0.9903219003117982,6,'balanced'),47,1.6408688044359732,'SAMME')	invalid_ind (duplicated operator)	invalid_ind (duplicated operator)
nystroem('rbf',4.482211129256969,39,3,0.26422024208998796);varianceThreshold();maxAbsScaler();selectPercentile(79.61718599989449);selectFwe(0.0326841797004676);randomForest(86,'entropy',0.6956345264363321,14,20,True,'balanced_subsample')	0.15513503300067008	58.96285820007324
maxAbsScaler();fastICA(63,'parallel','unit-variance','logcosh');nystroem('rbf',1.237521678618473,96,4,-0.9140375867531823);randomForest(86,'entropy',0.6956345264363321,14,20,False,'balanced_subsample')	0.1595432151728565	170.86044359207153
robustScaler(False,True);nystroem('rbf',1.8955300262937387,81,5,-0.28903638482661154);selectFwe(0.0326841797004676);randomForest(86,'entropy',0.6956345264363321,14,20,True,'balanced_subsample')	0.16037038131357945	122.29922914505005
maxAbsScaler();fastICA(80,'parallel','arbitrary-variance','logcosh');selectFwe(0.0326841797004676);randomForest(86,'entropy',0.6956345264363321,14,20,True,'balanced_subsample')	0.2040743421793708	13.466431140899658
nystroem('poly',1.9615173649030946,90,2,0.08235603391190272);varianceThreshold();fastICA(63,'parallel','unit-variance','logcosh');maxAbsScaler();randomForest(86,'entropy',0.6956345264363321,14,20,True,'balanced_subsample')	0.16753608869404446	227.09377455711365
robustScaler(True,True);fastICA(63,'parallel','unit-variance','logcosh');maxAbsScaler();randomForest(86,'entropy',0.6956345264363321,14,20,True,'balanced_subsample')	0.21980452614406362	cached
nystroem('sigmoid',1.318777116217269,59,5,-0.8729344708166622);minMaxScaler();fastICA(63,'parallel','unit-variance','logcosh');maxAbsScaler();randomForest(86,'entropy',0.6956345264363321,14,20,True,'balanced_subsample')	0.15649008654387708	233.3698809146881
maxAbsScaler();fastICA(63,'parallel','unit-variance','logcosh');selectFwe(0.0326841797004676);randomForest(86,'entropy',0.6956345264363321,14,20,True,'balanced_subsample')	0.20553001620766578	cached
robustScaler(False,True);fastICA(63,'parallel','unit-variance','logcosh');selectFwe(0.0326841797004676);randomForest(86,'entropy',0.6956345264363321,14,20,True,'balanced_subsample')	0.20988841580854692	cached
robustScaler(True,True);fastICA(63,'parallel','unit-variance','logcosh');maxAbsScaler();randomForest(86,'entropy',0.6956345264363321,14,20,True,'balanced_subsample')	0.21980452614406362	cached
robustScaler(True,True);fastICA(63,'parallel','unit-variance','logcosh');maxAbsScaler();randomForest(86,'entropy',0.6956345264363321,14,20,True,'balanced_subsample')	0.21980452614406362	cached
robustScaler(False,True);fastICA(63,'parallel','unit-variance','logcosh');selectFwe(0.0326841797004676);randomForest(86,'entropy',0.6956345264363321,14,20,True,'balanced_subsample')	0.20988841580854692	cached
robustScaler(True,True);fastICA(63,'parallel','unit-variance','logcosh');maxAbsScaler();randomForest(86,'entropy',0.6956345264363321,14,20,True,'balanced_subsample')	0.21980452614406362	cached
maxAbsScaler();fastICA(63,'parallel','unit-variance','logcosh');selectFwe(0.0326841797004676);randomForest(86,'entropy',0.6956345264363321,14,20,True,'balanced_subsample')	0.20553001620766578	cached
maxAbsScaler();fastICA(63,'parallel','unit-variance','logcosh');selectFwe(0.0326841797004676);randomForest(86,'entropy',0.6956345264363321,14,20,True,'balanced_subsample')	0.20553001620766578	cached
robustScaler(True,True);fastICA(63,'parallel','unit-variance','logcosh');maxAbsScaler();randomForest(86,'entropy',0.6956345264363321,14,20,True,'balanced')	0.21288360868157735	cached
robustScaler(True,True);fastICA(63,'parallel','unit-variance','logcosh');maxAbsScaler();randomForest(86,'entropy',0.6956345264363321,14,20,True,'balanced_subsample')	0.21980452614406362	cached
robustScaler(False,True);fastICA(63,'parallel','unit-variance','logcosh');selectFwe(0.0326841797004676);randomForest(86,'entropy',0.6956345264363321,14,20,True,'balanced_subsample')	0.20988841580854692	cached
robustScaler(True,True);fastICA(63,'parallel','unit-variance','logcosh');maxAbsScaler();randomForest(86,'entropy',0.6956345264363321,14,20,True,'balanced_subsample')	0.21980452614406362	cached
robustScaler(True,True);fastICA(63,'parallel','unit-variance','logcosh');maxAbsScaler();randomForest(86,'entropy',0.6956345264363321,14,20,True,'balanced')	0.21288360868157735	cached
maxAbsScaler();varianceThreshold();nystroem('poly',0.14379052731534117,29,2,-0.3921934960605675);minMaxScaler();selectFwe(0.007262191493001783);selectFwe(0.0326841797004676);randomForest(86,'entropy',0.6956345264363321,14,20,True,'balanced_subsample')	invalid_ind (duplicated operator)	invalid_ind (duplicated operator)
maxAbsScaler();fastICA(63,'parallel','unit-variance','logcosh');selectFwe(0.0326841797004676);randomForest(86,'entropy',0.6956345264363321,14,20,True,'balanced_subsample')	0.20553001620766578	cached
maxAbsScaler();fastICA(63,'parallel','unit-variance','logcosh');selectFwe(0.0326841797004676);randomForest(86,'entropy',0.6956345264363321,14,20,True,'balanced_subsample')	0.20553001620766578	cached
robustScaler(True,True);fastICA(63,'parallel','unit-variance','logcosh');selectFwe(0.0326841797004676);randomForest(86,'entropy',0.6956345264363321,14,20,True,'balanced')	0.21951251798565954	cached
robustScaler(True,True);fastICA(63,'parallel','unit-variance','logcosh');minMaxScaler();decisionTree('entropy',28,17,0.5808352568130942,16,'balanced')	0.1875491529660712	cached
robustScaler(True,True);fastICA(63,'parallel','unit-variance','logcosh');maxAbsScaler();randomForest(86,'gini',0.6956345264363321,14,20,False,'balanced_subsample')	0.19974036156150504	14.081679582595825
maxAbsScaler();minMaxScaler();selectFwe(0.0326841797004676);randomForest(86,'entropy',0.6956345264363321,14,20,False,'balanced_subsample')	0.15664017388998536	16.452805280685425
maxAbsScaler();fastICA(81,'parallel','unit-variance','logcosh');selectFwe(0.0326841797004676);randomForest(86,'entropy',0.6956345264363321,14,20,True,'balanced_subsample')	0.20553001620766578	17.756859302520752
varianceThreshold();fastICA(63,'parallel','unit-variance','logcosh');maxAbsScaler();randomForest(86,'entropy',0.6956345264363321,14,20,True,'balanced_subsample')	0.19188314584783644	20.96713352203369
robustScaler(True,True);fastICA(63,'parallel','unit-variance','logcosh');maxAbsScaler();randomForest(86,'entropy',0.6956345264363321,14,20,True,'balanced_subsample')	0.21980452614406362	cached
robustScaler(True,True);fastICA(63,'parallel','unit-variance','logcosh');maxAbsScaler();randomForest(86,'entropy',0.6956345264363321,14,20,True,'balanced_subsample')	0.21980452614406362	cached
robustScaler(False,True);fastICA(63,'parallel','unit-variance','logcosh');selectFwe(0.0326841797004676);randomForest(86,'entropy',0.6956345264363321,14,20,True,'balanced_subsample')	0.20988841580854692	cached
maxAbsScaler();fastICA(63,'parallel','unit-variance','logcosh');selectFwe(0.0326841797004676);randomForest(86,'entropy',0.6956345264363321,14,20,True,'balanced_subsample')	0.20553001620766578	cached
robustScaler(False,True);fastICA(63,'parallel','unit-variance','logcosh');selectFwe(0.0326841797004676);randomForest(86,'entropy',0.6956345264363321,14,20,True,'balanced_subsample')	0.20988841580854692	cached
robustScaler(False,True);fastICA(63,'parallel','unit-variance','logcosh');selectFwe(0.0326841797004676);randomForest(86,'entropy',0.6956345264363321,14,20,True,'balanced_subsample')	0.20988841580854692	cached
maxAbsScaler();fastICA(63,'parallel','unit-variance','logcosh');selectFwe(0.0326841797004676);randomForest(86,'entropy',0.6956345264363321,14,20,True,'balanced_subsample')	0.20553001620766578	cached
robustScaler(True,True);fastICA(63,'parallel','unit-variance','logcosh');maxAbsScaler();randomForest(86,'entropy',0.6956345264363321,14,20,True,'balanced_subsample')	0.21980452614406362	cached
maxAbsScaler();fastICA(63,'parallel','unit-variance','logcosh');selectFwe(0.0326841797004676);randomForest(86,'entropy',0.6956345264363321,14,20,True,'balanced')	0.17037229652812985	16.194794416427612
robustScaler(False,True);fastICA(63,'parallel','unit-variance','logcosh');selectFwe(0.0326841797004676);randomForest(86,'entropy',0.6956345264363321,14,20,True,'balanced_subsample')	0.20988841580854692	cached
robustScaler(False,True);fastICA(63,'parallel','unit-variance','logcosh');selectFwe(0.0326841797004676);randomForest(86,'entropy',0.6956345264363321,14,20,True,'balanced_subsample')	0.20988841580854692	cached
maxAbsScaler();fastICA(63,'parallel','unit-variance','logcosh');selectFwe(0.0326841797004676);randomForest(86,'entropy',0.6956345264363321,14,20,True,'balanced_subsample')	0.20553001620766578	19.71738862991333
robustScaler(False,True);fastICA(63,'parallel','unit-variance','logcosh');maxAbsScaler();randomForest(86,'entropy',0.6956345264363321,14,20,True,'balanced_subsample')	0.1975312860250669	21.206880807876587
robustScaler(True,True);fastICA(63,'parallel','unit-variance','logcosh');selectFwe(0.0326841797004676);randomForest(86,'entropy',0.6956345264363321,14,20,False,'balanced_subsample')	0.19354165301091558	20.464666604995728
robustScaler(False,False);fastICA(63,'parallel','unit-variance','logcosh');maxAbsScaler();randomForest(86,'entropy',0.6956345264363321,14,20,True,'balanced_subsample')	0.18465568762088533	15.43265986442566
robustScaler(True,True);fastICA(63,'parallel','unit-variance','logcosh');maxAbsScaler();randomForest(86,'entropy',0.6956345264363321,14,20,True,'balanced_subsample')	0.21980452614406362	cached
robustScaler(False,True);fastICA(63,'parallel','unit-variance','logcosh');maxAbsScaler();randomForest(86,'entropy',0.6956345264363321,14,20,True,'balanced')	0.21146854078579067	11.401495456695557
nystroem('cosine',4.86909460431956,39,4,0.18338987887365232);fastICA(63,'parallel','unit-variance','logcosh');maxAbsScaler();randomForest(86,'entropy',0.6956345264363321,14,20,True,'balanced_subsample')	0.19573228094226286	96.77746367454529
robustScaler(True,True);fastICA(63,'parallel','unit-variance','logcosh');maxAbsScaler();randomForest(86,'entropy',0.6956345264363321,14,20,True,'balanced_subsample')	0.21980452614406362	cached
robustScaler(True,True);fastICA(63,'parallel','unit-variance','logcosh');maxAbsScaler();randomForest(86,'entropy',0.6956345264363321,14,20,True,'balanced_subsample')	0.21980452614406362	cached
robustScaler(True,True);fastICA(63,'parallel','unit-variance','logcosh');maxAbsScaler();randomForest(86,'entropy',0.6956345264363321,14,20,True,'balanced_subsample')	0.21980452614406362	cached
robustScaler(True,True);fastICA(63,'parallel','unit-variance','logcosh');maxAbsScaler();randomForest(86,'entropy',0.6956345264363321,14,20,True,'balanced_subsample')	0.21980452614406362	cached
robustScaler(True,True);fastICA(63,'parallel','unit-variance','logcosh');maxAbsScaler();randomForest(86,'entropy',0.6956345264363321,14,20,True,'balanced_subsample')	0.21980452614406362	cached
robustScaler(False,True);fastICA(63,'parallel','unit-variance','logcosh');maxAbsScaler();randomForest(86,'entropy',0.6956345264363321,14,20,True,'balanced')	0.21146854078579067	cached
maxAbsScaler();fastICA(63,'parallel','unit-variance','logcosh');selectFwe(0.0326841797004676);randomForest(86,'entropy',0.6956345264363321,14,20,True,'balanced_subsample')	0.20553001620766578	cached
robustScaler(True,True);fastICA(63,'parallel','unit-variance','logcosh');maxAbsScaler();randomForest(86,'entropy',0.6956345264363321,14,20,True,'balanced_subsample')	0.21980452614406362	cached
maxAbsScaler();fastICA(63,'parallel','unit-variance','logcosh');selectFwe(0.0326841797004676);randomForest(86,'entropy',0.6956345264363321,14,20,True,'balanced_subsample')	0.20553001620766578	cached
maxAbsScaler();fastICA(63,'parallel','unit-variance','logcosh');selectFwe(0.0326841797004676);randomForest(86,'entropy',0.6956345264363321,14,20,True,'balanced_subsample')	0.20553001620766578	cached
robustScaler(True,True);fastICA(63,'parallel','unit-variance','logcosh');maxAbsScaler();randomForest(86,'entropy',0.6956345264363321,14,20,True,'balanced_subsample')	0.21980452614406362	cached
robustScaler(False,True);fastICA(63,'parallel','unit-variance','logcosh');selectFwe(0.0326841797004676);randomForest(86,'entropy',0.6956345264363321,14,20,True,'balanced_subsample')	0.20988841580854692	cached
robustScaler(True,True);fastICA(63,'parallel','unit-variance','logcosh');maxAbsScaler();randomForest(86,'entropy',0.6956345264363321,14,20,True,'balanced_subsample')	0.21980452614406362	cached
robustScaler(False,True);fastICA(63,'parallel','unit-variance','logcosh');selectFwe(0.0326841797004676);randomForest(86,'entropy',0.6956345264363321,14,20,True,'balanced_subsample')	0.20988841580854692	cached
robustScaler(False,True);fastICA(63,'parallel','unit-variance','logcosh');selectFwe(0.0326841797004676);randomForest(86,'entropy',0.6956345264363321,14,20,True,'balanced_subsample')	0.20988841580854692	cached
robustScaler(True,True);fastICA(63,'parallel','unit-variance','logcosh');maxAbsScaler();randomForest(86,'entropy',0.6956345264363321,14,20,True,'balanced_subsample')	0.21980452614406362	cached
robustScaler(True,True);fastICA(63,'parallel','unit-variance','logcosh');maxAbsScaler();randomForest(86,'entropy',0.6956345264363321,14,20,True,'balanced_subsample')	0.21980452614406362	cached
robustScaler(True,True);fastICA(63,'parallel','unit-variance','logcosh');maxAbsScaler();randomForest(86,'entropy',0.6956345264363321,14,20,True,'balanced_subsample')	0.21980452614406362	cached
robustScaler(True,True);fastICA(63,'parallel','unit-variance','logcosh');maxAbsScaler();randomForest(86,'entropy',0.6956345264363321,14,20,True,'balanced_subsample')	0.21980452614406362	cached
robustScaler(False,True);fastICA(63,'parallel','unit-variance','logcosh');maxAbsScaler();randomForest(86,'entropy',0.6956345264363321,14,20,True,'balanced_subsample')	0.1975312860250669	cached
robustScaler(False,True);fastICA(63,'parallel','unit-variance','logcosh');selectFwe(0.0326841797004676);randomForest(86,'entropy',0.6956345264363321,14,20,True,'balanced_subsample')	0.20988841580854692	cached
robustScaler(False,True);fastICA(63,'parallel','unit-variance','logcosh');maxAbsScaler();randomForest(86,'entropy',0.6956345264363321,14,20,True,'balanced')	0.21146854078579067	cached
maxAbsScaler();fastICA(63,'parallel','unit-variance','logcosh');selectFwe(0.0326841797004676);randomForest(86,'entropy',0.6956345264363321,14,20,True,'balanced_subsample')	0.20553001620766578	cached
robustScaler(False,True);fastICA(63,'parallel','unit-variance','logcosh');selectFwe(0.0326841797004676);randomForest(86,'entropy',0.6956345264363321,14,20,True,'balanced_subsample')	0.20988841580854692	cached
robustScaler(True,True);fastICA(63,'parallel','unit-variance','logcosh');maxAbsScaler();randomForest(86,'entropy',0.6956345264363321,14,20,True,'balanced')	0.21288360868157735	cached
maxAbsScaler();fastICA(63,'parallel','unit-variance','logcosh');selectFwe(0.0326841797004676);randomForest(86,'entropy',0.6956345264363321,14,20,True,'balanced_subsample')	0.20553001620766578	cached
robustScaler(True,True);fastICA(63,'parallel','unit-variance','logcosh');selectFwe(0.0326841797004676);randomForest(86,'entropy',0.6956345264363321,14,20,True,'balanced_subsample')	0.20682631918799635	11.571850061416626
robustScaler(True,True);fastICA(63,'parallel','unit-variance','logcosh');maxAbsScaler();randomForest(75,'entropy',0.6956345264363321,14,20,True,'balanced_subsample')	0.2047990627990201	12.744907140731812
robustScaler(True,True);fastICA(63,'parallel','unit-variance','logcosh');maxAbsScaler();randomForest(86,'entropy',0.6956345264363321,14,20,True,'balanced_subsample')	0.21980452614406362	cached
robustScaler(True,True);robustScaler(False,False);maxAbsScaler();randomForest(86,'entropy',0.6956345264363321,14,20,True,'balanced_subsample')	invalid_ind (duplicated operator)	invalid_ind (duplicated operator)
robustScaler(True,True);fastICA(63,'parallel','unit-variance','logcosh');maxAbsScaler();randomForest(86,'entropy',0.6956345264363321,14,20,True,'balanced_subsample')	0.21980452614406362	cached
robustScaler(True,True);fastICA(63,'parallel','unit-variance','logcosh');maxAbsScaler();randomForest(86,'entropy',0.6956345264363321,14,20,True,'balanced_subsample')	0.21980452614406362	cached
robustScaler(False,True);fastICA(63,'parallel','unit-variance','logcosh');selectFwe(0.0326841797004676);randomForest(86,'entropy',0.6956345264363321,14,20,True,'balanced_subsample')	0.20988841580854692	cached
robustScaler(True,True);fastICA(63,'parallel','unit-variance','logcosh');maxAbsScaler();randomForest(86,'entropy',0.6956345264363321,14,20,True,'balanced_subsample')	0.21980452614406362	cached
robustScaler(False,True);fastICA(94,'parallel','unit-variance','cube');selectFwe(0.0326841797004676);randomForest(86,'entropy',0.6956345264363321,14,20,True,'balanced_subsample')	0.18490281405021816	13.537357330322266
maxAbsScaler();fastICA(63,'parallel','unit-variance','logcosh');varianceThreshold();randomForest(86,'entropy',0.6956345264363321,14,20,True,'balanced_subsample')	0.21199246545499487	14.933901309967041
robustScaler(True,True);fastICA(63,'parallel','arbitrary-variance','logcosh');maxAbsScaler();randomForest(86,'entropy',0.6956345264363321,14,1,True,'balanced_subsample')	0.1567272561207504	19.663557291030884
maxAbsScaler();fastICA(63,'parallel','unit-variance','logcosh');selectFwe(0.0326841797004676);randomForest(86,'entropy',0.6956345264363321,14,20,True,'balanced_subsample')	0.20553001620766578	cached
robustScaler(True,True);fastICA(63,'parallel','unit-variance','logcosh');maxAbsScaler();randomForest(86,'entropy','sqrt',14,20,True,'balanced_subsample')	0.20759058913071332	8.656761646270752
robustScaler(False,True);fastICA(63,'parallel','unit-variance','logcosh');maxAbsScaler();randomForest(86,'entropy',0.6956345264363321,14,20,True,'balanced')	0.21146854078579067	13.066335678100586
maxAbsScaler();fastICA(63,'parallel','unit-variance','logcosh');selectFwe(0.0326841797004676);randomForest(86,'entropy',0.6956345264363321,14,20,True,'balanced')	0.17037229652812985	9.055733680725098
robustScaler(True,True);fastICA(63,'parallel','unit-variance','logcosh');maxAbsScaler();randomForest(86,'entropy',0.6956345264363321,14,20,True,'balanced_subsample')	0.21980452614406362	cached
robustScaler(True,True);fastICA(63,'parallel','unit-variance','logcosh');maxAbsScaler();randomForest(86,'entropy',0.6956345264363321,14,20,True,'balanced_subsample')	0.21980452614406362	cached
robustScaler(True,True);fastICA(63,'parallel','unit-variance','logcosh');maxAbsScaler();randomForest(86,'entropy',0.6956345264363321,14,20,True,'balanced_subsample')	0.21980452614406362	cached
robustScaler(True,True);fastICA(63,'parallel','unit-variance','logcosh');maxAbsScaler();randomForest(86,'entropy',0.6956345264363321,14,20,True,'balanced_subsample')	0.21980452614406362	cached
robustScaler(True,True);fastICA(63,'parallel','unit-variance','logcosh');selectFwe(0.0326841797004676);randomForest(86,'entropy',0.6956345264363321,14,20,True,'balanced_subsample')	0.20682631918799635	cached
robustScaler(True,True);fastICA(63,'parallel','unit-variance','logcosh');maxAbsScaler();randomForest(86,'entropy',0.6956345264363321,14,20,True,'balanced_subsample')	0.21980452614406362	cached
fastICA(18,'parallel','arbitrary-variance','logcosh');minMaxScaler();maxAbsScaler();maxAbsScaler();minMaxScaler();maxAbsScaler();randomForest(86,'entropy',0.6956345264363321,14,20,True,'balanced_subsample')	invalid_ind (duplicated operator)	invalid_ind (duplicated operator)
robustScaler(False,True);fastICA(63,'parallel','unit-variance','logcosh');selectFwe(0.0326841797004676);randomForest(86,'entropy',0.6956345264363321,14,20,True,'balanced_subsample')	0.20988841580854692	cached
maxAbsScaler();fastICA(63,'parallel','unit-variance','logcosh');varianceThreshold();randomForest(86,'entropy',0.6956345264363321,14,20,True,'balanced_subsample')	0.21199246545499487	cached
robustScaler(False,True);fastICA(63,'parallel','unit-variance','logcosh');maxAbsScaler();randomForest(86,'entropy',0.6956345264363321,14,20,True,'balanced')	0.21146854078579067	cached
maxAbsScaler();fastICA(63,'parallel','unit-variance','logcosh');varianceThreshold();randomForest(86,'entropy',0.6956345264363321,14,20,True,'balanced_subsample')	0.21199246545499487	cached
maxAbsScaler();fastICA(63,'parallel','unit-variance','logcosh');varianceThreshold();randomForest(86,'entropy',0.6956345264363321,14,20,True,'balanced_subsample')	0.21199246545499487	cached
robustScaler(True,True);fastICA(63,'parallel','unit-variance','logcosh');maxAbsScaler();randomForest(86,'entropy',0.6956345264363321,14,20,True,'balanced_subsample')	0.21980452614406362	cached
robustScaler(True,True);fastICA(63,'parallel','unit-variance','logcosh');maxAbsScaler();randomForest(86,'entropy',0.6956345264363321,14,20,True,'balanced_subsample')	0.21980452614406362	cached
robustScaler(True,True);fastICA(63,'parallel','unit-variance','logcosh');maxAbsScaler();randomForest(86,'entropy',0.6956345264363321,14,20,True,'balanced_subsample')	0.21980452614406362	cached
robustScaler(True,True);fastICA(63,'parallel','unit-variance','logcosh');maxAbsScaler();randomForest(86,'entropy',0.6956345264363321,14,20,True,'balanced_subsample')	0.21980452614406362	cached
robustScaler(True,True);fastICA(63,'parallel','unit-variance','logcosh');selectFwe(0.0326841797004676);randomForest(86,'entropy',0.6956345264363321,14,20,True,'balanced_subsample')	0.20682631918799635	20.090430736541748
robustScaler(False,True);fastICA(63,'parallel','unit-variance','logcosh');maxAbsScaler();randomForest(86,'entropy',0.6956345264363321,14,20,True,'balanced_subsample')	0.1975312860250669	24.760085582733154
robustScaler(False,True);fastICA(63,'parallel','unit-variance','logcosh');maxAbsScaler();randomForest(94,'entropy',0.6956345264363321,14,20,True,'balanced_subsample')	0.20097643875777718	26.383742094039917
robustScaler(True,True);fastICA(63,'parallel','unit-variance','logcosh');maxAbsScaler();randomForest(86,'entropy',0.9747082107023308,14,20,True,'balanced_subsample')	0.21949994580857618	31.40561819076538
robustScaler(True,True);fastICA(63,'parallel','unit-variance','logcosh');maxAbsScaler();randomForest(86,'entropy',0.6956345264363321,14,20,True,'balanced_subsample')	0.21980452614406362	cached
robustScaler(False,True);fastICA(63,'parallel','unit-variance','logcosh');maxAbsScaler();randomForest(86,'entropy',0.6956345264363321,14,20,True,'balanced_subsample')	0.1975312860250669	25.437039136886597
robustScaler(True,True);fastICA(63,'parallel','unit-variance','logcosh');maxAbsScaler();randomForest(86,'entropy',0.6956345264363321,14,20,True,'balanced_subsample')	0.21980452614406362	cached
robustScaler(True,True);fastICA(63,'parallel','unit-variance','logcosh');maxAbsScaler();randomForest(86,'entropy',0.6956345264363321,14,20,True,'balanced_subsample')	0.21980452614406362	cached
robustScaler(True,True);fastICA(63,'parallel','unit-variance','logcosh');maxAbsScaler();randomForest(86,'entropy',0.6956345264363321,14,20,True,'balanced_subsample')	0.21980452614406362	cached
robustScaler(True,True);fastICA(63,'parallel','unit-variance','logcosh');maxAbsScaler();randomForest(86,'entropy',0.6956345264363321,14,20,True,'balanced_subsample')	0.21980452614406362	cached
robustScaler(True,True);fastICA(63,'parallel','unit-variance','logcosh');maxAbsScaler();randomForest(86,'entropy',0.6956345264363321,14,20,True,'balanced_subsample')	0.21980452614406362	cached
robustScaler(True,True);selectPercentile(64.09091248622785);maxAbsScaler();randomForest(86,'entropy',0.6956345264363321,14,20,True,'balanced_subsample')	0.17199342924414066	15.376676797866821
robustScaler(True,True);fastICA(63,'parallel','unit-variance','logcosh');maxAbsScaler();randomForest(86,'entropy',0.6956345264363321,14,20,True,'balanced_subsample')	0.21980452614406362	cached
robustScaler(False,True);fastICA(63,'parallel','unit-variance','logcosh');selectFwe(0.0326841797004676);randomForest(86,'entropy',0.6956345264363321,14,20,True,'balanced_subsample')	0.20988841580854692	cached
robustScaler(True,True);fastICA(63,'parallel','unit-variance','logcosh');maxAbsScaler();randomForest(86,'entropy',0.6956345264363321,14,20,True,'balanced_subsample')	0.21980452614406362	cached
robustScaler(True,True);fastICA(63,'parallel','unit-variance','logcosh');maxAbsScaler();randomForest(86,'entropy',0.6956345264363321,14,20,True,'balanced_subsample')	0.21980452614406362	cached
robustScaler(True,True);fastICA(63,'parallel','unit-variance','logcosh');maxAbsScaler();randomForest(86,'entropy',0.6956345264363321,14,20,True,'balanced_subsample')	0.21980452614406362	cached
robustScaler(True,True);fastICA(63,'parallel','unit-variance','logcosh');maxAbsScaler();randomForest(86,'entropy',0.6956345264363321,14,20,True,'balanced_subsample')	0.21980452614406362	cached
robustScaler(True,True);fastICA(63,'parallel','unit-variance','logcosh');maxAbsScaler();randomForest(86,'entropy','sqrt',14,20,True,'balanced_subsample')	0.20759058913071332	cached
maxAbsScaler();fastICA(63,'parallel','unit-variance','logcosh');selectFwe(0.0326841797004676);randomForest(86,'entropy',0.6956345264363321,14,20,True,'balanced')	0.17037229652812985	23.268188953399658
robustScaler(True,True);fastICA(63,'parallel','unit-variance','logcosh');maxAbsScaler();randomForest(86,'entropy',0.6956345264363321,14,20,True,'balanced')	0.21288360868157735	21.896193504333496
pca(0.8756167357075668,False);fastICA(63,'parallel','unit-variance','logcosh');maxAbsScaler();randomForest(86,'entropy',0.6956345264363321,14,20,True,'balanced_subsample')	0.13806691844188343	15.612504005432129
robustScaler(True,True);fastICA(63,'deflation','unit-variance','logcosh');maxAbsScaler();randomForest(86,'entropy',0.6956345264363321,2,20,False,'balanced_subsample')	eval_error (A has a NaN entry)	eval_error (A has a NaN entry)
robustScaler(False,True);fastICA(63,'parallel','unit-variance','logcosh');maxAbsScaler();randomForest(86,'entropy',0.6956345264363321,14,20,True,'balanced')	0.21146854078579067	20.837988138198853
