pipeline	fitness	fit_time
maxAbsScaler();minMaxScaler();selectPercentile(7.2061020126382);fastICA(28,'parallel','arbitrary-variance','logcosh');maxAbsScaler();adaBoost(decisionTree('gini',1,9,0.4247253517525911,4,'balanced'),25,1.3211979446777056,'SAMME')	invalid_ind (duplicated operator)	invalid_ind (duplicated operator)
varianceThreshold();maxAbsScaler();varianceThreshold();logisticRegression('l1','newton-cg',1000,10.032664434631641,'balanced')	invalid_ind (duplicated operator)	invalid_ind (duplicated operator)
maxAbsScaler();varianceThreshold();varianceThreshold();kNN(4,'distance',2)	invalid_ind (duplicated operator)	invalid_ind (duplicated operator)
robustScaler(True,True);selectPercentile(95.32767057046128);minMaxScaler();varianceThreshold();varianceThreshold();robustScaler(True,False);varianceThreshold();multinomialNB(0.42873060476695546,False)	invalid_ind (duplicated operator)	invalid_ind (duplicated operator)
selectFwe(0.046899980033885284);nystroem('cosine',1.2521113222428144,91,2,-0.5276936738867828);varianceThreshold();varianceThreshold();mlpClassifier((17, 9),0.04642527820958306,0.2449450790748945,'lbfgs','identity')	invalid_ind (duplicated operator)	invalid_ind (duplicated operator)
selectPercentile(74.33240283821789);maxAbsScaler();pca(0.6868686123696752,True);maxAbsScaler();varianceThreshold();varianceThreshold();lda(0.46465693951176035,32,0.024582376768639332)	invalid_ind (duplicated operator)	invalid_ind (duplicated operator)
robustScaler(True,False);selectFwe(0.012163002326592412);varianceThreshold();robustScaler(False,True);selectFwe(0.007457410297155691);adaBoost(decisionTree('gini',30,13,0.4962045876091137,2,'None'),61,1.651823164329623,'SAMME')	invalid_ind (duplicated operator)	invalid_ind (duplicated operator)
fastICA(27,'parallel','arbitrary-variance','exp');multinomialNB(14.494752527120905,False)	eval_error (Negative values in data passed to MultinomialNB (input X).)	eval_error (Negative values in data passed to MultinomialNB (input X).)
maxAbsScaler();varianceThreshold();varianceThreshold();adaBoost(decisionTree('entropy',3,14,0.2587898518517473,7,'None'),31,0.9578379007455896,'SAMME')	invalid_ind (duplicated operator)	invalid_ind (duplicated operator)
pca(0.5234425306231045,False);varianceThreshold();minMaxScaler();adaBoost(decisionTree('entropy',12,8,0.8970335546151182,12,'None'),14,0.2037442869711426,'SAMME')	0.8563082873326818	8.199648141860962
maxAbsScaler();maxAbsScaler();maxAbsScaler();varianceThreshold();minMaxScaler();bernoulliNB(1.1288570013372738,True)	invalid_ind (duplicated operator)	invalid_ind (duplicated operator)
minMaxScaler();varianceThreshold();minMaxScaler();minMaxScaler();adaBoost(decisionTree('entropy',29,11,0.7773725915958829,15,'balanced'),30,1.5048881313839355,'SAMME')	invalid_ind (duplicated operator)	invalid_ind (duplicated operator)
nystroem('sigmoid',0.37223529924043525,63,3,-0.6038006498643729);robustScaler(True,True);selectFwe(0.029644007305577133);multinomialNB(35.33463729356414,True)	eval_error (Negative values in data passed to MultinomialNB (input X).)	eval_error (Negative values in data passed to MultinomialNB (input X).)
maxAbsScaler();minMaxScaler();varianceThreshold();minMaxScaler();selectPercentile(68.81625512046341);multinomialNB(26.60698639580428,False)	invalid_ind (duplicated operator)	invalid_ind (duplicated operator)
minMaxScaler();pca(0.8380282929222216,True);varianceThreshold();varianceThreshold();minMaxScaler();minMaxScaler();adaBoost(decisionTree('gini',22,18,0.20481028476937235,4,'balanced'),37,0.4294534870103568,'SAMME')	invalid_ind (duplicated operator)	invalid_ind (duplicated operator)
selectFwe(0.010417986502861193);multinomialNB(7.654804674598834,False)	eval_error (Negative values in data passed to MultinomialNB (input X).)	eval_error (Negative values in data passed to MultinomialNB (input X).)
selectPercentile(3.8877919400668324);robustScaler(True,True);adaBoost(decisionTree('entropy',13,3,0.3250240541385535,6,'None'),79,0.039973464419253056,'SAMME')	0.597063173098493	13.359812498092651
minMaxScaler();varianceThreshold();minMaxScaler();selectFwe(0.03589056197050693);adaBoost(decisionTree('gini',17,14,0.6491842034440893,13,'None'),85,0.752492413817372,'SAMME')	invalid_ind (duplicated operator)	invalid_ind (duplicated operator)
maxAbsScaler();selectPercentile(33.20090690501258);randomForest(13,'gini',0.5024581652446669,13,3,False,'balanced')	0.8386111860440355	7.260708332061768
minMaxScaler();minMaxScaler();randomForest(24,'entropy',0.8720248274021358,12,15,True,'balanced')	invalid_ind (duplicated operator)	invalid_ind (duplicated operator)
qda(0.4128264130129372)	0.8546367877287654	3.7905876636505127
varianceThreshold();extraTreesClassifier(59,'entropy','log2',6,8,False,'balanced')	0.854772359027473	6.963256120681763
maxAbsScaler();minMaxScaler();nystroem('poly',0.7510509465996393,16,4,-0.08622800954618004);selectPercentile(43.03037136995997);varianceThreshold();extraTreesClassifier(41,'gini','log2',7,14,False,'balanced')	0.7241109287588195	5.810441493988037
fastICA(22,'parallel','unit-variance','cube');fastICA(26,'deflation','unit-variance','logcosh');minMaxScaler();lda(0.952513178381597,24,0.033638481988852255)	invalid_ind (duplicated operator)	invalid_ind (duplicated operator)
pca(0.8260321409365668,False);robustScaler(False,True);maxAbsScaler();selectPercentile(81.58317796188511);randomForest(52,'gini','sqrt',7,18,False,'balanced_subsample')	0.839817529306538	17.309880256652832
pca(0.782559197242074,True);randomForest(67,'gini',0.5993860884982036,20,1,False,'None')	0.8529547308103298	43.16881561279297
varianceThreshold();minMaxScaler();maxAbsScaler();gaussianNB(0.0008912134623356117)	0.8048617280367572	8.39608883857727
maxAbsScaler();bernoulliNB(3.3623379620454967,True)	0.7040617803285596	8.624976634979248
minMaxScaler();maxAbsScaler();bernoulliNB(24.992879653375397,False)	0.33770208683614195	5.479410409927368
pca(0.5756103647075721,True);minMaxScaler();maxAbsScaler();minMaxScaler();minMaxScaler();fastICA(90,'parallel','unit-variance','cube');maxAbsScaler();logisticRegression('l1','sag',1000,0.842966675074862,'None')	invalid_ind (duplicated operator)	invalid_ind (duplicated operator)
minMaxScaler();maxAbsScaler();minMaxScaler();multinomialNB(6.01276603716613,True)	invalid_ind (duplicated operator)	invalid_ind (duplicated operator)
varianceThreshold();pca(0.7829566284286574,False);robustScaler(False,True);adaBoost(decisionTree('gini',9,7,0.9861660981197825,20,'balanced'),11,0.0651394603475822,'SAMME')	0.8545752301934006	20.670050859451294
robustScaler(True,False);minMaxScaler();gaussianNB(0.004637867869247067)	0.8045768277518569	6.875325918197632
gaussianNB(0.009086775342760546)	0.8045830482820948	7.280398607254028
fastICA(86,'deflation','unit-variance','logcosh');selectPercentile(65.40864401732794);lda(0.07638246868413001,211,0.07713335683613869)	eval_timeout_error	eval_timeout_error
varianceThreshold();robustScaler(False,False);minMaxScaler();maxAbsScaler();adaBoost(decisionTree('entropy',10,16,0.5693536247611434,7,'None'),36,0.7519294267993886,'SAMME')	0.8417403381392947	59.80733680725098
fastICA(9,'parallel','arbitrary-variance','logcosh');minMaxScaler();selectPercentile(64.18140201945707);maxAbsScaler();selectFwe(0.03622754835119975);qda(0.18231769176790835)	0.8647481922108561	25.770798444747925
pca(0.7912579674065064,False);mlpClassifier((78, 4),0.08353092289333493,0.29809174374688663,'lbfgs','relu')	0.8325487278549538	105.63612031936646
fastICA(23,'deflation','arbitrary-variance','exp');maxAbsScaler();adaBoost(decisionTree('entropy',6,3,0.06654622774032215,6,'balanced'),65,0.7499976940070842,'SAMME')	0.8015827149343115	70.15036177635193
robustScaler(True,False);minMaxScaler();adaBoost(decisionTree('gini',21,10,0.951414059365631,2,'None'),87,0.06659688043728257,'SAMME')	0.8383377964211448	118.07907128334045
minMaxScaler();pca(0.8380282929222216,True);varianceThreshold();varianceThreshold();minMaxScaler();minMaxScaler();adaBoost(decisionTree('gini',22,18,0.20481028476937235,4,'balanced'),37,0.4294534870103568,'SAMME')	invalid_ind (duplicated operator)	invalid_ind (duplicated operator)
varianceThreshold();pca(0.7829566284286574,False);robustScaler(False,True);adaBoost(decisionTree('gini',9,7,0.9861660981197825,20,'balanced'),11,0.0651394603475822,'SAMME')	0.8545752301934006	cached
maxAbsScaler();maxAbsScaler();maxAbsScaler();varianceThreshold();minMaxScaler();bernoulliNB(1.1288570013372738,True)	invalid_ind (duplicated operator)	invalid_ind (duplicated operator)
selectPercentile(74.33240283821789);maxAbsScaler();pca(0.5756103647075721,True);maxAbsScaler();varianceThreshold();varianceThreshold();lda(0.46465693951176035,32,0.024582376768639332)	invalid_ind (duplicated operator)	invalid_ind (duplicated operator)
pca(0.6868686123696752,True);minMaxScaler();maxAbsScaler();minMaxScaler();minMaxScaler();fastICA(90,'parallel','unit-variance','cube');maxAbsScaler();logisticRegression('l1','sag',1000,0.842966675074862,'None')	invalid_ind (duplicated operator)	invalid_ind (duplicated operator)
maxAbsScaler();minMaxScaler();nystroem('poly',0.7510509465996393,16,4,-0.08622800954618004);minMaxScaler();varianceThreshold();extraTreesClassifier(41,'gini','log2',7,14,False,'balanced')	invalid_ind (duplicated operator)	invalid_ind (duplicated operator)
robustScaler(True,False);selectFwe(0.012163002326592412);varianceThreshold();robustScaler(False,True);selectFwe(0.007457410297155691);mlpClassifier((78, 4),0.08353092289333493,0.29809174374688663,'lbfgs','relu')	invalid_ind (duplicated operator)	invalid_ind (duplicated operator)
minMaxScaler();maxAbsScaler();selectPercentile(43.03037136995997);multinomialNB(6.01276603716613,True)	0.8115149624569262	2.8074798583984375
minMaxScaler();maxAbsScaler();minMaxScaler();varianceThreshold();varianceThreshold();adaBoost(decisionTree('entropy',3,14,0.2587898518517473,7,'None'),31,0.9578379007455896,'SAMME')	invalid_ind (duplicated operator)	invalid_ind (duplicated operator)
fastICA(27,'parallel','arbitrary-variance','exp');multinomialNB(14.494752527120905,False)	eval_error (Negative values in data passed to MultinomialNB (input X).)	eval_error (Negative values in data passed to MultinomialNB (input X).)
varianceThreshold();minMaxScaler();maxAbsScaler();gaussianNB(0.0008912134623356117)	0.8048617280367572	cached
varianceThreshold();pca(0.7829566284286574,False);robustScaler(False,True);adaBoost(decisionTree('gini',9,7,0.9861660981197825,20,'balanced'),11,0.0651394603475822,'SAMME')	0.8545752301934006	cached
maxAbsScaler();multinomialNB(6.01276603716613,True)	eval_error (Negative values in data passed to MultinomialNB (input X).)	eval_error (Negative values in data passed to MultinomialNB (input X).)
minMaxScaler();varianceThreshold();minMaxScaler();selectFwe(0.03589056197050693);adaBoost(decisionTree('gini',17,14,0.6491842034440893,13,'None'),85,0.752492413817372,'SAMME')	invalid_ind (duplicated operator)	invalid_ind (duplicated operator)
minMaxScaler();randomForest(13,'gini',0.5024581652446669,13,3,False,'balanced')	0.8297416438083459	10.044830083847046
maxAbsScaler();selectPercentile(33.20090690501258);varianceThreshold();minMaxScaler();selectFwe(0.03589056197050693);adaBoost(decisionTree('gini',17,14,0.6491842034440893,13,'None'),85,0.752492413817372,'SAMME')	0.8546173763925484	24.130190134048462
pca(0.7912579674065064,False);adaBoost(decisionTree('gini',30,13,0.4962045876091137,2,'None'),61,1.651823164329623,'SAMME')	0.8569703010435534	34.56575655937195
robustScaler(True,True);selectPercentile(95.32767057046128);minMaxScaler();varianceThreshold();varianceThreshold();robustScaler(True,False);varianceThreshold();multinomialNB(0.42873060476695546,False)	invalid_ind (duplicated operator)	invalid_ind (duplicated operator)
varianceThreshold();robustScaler(True,False);minMaxScaler();maxAbsScaler();adaBoost(decisionTree('entropy',10,16,0.5693536247611434,7,'None'),36,0.7519294267993886,'SAMME')	0.8417403381392947	35.270423412323
maxAbsScaler();selectPercentile(33.20090690501258);multinomialNB(7.654804674598834,False)	eval_error (Negative values in data passed to MultinomialNB (input X).)	eval_error (Negative values in data passed to MultinomialNB (input X).)
nystroem('sigmoid',0.37223529924043525,63,3,-0.6038006498643729);robustScaler(False,True);selectFwe(0.029644007305577133);multinomialNB(35.33463729356414,True)	eval_error (Negative values in data passed to MultinomialNB (input X).)	eval_error (Negative values in data passed to MultinomialNB (input X).)
varianceThreshold();minMaxScaler();varianceThreshold();minMaxScaler();selectPercentile(68.81625512046341);multinomialNB(26.60698639580428,False)	invalid_ind (duplicated operator)	invalid_ind (duplicated operator)
maxAbsScaler();maxAbsScaler();varianceThreshold();logisticRegression('l1','newton-cg',1000,10.032664434631641,'balanced')	invalid_ind (duplicated operator)	invalid_ind (duplicated operator)
maxAbsScaler();maxAbsScaler();maxAbsScaler();varianceThreshold();minMaxScaler();bernoulliNB(1.1288570013372738,True)	invalid_ind (duplicated operator)	invalid_ind (duplicated operator)
pca(0.8260321409365668,False);robustScaler(False,True);maxAbsScaler();selectPercentile(81.58317796188511);randomForest(52,'gini','sqrt',7,18,False,'balanced_subsample')	0.839817529306538	cached
pca(0.782559197242074,True);randomForest(67,'gini',0.5993860884982036,20,1,False,'None')	0.8529547308103298	33.979509353637695
minMaxScaler();pca(0.8380282929222216,True);varianceThreshold();varianceThreshold();minMaxScaler();minMaxScaler();adaBoost(decisionTree('gini',22,18,0.20481028476937235,4,'balanced'),37,0.4294534870103568,'SAMME')	invalid_ind (duplicated operator)	invalid_ind (duplicated operator)
selectFwe(0.010417986502861193);randomForest(13,'gini',0.5024581652446669,13,3,False,'balanced')	0.8360537442603411	7.903604745864868
robustScaler(True,False);minMaxScaler();adaBoost(decisionTree('gini',21,10,0.951414059365631,2,'None'),87,0.06659688043728257,'SAMME')	0.8383377964211448	cached
maxAbsScaler();selectPercentile(33.20090690501258);randomForest(13,'gini',0.5024581652446669,13,3,False,'balanced')	0.8386111860440355	6.295233726501465
pca(0.7912579674065064,False);mlpClassifier((78, 4),0.08353092289333493,0.29809174374688663,'lbfgs','relu')	0.8325487278549538	cached
selectFwe(0.046899980033885284);nystroem('cosine',1.2521113222428144,91,2,-0.5276936738867828);varianceThreshold();varianceThreshold();mlpClassifier((17, 9),0.04642527820958306,0.2449450790748945,'lbfgs','identity')	invalid_ind (duplicated operator)	invalid_ind (duplicated operator)
fastICA(22,'parallel','unit-variance','cube');fastICA(26,'deflation','unit-variance','cube');minMaxScaler();lda(0.952513178381597,24,0.033638481988852255)	invalid_ind (duplicated operator)	invalid_ind (duplicated operator)
maxAbsScaler();bernoulliNB(3.3623379620454967,True)	0.7040617803285596	cached
nystroem('sigmoid',0.37223529924043525,63,3,-0.6038006498643729);robustScaler(True,True);selectFwe(0.029644007305577133);multinomialNB(35.33463729356414,True)	eval_error (Negative values in data passed to MultinomialNB (input X).)	eval_error (Negative values in data passed to MultinomialNB (input X).)
adaBoost(decisionTree('gini',4,14,0.6776130257750627,3,'None'),30,1.7860444807123907,'SAMME')	0.7951049094353122	13.710273027420044
minMaxScaler();nystroem('rbf',4.251468434342298,70,5,-0.10914514399835862);randomForest(24,'entropy',0.8720248274021358,12,15,True,'balanced')	0.8388840118304405	34.53506064414978
fastICA(86,'deflation','unit-variance','logcosh');selectFwe(0.029644007305577133);lda(0.07638246868413001,211,0.07713335683613869)	eval_timeout_error	eval_timeout_error
nystroem('sigmoid',0.37223529924043525,63,3,-0.6038006498643729);robustScaler(True,True);selectPercentile(65.40864401732794);multinomialNB(35.33463729356414,True)	eval_error (Negative values in data passed to MultinomialNB (input X).)	eval_error (Negative values in data passed to MultinomialNB (input X).)
robustScaler(True,False);minMaxScaler();adaBoost(decisionTree('gini',21,10,0.951414059365631,2,'None'),87,0.06659688043728257,'SAMME')	0.8383377964211448	83.00813937187195
varianceThreshold();pca(0.7829566284286574,False);robustScaler(False,True);adaBoost(decisionTree('gini',9,7,0.9861660981197825,20,'balanced'),11,0.0651394603475822,'SAMME')	0.8545752301934006	cached
selectFwe(0.046899980033885284);nystroem('cosine',1.2521113222428144,91,2,-0.5276936738867828);varianceThreshold();varianceThreshold();mlpClassifier((17, 9),0.04642527820958306,0.2449450790748945,'lbfgs','identity')	invalid_ind (duplicated operator)	invalid_ind (duplicated operator)
pca(0.5234425306231045,False);varianceThreshold();minMaxScaler();adaBoost(decisionTree('entropy',12,8,0.8970335546151182,12,'None'),14,0.2037442869711426,'SAMME')	0.8563082873326818	cached
nystroem('sigmoid',0.37223529924043525,63,3,-0.6038006498643729);robustScaler(False,True);selectFwe(0.029644007305577133);multinomialNB(35.33463729356414,True)	eval_error (Negative values in data passed to MultinomialNB (input X).)	eval_error (Negative values in data passed to MultinomialNB (input X).)
minMaxScaler();maxAbsScaler();selectPercentile(43.03037136995997);multinomialNB(6.01276603716613,True)	0.8115149624569262	3.705697774887085
varianceThreshold();extraTreesClassifier(59,'entropy','log2',6,8,False,'balanced_subsample')	0.854772359027473	5.508337020874023
minMaxScaler();varianceThreshold();minMaxScaler();selectFwe(0.03589056197050693);adaBoost(decisionTree('gini',17,14,0.6491842034440893,13,'None'),85,0.4294534870103568,'SAMME')	invalid_ind (duplicated operator)	invalid_ind (duplicated operator)
minMaxScaler();pca(0.8380282929222216,True);varianceThreshold();varianceThreshold();minMaxScaler();minMaxScaler();adaBoost(decisionTree('gini',22,18,0.20481028476937235,4,'balanced'),37,0.752492413817372,'SAMME')	invalid_ind (duplicated operator)	invalid_ind (duplicated operator)
fastICA(86,'parallel','unit-variance','cube');selectFwe(0.029644007305577133);lda(0.07638246868413001,211,0.07713335683613869)	eval_error (n_components cannot be larger than min(n_features, n_classes - 1).)	eval_error (n_components cannot be larger than min(n_features, n_classes - 1).)
pca(0.6868686123696752,True);minMaxScaler();maxAbsScaler();minMaxScaler();minMaxScaler();fastICA(90,'deflation','unit-variance','logcosh');maxAbsScaler();logisticRegression('l1','sag',1000,0.842966675074862,'None')	invalid_ind (duplicated operator)	invalid_ind (duplicated operator)
selectFwe(0.010417986502861193);randomForest(13,'gini',0.5024581652446669,13,3,False,'balanced')	0.8360537442603411	11.20119833946228
pca(0.5234425306231045,False);varianceThreshold();minMaxScaler();adaBoost(decisionTree('entropy',12,8,0.8970335546151182,12,'None'),31,0.9578379007455896,'SAMME')	0.8548306055018398	17.386554718017578
minMaxScaler();maxAbsScaler();minMaxScaler();varianceThreshold();varianceThreshold();adaBoost(decisionTree('entropy',3,14,0.2587898518517473,7,'None'),14,0.2037442869711426,'SAMME')	invalid_ind (duplicated operator)	invalid_ind (duplicated operator)
maxAbsScaler();selectPercentile(33.20090690501258);multinomialNB(7.654804674598834,False)	eval_error (Negative values in data passed to MultinomialNB (input X).)	eval_error (Negative values in data passed to MultinomialNB (input X).)
nystroem('sigmoid',0.37223529924043525,63,3,-0.6038006498643729);robustScaler(True,True);selectFwe(0.029644007305577133);multinomialNB(35.33463729356414,True)	eval_error (Negative values in data passed to MultinomialNB (input X).)	eval_error (Negative values in data passed to MultinomialNB (input X).)
fastICA(86,'deflation','unit-variance','logcosh');selectFwe(0.029644007305577133);lda(0.07638246868413001,211,0.07713335683613869)	eval_timeout_error	eval_timeout_error
varianceThreshold();adaBoost(decisionTree('gini',17,14,0.6491842034440893,13,'None'),85,0.752492413817372,'SAMME')	0.8486076900076268	67.00212812423706
minMaxScaler();varianceThreshold();minMaxScaler();selectFwe(0.03589056197050693);extraTreesClassifier(59,'entropy','log2',6,8,False,'balanced')	invalid_ind (duplicated operator)	invalid_ind (duplicated operator)
maxAbsScaler();maxAbsScaler();maxAbsScaler();varianceThreshold();minMaxScaler();bernoulliNB(1.1288570013372738,True)	invalid_ind (duplicated operator)	invalid_ind (duplicated operator)
varianceThreshold();pca(0.7829566284286574,False);robustScaler(False,True);adaBoost(decisionTree('gini',9,7,0.9861660981197825,20,'None'),87,0.06659688043728257,'SAMME')	0.8551005152258693	58.078022480010986
maxAbsScaler();minMaxScaler();extraTreesClassifier(86,'gini','sqrt',18,10,True,'balanced')	0.8547359393806298	9.003214836120605
robustScaler(True,True);selectPercentile(95.32767057046128);minMaxScaler();varianceThreshold();varianceThreshold();robustScaler(True,False);varianceThreshold();multinomialNB(0.42873060476695546,False)	invalid_ind (duplicated operator)	invalid_ind (duplicated operator)
minMaxScaler();varianceThreshold();minMaxScaler();selectFwe(0.03589056197050693);adaBoost(decisionTree('gini',17,14,0.6491842034440893,13,'None'),85,0.752492413817372,'SAMME')	invalid_ind (duplicated operator)	invalid_ind (duplicated operator)
nystroem('sigmoid',0.37223529924043525,63,3,-0.6038006498643729);robustScaler(True,True);selectFwe(0.029644007305577133);multinomialNB(35.33463729356414,True)	eval_error (Negative values in data passed to MultinomialNB (input X).)	eval_error (Negative values in data passed to MultinomialNB (input X).)
fastICA(86,'deflation','unit-variance','logcosh');selectFwe(0.029644007305577133);adaBoost(decisionTree('gini',9,7,0.9861660981197825,20,'balanced'),11,0.0651394603475822,'SAMME')	eval_timeout_error	eval_timeout_error
varianceThreshold();pca(0.7829566284286574,False);robustScaler(False,True);lda(0.07638246868413001,211,0.07713335683613869)	eval_error (n_components cannot be larger than min(n_features, n_classes - 1).)	eval_error (n_components cannot be larger than min(n_features, n_classes - 1).)
maxAbsScaler();maxAbsScaler();varianceThreshold();logisticRegression('l1','newton-cg',1000,10.032664434631641,'balanced')	invalid_ind (duplicated operator)	invalid_ind (duplicated operator)
robustScaler(True,False);fastICA(26,'deflation','unit-variance','cube');minMaxScaler();lda(0.952513178381597,24,0.033638481988852255)	eval_error (n_components cannot be larger than min(n_features, n_classes - 1).)	eval_error (n_components cannot be larger than min(n_features, n_classes - 1).)
robustScaler(True,True);selectPercentile(95.32767057046128);minMaxScaler();varianceThreshold();varianceThreshold();fastICA(22,'parallel','unit-variance','cube');varianceThreshold();multinomialNB(0.42873060476695546,False)	invalid_ind (duplicated operator)	invalid_ind (duplicated operator)
qda(0.4128264130129372)	0.8546367877287654	8.17768383026123
robustScaler(True,False);minMaxScaler();adaBoost(decisionTree('gini',21,10,0.951414059365631,2,'balanced'),11,0.0651394603475822,'SAMME')	0.8054516596782868	25.99885368347168
maxAbsScaler();selectPercentile(33.20090690501258);multinomialNB(7.654804674598834,False)	eval_error (Negative values in data passed to MultinomialNB (input X).)	eval_error (Negative values in data passed to MultinomialNB (input X).)
robustScaler(True,False);minMaxScaler();adaBoost(decisionTree('gini',21,10,0.951414059365631,2,'None'),87,0.06659688043728257,'SAMME')	0.8383377964211448	cached
varianceThreshold();extraTreesClassifier(59,'entropy','log2',6,8,False,'balanced')	0.854772359027473	11.483113288879395
pca(0.5234425306231045,False);varianceThreshold();minMaxScaler();adaBoost(decisionTree('entropy',12,8,0.8970335546151182,12,'None'),14,0.2037442869711426,'SAMME')	0.8563082873326818	17.49207592010498
maxAbsScaler();selectPercentile(33.20090690501258);nystroem('sigmoid',0.37223529924043525,63,3,-0.6038006498643729);minMaxScaler();selectFwe(0.03589056197050693);adaBoost(decisionTree('gini',17,14,0.6491842034440893,13,'None'),85,0.752492413817372,'SAMME')	0.8548750312813169	164.43801093101501
varianceThreshold();robustScaler(True,True);selectFwe(0.029644007305577133);multinomialNB(35.33463729356414,True)	eval_error (Negative values in data passed to MultinomialNB (input X).)	eval_error (Negative values in data passed to MultinomialNB (input X).)
maxAbsScaler();mlpClassifier((78, 4),0.08353092289333493,0.29809174374688663,'lbfgs','relu')	0.8321050219722492	107.60615968704224
robustScaler(True,False);selectFwe(0.012163002326592412);varianceThreshold();robustScaler(False,True);selectFwe(0.007457410297155691);multinomialNB(6.01276603716613,True)	invalid_ind (duplicated operator)	invalid_ind (duplicated operator)
robustScaler(True,False);minMaxScaler();adaBoost(decisionTree('gini',21,10,0.951414059365631,2,'None'),87,0.06659688043728257,'SAMME')	0.8383377964211448	158.40465998649597
nystroem('sigmoid',2.005851411351017,71,4,-0.8804606100838646);minMaxScaler();varianceThreshold();pca(0.7071753216704574,False);minMaxScaler();lda(0.07638246868413001,211,0.07713335683613869)	invalid_ind (duplicated operator)	invalid_ind (duplicated operator)
maxAbsScaler();selectPercentile(33.20090690501258);nystroem('sigmoid',0.37223529924043525,63,3,-0.6038006498643729);minMaxScaler();selectFwe(0.03589056197050693);adaBoost(decisionTree('gini',17,14,0.6491842034440893,13,'None'),85,0.752492413817372,'SAMME')	0.8548750312813169	cached
fastICA(9,'parallel','arbitrary-variance','logcosh');minMaxScaler();selectPercentile(64.18140201945707);maxAbsScaler();selectFwe(0.03622754835119975);qda(0.18231769176790835)	0.8647481922108561	cached
varianceThreshold();extraTreesClassifier(59,'entropy','log2',6,8,False,'balanced_subsample')	0.854772359027473	cached
minMaxScaler();varianceThreshold();minMaxScaler();selectFwe(0.03589056197050693);extraTreesClassifier(59,'entropy','log2',6,8,False,'balanced')	invalid_ind (duplicated operator)	invalid_ind (duplicated operator)
maxAbsScaler();maxAbsScaler();maxAbsScaler();varianceThreshold();randomForest(13,'gini',0.5024581652446669,13,3,False,'balanced')	invalid_ind (duplicated operator)	invalid_ind (duplicated operator)
robustScaler(True,True);selectPercentile(95.32767057046128);minMaxScaler();varianceThreshold();varianceThreshold();robustScaler(True,False);varianceThreshold();qda(0.4128264130129372)	invalid_ind (duplicated operator)	invalid_ind (duplicated operator)
multinomialNB(0.42873060476695546,False)	eval_error (Negative values in data passed to MultinomialNB (input X).)	eval_error (Negative values in data passed to MultinomialNB (input X).)
varianceThreshold();robustScaler(True,True);selectFwe(0.029644007305577133);multinomialNB(35.33463729356414,True)	eval_error (Negative values in data passed to MultinomialNB (input X).)	eval_error (Negative values in data passed to MultinomialNB (input X).)
varianceThreshold();adaBoost(decisionTree('gini',17,14,0.6491842034440893,13,'None'),85,0.752492413817372,'SAMME')	0.8486076900076268	cached
selectFwe(0.010417986502861193);minMaxScaler();bernoulliNB(1.1288570013372738,True)	0.33536729909910906	3.284231424331665
pca(0.5234425306231045,False);varianceThreshold();minMaxScaler();adaBoost(decisionTree('entropy',12,8,0.8970335546151182,12,'None'),87,0.06659688043728257,'SAMME')	0.858506955626277	42.1833930015564
robustScaler(True,False);minMaxScaler();adaBoost(decisionTree('gini',21,10,0.951414059365631,2,'None'),14,0.2037442869711426,'SAMME')	0.8308809694562184	26.526055812835693
fastICA(86,'deflation','unit-variance','logcosh');selectFwe(0.029644007305577133);adaBoost(decisionTree('gini',9,7,0.9861660981197825,20,'balanced'),11,0.0651394603475822,'SAMME')	eval_timeout_error	eval_timeout_error
robustScaler(True,True);selectPercentile(95.32767057046128);minMaxScaler();varianceThreshold();varianceThreshold();robustScaler(True,False);varianceThreshold();multinomialNB(0.42873060476695546,False)	invalid_ind (duplicated operator)	invalid_ind (duplicated operator)
minMaxScaler();fastICA(90,'deflation','unit-variance','logcosh');maxAbsScaler();logisticRegression('l1','sag',1000,0.842966675074862,'None')	eval_timeout_error	eval_timeout_error
robustScaler(True,True);selectPercentile(95.32767057046128);minMaxScaler();varianceThreshold();varianceThreshold();robustScaler(False,True);varianceThreshold();multinomialNB(0.42873060476695546,False)	invalid_ind (duplicated operator)	invalid_ind (duplicated operator)
minMaxScaler();pca(0.8380282929222216,False);varianceThreshold();varianceThreshold();minMaxScaler();minMaxScaler();adaBoost(decisionTree('gini',22,18,0.20481028476937235,4,'balanced'),24,0.752492413817372,'SAMME')	invalid_ind (duplicated operator)	invalid_ind (duplicated operator)
varianceThreshold();extraTreesClassifier(59,'entropy','log2',6,8,False,'balanced')	0.854772359027473	cached
robustScaler(True,False);fastICA(67,'deflation','arbitrary-variance','logcosh');adaBoost(decisionTree('gini',21,10,0.951414059365631,2,'None'),87,0.06659688043728257,'SAMME')	eval_timeout_error	eval_timeout_error
robustScaler(True,True);selectPercentile(95.32767057046128);varianceThreshold();varianceThreshold();varianceThreshold();robustScaler(True,False);varianceThreshold();multinomialNB(0.42873060476695546,False)	invalid_ind (duplicated operator)	invalid_ind (duplicated operator)
varianceThreshold();extraTreesClassifier(59,'entropy','log2',6,8,False,'balanced_subsample')	0.854772359027473	10.097380876541138
nystroem('sigmoid',0.37223529924043525,63,3,-0.6038006498643729);robustScaler(False,True);selectFwe(0.029644007305577133);adaBoost(decisionTree('entropy',17,16,0.045524895624898476,13,'None'),22,1.2679754497772588,'SAMME')	0.4677670357699576	10.497708797454834
fastICA(86,'deflation','unit-variance','logcosh');selectFwe(0.029644007305577133);adaBoost(decisionTree('gini',9,7,0.9861660981197825,20,'balanced'),11,0.0651394603475822,'SAMME')	eval_timeout_error	eval_timeout_error
pca(0.5234425306231045,False);varianceThreshold();minMaxScaler();adaBoost(decisionTree('entropy',12,8,0.8970335546151182,12,'None'),14,0.2037442869711426,'SAMME')	0.8563082873326818	cached
varianceThreshold();pca(0.7829566284286574,False);robustScaler(False,True);adaBoost(decisionTree('gini',17,7,0.6491842034440893,13,'None'),85,0.752492413817372,'SAMME')	0.8576407427166508	78.65084195137024
minMaxScaler();varianceThreshold();minMaxScaler();selectFwe(0.014142655055157235);adaBoost(decisionTree('gini',9,14,0.9861660981197825,20,'None'),87,0.06659688043728257,'SAMME')	invalid_ind (duplicated operator)	invalid_ind (duplicated operator)
fastICA(9,'parallel','arbitrary-variance','logcosh');minMaxScaler();selectPercentile(64.18140201945707);maxAbsScaler();selectFwe(0.03622754835119975);qda(0.7244475085513272)	0.8445049900928241	21.84093999862671
maxAbsScaler();selectPercentile(33.20090690501258);adaBoost(decisionTree('gini',9,7,0.9861660981197825,20,'balanced'),11,0.0651394603475822,'SAMME')	0.8187277734783093	13.522777080535889
pca(0.9624281567673922,True);varianceThreshold();minMaxScaler();adaBoost(decisionTree('entropy',12,8,0.8970335546151182,12,'None'),31,0.9578379007455896,'SAMME')	0.8511876173605089	93.52693796157837
maxAbsScaler();selectPercentile(33.20090690501258);nystroem('sigmoid',0.37223529924043525,63,3,-0.6038006498643729);minMaxScaler();selectFwe(0.03589056197050693);adaBoost(decisionTree('gini',17,14,0.6491842034440893,13,'None'),85,0.752492413817372,'SAMME')	0.8548750312813169	169.38594961166382
varianceThreshold();pca(0.7829566284286574,False);robustScaler(False,True);multinomialNB(7.654804674598834,False)	eval_error (Negative values in data passed to MultinomialNB (input X).)	eval_error (Negative values in data passed to MultinomialNB (input X).)
maxAbsScaler();logisticRegression('l1','newton-cg',1000,10.032664434631641,'balanced')	eval_error (Solver newton-cg supports only 'l2' or None penalties, got l1 penalty.)	eval_error (Solver newton-cg supports only 'l2' or None penalties, got l1 penalty.)
maxAbsScaler();maxAbsScaler();varianceThreshold();minMaxScaler();extraTreesClassifier(86,'gini','sqrt',18,10,True,'balanced')	invalid_ind (duplicated operator)	invalid_ind (duplicated operator)
nystroem('poly',3.1644564238034825,34,3,-0.053054616734180104);extraTreesClassifier(59,'entropy','log2',6,8,False,'balanced_subsample')	0.8463200876838769	12.582552433013916
varianceThreshold();pca(0.7829566284286574,False);robustScaler(True,True);adaBoost(decisionTree('gini',9,7,0.9861660981197825,20,'None'),87,0.06659688043728257,'SAMME')	0.8551005152258693	88.18934845924377
maxAbsScaler();adaBoost(decisionTree('entropy',19,10,0.7997432240896992,4,'None'),60,0.23185125040373183,'SAMME')	0.8477381084848912	124.0802903175354
robustScaler(True,False);minMaxScaler();adaBoost(decisionTree('gini',21,10,0.951414059365631,2,'None'),87,0.06659688043728257,'SAMME')	0.8383377964211448	149.26594591140747
qda(0.4128264130129372)	0.8546367877287654	5.516539096832275
robustScaler(True,False);varianceThreshold();adaBoost(decisionTree('gini',21,10,0.951414059365631,2,'None'),87,0.06659688043728257,'SAMME')	0.8380404550757685	152.9596779346466
robustScaler(True,False);minMaxScaler();adaBoost(decisionTree('gini',21,10,0.951414059365631,2,'None'),87,0.06659688043728257,'SAMME')	0.8383377964211448	cached
selectFwe(0.010417986502861193);minMaxScaler();bernoulliNB(1.1288570013372738,True)	0.33536729909910906	cached
maxAbsScaler();maxAbsScaler();varianceThreshold();minMaxScaler();extraTreesClassifier(86,'entropy','log2',18,10,False,'balanced_subsample')	invalid_ind (duplicated operator)	invalid_ind (duplicated operator)
minMaxScaler();varianceThreshold();minMaxScaler();selectFwe(0.014142655055157235);adaBoost(decisionTree('entropy',19,14,0.9861660981197825,20,'None'),60,0.23185125040373183,'SAMME')	invalid_ind (duplicated operator)	invalid_ind (duplicated operator)
maxAbsScaler();logisticRegression('l1','newton-cg',1000,10.032664434631641,'balanced')	eval_error (Solver newton-cg supports only 'l2' or None penalties, got l1 penalty.)	eval_error (Solver newton-cg supports only 'l2' or None penalties, got l1 penalty.)
varianceThreshold();extraTreesClassifier(59,'gini','sqrt',6,8,True,'balanced')	0.8538366414947889	4.190074443817139
pca(0.6088548359329999,True);maxAbsScaler();maxAbsScaler();varianceThreshold();randomForest(13,'gini',0.5024581652446669,13,3,False,'balanced')	invalid_ind (duplicated operator)	invalid_ind (duplicated operator)
selectPercentile(30.447849207387925);randomForest(13,'gini',0.5024581652446669,13,3,False,'balanced')	0.837462979396564	4.474284410476685
maxAbsScaler();maxAbsScaler();maxAbsScaler();varianceThreshold();extraTreesClassifier(59,'entropy','log2',6,8,False,'balanced_subsample')	invalid_ind (duplicated operator)	invalid_ind (duplicated operator)
varianceThreshold();extraTreesClassifier(59,'entropy','log2',6,8,False,'balanced')	0.854772359027473	4.59084415435791
fastICA(9,'parallel','arbitrary-variance','logcosh');varianceThreshold();selectPercentile(64.18140201945707);maxAbsScaler();selectFwe(0.03622754835119975);qda(0.18231769176790835)	0.8666089988518797	10.168757677078247
adaBoost(decisionTree('gini',18,11,0.5938580662602988,2,'None'),12,0.09017638008048269,'SAMME')	0.8125559096053017	12.388898372650146
robustScaler(True,True);selectPercentile(95.32767057046128);minMaxScaler();varianceThreshold();varianceThreshold();robustScaler(True,False);varianceThreshold();multinomialNB(0.42873060476695546,False)	invalid_ind (duplicated operator)	invalid_ind (duplicated operator)
minMaxScaler();pca(0.7829566284286574,False);robustScaler(False,True);multinomialNB(7.654804674598834,False)	eval_error (Negative values in data passed to MultinomialNB (input X).)	eval_error (Negative values in data passed to MultinomialNB (input X).)
robustScaler(True,False);minMaxScaler();adaBoost(decisionTree('gini',21,10,0.951414059365631,2,'None'),14,0.2037442869711426,'SAMME')	0.8308809694562184	18.018773078918457
pca(0.5234425306231045,False);varianceThreshold();minMaxScaler();adaBoost(decisionTree('entropy',12,8,0.8970335546151182,12,'None'),87,0.06659688043728257,'SAMME')	0.858506955626277	cached
robustScaler(True,True);selectPercentile(95.32767057046128);varianceThreshold();varianceThreshold();varianceThreshold();robustScaler(True,False);varianceThreshold();multinomialNB(0.42873060476695546,False)	invalid_ind (duplicated operator)	invalid_ind (duplicated operator)
varianceThreshold();pca(0.7829566284286574,False);robustScaler(False,True);multinomialNB(7.654804674598834,False)	eval_error (Negative values in data passed to MultinomialNB (input X).)	eval_error (Negative values in data passed to MultinomialNB (input X).)
selectFwe(0.035036692908687335);maxAbsScaler();fastICA(72,'deflation','arbitrary-variance','exp');varianceThreshold();minMaxScaler();selectFwe(0.026612898645357336);adaBoost(decisionTree('entropy',13,10,0.18611318643856545,8,'balanced'),42,0.04557743047553381,'SAMME')	invalid_ind (duplicated operator)	invalid_ind (duplicated operator)
pca(0.7912579674065064,False);adaBoost(decisionTree('gini',30,13,0.4962045876091137,2,'None'),21,0.2037442869711426,'SAMME')	0.8560816981634372	12.794799327850342
pca(0.7912579674065064,False);adaBoost(decisionTree('gini',30,13,0.4962045876091137,2,'None'),61,1.651823164329623,'SAMME')	0.8569703010435534	40.94427466392517
minMaxScaler();logisticRegression('l1','newton-cg',1000,10.032664434631641,'balanced')	eval_error (Solver newton-cg supports only 'l2' or None penalties, got l1 penalty.)	eval_error (Solver newton-cg supports only 'l2' or None penalties, got l1 penalty.)
minMaxScaler();pca(0.8380282929222216,False);varianceThreshold();varianceThreshold();maxAbsScaler();minMaxScaler();adaBoost(decisionTree('gini',22,18,0.20481028476937235,4,'balanced'),24,0.752492413817372,'SAMME')	invalid_ind (duplicated operator)	invalid_ind (duplicated operator)
maxAbsScaler();adaBoost(decisionTree('gini',9,10,0.7997432240896992,4,'None'),87,0.06659688043728257,'SAMME')	0.8446426685682512	69.52311420440674
robustScaler(True,True);selectPercentile(95.32767057046128);minMaxScaler();varianceThreshold();varianceThreshold();robustScaler(True,False);varianceThreshold();multinomialNB(0.42873060476695546,False)	invalid_ind (duplicated operator)	invalid_ind (duplicated operator)
qda(0.4128264130129372)	0.8546367877287654	4.954986333847046
nystroem('sigmoid',2.7569208279202346,81,3,-0.024394023431307144);pca(0.6861274530090211,False);varianceThreshold();selectFwe(0.003942982807619537);varianceThreshold();adaBoost(decisionTree('gini',21,10,0.951414059365631,2,'None'),87,0.06659688043728257,'SAMME')	invalid_ind (duplicated operator)	invalid_ind (duplicated operator)
minMaxScaler();varianceThreshold();minMaxScaler();selectFwe(0.014142655055157235);adaBoost(decisionTree('gini',9,14,0.9861660981197825,20,'None'),87,0.06659688043728257,'SAMME')	invalid_ind (duplicated operator)	invalid_ind (duplicated operator)
minMaxScaler();fastICA(90,'deflation','unit-variance','logcosh');maxAbsScaler();logisticRegression('l1','sag',1000,0.842966675074862,'None')	eval_timeout_error	eval_timeout_error
maxAbsScaler();varianceThreshold();maxAbsScaler();varianceThreshold();randomForest(13,'gini',0.5024581652446669,13,3,False,'balanced')	invalid_ind (duplicated operator)	invalid_ind (duplicated operator)
varianceThreshold();pca(0.7829566284286574,False);selectFwe(0.038959552801513725);multinomialNB(7.654804674598834,False)	eval_error (Negative values in data passed to MultinomialNB (input X).)	eval_error (Negative values in data passed to MultinomialNB (input X).)
varianceThreshold();extraTreesClassifier(59,'entropy','log2',6,8,False,'balanced_subsample')	0.854772359027473	cached
maxAbsScaler();extraTreesClassifier(59,'entropy','sqrt',15,8,False,'balanced_subsample')	0.8647120823761313	8.563363790512085
fastICA(27,'deflation','arbitrary-variance','logcosh');gaussianNB(0.00899277503427155)	eval_timeout_error	eval_timeout_error
varianceThreshold();adaBoost(decisionTree('gini',9,14,0.9861660981197825,20,'None'),87,0.06659688043728257,'SAMME')	0.8488472160995378	79.6091558933258
varianceThreshold();pca(0.7829566284286574,True);robustScaler(False,True);adaBoost(decisionTree('gini',5,5,0.6576431578628106,10,'balanced'),87,0.06659688043728257,'SAMME')	0.861091510544919	41.2995126247406
maxAbsScaler();maxAbsScaler();varianceThreshold();minMaxScaler();extraTreesClassifier(86,'gini','sqrt',18,10,True,'balanced')	invalid_ind (duplicated operator)	invalid_ind (duplicated operator)
varianceThreshold();pca(0.7829566284286574,False);robustScaler(True,True);adaBoost(decisionTree('gini',17,7,0.6491842034440893,13,'None'),85,0.752492413817372,'SAMME')	0.8576407427166508	49.96968698501587
nystroem('poly',3.1644564238034825,34,3,-0.053054616734180104);adaBoost(decisionTree('entropy',19,10,0.7997432240896992,4,'None'),60,0.23185125040373183,'SAMME')	0.8471861025861006	111.08390355110168
maxAbsScaler();extraTreesClassifier(59,'entropy','log2',6,8,False,'balanced_subsample')	0.854772359027473	6.319515228271484
selectFwe(0.035036692908687335);maxAbsScaler();fastICA(60,'deflation','unit-variance','cube');varianceThreshold();minMaxScaler();selectFwe(0.026612898645357336);adaBoost(decisionTree('entropy',13,10,0.22147367000633478,8,'balanced'),12,0.04557743047553381,'SAMME')	invalid_ind (duplicated operator)	invalid_ind (duplicated operator)
fastICA(9,'parallel','arbitrary-variance','logcosh');maxAbsScaler();selectPercentile(64.18140201945707);maxAbsScaler();selectFwe(0.03622754835119975);qda(0.18231769176790835)	invalid_ind (duplicated operator)	invalid_ind (duplicated operator)
selectFwe(0.035036692908687335);maxAbsScaler();fastICA(72,'deflation','arbitrary-variance','exp');varianceThreshold();minMaxScaler();selectFwe(0.026612898645357336);adaBoost(decisionTree('entropy',13,10,0.18611318643856545,8,'balanced'),42,0.752492413817372,'SAMME')	invalid_ind (duplicated operator)	invalid_ind (duplicated operator)
selectPercentile(30.447849207387925);minMaxScaler();bernoulliNB(0.46685323647429533,False)	0.3342165226417064	3.1566836833953857
varianceThreshold();extraTreesClassifier(59,'entropy','log2',6,8,False,'balanced_subsample')	0.854772359027473	4.728766679763794
varianceThreshold();extraTreesClassifier(59,'gini','sqrt',6,8,True,'balanced')	0.8538366414947889	4.908392906188965
robustScaler(True,False);minMaxScaler();adaBoost(decisionTree('gini',21,10,0.951414059365631,2,'None'),14,0.2037442869711426,'SAMME')	0.8308809694562184	cached
varianceThreshold();extraTreesClassifier(59,'gini','sqrt',6,8,True,'balanced')	0.8538366414947889	cached
selectFwe(0.010417986502861193);randomForest(13,'gini',0.5024581652446669,13,3,False,'balanced')	0.8360537442603411	6.011214971542358
selectFwe(0.035036692908687335);maxAbsScaler();fastICA(72,'deflation','arbitrary-variance','exp');varianceThreshold();minMaxScaler();selectFwe(0.026612898645357336);adaBoost(decisionTree('gini',21,10,0.951414059365631,2,'None'),87,0.06659688043728257,'SAMME')	invalid_ind (duplicated operator)	invalid_ind (duplicated operator)
nystroem('sigmoid',2.7569208279202346,81,3,-0.024394023431307144);pca(0.6861274530090211,False);varianceThreshold();selectFwe(0.003942982807619537);varianceThreshold();adaBoost(decisionTree('entropy',13,10,0.18611318643856545,8,'balanced'),42,0.04557743047553381,'SAMME')	invalid_ind (duplicated operator)	invalid_ind (duplicated operator)
pca(0.7829566284286574,False);adaBoost(decisionTree('gini',30,13,0.4962045876091137,2,'None'),21,0.2037442869711426,'SAMME')	0.8560816981634372	10.25599217414856
varianceThreshold();pca(0.5006194296396518,False);robustScaler(True,True);adaBoost(decisionTree('gini',17,7,0.6491842034440893,13,'None'),85,0.04557743047553381,'SAMME')	0.8613815995073566	12.403038501739502
robustScaler(True,True);varianceThreshold();minMaxScaler();varianceThreshold();varianceThreshold();robustScaler(True,False);varianceThreshold();multinomialNB(0.42873060476695546,False)	invalid_ind (duplicated operator)	invalid_ind (duplicated operator)
fastICA(9,'parallel','arbitrary-variance','logcosh');minMaxScaler();selectPercentile(64.18140201945707);maxAbsScaler();selectFwe(0.03622754835119975);qda(0.18231769176790835)	0.8647481922108561	8.067599058151245
minMaxScaler();pca(0.7912579674065064,False);robustScaler(False,True);multinomialNB(7.654804674598834,False)	eval_error (Negative values in data passed to MultinomialNB (input X).)	eval_error (Negative values in data passed to MultinomialNB (input X).)
minMaxScaler();logisticRegression('l1','newton-cg',1000,10.032664434631641,'balanced')	eval_error (Solver newton-cg supports only 'l2' or None penalties, got l1 penalty.)	eval_error (Solver newton-cg supports only 'l2' or None penalties, got l1 penalty.)
qda(0.4128264130129372)	0.8546367877287654	cached
maxAbsScaler();adaBoost(decisionTree('gini',9,10,0.7997432240896992,4,'None'),87,0.06659688043728257,'SAMME')	0.8446426685682512	cached
fastICA(9,'parallel','arbitrary-variance','logcosh');varianceThreshold();selectPercentile(64.18140201945707);minMaxScaler();selectFwe(0.03622754835119975);qda(0.4520992389344862)	0.8607992796604444	10.214391708374023
minMaxScaler();logisticRegression('l1','newton-cg',1000,10.032664434631641,'balanced')	eval_error (Solver newton-cg supports only 'l2' or None penalties, got l1 penalty.)	eval_error (Solver newton-cg supports only 'l2' or None penalties, got l1 penalty.)
pca(0.5234425306231045,False);selectPercentile(95.32767057046128);minMaxScaler();adaBoost(decisionTree('entropy',12,8,0.8970335546151182,12,'None'),14,0.2037442869711426,'SAMME')	0.8562608832633403	7.6616997718811035
minMaxScaler();varianceThreshold();minMaxScaler();adaBoost(decisionTree('entropy',12,8,0.8970335546151182,12,'None'),31,0.9578379007455896,'SAMME')	invalid_ind (duplicated operator)	invalid_ind (duplicated operator)
robustScaler(True,False);minMaxScaler();adaBoost(decisionTree('gini',21,10,0.951414059365631,2,'None'),14,0.2037442869711426,'SAMME')	0.8308809694562184	16.11236023902893
pca(0.5234425306231045,False);logisticRegression('l1','newton-cg',1000,10.032664434631641,'balanced')	eval_error (Solver newton-cg supports only 'l2' or None penalties, got l1 penalty.)	eval_error (Solver newton-cg supports only 'l2' or None penalties, got l1 penalty.)
varianceThreshold();extraTreesClassifier(59,'entropy','log2',6,8,False,'balanced_subsample')	0.854772359027473	4.956306457519531
pca(0.5234425306231045,True);maxAbsScaler();maxAbsScaler();varianceThreshold();randomForest(13,'gini',0.5024581652446669,13,3,False,'balanced')	invalid_ind (duplicated operator)	invalid_ind (duplicated operator)
maxAbsScaler();extraTreesClassifier(59,'entropy','sqrt',15,8,False,'balanced_subsample')	0.8647120823761313	4.906927824020386
pca(0.7912579674065064,False);adaBoost(decisionTree('gini',30,13,0.4962045876091137,2,'None'),21,0.2037442869711426,'SAMME')	0.8560816981634372	cached
varianceThreshold();adaBoost(decisionTree('gini',9,14,0.9861660981197825,20,'None'),87,0.06659688043728257,'SAMME')	0.8488472160995378	cached
pca(0.5234425306231045,True);varianceThreshold();minMaxScaler();adaBoost(decisionTree('entropy',4,8,0.8970335546151182,12,'None'),87,0.06659688043728257,'SAMME')	0.8662745826032241	17.3906672000885
pca(0.6088548359329999,False);varianceThreshold();minMaxScaler();adaBoost(decisionTree('entropy',12,8,0.8970335546151182,12,'None'),14,0.2037442869711426,'SAMME')	0.8617013162934055	7.854506254196167
fastICA(9,'parallel','arbitrary-variance','logcosh');varianceThreshold();selectPercentile(64.18140201945707);maxAbsScaler();selectFwe(0.03622754835119975);qda(0.18231769176790835)	0.8666089988518797	cached
varianceThreshold();pca(0.7829566284286574,True);robustScaler(False,True);adaBoost(decisionTree('gini',5,5,0.6576431578628106,10,'balanced'),87,0.06659688043728257,'SAMME')	0.861091510544919	cached
varianceThreshold();extraTreesClassifier(59,'gini','sqrt',6,8,True,'balanced')	0.8538366414947889	3.862346649169922
maxAbsScaler();adaBoost(decisionTree('entropy',12,10,0.8970335546151182,12,'None'),14,0.2037442869711426,'SAMME')	0.836276400252383	12.635479927062988
varianceThreshold();pca(0.7829566284286574,False);robustScaler(False,True);adaBoost(decisionTree('gini',5,5,0.6576431578628106,10,'balanced'),87,0.06659688043728257,'SAMME')	0.861091510544919	20.222164154052734
varianceThreshold();pca(0.7829566284286574,True);robustScaler(False,True);multinomialNB(7.654804674598834,False)	eval_error (Negative values in data passed to MultinomialNB (input X).)	eval_error (Negative values in data passed to MultinomialNB (input X).)
pca(0.5234425306231045,False);varianceThreshold();minMaxScaler();adaBoost(decisionTree('gini',9,8,0.7997432240896992,4,'None'),87,0.06659688043728257,'SAMME')	0.8610546740600593	9.755810260772705
robustScaler(True,False);maxAbsScaler();adaBoost(decisionTree('gini',21,10,0.951414059365631,2,'None'),87,0.06659688043728257,'SAMME')	0.838898992875991	43.362197160720825
varianceThreshold();maxAbsScaler();pca(0.7945679299341009,True);maxAbsScaler();adaBoost(decisionTree('gini',9,8,0.7997432240896992,4,'None'),87,0.06659688043728257,'SAMME')	invalid_ind (duplicated operator)	invalid_ind (duplicated operator)
varianceThreshold();pca(0.7829566284286574,True);robustScaler(False,True);adaBoost(decisionTree('gini',5,5,0.6576431578628106,10,'balanced'),87,0.06659688043728257,'SAMME')	0.861091510544919	cached
fastICA(9,'parallel','arbitrary-variance','logcosh');varianceThreshold();selectPercentile(64.18140201945707);maxAbsScaler();selectFwe(0.03622754835119975);qda(0.18231769176790835)	0.8666089988518797	cached
minMaxScaler();logisticRegression('l1','newton-cg',1000,10.032664434631641,'balanced')	eval_error (Solver newton-cg supports only 'l2' or None penalties, got l1 penalty.)	eval_error (Solver newton-cg supports only 'l2' or None penalties, got l1 penalty.)
pca(0.5234425306231045,True);varianceThreshold();minMaxScaler();adaBoost(decisionTree('entropy',4,8,0.8970335546151182,12,'None'),87,0.06659688043728257,'SAMME')	0.8662745826032241	cached
nystroem('sigmoid',2.7569208279202346,81,3,-0.024394023431307144);pca(0.6861274530090211,False);varianceThreshold();selectFwe(0.003942982807619537);varianceThreshold();adaBoost(decisionTree('gini',17,10,0.18611318643856545,8,'None'),85,0.04557743047553381,'SAMME')	invalid_ind (duplicated operator)	invalid_ind (duplicated operator)
varianceThreshold();extraTreesClassifier(59,'gini','sqrt',6,8,True,'balanced')	0.8538366414947889	4.365337133407593
nystroem('sigmoid',1.0357421358344978,24,3,0.3851255842169867);extraTreesClassifier(59,'gini','sqrt',6,8,True,'balanced')	0.36353262304573475	4.435499668121338
fastICA(9,'parallel','arbitrary-variance','logcosh');minMaxScaler();selectPercentile(64.18140201945707);maxAbsScaler();selectFwe(0.03622754835119975);qda(0.4128264130129372)	0.8620191177660267	8.28687071800232
fastICA(9,'parallel','arbitrary-variance','logcosh');pca(0.7912579674065064,False);selectPercentile(64.18140201945707);maxAbsScaler();selectFwe(0.03622754835119975);qda(0.47105831113090635)	0.7511594091691555	8.25917673110962
qda(0.18231769176790835)	0.8445542060007497	2.4418113231658936
varianceThreshold();pca(0.5006194296396518,False);robustScaler(True,True);adaBoost(decisionTree('entropy',13,7,0.6491842034440893,13,'balanced'),42,0.04557743047553381,'SAMME')	0.8594359009182458	10.77713656425476
nystroem('sigmoid',2.7569208279202346,81,3,-0.024394023431307144);pca(0.6861274530090211,False);varianceThreshold();selectFwe(0.003942982807619537);selectFwe(0.02394302797062761);adaBoost(decisionTree('entropy',13,10,0.18611318643856545,8,'balanced'),42,0.04557743047553381,'SAMME')	invalid_ind (duplicated operator)	invalid_ind (duplicated operator)
pca(0.7912579674065064,False);adaBoost(decisionTree('gini',30,13,0.4962045876091137,2,'None'),21,0.2037442869711426,'SAMME')	0.8560816981634372	cached
pca(0.5234425306231045,False);selectPercentile(95.32767057046128);minMaxScaler();adaBoost(decisionTree('gini',30,8,0.8970335546151182,12,'None'),21,0.2037442869711426,'SAMME')	0.8513619310509135	4.98777174949646
varianceThreshold();adaBoost(decisionTree('gini',30,13,0.4962045876091137,2,'None'),21,0.2037442869711426,'SAMME')	0.8410915025506395	10.503174304962158
pca(0.6088548359329999,False);varianceThreshold();minMaxScaler();adaBoost(decisionTree('entropy',12,8,0.8970335546151182,12,'None'),14,0.2037442869711426,'SAMME')	0.8617013162934055	cached
maxAbsScaler();extraTreesClassifier(59,'entropy','sqrt',15,8,False,'balanced_subsample')	0.8647120823761313	cached
pca(0.7829566284286574,False);qda(0.18231769176790835)	0.8565677060602701	3.244349718093872
pca(0.7912579674065064,False);adaBoost(decisionTree('entropy',12,13,0.4962045876091137,2,'None'),14,0.2037442869711426,'SAMME')	0.8548837676574557	9.047765731811523
robustScaler(True,False);minMaxScaler();adaBoost(decisionTree('gini',21,10,0.7905240920880617,2,'None'),20,0.2037442869711426,'SAMME')	0.8333574726040098	16.69036602973938
varianceThreshold();pca(0.7829566284286574,False);robustScaler(False,True);adaBoost(decisionTree('entropy',2,19,0.839342851506389,20,'None'),87,0.06659688043728257,'SAMME')	0.8480990620746773	27.3194899559021
minMaxScaler();varianceThreshold();minMaxScaler();adaBoost(decisionTree('entropy',12,8,0.8970335546151182,12,'None'),31,0.9578379007455896,'SAMME')	invalid_ind (duplicated operator)	invalid_ind (duplicated operator)
fastICA(9,'parallel','arbitrary-variance','logcosh');varianceThreshold();selectPercentile(64.18140201945707);maxAbsScaler();selectFwe(0.03622754835119975);qda(0.18231769176790835)	0.8666089988518797	cached
varianceThreshold();pca(0.5006194296396518,False);robustScaler(True,True);adaBoost(decisionTree('gini',17,7,0.6491842034440893,13,'None'),85,0.04557743047553381,'SAMME')	0.8613815995073566	cached
pca(0.5234425306231045,False);varianceThreshold();minMaxScaler();adaBoost(decisionTree('entropy',12,8,0.8970335546151182,12,'None'),31,0.9578379007455896,'SAMME')	0.8548306055018398	cached
varianceThreshold();extraTreesClassifier(59,'entropy','log2',6,8,False,'balanced_subsample')	0.854772359027473	cached
fastICA(9,'parallel','arbitrary-variance','logcosh');minMaxScaler();selectPercentile(64.18140201945707);maxAbsScaler();selectFwe(0.03622754835119975);adaBoost(decisionTree('gini',30,13,0.4962045876091137,2,'None'),21,0.2037442869711426,'SAMME')	0.8440244580998391	10.425124883651733
varianceThreshold();pca(0.5006194296396518,False);robustScaler(True,True);adaBoost(decisionTree('gini',17,7,0.6491842034440893,13,'None'),85,0.04557743047553381,'SAMME')	0.8613815995073566	13.069249391555786
pca(0.5234425306231045,False);varianceThreshold();minMaxScaler();adaBoost(decisionTree('entropy',12,8,0.8970335546151182,12,'None'),14,0.2037442869711426,'SAMME')	0.8563082873326818	7.473388671875
fastICA(9,'parallel','arbitrary-variance','logcosh');minMaxScaler();selectPercentile(64.18140201945707);maxAbsScaler();selectFwe(0.03622754835119975);qda(0.18231769176790835)	0.8647481922108561	9.58841586112976
selectFwe(0.035036692908687335);maxAbsScaler();fastICA(72,'deflation','arbitrary-variance','exp');varianceThreshold();minMaxScaler();selectFwe(0.026612898645357336);adaBoost(decisionTree('entropy',13,10,0.18611318643856545,8,'balanced'),42,0.752492413817372,'SAMME')	invalid_ind (duplicated operator)	invalid_ind (duplicated operator)
selectFwe(0.035036692908687335);maxAbsScaler();fastICA(72,'deflation','arbitrary-variance','exp');varianceThreshold();minMaxScaler();selectFwe(0.026612898645357336);adaBoost(decisionTree('entropy',13,10,0.18611318643856545,8,'balanced'),42,0.752492413817372,'SAMME')	invalid_ind (duplicated operator)	invalid_ind (duplicated operator)
varianceThreshold();varianceThreshold();robustScaler(False,True);adaBoost(decisionTree('gini',5,5,0.6576431578628106,10,'balanced'),87,0.06659688043728257,'SAMME')	invalid_ind (duplicated operator)	invalid_ind (duplicated operator)
minMaxScaler();logisticRegression('l1','newton-cg',1000,10.032664434631641,'balanced')	eval_error (Solver newton-cg supports only 'l2' or None penalties, got l1 penalty.)	eval_error (Solver newton-cg supports only 'l2' or None penalties, got l1 penalty.)
maxAbsScaler();extraTreesClassifier(59,'entropy','sqrt',15,8,False,'balanced_subsample')	0.8647120823761313	5.080892324447632
pca(0.7829566284286574,True);extraTreesClassifier(59,'gini','sqrt',6,8,True,'balanced')	0.8608479592234595	4.51389741897583
maxAbsScaler();selectPercentile(33.20090690501258);varianceThreshold();minMaxScaler();selectFwe(0.03589056197050693);adaBoost(decisionTree('gini',17,14,0.6491842034440893,13,'None'),85,0.752492413817372,'SAMME')	0.8546173763925484	15.399251699447632
pca(0.5234425306231045,False);logisticRegression('l1','newton-cg',1000,10.032664434631641,'balanced')	eval_error (Solver newton-cg supports only 'l2' or None penalties, got l1 penalty.)	eval_error (Solver newton-cg supports only 'l2' or None penalties, got l1 penalty.)
varianceThreshold();adaBoost(decisionTree('gini',9,8,0.7997432240896992,4,'None'),87,0.06659688043728257,'SAMME')	0.842931832414665	45.1211953163147
pca(0.7829566284286574,True);extraTreesClassifier(59,'gini','sqrt',6,8,True,'balanced')	0.8608479592234595	cached
pca(0.7829566284286574,False);qda(0.18231769176790835)	0.8565677060602701	cached
fastICA(9,'parallel','arbitrary-variance','logcosh');minMaxScaler();selectPercentile(64.18140201945707);fastICA(33,'deflation','arbitrary-variance','cube');selectFwe(0.03622754835119975);adaBoost(decisionTree('gini',5,5,0.6576431578628106,10,'balanced'),87,0.06659688043728257,'SAMME')	invalid_ind (duplicated operator)	invalid_ind (duplicated operator)
varianceThreshold();varianceThreshold();selectPercentile(64.18140201945707);adaBoost(decisionTree('gini',5,5,0.6576431578628106,10,'balanced'),87,0.06659688043728257,'SAMME')	invalid_ind (duplicated operator)	invalid_ind (duplicated operator)
nystroem('sigmoid',2.7569208279202346,81,3,-0.024394023431307144);pca(0.5234425306231045,False);varianceThreshold();selectFwe(0.003942982807619537);varianceThreshold();adaBoost(decisionTree('gini',17,10,0.18611318643856545,8,'None'),85,0.04557743047553381,'SAMME')	invalid_ind (duplicated operator)	invalid_ind (duplicated operator)
pca(0.6861274530090211,False);logisticRegression('l1','newton-cg',1000,10.032664434631641,'balanced')	eval_error (Solver newton-cg supports only 'l2' or None penalties, got l1 penalty.)	eval_error (Solver newton-cg supports only 'l2' or None penalties, got l1 penalty.)
maxAbsScaler();selectPercentile(64.18140201945707);maxAbsScaler();selectFwe(0.03622754835119975);qda(0.18231769176790835)	invalid_ind (duplicated operator)	invalid_ind (duplicated operator)
varianceThreshold();pca(0.7829566284286574,True);robustScaler(False,True);qda(0.18231769176790835)	0.8213677576242769	3.213226079940796
varianceThreshold();pca(0.5006194296396518,False);robustScaler(True,True);adaBoost(decisionTree('entropy',13,7,0.6491842034440893,13,'balanced'),42,0.04557743047553381,'SAMME')	0.8594359009182458	cached
pca(0.5234425306231045,True);varianceThreshold();minMaxScaler();adaBoost(decisionTree('entropy',4,8,0.8970335546151182,12,'None'),87,0.06659688043728257,'SAMME')	0.8662745826032241	cached
pca(0.776490501531325,True);extraTreesClassifier(59,'gini','sqrt',6,8,True,'balanced')	0.8574459445852721	4.236234188079834
maxAbsScaler();extraTreesClassifier(59,'entropy','sqrt',15,8,False,'balanced_subsample')	0.8647120823761313	4.981886386871338
selectFwe(0.035036692908687335);maxAbsScaler();fastICA(72,'deflation','arbitrary-variance','exp');varianceThreshold();minMaxScaler();selectFwe(0.026612898645357336);adaBoost(decisionTree('entropy',13,10,0.18611318643856545,8,'balanced'),42,0.752492413817372,'SAMME')	invalid_ind (duplicated operator)	invalid_ind (duplicated operator)
fastICA(9,'parallel','arbitrary-variance','logcosh');varianceThreshold();robustScaler(False,True);maxAbsScaler();selectFwe(0.03622754835119975);qda(0.18231769176790835)	0.8657615106626194	9.775660276412964
pca(0.5234425306231045,False);varianceThreshold();minMaxScaler();adaBoost(decisionTree('gini',9,8,0.7997432240896992,4,'None'),87,0.06659688043728257,'SAMME')	0.8610546740600593	cached
fastICA(9,'parallel','arbitrary-variance','logcosh');varianceThreshold();extraTreesClassifier(59,'entropy','sqrt',15,8,False,'balanced_subsample')	0.8713387504460803	16.07106876373291
fastICA(9,'parallel','arbitrary-variance','logcosh');minMaxScaler();pca(0.7829566284286574,True);maxAbsScaler();selectFwe(0.03622754835119975);qda(0.18231769176790835)	0.8666089988518797	15.548624753952026
pca(0.7829566284286574,False);adaBoost(decisionTree('gini',30,13,0.4962045876091137,2,'None'),21,0.2037442869711426,'SAMME')	0.8560816981634372	18.32598376274109
fastICA(9,'parallel','arbitrary-variance','logcosh');pca(0.7912579674065064,False);selectPercentile(64.18140201945707);maxAbsScaler();selectFwe(0.03622754835119975);extraTreesClassifier(59,'gini','sqrt',6,8,True,'balanced')	0.7653994117533212	18.763915061950684
pca(0.5234425306231045,True);varianceThreshold();selectPercentile(64.18140201945707);maxAbsScaler();selectFwe(0.03622754835119975);qda(0.18231769176790835)	0.8665505226004612	7.0896594524383545
selectPercentile(64.18140201945707);extraTreesClassifier(59,'gini','sqrt',6,8,True,'balanced')	0.8610744946085187	9.245505809783936
varianceThreshold();qda(0.47105831113090635)	0.8577950628748982	6.0607147216796875
selectFwe(0.035036692908687335);maxAbsScaler();fastICA(72,'deflation','arbitrary-variance','exp');varianceThreshold();minMaxScaler();selectFwe(0.026612898645357336);adaBoost(decisionTree('entropy',13,10,0.18611318643856545,8,'balanced'),42,0.752492413817372,'SAMME')	invalid_ind (duplicated operator)	invalid_ind (duplicated operator)
pca(0.5234425306231045,True);varianceThreshold();minMaxScaler();adaBoost(decisionTree('entropy',4,8,0.8970335546151182,12,'None'),87,0.06659688043728257,'SAMME')	0.8662745826032241	cached
pca(0.5234425306231045,False);selectPercentile(10.47002727853915);minMaxScaler();extraTreesClassifier(59,'entropy','sqrt',2,8,False,'balanced_subsample')	0.6282308010497583	9.131111860275269
pca(0.7912579674065064,False);adaBoost(decisionTree('entropy',12,13,0.17018998671045638,2,'None'),14,0.2037442869711426,'SAMME')	0.8402916440237351	11.220931053161621
maxAbsScaler();selectPercentile(33.20090690501258);varianceThreshold();minMaxScaler();pca(0.5234425306231045,False);adaBoost(decisionTree('gini',17,14,0.6491842034440893,13,'None'),85,0.752492413817372,'SAMME')	0.8392026676659519	19.01111340522766
selectFwe(0.03589056197050693);logisticRegression('l1','newton-cg',1000,10.032664434631641,'balanced')	eval_error (Solver newton-cg supports only 'l2' or None penalties, got l1 penalty.)	eval_error (Solver newton-cg supports only 'l2' or None penalties, got l1 penalty.)
nystroem('sigmoid',2.7569208279202346,81,3,-0.024394023431307144);pca(0.6861274530090211,False);varianceThreshold();selectFwe(0.003942982807619537);selectFwe(0.02394302797062761);qda(0.18231769176790835)	invalid_ind (duplicated operator)	invalid_ind (duplicated operator)
fastICA(64,'parallel','arbitrary-variance','logcosh');minMaxScaler();selectPercentile(64.18140201945707);maxAbsScaler();selectFwe(0.03622754835119975);qda(0.3480987310930673)	0.8321729969632468	42.536105155944824
pca(0.6088548359329999,False);varianceThreshold();minMaxScaler();adaBoost(decisionTree('gini',30,8,0.8970335546151182,12,'None'),21,0.45749900549324846,'SAMME')	0.860163698673316	13.387739896774292
fastICA(9,'parallel','arbitrary-variance','logcosh');minMaxScaler();selectPercentile(64.18140201945707);maxAbsScaler();selectFwe(0.03622754835119975);qda(0.18231769176790835)	0.8647481922108561	cached
fastICA(9,'parallel','arbitrary-variance','logcosh');varianceThreshold();selectPercentile(64.18140201945707);maxAbsScaler();selectFwe(0.03622754835119975);qda(0.18231769176790835)	0.8666089988518797	cached
minMaxScaler();logisticRegression('l1','newton-cg',1000,10.032664434631641,'balanced')	eval_error (Solver newton-cg supports only 'l2' or None penalties, got l1 penalty.)	eval_error (Solver newton-cg supports only 'l2' or None penalties, got l1 penalty.)
maxAbsScaler();adaBoost(decisionTree('gini',30,8,0.8970335546151182,12,'None'),21,0.2037442869711426,'SAMME')	0.8419618084895545	24.668599605560303
pca(0.6088548359329999,False);varianceThreshold();minMaxScaler();adaBoost(decisionTree('gini',20,8,0.8592608764467657,4,'balanced'),14,0.2037442869711426,'SAMME')	0.8631462230735831	6.139760494232178
fastICA(9,'parallel','arbitrary-variance','logcosh');varianceThreshold();minMaxScaler();adaBoost(decisionTree('entropy',4,8,0.8970335546151182,12,'None'),87,0.06659688043728257,'SAMME')	0.8707422708673743	37.618897676467896
adaBoost(decisionTree('entropy',13,10,0.18611318643856545,8,'balanced'),42,0.04557743047553381,'SAMME')	0.8464305743869078	12.229729175567627
varianceThreshold();pca(0.5006194296396518,False);robustScaler(True,True);adaBoost(decisionTree('gini',17,7,0.6491842034440893,13,'None'),85,0.04557743047553381,'SAMME')	0.8613815995073566	10.043213129043579
minMaxScaler();logisticRegression('l1','newton-cg',1000,10.032664434631641,'balanced')	eval_error (Solver newton-cg supports only 'l2' or None penalties, got l1 penalty.)	eval_error (Solver newton-cg supports only 'l2' or None penalties, got l1 penalty.)
adaBoost(decisionTree('entropy',13,10,0.18611318643856545,8,'balanced'),42,0.04557743047553381,'SAMME')	0.8464305743869078	cached
pca(0.6088548359329999,False);varianceThreshold();minMaxScaler();adaBoost(decisionTree('entropy',12,8,0.8970335546151182,12,'None'),14,0.2037442869711426,'SAMME')	0.8617013162934055	cached
selectFwe(0.035036692908687335);maxAbsScaler();fastICA(72,'deflation','arbitrary-variance','exp');varianceThreshold();minMaxScaler();selectFwe(0.026612898645357336);adaBoost(decisionTree('entropy',13,10,0.18611318643856545,8,'balanced'),42,0.752492413817372,'SAMME')	invalid_ind (duplicated operator)	invalid_ind (duplicated operator)
pca(0.5234425306231045,False);varianceThreshold();minMaxScaler();adaBoost(decisionTree('gini',9,8,0.7997432240896992,4,'None'),87,0.06659688043728257,'SAMME')	0.8610546740600593	cached
fastICA(9,'parallel','arbitrary-variance','logcosh');varianceThreshold();selectPercentile(64.18140201945707);maxAbsScaler();selectFwe(0.03622754835119975);qda(0.18231769176790835)	0.8666089988518797	cached
maxAbsScaler();selectPercentile(64.18140201945707);maxAbsScaler();selectFwe(0.03622754835119975);qda(0.18231769176790835)	invalid_ind (duplicated operator)	invalid_ind (duplicated operator)
fastICA(9,'parallel','arbitrary-variance','logcosh');minMaxScaler();pca(0.7829566284286574,True);maxAbsScaler();selectFwe(0.03622754835119975);qda(0.18231769176790835)	0.8666089988518797	cached
fastICA(9,'parallel','arbitrary-variance','logcosh');minMaxScaler();pca(0.7829566284286574,True);maxAbsScaler();selectFwe(0.03622754835119975);qda(0.18231769176790835)	0.8666089988518797	cached
selectFwe(0.03622754835119975);maxAbsScaler();fastICA(72,'deflation','arbitrary-variance','exp');varianceThreshold();minMaxScaler();selectFwe(0.026612898645357336);adaBoost(decisionTree('entropy',13,10,0.18611318643856545,8,'balanced'),42,0.752492413817372,'SAMME')	invalid_ind (duplicated operator)	invalid_ind (duplicated operator)
minMaxScaler();logisticRegression('l1','newton-cg',1000,10.032664434631641,'balanced')	eval_error (Solver newton-cg supports only 'l2' or None penalties, got l1 penalty.)	eval_error (Solver newton-cg supports only 'l2' or None penalties, got l1 penalty.)
selectFwe(0.026241606808389353);varianceThreshold();maxAbsScaler();varianceThreshold();varianceThreshold();decisionTree('gini',1,13,0.5693012942281039,13,'balanced')	invalid_ind (duplicated operator)	invalid_ind (duplicated operator)
pca(0.6088548359329999,False);varianceThreshold();minMaxScaler();adaBoost(decisionTree('gini',20,8,0.8592608764467657,4,'balanced'),14,0.2037442869711426,'SAMME')	0.8631462230735831	cached
selectFwe(0.035036692908687335);maxAbsScaler();fastICA(96,'deflation','arbitrary-variance','logcosh');varianceThreshold();minMaxScaler();selectFwe(0.026612898645357336);adaBoost(decisionTree('entropy',13,10,0.18611318643856545,8,'balanced'),42,0.752492413817372,'SAMME')	invalid_ind (duplicated operator)	invalid_ind (duplicated operator)
maxAbsScaler();selectPercentile(64.18140201945707);pca(0.6088548359329999,False);selectFwe(0.03622754835119975);qda(0.18231769176790835)	0.8138500115002796	3.2413246631622314
pca(0.776490501531325,True);extraTreesClassifier(59,'gini','sqrt',6,8,True,'balanced')	0.8574459445852721	4.745347023010254
minMaxScaler();logisticRegression('l1','newton-cg',1000,10.032664434631641,'balanced')	eval_error (Solver newton-cg supports only 'l2' or None penalties, got l1 penalty.)	eval_error (Solver newton-cg supports only 'l2' or None penalties, got l1 penalty.)
fastICA(9,'parallel','arbitrary-variance','logcosh');minMaxScaler();selectPercentile(64.18140201945707);maxAbsScaler();selectFwe(0.035036692908687335);qda(0.18231769176790835)	0.8647481922108561	8.964203119277954
varianceThreshold();nystroem('cosine',2.1720333970113375,62,5,0.6531878152576625);robustScaler(True,True);robustScaler(True,False);maxAbsScaler();adaBoost(decisionTree('gini',5,14,0.7756529344130528,6,'None'),39,0.05102875962905668,'SAMME')	invalid_ind (duplicated operator)	invalid_ind (duplicated operator)
fastICA(9,'parallel','arbitrary-variance','logcosh');pca(0.7912579674065064,False);selectPercentile(64.18140201945707);maxAbsScaler();selectFwe(0.03622754835119975);extraTreesClassifier(59,'gini','sqrt',6,8,True,'balanced')	0.7653994117533212	9.737547874450684
pca(0.7829566284286574,False);adaBoost(decisionTree('entropy',12,13,0.17018998671045638,2,'None'),14,0.2037442869711426,'SAMME')	0.8402916440237351	8.060371160507202
pca(0.9093691983859182,False);qda(0.8778344196300802)	0.8641268206185566	4.5744311809539795
nystroem('cosine',0.353305372665767,72,2,-0.32220017282891766);qda(0.18231769176790835)	0.7411452795910523	6.834025621414185
fastICA(9,'parallel','arbitrary-variance','logcosh');minMaxScaler();pca(0.6088548359329999,True);maxAbsScaler();selectFwe(0.03622754835119975);qda(0.18231769176790835)	0.8654667835147608	11.168225049972534
pca(0.5234425306231045,True);extraTreesClassifier(59,'gini','sqrt',6,8,True,'balanced')	0.8682874777226036	6.6384663581848145
nystroem('sigmoid',2.7569208279202346,81,3,-0.024394023431307144);pca(0.7829566284286574,False);varianceThreshold();selectFwe(0.003942982807619537);varianceThreshold();adaBoost(decisionTree('gini',17,10,0.18611318643856545,8,'None'),85,0.04557743047553381,'SAMME')	invalid_ind (duplicated operator)	invalid_ind (duplicated operator)
nystroem('sigmoid',2.7569208279202346,81,3,-0.024394023431307144);pca(0.6861274530090211,False);varianceThreshold();selectFwe(0.003942982807619537);selectFwe(0.035036692908687335);qda(0.18231769176790835)	invalid_ind (duplicated operator)	invalid_ind (duplicated operator)
selectFwe(0.02394302797062761);maxAbsScaler();fastICA(72,'deflation','arbitrary-variance','exp');varianceThreshold();minMaxScaler();selectFwe(0.026612898645357336);adaBoost(decisionTree('entropy',13,10,0.18611318643856545,8,'balanced'),42,0.752492413817372,'SAMME')	invalid_ind (duplicated operator)	invalid_ind (duplicated operator)
maxAbsScaler();varianceThreshold();minMaxScaler();adaBoost(decisionTree('gini',20,8,0.8592608764467657,4,'balanced'),14,0.2037442869711426,'SAMME')	0.8257240511499889	17.6100754737854
selectFwe(0.035036692908687335);maxAbsScaler();fastICA(72,'deflation','arbitrary-variance','exp');varianceThreshold();minMaxScaler();selectFwe(0.026612898645357336);adaBoost(decisionTree('entropy',13,10,0.18611318643856545,8,'balanced'),14,0.2037442869711426,'SAMME')	invalid_ind (duplicated operator)	invalid_ind (duplicated operator)
varianceThreshold();extraTreesClassifier(59,'gini','sqrt',15,8,True,'balanced')	0.8538366414947889	5.029429912567139
adaBoost(decisionTree('entropy',13,10,0.18611318643856545,8,'balanced'),42,0.04557743047553381,'SAMME')	0.8464305743869078	17.857574224472046
pca(0.7829566284286574,True);extraTreesClassifier(59,'entropy','sqrt',6,8,False,'balanced_subsample')	0.86490745273029	5.575169324874878
pca(0.7829566284286574,False);varianceThreshold();minMaxScaler();adaBoost(decisionTree('gini',20,8,0.8592608764467657,4,'balanced'),14,0.2037442869711426,'SAMME')	0.8514620334389921	9.411047220230103
varianceThreshold();selectPercentile(72.810531626125);maxAbsScaler();selectFwe(0.03622754835119975);qda(0.18231769176790835)	0.8226959815707229	3.5245471000671387
pca(0.7829566284286574,False);varianceThreshold();minMaxScaler();adaBoost(decisionTree('entropy',12,8,0.8970335546151182,12,'None'),14,0.2037442869711426,'SAMME')	0.8524926194206788	12.82053017616272
pca(0.5234425306231045,True);varianceThreshold();qda(0.47105831113090635)	0.8691422735906249	3.3026981353759766
pca(0.6088548359329999,False);varianceThreshold();minMaxScaler();adaBoost(decisionTree('gini',20,8,0.8592608764467657,4,'balanced'),42,0.752492413817372,'SAMME')	0.8662161464466251	16.594605207443237
fastICA(9,'parallel','arbitrary-variance','logcosh');minMaxScaler();pca(0.6088548359329999,True);maxAbsScaler();selectFwe(0.03622754835119975);qda(0.18231769176790835)	0.8654667835147608	8.258413314819336
varianceThreshold();pca(0.5006194296396518,False);robustScaler(True,True);adaBoost(decisionTree('gini',17,7,0.6491842034440893,13,'None'),85,0.752492413817372,'SAMME')	0.8581137722307052	11.67944860458374
maxAbsScaler();selectPercentile(33.20090690501258);varianceThreshold();minMaxScaler();pca(0.5234425306231045,False);adaBoost(decisionTree('entropy',13,14,0.6491842034440893,13,'balanced'),42,0.04557743047553381,'SAMME')	0.8535521534054397	3.491722345352173
selectFwe(0.035036692908687335);maxAbsScaler();fastICA(96,'parallel','arbitrary-variance','logcosh');varianceThreshold();minMaxScaler();selectFwe(0.026612898645357336);adaBoost(decisionTree('entropy',13,10,0.18611318643856545,8,'balanced'),42,0.752492413817372,'SAMME')	invalid_ind (duplicated operator)	invalid_ind (duplicated operator)
nystroem('sigmoid',2.7569208279202346,81,3,-0.024394023431307144);pca(0.7829566284286574,False);varianceThreshold();selectFwe(0.003942982807619537);varianceThreshold();adaBoost(decisionTree('entropy',12,13,0.17018998671045638,2,'None'),14,0.2037442869711426,'SAMME')	invalid_ind (duplicated operator)	invalid_ind (duplicated operator)
selectFwe(0.03622754835119975);maxAbsScaler();fastICA(76,'parallel','unit-variance','logcosh');varianceThreshold();minMaxScaler();selectFwe(0.026612898645357336);adaBoost(decisionTree('entropy',13,10,0.18611318643856545,8,'balanced'),14,0.2037442869711426,'SAMME')	invalid_ind (duplicated operator)	invalid_ind (duplicated operator)
pca(0.9093691983859182,False);qda(0.18231769176790835)	0.85058263735445	2.6795766353607178
pca(0.7660342804646139,False);varianceThreshold();minMaxScaler();adaBoost(decisionTree('gini',1,2,0.4751691980039805,11,'balanced'),14,0.2037442869711426,'SAMME')	0.7827137895208645	6.839491844177246
pca(0.6088548359329999,False);qda(0.8778344196300802)	0.863272119763856	7.123632192611694
fastICA(9,'parallel','arbitrary-variance','logcosh');varianceThreshold();varianceThreshold();adaBoost(decisionTree('entropy',4,8,0.8970335546151182,12,'None'),87,0.06659688043728257,'SAMME')	invalid_ind (duplicated operator)	invalid_ind (duplicated operator)
fastICA(9,'parallel','arbitrary-variance','logcosh');varianceThreshold();selectPercentile(64.18140201945707);maxAbsScaler();selectFwe(0.03622754835119975);qda(0.8778344196300802)	0.8636840560983889	20.14255404472351
nystroem('sigmoid',2.7569208279202346,81,3,-0.024394023431307144);pca(0.6861274530090211,False);varianceThreshold();selectFwe(0.003942982807619537);selectFwe(0.035036692908687335);qda(0.04308971602874534)	invalid_ind (duplicated operator)	invalid_ind (duplicated operator)
selectFwe(0.035036692908687335);maxAbsScaler();fastICA(96,'deflation','arbitrary-variance','logcosh');varianceThreshold();minMaxScaler();selectFwe(0.026612898645357336);adaBoost(decisionTree('entropy',13,10,0.18611318643856545,8,'balanced'),42,0.752492413817372,'SAMME')	invalid_ind (duplicated operator)	invalid_ind (duplicated operator)
selectFwe(0.035036692908687335);maxAbsScaler();fastICA(96,'deflation','arbitrary-variance','logcosh');varianceThreshold();minMaxScaler();selectFwe(0.026612898645357336);adaBoost(decisionTree('entropy',13,10,0.18611318643856545,8,'balanced'),42,0.752492413817372,'SAMME')	invalid_ind (duplicated operator)	invalid_ind (duplicated operator)
selectFwe(0.02394302797062761);maxAbsScaler();fastICA(72,'deflation','arbitrary-variance','exp');varianceThreshold();minMaxScaler();fastICA(14,'deflation','unit-variance','cube');adaBoost(decisionTree('entropy',13,10,0.18611318643856545,8,'balanced'),42,0.752492413817372,'SAMME')	invalid_ind (duplicated operator)	invalid_ind (duplicated operator)
minMaxScaler();extraTreesClassifier(59,'gini','sqrt',15,8,True,'balanced')	0.8538366414947889	11.227887153625488
pca(0.7829566284286574,False);adaBoost(decisionTree('gini',17,10,0.18611318643856545,8,'None'),85,0.04557743047553381,'SAMME')	0.8536847306561137	34.52657508850098
fastICA(9,'parallel','arbitrary-variance','logcosh');minMaxScaler();pca(0.7829566284286574,True);fastICA(36,'deflation','unit-variance','exp');selectFwe(0.03622754835119975);qda(0.18231769176790835)	invalid_ind (duplicated operator)	invalid_ind (duplicated operator)
varianceThreshold();nystroem('cosine',2.1720333970113375,62,5,0.6531878152576625);robustScaler(True,True);robustScaler(True,False);maxAbsScaler();multinomialNB(0.9183663715446109,False)	invalid_ind (duplicated operator)	invalid_ind (duplicated operator)
fastICA(9,'parallel','arbitrary-variance','logcosh');minMaxScaler();pca(0.5234425306231045,True);maxAbsScaler();selectFwe(0.03622754835119975);qda(0.18231769176790835)	0.8654667835147608	21.325292587280273
fastICA(9,'parallel','arbitrary-variance','logcosh');minMaxScaler();selectPercentile(64.18140201945707);maxAbsScaler();selectFwe(0.03622754835119975);qda(0.18231769176790835)	0.8647481922108561	20.326489686965942
fastICA(9,'parallel','arbitrary-variance','logcosh');minMaxScaler();pca(0.6088548359329999,True);maxAbsScaler();selectFwe(0.035036692908687335);qda(0.22313407084585413)	0.8660071034956867	16.104307889938354
varianceThreshold();pca(0.6088548359329999,False);robustScaler(True,True);adaBoost(decisionTree('gini',17,7,0.6491842034440893,13,'None'),85,0.752492413817372,'SAMME')	0.8653584131634744	48.200616121292114
fastICA(9,'deflation','arbitrary-variance','logcosh');minMaxScaler();selectPercentile(64.18140201945707);maxAbsScaler();selectFwe(0.035036692908687335);qda(0.18231769176790835)	eval_timeout_error	eval_timeout_error
maxAbsScaler();selectPercentile(33.20090690501258);varianceThreshold();minMaxScaler();pca(0.7829566284286574,False);adaBoost(decisionTree('entropy',13,14,0.6491842034440893,13,'balanced'),42,0.04557743047553381,'SAMME')	0.8504274472073821	25.692259550094604
varianceThreshold();nystroem('cosine',2.1720333970113375,62,5,0.6531878152576625);robustScaler(True,True);robustScaler(True,False);maxAbsScaler();adaBoost(decisionTree('gini',5,14,0.7756529344130528,6,'None'),39,0.05102875962905668,'SAMME')	invalid_ind (duplicated operator)	invalid_ind (duplicated operator)
pca(0.5234425306231045,True);varianceThreshold();selectPercentile(64.18140201945707);maxAbsScaler();selectFwe(0.035036692908687335);qda(0.1575815563573112)	0.8665527804783382	9.04219126701355
varianceThreshold();selectPercentile(72.810531626125);maxAbsScaler();selectFwe(0.03622754835119975);qda(0.18231769176790835)	0.8226959815707229	8.815031051635742
pca(0.5234425306231045,False);varianceThreshold();minMaxScaler();logisticRegression('None','lbfgs',1000,12.437534809404697,'None')	0.8680095568790659	11.959703922271729
selectFwe(0.03622754835119975);maxAbsScaler();fastICA(72,'parallel','arbitrary-variance','logcosh');varianceThreshold();minMaxScaler();selectFwe(0.026612898645357336);adaBoost(decisionTree('entropy',13,10,0.18611318643856545,8,'balanced'),42,0.752492413817372,'SAMME')	invalid_ind (duplicated operator)	invalid_ind (duplicated operator)
fastICA(9,'parallel','arbitrary-variance','logcosh');minMaxScaler();pca(0.5006194296396518,True);maxAbsScaler();selectFwe(0.03622754835119975);qda(0.18231769176790835)	0.8654667835147608	22.588761568069458
nystroem('sigmoid',2.7569208279202346,81,3,-0.024394023431307144);pca(0.7829566284286574,False);varianceThreshold();selectFwe(0.003942982807619537);varianceThreshold();adaBoost(decisionTree('gini',9,10,0.7997432240896992,4,'None'),87,0.06659688043728257,'SAMME')	invalid_ind (duplicated operator)	invalid_ind (duplicated operator)
fastICA(9,'deflation','arbitrary-variance','exp');minMaxScaler();pca(0.7829566284286574,True);maxAbsScaler();selectFwe(0.03622754835119975);qda(0.18231769176790835)	0.8608129580040309	19.48284411430359
adaBoost(decisionTree('entropy',13,10,0.18611318643856545,8,'balanced'),42,0.04557743047553381,'SAMME')	0.8464305743869078	cached
fastICA(9,'parallel','arbitrary-variance','logcosh');minMaxScaler();qda(0.47105831113090635)	0.8604218492497194	25.219173431396484
fastICA(72,'deflation','arbitrary-variance','exp');minMaxScaler();pca(0.7829566284286574,True);maxAbsScaler();selectFwe(0.035036692908687335);qda(0.016693633136202313)	0.8157009320952877	107.10245490074158
nystroem('cosine',0.353305372665767,72,2,-0.32220017282891766);qda(0.858163981781694)	0.7736365704262157	5.675721883773804
fastICA(9,'parallel','arbitrary-variance','logcosh');minMaxScaler();pca(0.6088548359329999,True);maxAbsScaler();selectFwe(0.03622754835119975);qda(0.18231769176790835)	0.8654667835147608	cached
maxAbsScaler();varianceThreshold();minMaxScaler();adaBoost(decisionTree('gini',20,8,0.8592608764467657,4,'balanced'),14,0.2037442869711426,'SAMME')	0.8257240511499889	31.453046798706055
pca(0.5234425306231045,False);varianceThreshold();minMaxScaler();adaBoost(decisionTree('gini',17,8,0.18611318643856545,8,'None'),85,0.04557743047553381,'SAMME')	0.8602050635924028	19.058529138565063
fastICA(9,'parallel','arbitrary-variance','logcosh');varianceThreshold();qda(0.47105831113090635)	0.3333333333333333	8.533527135848999
adaBoost(decisionTree('entropy',13,6,0.18611318643856545,8,'balanced'),42,0.04557743047553381,'SAMME')	0.8464305743869078	14.111576080322266
pca(0.5234425306231045,True);varianceThreshold();extraTreesClassifier(59,'entropy','sqrt',15,8,False,'balanced_subsample')	0.8705792897637916	2.7705001831054688
pca(0.6808836683001569,False);varianceThreshold();varianceThreshold();adaBoost(decisionTree('gini',20,8,0.8592608764467657,4,'balanced'),42,0.4055010078710509,'SAMME')	invalid_ind (duplicated operator)	invalid_ind (duplicated operator)
maxAbsScaler();varianceThreshold();minMaxScaler();adaBoost(decisionTree('gini',20,8,0.8592608764467657,4,'balanced'),14,0.2037442869711426,'SAMME')	0.8257240511499889	cached
pca(0.7660342804646139,False);varianceThreshold();minMaxScaler();adaBoost(decisionTree('gini',1,2,0.4751691980039805,11,'balanced'),14,0.2037442869711426,'SAMME')	0.7827137895208645	cached
fastICA(97,'parallel','arbitrary-variance','cube');minMaxScaler();varianceThreshold();pca(0.5304762547381698,True);fastICA(49,'parallel','unit-variance','exp');mlpClassifier((29, 3),0.003320637404077289,0.01717468462911087,'adam','logistic')	invalid_ind (duplicated operator)	invalid_ind (duplicated operator)
pca(0.7890452492526716,True);varianceThreshold();extraTreesClassifier(59,'entropy','sqrt',15,8,False,'balanced_subsample')	0.86490745273029	5.6002466678619385
nystroem('sigmoid',2.7569208279202346,81,3,-0.024394023431307144);pca(0.5234425306231045,False);varianceThreshold();selectFwe(0.003942982807619537);selectFwe(0.035036692908687335);qda(0.04308971602874534)	invalid_ind (duplicated operator)	invalid_ind (duplicated operator)
pca(0.7026863327444307,False);varianceThreshold();minMaxScaler();adaBoost(decisionTree('gini',1,6,0.4751691980039805,11,'balanced'),14,0.2037442869711426,'SAMME')	0.8217648245487095	6.129459381103516
fastICA(9,'parallel','arbitrary-variance','logcosh');varianceThreshold();selectPercentile(64.18140201945707);pca(0.7829566284286574,False);selectFwe(0.03622754835119975);qda(0.18231769176790835)	0.3333333333333333	13.725050449371338
fastICA(9,'parallel','arbitrary-variance','logcosh');minMaxScaler();selectPercentile(64.18140201945707);maxAbsScaler();selectFwe(0.03622754835119975);qda(0.18231769176790835)	0.8647481922108561	13.678298234939575
fastICA(9,'deflation','arbitrary-variance','exp');varianceThreshold();qda(0.47105831113090635)	0.3333333333333333	14.30062198638916
maxAbsScaler();varianceThreshold();minMaxScaler();adaBoost(decisionTree('gini',20,8,0.8592608764467657,20,'balanced'),14,0.9189836990153015,'SAMME')	0.8189523674689131	11.555583715438843
pca(0.7660342804646139,False);varianceThreshold();minMaxScaler();adaBoost(decisionTree('gini',17,2,0.18611318643856545,8,'None'),85,0.04557743047553381,'SAMME')	0.8599809073018161	20.408384084701538
pca(0.7876011249780234,False);adaBoost(decisionTree('gini',17,10,0.18611318643856545,8,'None'),85,0.04557743047553381,'SAMME')	0.8536847306561137	21.26095747947693
pca(0.7829566284286574,False);adaBoost(decisionTree('gini',17,10,0.18611318643856545,8,'None'),85,0.04557743047553381,'SAMME')	0.8536847306561137	cached
pca(0.6088548359329999,False);varianceThreshold();minMaxScaler();adaBoost(decisionTree('gini',20,8,0.8592608764467657,4,'balanced'),42,0.752492413817372,'SAMME')	0.8662161464466251	cached
varianceThreshold();pca(0.6088548359329999,False);robustScaler(True,True);adaBoost(decisionTree('gini',17,7,0.6491842034440893,13,'None'),85,0.752492413817372,'SAMME')	0.8653584131634744	cached
pca(0.5006194296396518,True);qda(0.8778344196300802)	0.8734451119452873	3.3371691703796387
pca(0.5234425306231045,True);varianceThreshold();extraTreesClassifier(59,'entropy','sqrt',15,8,False,'balanced_subsample')	0.8705792897637916	4.918792247772217
pca(0.6088548359329999,False);qda(0.2514473277485336)	0.865782285999091	3.9850711822509766
fastICA(9,'parallel','arbitrary-variance','logcosh');varianceThreshold();minMaxScaler();adaBoost(decisionTree('entropy',13,8,0.8970335546151182,12,'balanced'),42,0.752492413817372,'SAMME')	0.8628256868580341	23.913947105407715
selectFwe(0.035036692908687335);maxAbsScaler();fastICA(96,'deflation','arbitrary-variance','logcosh');varianceThreshold();minMaxScaler();selectFwe(0.026612898645357336);adaBoost(decisionTree('entropy',4,10,0.18611318643856545,8,'None'),87,0.06659688043728257,'SAMME')	invalid_ind (duplicated operator)	invalid_ind (duplicated operator)
pca(0.5234425306231045,False);varianceThreshold();minMaxScaler();logisticRegression('None','lbfgs',1000,12.437534809404697,'None')	0.8680095568790659	cached
fastICA(9,'parallel','arbitrary-variance','logcosh');varianceThreshold();minMaxScaler();adaBoost(decisionTree('entropy',4,8,0.8970335546151182,12,'None'),87,0.06659688043728257,'SAMME')	0.8707422708673743	cached
fastICA(9,'parallel','arbitrary-variance','logcosh');minMaxScaler();pca(0.6088548359329999,False);maxAbsScaler();selectFwe(0.03622754835119975);qda(0.18231769176790835)	0.8654667835147608	10.04180097579956
selectFwe(0.035036692908687335);maxAbsScaler();fastICA(96,'deflation','arbitrary-variance','logcosh');varianceThreshold();minMaxScaler();selectFwe(0.026612898645357336);adaBoost(decisionTree('entropy',13,10,0.18611318643856545,8,'balanced'),42,0.752492413817372,'SAMME')	invalid_ind (duplicated operator)	invalid_ind (duplicated operator)
nystroem('sigmoid',2.7569208279202346,81,3,-0.024394023431307144);pca(0.6861274530090211,False);varianceThreshold();selectFwe(0.003942982807619537);selectFwe(0.035036692908687335);qda(0.04308971602874534)	invalid_ind (duplicated operator)	invalid_ind (duplicated operator)
maxAbsScaler();adaBoost(decisionTree('entropy',17,10,0.18611318643856545,8,'None'),85,0.04557743047553381,'SAMME')	0.8552403937478914	26.51177453994751
selectFwe(0.035036692908687335);maxAbsScaler();fastICA(96,'deflation','arbitrary-variance','logcosh');varianceThreshold();minMaxScaler();selectFwe(0.026612898645357336);adaBoost(decisionTree('entropy',13,10,0.18611318643856545,8,'balanced'),42,0.752492413817372,'SAMME')	invalid_ind (duplicated operator)	invalid_ind (duplicated operator)
pca(0.5234425306231045,True);varianceThreshold();extraTreesClassifier(59,'entropy','sqrt',15,8,False,'balanced_subsample')	0.8705792897637916	5.37878680229187
maxAbsScaler();varianceThreshold();minMaxScaler();adaBoost(decisionTree('gini',20,8,0.8592608764467657,4,'balanced'),14,0.2037442869711426,'SAMME')	0.8257240511499889	cached
pca(0.6088548359329999,False);varianceThreshold();minMaxScaler();adaBoost(decisionTree('gini',20,8,0.8592608764467657,4,'balanced'),42,0.752492413817372,'SAMME')	0.8662161464466251	cached
fastICA(9,'parallel','arbitrary-variance','logcosh');minMaxScaler();pca(0.6088548359329999,True);maxAbsScaler();selectFwe(0.035036692908687335);qda(0.22313407084585413)	0.8660071034956867	8.793256044387817
varianceThreshold();nystroem('cosine',2.1720333970113375,62,5,0.6531878152576625);robustScaler(True,True);robustScaler(True,False);maxAbsScaler();adaBoost(decisionTree('entropy',30,20,0.9485711668052722,15,'None'),84,0.036600789168702845,'SAMME')	invalid_ind (duplicated operator)	invalid_ind (duplicated operator)
adaBoost(decisionTree('entropy',13,6,0.18611318643856545,8,'balanced'),42,0.05102875962905668,'SAMME')	0.8497089914700455	16.078903436660767
varianceThreshold();nystroem('cosine',2.1720333970113375,62,5,0.6531878152576625);robustScaler(True,True);robustScaler(True,False);maxAbsScaler();adaBoost(decisionTree('gini',5,14,0.7756529344130528,6,'None'),39,0.04557743047553381,'SAMME')	invalid_ind (duplicated operator)	invalid_ind (duplicated operator)
pca(0.5234425306231045,False);varianceThreshold();minMaxScaler();adaBoost(decisionTree('entropy',8,16,0.7744084178412588,5,'balanced'),85,0.752492413817372,'SAMME')	0.8616159707507791	27.090643882751465
fastICA(9,'parallel','arbitrary-variance','logcosh');minMaxScaler();selectPercentile(64.18140201945707);maxAbsScaler();selectFwe(0.035036692908687335);qda(0.1575815563573112)	0.8676466426996203	8.605213165283203
pca(0.5234425306231045,True);varianceThreshold();selectPercentile(64.18140201945707);maxAbsScaler();selectFwe(0.03622754835119975);qda(0.18231769176790835)	0.8665505226004612	2.37164568901062
fastICA(9,'parallel','arbitrary-variance','logcosh');varianceThreshold();minMaxScaler();adaBoost(decisionTree('entropy',4,8,0.8970335546151182,12,'None'),87,0.06659688043728257,'SAMME')	0.8707422708673743	24.58037495613098
varianceThreshold();pca(0.6088548359329999,False);robustScaler(True,True);adaBoost(decisionTree('gini',17,7,0.6491842034440893,13,'None'),85,0.04557743047553381,'SAMME')	0.8642435476371085	10.534725189208984
maxAbsScaler();adaBoost(decisionTree('entropy',17,10,0.18611318643856545,8,'None'),85,0.04557743047553381,'SAMME')	0.8552403937478914	cached
varianceThreshold();nystroem('cosine',2.1720333970113375,62,5,0.6531878152576625);robustScaler(True,True);robustScaler(True,False);maxAbsScaler();adaBoost(decisionTree('gini',5,14,0.7756529344130528,6,'None'),39,0.04557743047553381,'SAMME')	invalid_ind (duplicated operator)	invalid_ind (duplicated operator)
fastICA(9,'parallel','arbitrary-variance','logcosh');minMaxScaler();selectPercentile(64.18140201945707);maxAbsScaler();selectFwe(0.03622754835119975);qda(0.18231769176790835)	0.8647481922108561	cached
fastICA(9,'parallel','arbitrary-variance','logcosh');varianceThreshold();minMaxScaler();adaBoost(decisionTree('entropy',4,8,0.8970335546151182,12,'None'),87,0.06659688043728257,'SAMME')	0.8707422708673743	cached
pca(0.5234425306231045,True);varianceThreshold();extraTreesClassifier(59,'entropy','sqrt',15,8,False,'balanced_subsample')	0.8705792897637916	cached
fastICA(9,'parallel','arbitrary-variance','logcosh');varianceThreshold();minMaxScaler();adaBoost(decisionTree('entropy',4,8,0.8970335546151182,12,'None'),87,0.06659688043728257,'SAMME')	0.8707422708673743	cached
fastICA(9,'parallel','arbitrary-variance','logcosh');varianceThreshold();minMaxScaler();adaBoost(decisionTree('entropy',4,8,0.8970335546151182,12,'None'),87,0.06659688043728257,'SAMME')	0.8707422708673743	cached
selectFwe(0.035036692908687335);maxAbsScaler();fastICA(96,'deflation','arbitrary-variance','logcosh');varianceThreshold();minMaxScaler();selectFwe(0.026612898645357336);adaBoost(decisionTree('entropy',13,10,0.18611318643856545,8,'balanced'),42,0.752492413817372,'SAMME')	invalid_ind (duplicated operator)	invalid_ind (duplicated operator)
pca(0.5234425306231045,True);varianceThreshold();extraTreesClassifier(59,'entropy','sqrt',15,8,False,'balanced_subsample')	0.8705792897637916	cached
pca(0.7890452492526716,True);varianceThreshold();extraTreesClassifier(59,'entropy','sqrt',15,8,False,'balanced_subsample')	0.86490745273029	cached
nystroem('sigmoid',2.1720333970113375,81,5,0.6531878152576625);pca(0.6861274530090211,False);varianceThreshold();selectFwe(0.003942982807619537);selectFwe(0.035036692908687335);qda(0.04308971602874534)	invalid_ind (duplicated operator)	invalid_ind (duplicated operator)
varianceThreshold();nystroem('cosine',2.7569208279202346,62,3,-0.024394023431307144);robustScaler(True,True);robustScaler(True,False);maxAbsScaler();adaBoost(decisionTree('gini',5,14,0.7756529344130528,6,'None'),39,0.04557743047553381,'SAMME')	invalid_ind (duplicated operator)	invalid_ind (duplicated operator)
pca(0.7660342804646139,True);varianceThreshold();selectPercentile(64.18140201945707);maxAbsScaler();selectFwe(0.03622754835119975);qda(0.18231769176790835)	0.8665505226004612	2.372634172439575
pca(0.5006194296396518,True);minMaxScaler();selectPercentile(64.18140201945707);maxAbsScaler();selectFwe(0.035036692908687335);qda(0.1575815563573112)	0.8715206387743362	2.821770429611206
fastICA(9,'parallel','arbitrary-variance','logcosh');minMaxScaler();selectPercentile(64.18140201945707);maxAbsScaler();selectFwe(0.03622754835119975);qda(0.18231769176790835)	0.8647481922108561	9.670971155166626
fastICA(9,'parallel','arbitrary-variance','logcosh');minMaxScaler();selectPercentile(64.18140201945707);maxAbsScaler();selectFwe(0.03622754835119975);qda(0.1575815563573112)	0.8676466426996203	11.917336225509644
fastICA(9,'parallel','arbitrary-variance','logcosh');qda(0.8778344196300802)	0.3333333333333333	11.054023027420044
varianceThreshold();pca(0.6088548359329999,False);robustScaler(True,True);adaBoost(decisionTree('gini',17,7,0.6491842034440893,13,'None'),85,0.752492413817372,'SAMME')	0.8653584131634744	cached
pca(0.5234425306231045,False);varianceThreshold();minMaxScaler();adaBoost(decisionTree('gini',17,2,0.18611318643856545,8,'None'),85,0.04557743047553381,'SAMME')	0.8602050635924028	14.219093322753906
pca(0.5234425306231045,True);varianceThreshold();extraTreesClassifier(59,'entropy','sqrt',15,8,False,'balanced_subsample')	0.8705792897637916	cached
pca(0.5234425306231045,False);varianceThreshold();minMaxScaler();logisticRegression('None','lbfgs',1000,12.437534809404697,'None')	0.8680095568790659	cached
maxAbsScaler();extraTreesClassifier(59,'entropy','sqrt',15,8,False,'balanced_subsample')	0.8647120823761313	cached
pca(0.5234425306231045,True);varianceThreshold();extraTreesClassifier(59,'entropy','sqrt',15,8,False,'balanced_subsample')	0.8705792897637916	cached
fastICA(9,'parallel','arbitrary-variance','logcosh');minMaxScaler();selectPercentile(64.18140201945707);maxAbsScaler();selectFwe(0.035036692908687335);qda(0.18231769176790835)	0.8647481922108561	9.4282705783844
fastICA(9,'parallel','arbitrary-variance','cube');varianceThreshold();selectPercentile(64.18140201945707);maxAbsScaler();selectFwe(0.03622754835119975);qda(0.9380033701850444)	0.8571668602608327	8.980666399002075
varianceThreshold();pca(0.6088548359329999,False);robustScaler(True,True);adaBoost(decisionTree('gini',17,7,0.6491842034440893,13,'None'),85,0.752492413817372,'SAMME')	0.8653584131634744	21.46799397468567
nystroem('sigmoid',2.7569208279202346,81,3,-0.024394023431307144);pca(0.6861274530090211,False);varianceThreshold();selectFwe(0.003942982807619537);selectFwe(0.03901166435638117);qda(0.3464111799184527)	invalid_ind (duplicated operator)	invalid_ind (duplicated operator)
nystroem('sigmoid',2.7569208279202346,81,3,-0.024394023431307144);pca(0.6861274530090211,False);varianceThreshold();selectFwe(0.003942982807619537);selectFwe(0.035036692908687335);qda(0.04308971602874534)	invalid_ind (duplicated operator)	invalid_ind (duplicated operator)
varianceThreshold();pca(0.6088548359329999,False);robustScaler(True,True);adaBoost(decisionTree('gini',17,7,0.6491842034440893,13,'None'),85,0.04557743047553381,'SAMME')	0.8642435476371085	cached
selectPercentile(50.125728934164584);maxAbsScaler();pca(0.6832951113897159,False);pca(0.6088548359329999,True);maxAbsScaler();selectFwe(0.035036692908687335);qda(0.22313407084585413)	invalid_ind (duplicated operator)	invalid_ind (duplicated operator)
maxAbsScaler();maxAbsScaler();selectFwe(0.03622754835119975);adaBoost(decisionTree('entropy',4,10,0.18611318643856545,8,'None'),87,0.06659688043728257,'SAMME')	invalid_ind (duplicated operator)	invalid_ind (duplicated operator)
selectFwe(0.035036692908687335);maxAbsScaler();fastICA(96,'deflation','arbitrary-variance','logcosh');varianceThreshold();minMaxScaler();selectFwe(0.026612898645357336);qda(0.18231769176790835)	invalid_ind (duplicated operator)	invalid_ind (duplicated operator)
maxAbsScaler();varianceThreshold();selectPercentile(79.50870221454453);minMaxScaler();adaBoost(decisionTree('gini',17,2,0.18611318643856545,8,'None'),85,0.04557743047553381,'SAMME')	0.8576672812203077	16.49338960647583
pca(0.5234425306231045,False);varianceThreshold();minMaxScaler();adaBoost(decisionTree('gini',20,8,0.8592608764467657,4,'balanced'),42,0.752492413817372,'SAMME')	0.8614420778414592	10.395444631576538
minMaxScaler();varianceThreshold();selectPercentile(64.18140201945707);pca(0.7660342804646139,False);selectFwe(0.03622754835119975);qda(0.18231769176790835)	0.8144373929249739	2.7181947231292725
pca(0.6088548359329999,False);varianceThreshold();minMaxScaler();logisticRegression('None','lbfgs',1000,12.437534809404697,'None')	0.8688878311173734	3.819939374923706
pca(0.8944233601988079,False);varianceThreshold();minMaxScaler();adaBoost(decisionTree('gini',20,8,0.8592608764467657,4,'balanced'),42,0.752492413817372,'SAMME')	0.8614366774677411	38.85955047607422
pca(0.5234425306231045,True);varianceThreshold();extraTreesClassifier(59,'entropy','sqrt',15,8,False,'balanced_subsample')	0.8705792897637916	cached
pca(0.7829566284286574,False);adaBoost(decisionTree('entropy',13,10,0.8970335546151182,8,'balanced'),42,0.752492413817372,'SAMME')	0.8539861329443441	26.53778314590454
fastICA(9,'parallel','arbitrary-variance','logcosh');varianceThreshold();minMaxScaler();adaBoost(decisionTree('gini',17,8,0.18611318643856545,12,'None'),85,0.04557743047553381,'SAMME')	0.8490016004306546	6.239222764968872
minMaxScaler();minMaxScaler();selectPercentile(6.269819142353581);kNN(18,'uniform',2)	invalid_ind (duplicated operator)	invalid_ind (duplicated operator)
nystroem('sigmoid',2.1720333970113375,81,5,0.6531878152576625);pca(0.6088548359329999,False);varianceThreshold();selectFwe(0.003942982807619537);selectFwe(0.035036692908687335);qda(0.4536699035855094)	invalid_ind (duplicated operator)	invalid_ind (duplicated operator)
pca(0.6832951113897159,False);varianceThreshold();selectPercentile(64.18140201945707);maxAbsScaler();selectFwe(0.035036692908687335);qda(0.18231769176790835)	0.8665505226004612	2.4585325717926025
selectPercentile(50.125728934164584);maxAbsScaler();pca(0.7660342804646139,True);pca(0.6088548359329999,True);maxAbsScaler();selectFwe(0.03622754835119975);qda(0.22313407084585413)	invalid_ind (duplicated operator)	invalid_ind (duplicated operator)
nystroem('sigmoid',2.7569208279202346,81,3,-0.024394023431307144);pca(0.6861274530090211,False);varianceThreshold();selectFwe(0.003942982807619537);selectFwe(0.03901166435638117);qda(0.3464111799184527)	invalid_ind (duplicated operator)	invalid_ind (duplicated operator)
fastICA(9,'parallel','arbitrary-variance','logcosh');minMaxScaler();selectPercentile(64.18140201945707);maxAbsScaler();selectFwe(0.03622754835119975);qda(0.18231769176790835)	0.8647481922108561	cached
pca(0.7890452492526716,True);varianceThreshold();extraTreesClassifier(59,'entropy','sqrt',15,8,False,'balanced_subsample')	0.86490745273029	4.988530874252319
pca(0.5234425306231045,True);varianceThreshold();minMaxScaler();selectPercentile(64.18140201945707);maxAbsScaler();selectFwe(0.03622754835119975);qda(0.1575815563573112)	0.8715206387743362	3.3645575046539307
fastICA(9,'parallel','arbitrary-variance','logcosh');varianceThreshold();selectPercentile(64.18140201945707);maxAbsScaler();selectFwe(0.003942982807619537);qda(0.18231769176790835)	0.8657651169953396	7.609310150146484
nystroem('sigmoid',2.7569208279202346,81,3,-0.024394023431307144);pca(0.6861274530090211,False);varianceThreshold();selectFwe(0.03622754835119975);selectFwe(0.03901166435638117);qda(0.3464111799184527)	invalid_ind (duplicated operator)	invalid_ind (duplicated operator)
pca(0.5234425306231045,False);varianceThreshold();minMaxScaler();adaBoost(decisionTree('gini',17,2,0.18611318643856545,8,'None'),85,0.04557743047553381,'SAMME')	0.8602050635924028	12.762890815734863
fastICA(9,'parallel','arbitrary-variance','logcosh');extraTreesClassifier(59,'entropy','sqrt',15,8,False,'balanced_subsample')	0.8713387504460803	12.377471923828125
pca(0.5006194296396518,True);minMaxScaler();selectPercentile(64.18140201945707);varianceThreshold();selectFwe(0.035036692908687335);qda(0.1575815563573112)	0.8715206387743362	3.70822811126709
fastICA(9,'parallel','arbitrary-variance','logcosh');varianceThreshold();minMaxScaler();adaBoost(decisionTree('entropy',4,8,0.8970335546151182,12,'None'),39,0.377874639710151,'SAMME')	0.8626265475608605	20.2245876789093
varianceThreshold();nystroem('cosine',2.7569208279202346,62,3,-0.024394023431307144);robustScaler(True,True);robustScaler(True,False);maxAbsScaler();adaBoost(decisionTree('gini',5,14,0.7756529344130528,6,'None'),87,0.06659688043728257,'SAMME')	invalid_ind (duplicated operator)	invalid_ind (duplicated operator)
fastICA(9,'parallel','arbitrary-variance','logcosh');minMaxScaler();selectPercentile(64.18140201945707);maxAbsScaler();selectFwe(0.03622754835119975);qda(0.18231769176790835)	0.8647481922108561	cached
fastICA(9,'parallel','arbitrary-variance','logcosh');varianceThreshold();minMaxScaler();adaBoost(decisionTree('entropy',4,8,0.8970335546151182,12,'None'),87,0.06659688043728257,'SAMME')	0.8707422708673743	cached
nystroem('sigmoid',2.7569208279202346,81,3,-0.024394023431307144);pca(0.6861274530090211,False);varianceThreshold();selectFwe(0.003942982807619537);selectFwe(0.03901166435638117);qda(0.3464111799184527)	invalid_ind (duplicated operator)	invalid_ind (duplicated operator)
varianceThreshold();nystroem('cosine',2.7569208279202346,62,3,-0.024394023431307144);robustScaler(True,True);robustScaler(True,False);maxAbsScaler();adaBoost(decisionTree('gini',5,14,0.7756529344130528,6,'None'),39,0.04557743047553381,'SAMME')	invalid_ind (duplicated operator)	invalid_ind (duplicated operator)
fastICA(9,'parallel','arbitrary-variance','logcosh');varianceThreshold();selectPercentile(64.18140201945707);maxAbsScaler();selectFwe(0.03622754835119975);adaBoost(decisionTree('gini',1,8,0.24411105896421137,14,'balanced'),84,0.8723830421252897,'SAMME')	0.8337493549591255	16.75778865814209
varianceThreshold();pca(0.6861274530090211,False);robustScaler(True,True);adaBoost(decisionTree('gini',17,7,0.6491842034440893,13,'None'),85,0.752492413817372,'SAMME')	0.860248406516124	30.98184847831726
maxAbsScaler();extraTreesClassifier(59,'entropy','sqrt',15,8,False,'balanced_subsample')	0.8647120823761313	cached
pca(0.5234425306231045,True);varianceThreshold();extraTreesClassifier(59,'entropy','sqrt',15,8,False,'balanced_subsample')	0.8705792897637916	cached
fastICA(9,'parallel','arbitrary-variance','logcosh');varianceThreshold();minMaxScaler();adaBoost(decisionTree('entropy',4,8,0.8970335546151182,12,'None'),87,0.06659688043728257,'SAMME')	0.8707422708673743	cached
pca(0.6088548359329999,False);varianceThreshold();minMaxScaler();logisticRegression('None','lbfgs',1000,12.437534809404697,'None')	0.8688878311173734	5.321651458740234
fastICA(9,'parallel','arbitrary-variance','logcosh');varianceThreshold();minMaxScaler();adaBoost(decisionTree('entropy',4,8,0.8970335546151182,12,'None'),87,0.06659688043728257,'SAMME')	0.8707422708673743	34.085338830947876
fastICA(9,'parallel','arbitrary-variance','logcosh');varianceThreshold();selectPercentile(64.18140201945707);maxAbsScaler();selectFwe(0.03622754835119975);qda(0.954379662212728)	0.8618956004535118	10.540979862213135
varianceThreshold();pca(0.6088548359329999,False);robustScaler(True,True);adaBoost(decisionTree('gini',17,7,0.6491842034440893,13,'None'),85,0.752492413817372,'SAMME')	0.8653584131634744	cached
varianceThreshold();pca(0.6088548359329999,False);robustScaler(True,True);adaBoost(decisionTree('gini',17,7,0.6491842034440893,13,'None'),85,0.752492413817372,'SAMME')	0.8653584131634744	cached
fastICA(9,'parallel','arbitrary-variance','logcosh');minMaxScaler();selectPercentile(64.18140201945707);maxAbsScaler();selectFwe(0.035036692908687335);qda(0.22313407084585413)	0.864973962616497	12.920599937438965
selectPercentile(50.125728934164584);maxAbsScaler();pca(0.6832951113897159,False);pca(0.6088548359329999,True);maxAbsScaler();selectFwe(0.035036692908687335);qda(0.18231769176790835)	invalid_ind (duplicated operator)	invalid_ind (duplicated operator)
varianceThreshold();pca(0.5234425306231045,False);robustScaler(True,True);adaBoost(decisionTree('gini',17,7,0.6491842034440893,13,'None'),85,0.752492413817372,'SAMME')	0.8578806783652129	23.150163888931274
varianceThreshold();pca(0.6088548359329999,False);robustScaler(True,True);adaBoost(decisionTree('gini',17,7,0.6491842034440893,13,'None'),85,0.752492413817372,'SAMME')	0.8653584131634744	cached
pca(0.6088548359329999,False);varianceThreshold();minMaxScaler();logisticRegression('None','lbfgs',1000,12.437534809404697,'None')	0.8688878311173734	cached
pca(0.5006194296396518,False);minMaxScaler();selectPercentile(64.18140201945707);maxAbsScaler();selectFwe(0.035036692908687335);qda(0.30377882966132996)	0.8649962683878657	4.564123630523682
fastICA(9,'parallel','arbitrary-variance','logcosh');maxAbsScaler();minMaxScaler();adaBoost(decisionTree('entropy',4,8,0.8970335546151182,12,'None'),87,0.06659688043728257,'SAMME')	0.8707422708673743	37.76729869842529
pca(0.5234425306231045,True);varianceThreshold();extraTreesClassifier(15,'gini','log2',15,1,False,'None')	0.8686584973736832	5.246113061904907
fastICA(24,'parallel','unit-variance','logcosh');minMaxScaler();selectPercentile(64.18140201945707);maxAbsScaler();varianceThreshold();qda(0.30948339774990363)	0.8548311131409282	23.17836880683899
pca(0.5234425306231045,True);selectFwe(0.03622754835119975);extraTreesClassifier(59,'entropy','sqrt',15,8,False,'balanced_subsample')	0.8714387062935292	2.930762767791748
fastICA(9,'parallel','unit-variance','logcosh');varianceThreshold();minMaxScaler();adaBoost(decisionTree('entropy',4,8,0.8970335546151182,12,'None'),87,0.06659688043728257,'SAMME')	0.8707422708673743	36.62831139564514
fastICA(9,'parallel','arbitrary-variance','logcosh');maxAbsScaler();minMaxScaler();adaBoost(decisionTree('entropy',4,8,0.8970335546151182,12,'None'),87,0.06659688043728257,'SAMME')	0.8707422708673743	cached
selectFwe(0.04177686637855687);minMaxScaler();varianceThreshold();varianceThreshold();pca(0.6088548359329999,False);robustScaler(True,True);adaBoost(decisionTree('gini',17,7,0.6491842034440893,13,'None'),85,0.752492413817372,'SAMME')	invalid_ind (duplicated operator)	invalid_ind (duplicated operator)
fastICA(9,'parallel','unit-variance','logcosh');varianceThreshold();minMaxScaler();adaBoost(decisionTree('entropy',4,8,0.8970335546151182,12,'None'),87,0.06659688043728257,'SAMME')	0.8707422708673743	cached
pca(0.5006194296396518,False);minMaxScaler();selectPercentile(64.18140201945707);maxAbsScaler();selectFwe(0.035036692908687335);extraTreesClassifier(59,'entropy','sqrt',15,8,False,'balanced_subsample')	0.8714387062935292	3.5852861404418945
robustScaler(True,False);extraTreesClassifier(59,'entropy','sqrt',15,8,False,'balanced_subsample')	0.8647120823761313	5.261105060577393
pca(0.5234425306231045,True);selectFwe(0.03622754835119975);extraTreesClassifier(59,'entropy','sqrt',15,8,False,'balanced_subsample')	0.8714387062935292	cached
fastICA(9,'parallel','arbitrary-variance','logcosh');minMaxScaler();selectPercentile(64.18140201945707);maxAbsScaler();selectFwe(0.035036692908687335);qda(0.22313407084585413)	0.864973962616497	cached
fastICA(9,'parallel','arbitrary-variance','logcosh');minMaxScaler();selectPercentile(64.18140201945707);maxAbsScaler();selectFwe(0.035036692908687335);qda(0.22313407084585413)	0.864973962616497	cached
varianceThreshold();pca(0.6088548359329999,False);robustScaler(True,True);adaBoost(decisionTree('gini',17,7,0.6491842034440893,13,'None'),85,0.752492413817372,'SAMME')	0.8653584131634744	cached
pca(0.5234425306231045,True);varianceThreshold();minMaxScaler();selectPercentile(64.18140201945707);maxAbsScaler();selectFwe(0.03622754835119975);qda(0.1575815563573112)	0.8715206387743362	cached
pca(0.5006194296396518,True);minMaxScaler();selectPercentile(64.18140201945707);varianceThreshold();selectFwe(0.035036692908687335);qda(0.1575815563573112)	0.8715206387743362	cached
pca(0.5006194296396518,True);minMaxScaler();selectPercentile(64.18140201945707);maxAbsScaler();selectFwe(0.035036692908687335);qda(0.1575815563573112)	0.8715206387743362	cached
fastICA(9,'parallel','arbitrary-variance','logcosh');minMaxScaler();selectPercentile(64.18140201945707);maxAbsScaler();selectFwe(0.03622754835119975);qda(0.18231769176790835)	0.8647481922108561	7.9163291454315186
fastICA(9,'parallel','arbitrary-variance','logcosh');varianceThreshold();qda(0.30377882966132996)	0.3333333333333333	9.765424966812134
pca(0.5234425306231045,True);varianceThreshold();extraTreesClassifier(59,'entropy','sqrt',15,8,False,'balanced_subsample')	0.8705792897637916	5.536069393157959
fastICA(9,'parallel','arbitrary-variance','logcosh');varianceThreshold();minMaxScaler();adaBoost(decisionTree('entropy',4,8,0.8970335546151182,12,'None'),39,0.377874639710151,'SAMME')	0.8626265475608605	cached
nystroem('sigmoid',2.7569208279202346,81,3,-0.024394023431307144);pca(0.6861274530090211,False);varianceThreshold();selectFwe(0.003942982807619537);selectFwe(0.03901166435638117);qda(0.3464111799184527)	invalid_ind (duplicated operator)	invalid_ind (duplicated operator)
fastICA(18,'deflation','unit-variance','exp');pca(0.6861274530090211,False);varianceThreshold();selectFwe(0.003942982807619537);selectFwe(0.03901166435638117);qda(0.3464111799184527)	invalid_ind (duplicated operator)	invalid_ind (duplicated operator)
varianceThreshold();pca(0.6088548359329999,False);robustScaler(True,True);adaBoost(decisionTree('entropy',24,10,0.19949585784018142,18,'balanced'),56,0.05074517858211338,'SAMME')	0.8591805407250014	14.007238149642944
fastICA(9,'parallel','arbitrary-variance','logcosh');varianceThreshold();selectPercentile(64.18140201945707);maxAbsScaler();selectFwe(0.003942982807619537);qda(0.18231769176790835)	0.8657651169953396	cached
pca(0.5234425306231045,True);minMaxScaler();extraTreesClassifier(15,'gini','log2',15,1,False,'None')	0.868095909469323	4.1852240562438965
maxAbsScaler();extraTreesClassifier(59,'entropy','sqrt',15,8,False,'balanced_subsample')	0.8647120823761313	5.870921611785889
fastICA(9,'parallel','arbitrary-variance','logcosh');varianceThreshold();selectPercentile(64.18140201945707);maxAbsScaler();selectFwe(0.01810264607947044);qda(0.9876052557675113)	0.8593173520544493	9.855153799057007
pca(0.6832951113897159,False);varianceThreshold();minMaxScaler();adaBoost(decisionTree('gini',17,2,0.18611318643856545,8,'None'),85,0.04557743047553381,'SAMME')	0.8553582221003749	16.998339414596558
selectPercentile(50.125728934164584);maxAbsScaler();pca(0.5234425306231045,False);pca(0.6088548359329999,True);maxAbsScaler();selectFwe(0.035036692908687335);qda(0.18231769176790835)	invalid_ind (duplicated operator)	invalid_ind (duplicated operator)
pca(0.5006194296396518,True);minMaxScaler();selectPercentile(64.18140201945707);maxAbsScaler();selectFwe(0.035036692908687335);qda(0.1575815563573112)	0.8715206387743362	cached
fastICA(9,'parallel','arbitrary-variance','logcosh');varianceThreshold();selectPercentile(64.18140201945707);maxAbsScaler();selectFwe(0.03622754835119975);adaBoost(decisionTree('gini',1,8,0.24411105896421137,14,'balanced'),84,0.8723830421252897,'SAMME')	0.8337493549591255	cached
fastICA(9,'parallel','arbitrary-variance','logcosh');varianceThreshold();extraTreesClassifier(59,'entropy','sqrt',15,8,False,'balanced_subsample')	0.8713387504460803	cached
fastICA(9,'parallel','arbitrary-variance','logcosh');varianceThreshold();selectPercentile(64.18140201945707);maxAbsScaler();selectFwe(0.003942982807619537);qda(0.18231769176790835)	0.8657651169953396	cached
fastICA(9,'parallel','arbitrary-variance','logcosh');varianceThreshold();minMaxScaler();adaBoost(decisionTree('entropy',4,8,0.8970335546151182,12,'None'),87,0.06659688043728257,'SAMME')	0.8707422708673743	cached
varianceThreshold();nystroem('cosine',2.7569208279202346,62,3,-0.024394023431307144);robustScaler(True,True);robustScaler(True,False);maxAbsScaler();adaBoost(decisionTree('gini',5,14,0.7756529344130528,6,'None'),39,0.04557743047553381,'SAMME')	invalid_ind (duplicated operator)	invalid_ind (duplicated operator)
pca(0.5234425306231045,True);varianceThreshold();extraTreesClassifier(59,'entropy','sqrt',15,8,False,'balanced_subsample')	0.8705792897637916	cached
fastICA(9,'parallel','arbitrary-variance','logcosh');minMaxScaler();selectPercentile(64.18140201945707);maxAbsScaler();selectFwe(0.03622754835119975);qda(0.18231769176790835)	0.8647481922108561	cached
fastICA(9,'parallel','arbitrary-variance','logcosh');varianceThreshold();minMaxScaler();adaBoost(decisionTree('entropy',4,8,0.8970335546151182,12,'None'),87,0.06659688043728257,'SAMME')	0.8707422708673743	29.337316274642944
fastICA(9,'parallel','unit-variance','logcosh');varianceThreshold();minMaxScaler();adaBoost(decisionTree('entropy',15,8,0.8970335546151182,12,'None'),87,0.06659688043728257,'SAMME')	0.8554133943470603	36.27000093460083
pca(0.5234425306231045,True);varianceThreshold();extraTreesClassifier(52,'gini','log2',4,9,False,'balanced')	0.8666160408986407	3.387329578399658
pca(0.5234425306231045,True);minMaxScaler();adaBoost(decisionTree('entropy',4,8,0.8970335546151182,12,'None'),87,0.06659688043728257,'SAMME')	0.8662745826032241	13.413996696472168
fastICA(9,'parallel','unit-variance','logcosh');varianceThreshold();varianceThreshold();extraTreesClassifier(15,'gini','log2',15,1,False,'None')	invalid_ind (duplicated operator)	invalid_ind (duplicated operator)
varianceThreshold();nystroem('cosine',2.7569208279202346,62,3,-0.024394023431307144);robustScaler(True,True);selectPercentile(50.125728934164584);maxAbsScaler();adaBoost(decisionTree('gini',5,14,0.7756529344130528,6,'None'),87,0.06659688043728257,'SAMME')	0.8107374377918616	27.31053924560547
robustScaler(True,False);maxAbsScaler();pca(0.7660342804646139,True);pca(0.6088548359329999,True);maxAbsScaler();selectFwe(0.03622754835119975);qda(0.22313407084585413)	invalid_ind (duplicated operator)	invalid_ind (duplicated operator)
fastICA(9,'parallel','unit-variance','logcosh');varianceThreshold();minMaxScaler();adaBoost(decisionTree('entropy',4,8,0.8970335546151182,12,'None'),87,0.06659688043728257,'SAMME')	0.8707422708673743	cached
fastICA(9,'parallel','arbitrary-variance','logcosh');minMaxScaler();selectPercentile(64.18140201945707);maxAbsScaler();selectFwe(0.03622754835119975);qda(0.18231769176790835)	0.8647481922108561	cached
pca(0.6088548359329999,True);minMaxScaler();selectPercentile(64.18140201945707);varianceThreshold();selectFwe(0.035036692908687335);qda(0.1575815563573112)	0.8715206387743362	3.8615427017211914
pca(0.6861274530090211,False);minMaxScaler();selectPercentile(84.22868460485616);maxAbsScaler();selectFwe(0.04447999873891934);extraTreesClassifier(59,'entropy','sqrt',15,8,False,'balanced_subsample')	0.8714387062935292	4.219369411468506
fastICA(18,'deflation','unit-variance','exp');pca(0.5006194296396518,False);varianceThreshold();selectFwe(0.035036692908687335);selectFwe(0.03901166435638117);qda(0.3464111799184527)	invalid_ind (duplicated operator)	invalid_ind (duplicated operator)
pca(0.5006194296396518,True);minMaxScaler();selectPercentile(64.18140201945707);maxAbsScaler();minMaxScaler();adaBoost(decisionTree('entropy',4,8,0.8970335546151182,12,'None'),87,0.06659688043728257,'SAMME')	invalid_ind (duplicated operator)	invalid_ind (duplicated operator)
fastICA(9,'parallel','arbitrary-variance','logcosh');varianceThreshold();qda(0.1575815563573112)	0.3333333333333333	9.343730688095093
pca(0.5006194296396518,True);minMaxScaler();selectPercentile(64.18140201945707);varianceThreshold();selectFwe(0.035036692908687335);minMaxScaler();adaBoost(decisionTree('entropy',4,8,0.8970335546151182,12,'None'),87,0.06659688043728257,'SAMME')	invalid_ind (duplicated operator)	invalid_ind (duplicated operator)
fastICA(9,'parallel','arbitrary-variance','logcosh');pca(0.5234425306231045,True);selectPercentile(64.18140201945707);maxAbsScaler();selectFwe(0.003942982807619537);qda(0.32334055105567516)	0.6569393242384943	10.79094648361206
pca(0.5006194296396518,False);minMaxScaler();selectPercentile(64.18140201945707);maxAbsScaler();selectFwe(0.035036692908687335);extraTreesClassifier(59,'entropy','sqrt',15,8,False,'balanced_subsample')	0.8714387062935292	5.949973106384277
varianceThreshold();nystroem('cosine',2.7569208279202346,62,3,-0.024394023431307144);robustScaler(True,True);robustScaler(True,False);maxAbsScaler();adaBoost(decisionTree('gini',5,14,0.7756529344130528,6,'None'),39,0.04557743047553381,'SAMME')	invalid_ind (duplicated operator)	invalid_ind (duplicated operator)
pca(0.5234425306231045,True);varianceThreshold();extraTreesClassifier(59,'entropy','sqrt',15,8,False,'balanced_subsample')	0.8705792897637916	cached
maxAbsScaler();extraTreesClassifier(59,'entropy','sqrt',15,8,False,'balanced_subsample')	0.8647120823761313	cached
fastICA(9,'parallel','arbitrary-variance','logcosh');minMaxScaler();selectPercentile(64.18140201945707);maxAbsScaler();selectFwe(0.03622754835119975);qda(0.18231769176790835)	0.8647481922108561	cached
fastICA(9,'parallel','arbitrary-variance','logcosh');varianceThreshold();minMaxScaler();adaBoost(decisionTree('entropy',4,8,0.8970335546151182,12,'None'),87,0.06659688043728257,'SAMME')	0.8707422708673743	cached
pca(0.5006194296396518,True);minMaxScaler();selectPercentile(64.18140201945707);varianceThreshold();selectFwe(0.035036692908687335);qda(0.1575815563573112)	0.8715206387743362	cached
pca(0.5006194296396518,True);minMaxScaler();selectPercentile(64.18140201945707);maxAbsScaler();selectFwe(0.035036692908687335);qda(0.1575815563573112)	0.8715206387743362	cached
maxAbsScaler();maxAbsScaler();selectFwe(0.035036692908687335);qda(0.22313407084585413)	invalid_ind (duplicated operator)	invalid_ind (duplicated operator)
fastICA(9,'parallel','arbitrary-variance','logcosh');varianceThreshold();selectFwe(0.035036692908687335);qda(0.1575815563573112)	0.3333333333333333	11.117605686187744
pca(0.5662732988505242,False);varianceThreshold();varianceThreshold();minMaxScaler();adaBoost(decisionTree('entropy',4,8,0.8970335546151182,12,'None'),87,0.06659688043728257,'SAMME')	invalid_ind (duplicated operator)	invalid_ind (duplicated operator)
varianceThreshold();pca(0.5006194296396518,False);robustScaler(True,True);adaBoost(decisionTree('entropy',24,10,0.19949585784018142,18,'balanced'),56,0.05074517858211338,'SAMME')	0.858250870289833	14.062676668167114
fastICA(9,'parallel','arbitrary-variance','logcosh');maxAbsScaler();minMaxScaler();adaBoost(decisionTree('entropy',4,8,0.8970335546151182,12,'None'),87,0.06659688043728257,'SAMME')	0.8707422708673743	cached
fastICA(9,'parallel','arbitrary-variance','logcosh');varianceThreshold();selectPercentile(64.18140201945707);maxAbsScaler();selectFwe(0.003942982807619537);qda(0.18231769176790835)	0.8657651169953396	cached
varianceThreshold();nystroem('cosine',2.7569208279202346,62,3,-0.024394023431307144);robustScaler(True,True);robustScaler(True,False);maxAbsScaler();adaBoost(decisionTree('gini',5,14,0.7756529344130528,6,'None'),39,0.04557743047553381,'SAMME')	invalid_ind (duplicated operator)	invalid_ind (duplicated operator)
varianceThreshold();gaussianNB(0.007174753075663598)	0.8045768277518569	3.859980583190918
fastICA(9,'parallel','arbitrary-variance','logcosh');minMaxScaler();selectPercentile(64.18140201945707);extraTreesClassifier(59,'entropy','sqrt',15,8,False,'balanced_subsample')	0.8691334126977962	11.428639888763428
pca(0.5006194296396518,False);minMaxScaler();selectPercentile(64.18140201945707);maxAbsScaler();selectFwe(0.003942982807619537);extraTreesClassifier(59,'entropy','sqrt',15,8,False,'balanced_subsample')	0.8714387062935292	4.9456627368927
fastICA(18,'deflation','unit-variance','exp');pca(0.6861274530090211,False);varianceThreshold();selectFwe(0.035036692908687335);selectFwe(0.03901166435638117);qda(0.3464111799184527)	invalid_ind (duplicated operator)	invalid_ind (duplicated operator)
robustScaler(True,False);maxAbsScaler();pca(0.7660342804646139,True);pca(0.6088548359329999,True);maxAbsScaler();selectFwe(0.03622754835119975);qda(0.22313407084585413)	invalid_ind (duplicated operator)	invalid_ind (duplicated operator)
maxAbsScaler();extraTreesClassifier(59,'entropy','sqrt',15,8,False,'balanced_subsample')	0.8647120823761313	cached
fastICA(9,'parallel','unit-variance','logcosh');extraTreesClassifier(59,'entropy','sqrt',15,8,False,'balanced_subsample')	0.8713387504460803	13.2242112159729
fastICA(18,'deflation','unit-variance','exp');pca(0.5234425306231045,False);varianceThreshold();selectFwe(0.003942982807619537);selectFwe(0.03901166435638117);qda(0.3464111799184527)	invalid_ind (duplicated operator)	invalid_ind (duplicated operator)
pca(0.5006194296396518,True);minMaxScaler();selectPercentile(64.18140201945707);maxAbsScaler();selectFwe(0.035036692908687335);extraTreesClassifier(59,'entropy','sqrt',15,8,False,'balanced_subsample')	0.8714387062935292	5.042716979980469
fastICA(9,'parallel','arbitrary-variance','logcosh');varianceThreshold();minMaxScaler();adaBoost(decisionTree('entropy',4,8,0.8970335546151182,12,'None'),87,0.06659688043728257,'SAMME')	0.8707422708673743	32.88936734199524
pca(0.6861274530090211,True);minMaxScaler();extraTreesClassifier(15,'gini','log2',15,1,False,'None')	0.8580491304892094	4.290582895278931
pca(0.5006194296396518,False);minMaxScaler();selectPercentile(64.18140201945707);varianceThreshold();selectFwe(0.035036692908687335);qda(0.1575815563573112)	0.8715206387743362	4.057939529418945
fastICA(9,'parallel','arbitrary-variance','logcosh');varianceThreshold();selectPercentile(64.18140201945707);maxAbsScaler();selectFwe(0.003942982807619537);qda(0.9876052557675113)	0.8595950396739092	9.431542873382568
fastICA(19,'parallel','arbitrary-variance','cube');varianceThreshold();selectPercentile(64.18140201945707);maxAbsScaler();selectFwe(0.01810264607947044);qda(0.18231769176790835)	0.8409091851972349	15.300981044769287
fastICA(9,'parallel','arbitrary-variance','logcosh');varianceThreshold();minMaxScaler();adaBoost(decisionTree('entropy',4,8,0.8970335546151182,12,'None'),39,0.377874639710151,'SAMME')	0.8626265475608605	19.60235023498535
varianceThreshold();minMaxScaler();adaBoost(decisionTree('entropy',4,8,0.8970335546151182,12,'None'),87,0.06659688043728257,'SAMME')	0.8360425240636122	46.17325186729431
fastICA(9,'parallel','arbitrary-variance','logcosh');maxAbsScaler();minMaxScaler();adaBoost(decisionTree('entropy',4,8,0.8970335546151182,12,'None'),87,0.06659688043728257,'SAMME')	0.8707422708673743	cached
fastICA(9,'parallel','arbitrary-variance','logcosh');varianceThreshold();selectFwe(0.035036692908687335);qda(0.1575815563573112)	0.3333333333333333	cached
pca(0.5006194296396518,False);minMaxScaler();selectPercentile(64.18140201945707);maxAbsScaler();selectFwe(0.035036692908687335);extraTreesClassifier(59,'entropy','sqrt',15,8,False,'balanced_subsample')	0.8714387062935292	cached
fastICA(9,'parallel','arbitrary-variance','logcosh');varianceThreshold();minMaxScaler();adaBoost(decisionTree('entropy',4,8,0.8970335546151182,12,'None'),87,0.06659688043728257,'SAMME')	0.8707422708673743	cached
fastICA(9,'parallel','unit-variance','logcosh');pca(0.6102973584004803,True);varianceThreshold();selectFwe(0.003942982807619537);selectFwe(0.03901166435638117);qda(0.3464111799184527)	invalid_ind (duplicated operator)	invalid_ind (duplicated operator)
fastICA(9,'parallel','arbitrary-variance','logcosh');varianceThreshold();extraTreesClassifier(59,'entropy','sqrt',15,8,False,'balanced_subsample')	0.8713387504460803	cached
fastICA(9,'parallel','arbitrary-variance','logcosh');varianceThreshold();selectPercentile(64.18140201945707);maxAbsScaler();selectFwe(0.03622754835119975);qda(0.18231769176790835)	0.8666089988518797	cached
robustScaler(True,False);maxAbsScaler();pca(0.5234425306231045,True);pca(0.6088548359329999,True);maxAbsScaler();selectFwe(0.03622754835119975);qda(0.22313407084585413)	invalid_ind (duplicated operator)	invalid_ind (duplicated operator)
fastICA(9,'parallel','unit-variance','logcosh');pca(0.6861274530090211,False);varianceThreshold();selectFwe(0.035036692908687335);selectFwe(0.03901166435638117);qda(0.3464111799184527)	invalid_ind (duplicated operator)	invalid_ind (duplicated operator)
pca(0.7660342804646139,True);varianceThreshold();minMaxScaler();selectPercentile(64.18140201945707);maxAbsScaler();selectFwe(0.03622754835119975);qda(0.7850687846182526)	0.8272120352312913	2.9918601512908936
pca(0.5234425306231045,True);varianceThreshold();extraTreesClassifier(59,'entropy','sqrt',15,8,False,'balanced_subsample')	0.8705792897637916	cached
pca(0.6861274530090211,False);minMaxScaler();selectPercentile(84.22868460485616);maxAbsScaler();selectFwe(0.04447999873891934);extraTreesClassifier(59,'entropy','sqrt',15,8,False,'balanced_subsample')	0.8714387062935292	cached
pca(0.5006194296396518,False);minMaxScaler();selectPercentile(64.18140201945707);maxAbsScaler();selectFwe(0.035036692908687335);extraTreesClassifier(59,'entropy','sqrt',15,8,False,'balanced_subsample')	0.8714387062935292	6.0078675746917725
pca(0.5006194296396518,True);minMaxScaler();selectPercentile(64.18140201945707);varianceThreshold();selectFwe(0.003942982807619537);qda(0.1575815563573112)	0.8715206387743362	6.312972068786621
pca(0.5006194296396518,True);minMaxScaler();selectPercentile(64.18140201945707);maxAbsScaler();selectFwe(0.004410040881868839);extraTreesClassifier(59,'entropy','sqrt',3,8,False,'balanced_subsample')	0.8714387062935292	9.17357587814331
fastICA(9,'parallel','arbitrary-variance','logcosh');varianceThreshold();extraTreesClassifier(59,'entropy','sqrt',15,8,False,'balanced_subsample')	0.8713387504460803	cached
pca(0.6088548359329999,True);minMaxScaler();selectPercentile(64.18140201945707);varianceThreshold();selectFwe(0.035036692908687335);qda(0.1575815563573112)	0.8715206387743362	cached
fastICA(9,'parallel','arbitrary-variance','logcosh');minMaxScaler();selectPercentile(64.18140201945707);extraTreesClassifier(59,'entropy','sqrt',15,8,False,'balanced_subsample')	0.8691334126977962	cached
fastICA(9,'parallel','arbitrary-variance','logcosh');varianceThreshold();selectPercentile(64.18140201945707);maxAbsScaler();selectFwe(0.003942982807619537);qda(0.18231769176790835)	0.8657651169953396	13.220950603485107
pca(0.5006194296396518,True);minMaxScaler();selectPercentile(64.18140201945707);maxAbsScaler();selectFwe(0.035036692908687335);qda(0.1575815563573112)	0.8715206387743362	6.4828102588653564
maxAbsScaler();extraTreesClassifier(59,'entropy','sqrt',15,8,False,'balanced_subsample')	0.8647120823761313	9.38930869102478
pca(0.5234425306231045,True);varianceThreshold();extraTreesClassifier(59,'entropy','sqrt',15,8,False,'balanced_subsample')	0.8705792897637916	cached
fastICA(9,'parallel','unit-variance','logcosh');extraTreesClassifier(59,'entropy','sqrt',15,8,False,'balanced_subsample')	0.8713387504460803	cached
fastICA(9,'parallel','arbitrary-variance','logcosh');varianceThreshold();selectPercentile(64.18140201945707);maxAbsScaler();selectFwe(0.03622754835119975);qda(0.18231769176790835)	0.8666089988518797	cached
fastICA(9,'parallel','arbitrary-variance','logcosh');varianceThreshold();qda(0.1575815563573112)	0.3333333333333333	cached
maxAbsScaler();extraTreesClassifier(59,'entropy','sqrt',15,8,False,'balanced_subsample')	0.8647120823761313	8.28615140914917
fastICA(18,'deflation','unit-variance','exp');pca(0.6861274530090211,False);varianceThreshold();selectFwe(0.035036692908687335);selectFwe(0.03901166435638117);qda(0.3073961139212187)	invalid_ind (duplicated operator)	invalid_ind (duplicated operator)
pca(0.5006194296396518,False);minMaxScaler();selectPercentile(64.18140201945707);varianceThreshold();selectFwe(0.035036692908687335);qda(0.1575815563573112)	0.8715206387743362	cached
pca(0.5006194296396518,False);minMaxScaler();selectPercentile(64.18140201945707);maxAbsScaler();selectFwe(0.035036692908687335);extraTreesClassifier(59,'entropy','sqrt',15,8,False,'balanced_subsample')	0.8714387062935292	cached
pca(0.5006194296396518,False);minMaxScaler();selectPercentile(64.18140201945707);varianceThreshold();selectFwe(0.035036692908687335);qda(0.1575815563573112)	0.8715206387743362	cached
pca(0.5006194296396518,True);minMaxScaler();selectPercentile(64.18140201945707);fastICA(9,'parallel','arbitrary-variance','logcosh');selectFwe(0.035036692908687335);extraTreesClassifier(59,'entropy','sqrt',15,8,False,'balanced_subsample')	0.8784414044476418	6.092002630233765
maxAbsScaler();maxAbsScaler();minMaxScaler();adaBoost(decisionTree('entropy',4,8,0.8970335546151182,12,'None'),87,0.06659688043728257,'SAMME')	invalid_ind (duplicated operator)	invalid_ind (duplicated operator)
pca(0.5006194296396518,False);minMaxScaler();selectPercentile(64.18140201945707);maxAbsScaler();selectFwe(0.03622754835119975);extraTreesClassifier(59,'entropy','sqrt',15,8,False,'balanced_subsample')	0.8714387062935292	7.108432292938232
fastICA(18,'deflation','unit-variance','exp');varianceThreshold();minMaxScaler();adaBoost(decisionTree('entropy',4,8,0.8970335546151182,12,'None'),39,0.377874639710151,'SAMME')	0.8561898021227907	44.88824939727783
fastICA(9,'parallel','arbitrary-variance','logcosh');minMaxScaler();selectPercentile(64.18140201945707);maxAbsScaler();selectFwe(0.035036692908687335);qda(0.26802493515418335)	0.8620433346291716	10.870679140090942
fastICA(18,'deflation','arbitrary-variance','exp');varianceThreshold();minMaxScaler();adaBoost(decisionTree('entropy',4,8,0.8970335546151182,12,'None'),87,0.06659688043728257,'SAMME')	0.8630673626446874	60.63122248649597
fastICA(9,'parallel','arbitrary-variance','logcosh');varianceThreshold();minMaxScaler();adaBoost(decisionTree('entropy',19,8,0.8970335546151182,12,'None'),87,0.06659688043728257,'SAMME')	0.8531440645367633	39.66416335105896
pca(0.6088548359329999,True);minMaxScaler();selectPercentile(64.18140201945707);varianceThreshold();selectFwe(0.035036692908687335);qda(0.1575815563573112)	0.8715206387743362	cached
fastICA(9,'parallel','arbitrary-variance','logcosh');varianceThreshold();nystroem('poly',4.5058601063468515,29,5,0.7021778414042581);adaBoost(decisionTree('entropy',4,8,0.8970335546151182,12,'None'),87,0.06659688043728257,'SAMME')	0.8016162457323596	58.79710578918457
fastICA(39,'parallel','unit-variance','logcosh');varianceThreshold();minMaxScaler();adaBoost(decisionTree('entropy',4,8,0.8970335546151182,11,'None'),87,0.06659688043728257,'SAMME')	0.8455396929978907	39.88054275512695
maxAbsScaler();extraTreesClassifier(59,'entropy','sqrt',15,8,False,'balanced_subsample')	0.8647120823761313	cached
pca(0.5006194296396518,False);minMaxScaler();selectPercentile(64.18140201945707);varianceThreshold();selectFwe(0.035036692908687335);qda(0.1575815563573112)	0.8715206387743362	cached
fastICA(9,'parallel','unit-variance','logcosh');pca(0.6102973584004803,True);varianceThreshold();selectFwe(0.035036692908687335);selectFwe(0.03901166435638117);qda(0.3464111799184527)	invalid_ind (duplicated operator)	invalid_ind (duplicated operator)
pca(0.5006194296396518,False);minMaxScaler();selectPercentile(64.18140201945707);varianceThreshold();selectFwe(0.035036692908687335);qda(0.1575815563573112)	0.8715206387743362	cached
fastICA(9,'parallel','arbitrary-variance','logcosh');varianceThreshold();extraTreesClassifier(59,'entropy','sqrt',15,8,False,'balanced_subsample')	0.8713387504460803	cached
maxAbsScaler();minMaxScaler();selectPercentile(64.18140201945707);varianceThreshold();selectFwe(0.035036692908687335);qda(0.1575815563573112)	0.8192743704478218	2.515835762023926
pca(0.8266696667112442,True);minMaxScaler();selectPercentile(64.18140201945707);maxAbsScaler();selectFwe(0.003942982807619537);extraTreesClassifier(59,'entropy','sqrt',2,9,False,'balanced_subsample')	0.8693942421359276	3.5224130153656006
pca(0.5006194296396518,True);minMaxScaler();selectPercentile(64.18140201945707);maxAbsScaler();selectFwe(0.035036692908687335);extraTreesClassifier(59,'entropy','sqrt',3,8,False,'balanced_subsample')	0.8714387062935292	3.538494348526001
pca(0.5006194296396518,False);minMaxScaler();selectPercentile(64.18140201945707);maxAbsScaler();selectFwe(0.03622754835119975);extraTreesClassifier(59,'entropy','sqrt',15,8,False,'balanced_subsample')	0.8714387062935292	4.0214691162109375
selectFwe(0.021702029665203466);minMaxScaler();fastICA(96,'deflation','unit-variance','exp');selectFwe(0.04610523530213623);varianceThreshold();selectFwe(0.035036692908687335);extraTreesClassifier(59,'entropy','sqrt',15,8,False,'balanced_subsample')	invalid_ind (duplicated operator)	invalid_ind (duplicated operator)
varianceThreshold();minMaxScaler();extraTreesClassifier(59,'entropy','sqrt',15,8,False,'balanced_subsample')	0.8647120823761313	4.845983266830444
pca(0.5006194296396518,True);minMaxScaler();selectPercentile(64.18140201945707);maxAbsScaler();selectFwe(0.004410040881868839);qda(0.1575815563573112)	0.8715206387743362	2.6635494232177734
pca(0.5006194296396518,True);minMaxScaler();selectPercentile(64.18140201945707);varianceThreshold();selectFwe(0.035036692908687335);qda(0.1575815563573112)	0.8715206387743362	2.814624071121216
pca(0.5006194296396518,False);minMaxScaler();selectPercentile(64.18140201945707);maxAbsScaler();selectFwe(0.035036692908687335);extraTreesClassifier(59,'entropy','sqrt',15,8,False,'balanced_subsample')	0.8714387062935292	cached
pca(0.5006194296396518,False);minMaxScaler();selectPercentile(64.18140201945707);maxAbsScaler();selectFwe(0.035036692908687335);extraTreesClassifier(59,'entropy','sqrt',15,8,False,'balanced_subsample')	0.8714387062935292	cached
pca(0.6088548359329999,True);minMaxScaler();selectPercentile(64.18140201945707);varianceThreshold();selectFwe(0.035036692908687335);qda(0.1575815563573112)	0.8715206387743362	cached
pca(0.5006194296396518,False);minMaxScaler();selectPercentile(64.18140201945707);varianceThreshold();selectFwe(0.035036692908687335);qda(0.1575815563573112)	0.8715206387743362	cached
pca(0.5006194296396518,True);maxAbsScaler();selectPercentile(64.18140201945707);varianceThreshold();selectFwe(0.003942982807619537);qda(0.1575815563573112)	0.8665527804783382	3.0658960342407227
pca(0.5006194296396518,True);minMaxScaler();selectPercentile(64.18140201945707);maxAbsScaler();varianceThreshold();qda(0.1575815563573112)	0.869766427610594	2.811034917831421
pca(0.5006194296396518,True);minMaxScaler();selectPercentile(64.18140201945707);varianceThreshold();selectFwe(0.03622754835119975);qda(0.1575815563573112)	0.8715206387743362	3.6642255783081055
robustScaler(True,False);maxAbsScaler();pca(0.5234425306231045,True);pca(0.6088548359329999,True);maxAbsScaler();selectFwe(0.003942982807619537);qda(0.22313407084585413)	invalid_ind (duplicated operator)	invalid_ind (duplicated operator)
pca(0.5006194296396518,False);minMaxScaler();selectPercentile(64.18140201945707);maxAbsScaler();selectFwe(0.035036692908687335);extraTreesClassifier(59,'entropy','sqrt',15,8,False,'balanced_subsample')	0.8714387062935292	cached
pca(0.5006194296396518,False);minMaxScaler();selectPercentile(64.18140201945707);maxAbsScaler();selectFwe(0.035036692908687335);extraTreesClassifier(59,'entropy','sqrt',15,8,False,'balanced_subsample')	0.8714387062935292	cached
fastICA(9,'parallel','arbitrary-variance','logcosh');varianceThreshold();extraTreesClassifier(59,'entropy','sqrt',15,8,False,'balanced_subsample')	0.8713387504460803	cached
maxAbsScaler();selectPercentile(49.76974063863268);varianceThreshold();varianceThreshold();pca(0.7475205666228655,True);nystroem('poly',4.5058601063468515,29,5,0.7021778414042581);adaBoost(decisionTree('entropy',4,8,0.8970335546151182,12,'None'),87,0.06659688043728257,'SAMME')	invalid_ind (duplicated operator)	invalid_ind (duplicated operator)
pca(0.5006194296396518,True);minMaxScaler();selectPercentile(64.18140201945707);maxAbsScaler();selectFwe(0.035036692908687335);qda(0.1575815563573112)	0.8715206387743362	cached
pca(0.5006194296396518,True);minMaxScaler();selectPercentile(12.104747789339267);maxAbsScaler();selectFwe(0.04466610713984065);extraTreesClassifier(59,'entropy','sqrt',12,8,True,'balanced_subsample')	0.6274346769709238	5.823084831237793
minMaxScaler();extraTreesClassifier(59,'entropy','sqrt',15,8,False,'balanced_subsample')	0.8647120823761313	5.6267266273498535
fastICA(9,'parallel','unit-variance','logcosh');pca(0.6861274530090211,False);varianceThreshold();selectFwe(0.035036692908687335);selectFwe(0.03901166435638117);qda(0.49544438233587484)	invalid_ind (duplicated operator)	invalid_ind (duplicated operator)
fastICA(9,'parallel','arbitrary-variance','logcosh');maxAbsScaler();minMaxScaler();adaBoost(decisionTree('entropy',4,8,0.8970335546151182,12,'None'),87,0.06659688043728257,'SAMME')	0.8707422708673743	cached
pca(0.5006194296396518,True);minMaxScaler();selectPercentile(64.18140201945707);varianceThreshold();selectFwe(0.003942982807619537);qda(0.1575815563573112)	0.8715206387743362	cached
pca(0.5006194296396518,True);minMaxScaler();selectPercentile(64.18140201945707);varianceThreshold();selectFwe(0.003942982807619537);qda(0.1575815563573112)	0.8715206387743362	cached
maxAbsScaler();bernoulliNB(9.327442015694723,False)	0.7037847904359529	3.763327121734619
pca(0.5006194296396518,False);minMaxScaler();selectPercentile(64.18140201945707);varianceThreshold();selectFwe(0.035036692908687335);qda(0.6341515368655803)	0.8435392360209166	4.045064210891724
fastICA(9,'parallel','unit-variance','logcosh');qda(0.1575815563573112)	0.8663113453998939	14.00394892692566
fastICA(9,'parallel','arbitrary-variance','logcosh');pca(0.5006194296396518,False);minMaxScaler();adaBoost(decisionTree('entropy',4,8,0.8970335546151182,12,'None'),87,0.06659688043728257,'SAMME')	0.6690554510781502	28.83673667907715
pca(0.5006194296396518,True);minMaxScaler();selectPercentile(64.18140201945707);varianceThreshold();selectFwe(0.003942982807619537);extraTreesClassifier(59,'entropy','sqrt',15,8,False,'balanced_subsample')	0.8714387062935292	6.311608552932739
fastICA(9,'parallel','arbitrary-variance','logcosh');maxAbsScaler();minMaxScaler();adaBoost(decisionTree('entropy',16,10,0.5476269356665362,16,'None'),48,1.3243714320164925,'SAMME')	0.8553776561217259	26.998175859451294
pca(0.6088548359329999,True);minMaxScaler();selectPercentile(64.18140201945707);varianceThreshold();selectFwe(0.035036692908687335);qda(0.1575815563573112)	0.8715206387743362	cached
fastICA(39,'parallel','unit-variance','logcosh');selectFwe(0.035036692908687335);minMaxScaler();adaBoost(decisionTree('entropy',4,8,0.8970335546151182,11,'None'),87,0.06659688043728257,'SAMME')	0.8349431905662543	36.348326444625854
pca(0.5006194296396518,False);minMaxScaler();selectPercentile(64.18140201945707);varianceThreshold();selectFwe(0.035036692908687335);qda(0.1575815563573112)	0.8715206387743362	cached
pca(0.5006194296396518,False);minMaxScaler();selectPercentile(64.18140201945707);varianceThreshold();selectFwe(0.035036692908687335);qda(0.1575815563573112)	0.8715206387743362	cached
pca(0.5006194296396518,False);minMaxScaler();selectPercentile(64.18140201945707);varianceThreshold();selectFwe(0.035036692908687335);qda(0.1575815563573112)	0.8715206387743362	cached
pca(0.5006194296396518,True);minMaxScaler();selectPercentile(64.18140201945707);varianceThreshold();selectFwe(0.035036692908687335);qda(0.1575815563573112)	0.8715206387743362	3.35146164894104
pca(0.5006194296396518,True);minMaxScaler();selectPercentile(77.67649543368786);maxAbsScaler();selectFwe(0.035036692908687335);extraTreesClassifier(59,'entropy','sqrt',15,8,False,'balanced_subsample')	0.8714387062935292	3.2445573806762695
pca(0.5006194296396518,False);minMaxScaler();selectPercentile(64.18140201945707);maxAbsScaler();selectFwe(0.035036692908687335);extraTreesClassifier(59,'entropy','sqrt',15,8,False,'balanced_subsample')	0.8714387062935292	cached
selectPercentile(21.493592846005317);selectFwe(0.03811182956870354);selectFwe(0.035036692908687335);extraTreesClassifier(59,'entropy','sqrt',15,8,False,'balanced_subsample')	invalid_ind (duplicated operator)	invalid_ind (duplicated operator)
pca(0.5006194296396518,False);minMaxScaler();selectPercentile(64.18140201945707);maxAbsScaler();selectFwe(0.035036692908687335);extraTreesClassifier(59,'entropy','sqrt',15,8,False,'balanced_subsample')	0.8714387062935292	cached
fastICA(9,'parallel','arbitrary-variance','logcosh');varianceThreshold();extraTreesClassifier(59,'entropy','sqrt',15,8,False,'balanced_subsample')	0.8713387504460803	cached
fastICA(9,'parallel','arbitrary-variance','logcosh');varianceThreshold();minMaxScaler();adaBoost(decisionTree('entropy',4,8,0.8970335546151182,12,'None'),87,0.06659688043728257,'SAMME')	0.8707422708673743	cached
nystroem('poly',2.000715780953676,27,4,0.8136596858992531);varianceThreshold();extraTreesClassifier(59,'entropy','sqrt',15,8,False,'balanced_subsample')	0.8442480991255635	4.048650741577148
robustScaler(False,False);pca(0.6861274530090211,False);varianceThreshold();selectFwe(0.035036692908687335);selectFwe(0.03901166435638117);qda(0.49544438233587484)	invalid_ind (duplicated operator)	invalid_ind (duplicated operator)
pca(0.7842736287476,False);minMaxScaler();selectPercentile(64.18140201945707);maxAbsScaler();selectFwe(0.014207806137556718);extraTreesClassifier(59,'entropy','sqrt',15,12,False,'balanced_subsample')	0.871683627597729	4.605026006698608
maxAbsScaler();selectPercentile(49.76974063863268);varianceThreshold();varianceThreshold();pca(0.7475205666228655,True);nystroem('rbf',1.541178130008121,54,3,0.05093027545857809);adaBoost(decisionTree('entropy',4,8,0.8970335546151182,12,'None'),87,0.06659688043728257,'SAMME')	invalid_ind (duplicated operator)	invalid_ind (duplicated operator)
pca(0.5006194296396518,False);minMaxScaler();selectPercentile(64.18140201945707);varianceThreshold();selectFwe(0.035036692908687335);qda(0.1575815563573112)	0.8715206387743362	cached
fastICA(9,'parallel','unit-variance','logcosh');qda(0.1575815563573112)	0.8663113453998939	cached
pca(0.5006194296396518,True);minMaxScaler();selectPercentile(64.18140201945707);fastICA(9,'parallel','arbitrary-variance','logcosh');selectFwe(0.035036692908687335);extraTreesClassifier(59,'entropy','sqrt',15,8,False,'balanced_subsample')	0.8784414044476418	cached
pca(0.5006194296396518,False);minMaxScaler();selectPercentile(64.18140201945707);varianceThreshold();selectFwe(0.035036692908687335);qda(0.925415653445087)	0.8155357887084118	3.1812422275543213
pca(0.963744961817359,True);minMaxScaler();selectPercentile(64.18140201945707);maxAbsScaler();varianceThreshold();qda(0.1575815563573112)	0.8628450915458693	3.4952876567840576
pca(0.6425941405732931,True);minMaxScaler();selectPercentile(64.18140201945707);fastICA(9,'parallel','arbitrary-variance','logcosh');selectFwe(0.003942982807619537);extraTreesClassifier(59,'entropy','sqrt',15,8,False,'balanced_subsample')	0.8710194107805493	7.077728748321533
pca(0.5006194296396518,True);minMaxScaler();selectPercentile(64.18140201945707);maxAbsScaler();selectFwe(0.035036692908687335);qda(0.1575815563573112)	0.8715206387743362	3.474375009536743
pca(0.5006194296396518,True);minMaxScaler();selectPercentile(94.70622010027355);varianceThreshold();selectFwe(0.01118608117521671);qda(0.8294108858970833)	0.8239764109241671	3.0911498069763184
pca(0.7240441109866316,True);minMaxScaler();selectPercentile(64.18140201945707);varianceThreshold();selectFwe(0.035036692908687335);qda(0.05218582753329715)	0.8716587216873016	3.1475422382354736
pca(0.5006194296396518,True);minMaxScaler();selectPercentile(64.18140201945707);varianceThreshold();selectFwe(0.035036692908687335);qda(0.1575815563573112)	0.8715206387743362	3.0509421825408936
maxAbsScaler();extraTreesClassifier(59,'entropy','sqrt',15,8,False,'balanced_subsample')	0.8647120823761313	cached
pca(0.5006194296396518,False);minMaxScaler();selectPercentile(64.18140201945707);maxAbsScaler();selectFwe(0.03622754835119975);extraTreesClassifier(59,'entropy','sqrt',15,8,False,'balanced_subsample')	0.8714387062935292	cached
pca(0.5006194296396518,True);minMaxScaler();selectPercentile(64.18140201945707);maxAbsScaler();selectFwe(0.035036692908687335);qda(0.1575815563573112)	0.8715206387743362	3.7091317176818848
varianceThreshold();minMaxScaler();extraTreesClassifier(59,'entropy','sqrt',15,8,False,'balanced_subsample')	0.8647120823761313	4.844515562057495
pca(0.5006194296396518,True);minMaxScaler();selectPercentile(64.18140201945707);maxAbsScaler();varianceThreshold();qda(0.1575815563573112)	0.869766427610594	cached
pca(0.5006194296396518,True);minMaxScaler();selectPercentile(64.18140201945707);varianceThreshold();selectFwe(0.003942982807619537);qda(0.1575815563573112)	0.8715206387743362	cached
maxAbsScaler();selectPercentile(49.76974063863268);varianceThreshold();varianceThreshold();pca(0.7475205666228655,True);nystroem('poly',4.5058601063468515,83,5,0.7021778414042581);adaBoost(decisionTree('entropy',4,15,0.8970335546151182,12,'None'),87,0.06659688043728257,'SAMME')	invalid_ind (duplicated operator)	invalid_ind (duplicated operator)
pca(0.5006194296396518,True);minMaxScaler();selectPercentile(64.18140201945707);maxAbsScaler();selectFwe(0.035036692908687335);qda(0.1575815563573112)	0.8715206387743362	cached
pca(0.5006194296396518,True);minMaxScaler();selectPercentile(64.18140201945707);varianceThreshold();selectFwe(0.003942982807619537);qda(0.1575815563573112)	0.8715206387743362	3.521226406097412
pca(0.730186941298558,True);maxAbsScaler();selectPercentile(71.87298717633537);varianceThreshold();selectFwe(0.03622754835119975);qda(0.3914758778335148)	0.8627850740929605	3.9965059757232666
selectFwe(0.035036692908687335);varianceThreshold();extraTreesClassifier(59,'entropy','sqrt',15,8,False,'balanced_subsample')	0.8638763682140128	5.324353456497192
pca(0.5006194296396518,True);minMaxScaler();selectPercentile(64.18140201945707);varianceThreshold();selectFwe(0.0317697968232486);qda(0.748631375225578)	0.8313011376451126	3.7709124088287354
pca(0.6088548359329999,True);minMaxScaler();selectPercentile(64.18140201945707);varianceThreshold();selectFwe(0.035036692908687335);adaBoost(decisionTree('entropy',4,8,0.8970335546151182,11,'None'),87,0.06659688043728257,'SAMME')	0.863924469277898	10.59580683708191
pca(0.5006194296396518,True);minMaxScaler();selectPercentile(64.18140201945707);maxAbsScaler();fastICA(9,'parallel','arbitrary-variance','logcosh');qda(0.1575815563573112)	0.3333333333333333	3.587050676345825
fastICA(9,'parallel','arbitrary-variance','logcosh');varianceThreshold();selectPercentile(91.07525955381963);maxAbsScaler();selectFwe(0.003942982807619537);qda(0.5750018568192171)	0.8646890444252808	9.237807512283325
fastICA(39,'parallel','unit-variance','logcosh');selectFwe(0.035036692908687335);minMaxScaler();qda(0.1575815563573112)	0.8351642588492837	18.28415012359619
pca(0.5006194296396518,True);minMaxScaler();selectPercentile(64.18140201945707);varianceThreshold();selectFwe(0.035036692908687335);qda(0.1575815563573112)	0.8715206387743362	cached
maxAbsScaler();selectPercentile(49.76974063863268);varianceThreshold();varianceThreshold();pca(0.7475205666228655,True);nystroem('poly',4.5058601063468515,83,5,0.7021778414042581);adaBoost(decisionTree('entropy',4,15,0.8970335546151182,12,'None'),87,0.06659688043728257,'SAMME')	invalid_ind (duplicated operator)	invalid_ind (duplicated operator)
pca(0.5006194296396518,False);minMaxScaler();selectPercentile(64.18140201945707);maxAbsScaler();selectFwe(0.035036692908687335);extraTreesClassifier(59,'entropy','sqrt',15,8,False,'balanced_subsample')	0.8714387062935292	cached
pca(0.5006194296396518,True);minMaxScaler();selectPercentile(64.18140201945707);fastICA(9,'parallel','arbitrary-variance','logcosh');selectFwe(0.035036692908687335);extraTreesClassifier(59,'entropy','sqrt',15,8,False,'balanced_subsample')	0.8784414044476418	cached
fastICA(9,'parallel','arbitrary-variance','logcosh');varianceThreshold();selectPercentile(91.07525955381963);maxAbsScaler();selectFwe(0.003942982807619537);qda(0.5750018568192171)	0.8646890444252808	cached
fastICA(9,'parallel','unit-variance','logcosh');qda(0.1575815563573112)	0.8663113453998939	cached
pca(0.5006194296396518,True);minMaxScaler();selectPercentile(64.18140201945707);maxAbsScaler();varianceThreshold();qda(0.8294108858970833)	0.8236779947314197	3.1902835369110107
pca(0.7475205666228655,True);minMaxScaler();selectPercentile(64.18140201945707);varianceThreshold();selectFwe(0.035036692908687335);qda(0.1575815563573112)	0.8715206387743362	3.687243700027466
maxAbsScaler();selectPercentile(49.76974063863268);varianceThreshold();varianceThreshold();pca(0.5006194296396518,False);nystroem('rbf',1.541178130008121,54,3,0.05093027545857809);adaBoost(decisionTree('entropy',4,8,0.8970335546151182,12,'None'),87,0.06659688043728257,'SAMME')	invalid_ind (duplicated operator)	invalid_ind (duplicated operator)
pca(0.5006194296396518,True);minMaxScaler();selectPercentile(64.18140201945707);varianceThreshold();selectFwe(0.003942982807619537);qda(0.1575815563573112)	0.8715206387743362	cached
pca(0.5006194296396518,True);minMaxScaler();selectPercentile(64.18140201945707);varianceThreshold();selectFwe(0.003942982807619537);qda(0.1575815563573112)	0.8715206387743362	cached
pca(0.5006194296396518,False);minMaxScaler();selectPercentile(64.18140201945707);maxAbsScaler();selectFwe(0.03622754835119975);extraTreesClassifier(59,'entropy','sqrt',15,8,False,'balanced_subsample')	0.8714387062935292	cached
pca(0.5006194296396518,True);minMaxScaler();selectPercentile(64.18140201945707);fastICA(9,'parallel','arbitrary-variance','logcosh');selectFwe(0.035036692908687335);extraTreesClassifier(59,'entropy','sqrt',15,8,False,'balanced_subsample')	0.8784414044476418	cached
maxAbsScaler();selectPercentile(49.76974063863268);varianceThreshold();varianceThreshold();pca(0.7475205666228655,True);nystroem('poly',4.5058601063468515,83,5,0.7021778414042581);qda(0.1575815563573112)	invalid_ind (duplicated operator)	invalid_ind (duplicated operator)
pca(0.5006194296396518,True);minMaxScaler();selectPercentile(64.18140201945707);varianceThreshold();selectFwe(0.035036692908687335);qda(0.1575815563573112)	0.8715206387743362	4.228469371795654
pca(0.7475205666228655,True);minMaxScaler();selectPercentile(77.67649543368786);maxAbsScaler();selectFwe(0.035036692908687335);extraTreesClassifier(59,'entropy','sqrt',15,8,False,'balanced_subsample')	0.8714387062935292	4.960988759994507
maxAbsScaler();selectPercentile(49.76974063863268);varianceThreshold();varianceThreshold();pca(0.5006194296396518,True);nystroem('rbf',1.541178130008121,54,3,0.05093027545857809);adaBoost(decisionTree('entropy',4,8,0.8970335546151182,12,'None'),87,0.06659688043728257,'SAMME')	invalid_ind (duplicated operator)	invalid_ind (duplicated operator)
maxAbsScaler();selectPercentile(49.76974063863268);varianceThreshold();varianceThreshold();pca(0.5006194296396518,True);nystroem('poly',4.5058601063468515,83,5,0.7021778414042581);adaBoost(decisionTree('entropy',4,15,0.8970335546151182,12,'None'),87,0.06659688043728257,'SAMME')	invalid_ind (duplicated operator)	invalid_ind (duplicated operator)
pca(0.7842736287476,False);minMaxScaler();selectPercentile(64.18140201945707);maxAbsScaler();selectFwe(0.03622754835119975);extraTreesClassifier(59,'entropy','sqrt',15,12,False,'balanced_subsample')	0.871683627597729	5.285576581954956
pca(0.5006194296396518,True);minMaxScaler();selectPercentile(94.70622010027355);varianceThreshold();selectFwe(0.01118608117521671);qda(0.1575815563573112)	0.8715206387743362	3.655778646469116
pca(0.5006194296396518,True);minMaxScaler();selectPercentile(64.18140201945707);maxAbsScaler();selectFwe(0.003942982807619537);qda(0.1575815563573112)	0.8715206387743362	4.06302547454834
pca(0.5006194296396518,False);minMaxScaler();selectPercentile(64.18140201945707);maxAbsScaler();selectFwe(0.03622754835119975);extraTreesClassifier(59,'entropy','sqrt',15,8,False,'balanced_subsample')	0.8714387062935292	cached
pca(0.5006194296396518,True);minMaxScaler();selectPercentile(64.18140201945707);fastICA(9,'parallel','arbitrary-variance','logcosh');selectFwe(0.035036692908687335);extraTreesClassifier(59,'entropy','sqrt',15,8,False,'balanced_subsample')	0.8784414044476418	cached
pca(0.5006194296396518,True);minMaxScaler();selectPercentile(64.18140201945707);maxAbsScaler();selectFwe(0.035036692908687335);qda(0.1575815563573112)	0.8715206387743362	cached
fastICA(9,'parallel','arbitrary-variance','logcosh');varianceThreshold();selectPercentile(64.18140201945707);maxAbsScaler();selectFwe(0.03622754835119975);qda(0.18231769176790835)	0.8666089988518797	cached
pca(0.7475205666228655,True);minMaxScaler();selectPercentile(64.18140201945707);maxAbsScaler();selectFwe(0.035036692908687335);qda(0.1575815563573112)	0.8715206387743362	4.127415657043457
pca(0.5006194296396518,True);minMaxScaler();selectPercentile(64.18140201945707);maxAbsScaler();selectFwe(0.035036692908687335);qda(0.1575815563573112)	0.8715206387743362	cached
pca(0.5006194296396518,True);minMaxScaler();selectPercentile(77.67649543368786);maxAbsScaler();selectFwe(0.035036692908687335);extraTreesClassifier(59,'entropy','sqrt',15,8,False,'balanced_subsample')	0.8714387062935292	cached
pca(0.5006194296396518,False);minMaxScaler();selectPercentile(64.18140201945707);varianceThreshold();selectFwe(0.035036692908687335);qda(0.1575815563573112)	0.8715206387743362	7.805452823638916
pca(0.5006194296396518,False);minMaxScaler();selectPercentile(64.18140201945707);maxAbsScaler();selectFwe(0.035036692908687335);extraTreesClassifier(59,'entropy','sqrt',15,8,False,'balanced_subsample')	0.8714387062935292	8.450018405914307
varianceThreshold();minMaxScaler();extraTreesClassifier(59,'entropy','sqrt',15,8,False,'balanced_subsample')	0.8647120823761313	9.77116060256958
fastICA(9,'parallel','arbitrary-variance','logcosh');varianceThreshold();selectPercentile(64.18140201945707);maxAbsScaler();selectFwe(0.014207806137556718);qda(0.18231769176790835)	0.8654667835147608	14.929795026779175
pca(0.5006194296396518,False);minMaxScaler();selectPercentile(64.18140201945707);varianceThreshold();selectFwe(0.03622754835119975);qda(0.1575815563573112)	0.8715206387743362	4.525329113006592
pca(0.5006194296396518,True);minMaxScaler();selectPercentile(64.18140201945707);robustScaler(False,False);selectFwe(0.003942982807619537);extraTreesClassifier(59,'entropy','sqrt',15,8,False,'balanced_subsample')	0.8714387062935292	8.728192806243896
pca(0.5006194296396518,False);minMaxScaler();selectPercentile(77.67649543368786);maxAbsScaler();selectFwe(0.03622754835119975);extraTreesClassifier(59,'entropy','sqrt',15,8,False,'balanced_subsample')	0.8714387062935292	6.840477705001831
pca(0.5006194296396518,False);minMaxScaler();selectPercentile(64.18140201945707);varianceThreshold();selectFwe(0.035036692908687335);qda(0.036597565079004246)	0.8731014423935349	5.333195447921753
pca(0.5006194296396518,True);minMaxScaler();selectPercentile(64.18140201945707);fastICA(9,'parallel','arbitrary-variance','logcosh');selectFwe(0.035036692908687335);extraTreesClassifier(59,'entropy','sqrt',15,8,False,'balanced_subsample')	0.8784414044476418	cached
pca(0.5006194296396518,True);minMaxScaler();selectPercentile(64.18140201945707);maxAbsScaler();selectFwe(0.035036692908687335);extraTreesClassifier(59,'entropy','sqrt',15,8,False,'balanced_subsample')	0.8714387062935292	5.8439881801605225
fastICA(39,'parallel','unit-variance','logcosh');selectFwe(0.04047402266380559);minMaxScaler();adaBoost(decisionTree('entropy',4,15,0.8970335546151182,12,'None'),87,0.06659688043728257,'SAMME')	0.8303573104902574	38.84720849990845
fastICA(9,'parallel','arbitrary-variance','logcosh');varianceThreshold();minMaxScaler();adaBoost(decisionTree('entropy',4,8,0.8970335546151182,12,'None'),87,0.06659688043728257,'SAMME')	0.8707422708673743	28.615459442138672
pca(0.5006194296396518,True);minMaxScaler();selectPercentile(64.18140201945707);varianceThreshold();selectFwe(0.003942982807619537);qda(0.1575815563573112)	0.8715206387743362	cached
pca(0.5006194296396518,False);minMaxScaler();selectPercentile(64.18140201945707);maxAbsScaler();selectFwe(0.035036692908687335);extraTreesClassifier(59,'entropy','sqrt',15,8,False,'balanced_subsample')	0.8714387062935292	cached
pca(0.5006194296396518,True);minMaxScaler();selectPercentile(64.18140201945707);fastICA(9,'parallel','arbitrary-variance','logcosh');selectFwe(0.035036692908687335);extraTreesClassifier(59,'entropy','sqrt',15,8,False,'balanced_subsample')	0.8784414044476418	cached
pca(0.5006194296396518,True);minMaxScaler();selectPercentile(64.18140201945707);maxAbsScaler();selectFwe(0.035036692908687335);qda(0.1575815563573112)	0.8715206387743362	cached
pca(0.5006194296396518,True);minMaxScaler();selectPercentile(77.67649543368786);maxAbsScaler();selectFwe(0.035036692908687335);extraTreesClassifier(59,'entropy','sqrt',15,8,False,'balanced_subsample')	0.8714387062935292	cached
pca(0.5006194296396518,False);minMaxScaler();selectPercentile(64.18140201945707);maxAbsScaler();selectFwe(0.035036692908687335);extraTreesClassifier(59,'entropy','sqrt',15,8,False,'balanced_subsample')	0.8714387062935292	cached
pca(0.5006194296396518,True);minMaxScaler();selectPercentile(64.18140201945707);fastICA(9,'parallel','arbitrary-variance','logcosh');selectFwe(0.035036692908687335);extraTreesClassifier(59,'entropy','sqrt',15,8,False,'balanced_subsample')	0.8784414044476418	cached
pca(0.5006194296396518,True);minMaxScaler();selectPercentile(64.18140201945707);maxAbsScaler();selectFwe(0.035036692908687335);extraTreesClassifier(59,'entropy','sqrt',15,8,False,'balanced_subsample')	0.8714387062935292	cached
maxAbsScaler();selectPercentile(49.76974063863268);varianceThreshold();varianceThreshold();pca(0.5006194296396518,True);nystroem('poly',4.5058601063468515,83,5,0.7021778414042581);adaBoost(decisionTree('entropy',4,15,0.8970335546151182,12,'None'),87,0.06659688043728257,'SAMME')	invalid_ind (duplicated operator)	invalid_ind (duplicated operator)
pca(0.5006194296396518,False);minMaxScaler();selectPercentile(64.18140201945707);maxAbsScaler();selectFwe(0.03622754835119975);extraTreesClassifier(59,'entropy','sqrt',15,8,False,'balanced_subsample')	0.8714387062935292	cached
pca(0.5006194296396518,True);minMaxScaler();selectPercentile(64.18140201945707);fastICA(9,'parallel','arbitrary-variance','logcosh');selectFwe(0.035036692908687335);extraTreesClassifier(59,'entropy','sqrt',15,8,False,'balanced_subsample')	0.8784414044476418	cached
pca(0.5006194296396518,True);minMaxScaler();selectPercentile(64.18140201945707);fastICA(9,'parallel','arbitrary-variance','logcosh');selectFwe(0.035036692908687335);extraTreesClassifier(59,'entropy','sqrt',15,8,False,'balanced_subsample')	0.8784414044476418	cached
maxAbsScaler();selectPercentile(49.76974063863268);varianceThreshold();varianceThreshold();pca(0.5006194296396518,True);nystroem('poly',4.5058601063468515,83,5,0.7021778414042581);adaBoost(decisionTree('entropy',4,15,0.8970335546151182,12,'None'),87,0.06659688043728257,'SAMME')	invalid_ind (duplicated operator)	invalid_ind (duplicated operator)
pca(0.5006194296396518,True);minMaxScaler();selectPercentile(64.18140201945707);maxAbsScaler();selectFwe(0.035036692908687335);qda(0.1575815563573112)	0.8715206387743362	cached
pca(0.5006194296396518,False);minMaxScaler();selectPercentile(64.18140201945707);varianceThreshold();selectFwe(0.03622754835119975);qda(0.036597565079004246)	0.8731014423935349	2.293736457824707
pca(0.5006194296396518,True);minMaxScaler();selectPercentile(64.18140201945707);varianceThreshold();selectFwe(0.035036692908687335);qda(0.2768073783925019)	0.8670412837646035	3.089165210723877
pca(0.5006194296396518,True);minMaxScaler();selectPercentile(64.18140201945707);maxAbsScaler();selectFwe(0.003942982807619537);qda(0.1575815563573112)	0.8715206387743362	cached
pca(0.5006194296396518,True);minMaxScaler();selectPercentile(64.18140201945707);robustScaler(False,False);selectFwe(0.003942982807619537);extraTreesClassifier(59,'entropy','sqrt',15,8,False,'balanced_subsample')	0.8714387062935292	cached
pca(0.5006194296396518,False);minMaxScaler();selectPercentile(64.18140201945707);varianceThreshold();selectFwe(0.035036692908687335);qda(0.1575815563573112)	0.8715206387743362	cached
pca(0.5006194296396518,True);minMaxScaler();selectPercentile(64.18140201945707);fastICA(9,'parallel','arbitrary-variance','logcosh');selectFwe(0.035036692908687335);extraTreesClassifier(59,'entropy','sqrt',15,8,False,'balanced_subsample')	0.8784414044476418	cached
pca(0.8224376175017892,False);minMaxScaler();selectPercentile(64.18140201945707);maxAbsScaler();selectFwe(0.03622754835119975);extraTreesClassifier(59,'entropy','sqrt',15,8,False,'balanced_subsample')	0.8714387062935292	3.653184652328491
maxAbsScaler();selectPercentile(49.76974063863268);varianceThreshold();varianceThreshold();pca(0.5006194296396518,True);nystroem('poly',4.5058601063468515,83,5,0.7021778414042581);adaBoost(decisionTree('entropy',4,15,0.8970335546151182,12,'None'),87,0.06659688043728257,'SAMME')	invalid_ind (duplicated operator)	invalid_ind (duplicated operator)
pca(0.5006194296396518,False);minMaxScaler();selectPercentile(64.18140201945707);maxAbsScaler();selectFwe(0.035036692908687335);extraTreesClassifier(59,'entropy','sqrt',15,8,False,'balanced_subsample')	0.8714387062935292	4.4082512855529785
pca(0.5006194296396518,False);minMaxScaler();selectPercentile(52.45554321335898);varianceThreshold();selectFwe(0.003942982807619537);qda(0.036597565079004246)	0.8731014423935349	3.0197949409484863
pca(0.5006194296396518,False);minMaxScaler();selectPercentile(64.18140201945707);varianceThreshold();selectFwe(0.035036692908687335);qda(0.036597565079004246)	0.8731014423935349	cached
pca(0.5006194296396518,True);minMaxScaler();selectPercentile(64.18140201945707);fastICA(9,'parallel','arbitrary-variance','logcosh');selectFwe(0.035036692908687335);extraTreesClassifier(59,'entropy','sqrt',15,8,False,'balanced_subsample')	0.8784414044476418	cached
pca(0.5006194296396518,False);minMaxScaler();selectPercentile(64.18140201945707);varianceThreshold();selectFwe(0.03622754835119975);qda(0.1575815563573112)	0.8715206387743362	cached
pca(0.5006194296396518,True);minMaxScaler();selectPercentile(64.18140201945707);varianceThreshold();selectFwe(0.003942982807619537);qda(0.1575815563573112)	0.8715206387743362	cached
varianceThreshold();randomForest(18,'gini',0.6201765536122712,6,12,True,'None')	0.8304205214473523	7.683379650115967
pca(0.5006194296396518,True);minMaxScaler();selectPercentile(64.18140201945707);fastICA(9,'parallel','arbitrary-variance','logcosh');selectFwe(0.035036692908687335);extraTreesClassifier(59,'entropy','sqrt',15,8,False,'balanced_subsample')	0.8784414044476418	cached
pca(0.5006194296396518,True);minMaxScaler();selectPercentile(64.18140201945707);maxAbsScaler();selectFwe(0.035036692908687335);qda(0.1575815563573112)	0.8715206387743362	cached
pca(0.7475205666228655,True);minMaxScaler();selectPercentile(64.18140201945707);fastICA(9,'parallel','arbitrary-variance','logcosh');selectFwe(0.035036692908687335);extraTreesClassifier(59,'entropy','sqrt',15,8,False,'balanced_subsample')	0.8702971847119837	7.967249393463135
varianceThreshold();minMaxScaler();extraTreesClassifier(59,'entropy','sqrt',9,8,False,'balanced_subsample')	0.8647120823761313	5.4225754737854
pca(0.5006194296396518,True);minMaxScaler();selectPercentile(64.18140201945707);varianceThreshold();selectFwe(0.035036692908687335);qda(0.1575815563573112)	0.8715206387743362	3.454190969467163
pca(0.5006194296396518,True);minMaxScaler();selectPercentile(64.18140201945707);varianceThreshold();selectFwe(0.003942982807619537);qda(0.1575815563573112)	0.8715206387743362	3.568881034851074
pca(0.5006194296396518,True);minMaxScaler();selectPercentile(64.18140201945707);varianceThreshold();selectFwe(0.035036692908687335);qda(0.1575815563573112)	0.8715206387743362	3.3619132041931152
pca(0.5006194296396518,True);minMaxScaler();selectPercentile(64.18140201945707);fastICA(9,'parallel','arbitrary-variance','logcosh');selectFwe(0.03622754835119975);extraTreesClassifier(59,'entropy','sqrt',15,8,False,'balanced_subsample')	0.8784414044476418	5.602668046951294
pca(0.5006194296396518,False);minMaxScaler();selectPercentile(64.02211993247876);robustScaler(False,False);selectFwe(0.03622754835119975);extraTreesClassifier(83,'entropy','sqrt',8,8,False,'balanced_subsample')	0.8734843534816363	5.495924711227417
fastICA(9,'parallel','arbitrary-variance','logcosh');varianceThreshold();selectPercentile(64.18140201945707);pca(0.9774795305516729,True);selectFwe(0.03622754835119975);qda(0.18231769176790835)	0.865702424996391	7.680037021636963
pca(0.5006194296396518,False);minMaxScaler();selectPercentile(64.18140201945707);maxAbsScaler();selectFwe(0.035036692908687335);extraTreesClassifier(59,'entropy','sqrt',15,8,False,'balanced_subsample')	0.8714387062935292	3.9989452362060547
pca(0.5006194296396518,True);minMaxScaler();selectPercentile(64.18140201945707);varianceThreshold();selectFwe(0.035036692908687335);qda(0.1575815563573112)	0.8715206387743362	cached
pca(0.5006194296396518,True);minMaxScaler();selectPercentile(64.18140201945707);fastICA(9,'parallel','arbitrary-variance','logcosh');selectFwe(0.035036692908687335);extraTreesClassifier(59,'entropy','sqrt',15,8,False,'balanced_subsample')	0.8784414044476418	cached
pca(0.5006194296396518,False);minMaxScaler();selectPercentile(64.18140201945707);varianceThreshold();selectFwe(0.03622754835119975);qda(0.036597565079004246)	0.8731014423935349	cached
pca(0.5006194296396518,False);minMaxScaler();selectPercentile(64.02211993247876);robustScaler(False,False);selectFwe(0.03622754835119975);extraTreesClassifier(83,'entropy','sqrt',8,8,False,'balanced_subsample')	0.8734843534816363	cached
varianceThreshold();minMaxScaler();selectPercentile(52.45554321335898);varianceThreshold();selectFwe(0.003942982807619537);qda(0.036597565079004246)	invalid_ind (duplicated operator)	invalid_ind (duplicated operator)
pca(0.5006194296396518,True);minMaxScaler();selectPercentile(64.18140201945707);maxAbsScaler();selectFwe(0.035036692908687335);qda(0.1575815563573112)	0.8715206387743362	cached
pca(0.5006194296396518,True);minMaxScaler();selectPercentile(64.18140201945707);maxAbsScaler();selectFwe(0.035036692908687335);qda(0.1575815563573112)	0.8715206387743362	cached
pca(0.5006194296396518,True);minMaxScaler();selectPercentile(64.18140201945707);fastICA(9,'parallel','arbitrary-variance','logcosh');selectFwe(0.035036692908687335);extraTreesClassifier(59,'entropy','sqrt',15,8,False,'balanced_subsample')	0.8784414044476418	cached
pca(0.5006194296396518,True);minMaxScaler();selectPercentile(64.18140201945707);robustScaler(False,False);selectFwe(0.003942982807619537);extraTreesClassifier(59,'entropy','sqrt',15,8,False,'balanced_subsample')	0.8714387062935292	cached
pca(0.5006194296396518,True);minMaxScaler();selectPercentile(64.18140201945707);varianceThreshold();selectFwe(0.035036692908687335);qda(0.1575815563573112)	0.8715206387743362	2.748603343963623
pca(0.5006194296396518,True);minMaxScaler();selectPercentile(64.18140201945707);varianceThreshold();selectFwe(0.035036692908687335);qda(0.1575815563573112)	0.8715206387743362	3.994436502456665
pca(0.5006194296396518,True);minMaxScaler();selectPercentile(64.18140201945707);maxAbsScaler();selectFwe(0.003942982807619537);extraTreesClassifier(59,'entropy','sqrt',15,8,False,'balanced_subsample')	0.8714387062935292	4.642745018005371
pca(0.8885323568605832,True);minMaxScaler();selectPercentile(64.18140201945707);varianceThreshold();selectFwe(0.035036692908687335);qda(0.1575815563573112)	0.8715206387743362	4.950582981109619
pca(0.5006194296396518,True);minMaxScaler();selectPercentile(77.67649543368786);maxAbsScaler();selectFwe(0.003942982807619537);extraTreesClassifier(59,'entropy','sqrt',15,8,False,'balanced_subsample')	0.8714387062935292	7.4979424476623535
pca(0.5006194296396518,True);minMaxScaler();selectPercentile(64.18140201945707);fastICA(9,'parallel','arbitrary-variance','logcosh');selectFwe(0.035036692908687335);extraTreesClassifier(59,'entropy','sqrt',15,8,False,'balanced_subsample')	0.8784414044476418	cached
pca(0.5006194296396518,True);minMaxScaler();selectPercentile(64.18140201945707);fastICA(9,'parallel','arbitrary-variance','logcosh');selectFwe(0.035036692908687335);extraTreesClassifier(59,'entropy','sqrt',15,8,False,'balanced_subsample')	0.8784414044476418	cached
pca(0.5006194296396518,True);minMaxScaler();selectPercentile(64.18140201945707);maxAbsScaler();selectFwe(0.003942982807619537);extraTreesClassifier(59,'entropy','sqrt',15,8,False,'balanced_subsample')	0.8714387062935292	6.792421340942383
pca(0.5006194296396518,True);minMaxScaler();selectPercentile(64.18140201945707);maxAbsScaler();selectFwe(0.003942982807619537);qda(0.1575815563573112)	0.8715206387743362	cached
pca(0.5006194296396518,True);minMaxScaler();selectPercentile(64.18140201945707);fastICA(9,'parallel','arbitrary-variance','logcosh');selectFwe(0.035036692908687335);extraTreesClassifier(59,'entropy','sqrt',15,8,False,'balanced_subsample')	0.8784414044476418	cached
pca(0.5006194296396518,True);minMaxScaler();selectPercentile(64.18140201945707);fastICA(9,'parallel','arbitrary-variance','logcosh');selectFwe(0.035036692908687335);extraTreesClassifier(59,'entropy','sqrt',15,8,False,'balanced_subsample')	0.8784414044476418	cached
pca(0.5006194296396518,True);minMaxScaler();selectPercentile(64.18140201945707);varianceThreshold();selectFwe(0.03622754835119975);qda(0.1575815563573112)	0.8715206387743362	4.634015798568726
pca(0.5006194296396518,True);minMaxScaler();selectPercentile(64.18140201945707);fastICA(9,'parallel','arbitrary-variance','logcosh');selectFwe(0.03622754835119975);extraTreesClassifier(59,'entropy','sqrt',15,8,False,'balanced_subsample')	0.8784414044476418	6.953503131866455
pca(0.9398184663612987,True);minMaxScaler();selectPercentile(90.15228503843994);maxAbsScaler();selectFwe(0.03622754835119975);extraTreesClassifier(59,'entropy','sqrt',15,8,False,'balanced_subsample')	0.8714387062935292	6.87498927116394
pca(0.5006194296396518,True);minMaxScaler();selectPercentile(64.18140201945707);fastICA(9,'parallel','arbitrary-variance','logcosh');selectFwe(0.003942982807619537);extraTreesClassifier(59,'entropy','sqrt',15,8,False,'balanced_subsample')	0.877280527519809	6.660586357116699
pca(0.5006194296396518,True);minMaxScaler();selectPercentile(64.18140201945707);varianceThreshold();selectFwe(0.035036692908687335);qda(0.1575815563573112)	0.8715206387743362	4.430225610733032
pca(0.5006194296396518,True);minMaxScaler();selectPercentile(23.520197318120566);fastICA(9,'parallel','arbitrary-variance','logcosh');selectFwe(0.035036692908687335);extraTreesClassifier(59,'entropy','sqrt',15,8,False,'balanced_subsample')	0.7736061688054993	6.47137975692749
pca(0.5006194296396518,True);minMaxScaler();selectPercentile(64.18140201945707);fastICA(9,'parallel','arbitrary-variance','logcosh');selectFwe(0.035036692908687335);extraTreesClassifier(59,'entropy','sqrt',15,8,False,'balanced_subsample')	0.8784414044476418	cached
pca(0.5006194296396518,True);minMaxScaler();selectPercentile(64.18140201945707);fastICA(9,'parallel','arbitrary-variance','logcosh');selectFwe(0.035036692908687335);extraTreesClassifier(59,'entropy','sqrt',15,8,False,'balanced_subsample')	0.8784414044476418	cached
pca(0.5006194296396518,True);minMaxScaler();selectPercentile(64.18140201945707);fastICA(9,'parallel','arbitrary-variance','logcosh');selectFwe(0.035036692908687335);extraTreesClassifier(59,'entropy','sqrt',15,8,False,'balanced_subsample')	0.8784414044476418	cached
pca(0.5006194296396518,False);minMaxScaler();selectPercentile(64.18140201945707);varianceThreshold();selectFwe(0.03622754835119975);qda(0.036597565079004246)	0.8731014423935349	cached
pca(0.5006194296396518,True);minMaxScaler();selectPercentile(64.18140201945707);fastICA(9,'parallel','arbitrary-variance','logcosh');selectFwe(0.035036692908687335);extraTreesClassifier(59,'entropy','sqrt',15,8,False,'balanced_subsample')	0.8784414044476418	cached
pca(0.5006194296396518,True);minMaxScaler();selectPercentile(64.18140201945707);maxAbsScaler();selectFwe(0.035036692908687335);qda(0.1575815563573112)	0.8715206387743362	cached
pca(0.5006194296396518,True);minMaxScaler();selectPercentile(64.18140201945707);fastICA(9,'parallel','arbitrary-variance','logcosh');selectFwe(0.003942982807619537);extraTreesClassifier(59,'entropy','sqrt',15,8,False,'balanced_subsample')	0.877280527519809	6.681189060211182
fastICA(9,'parallel','arbitrary-variance','logcosh');pca(0.5006194296396518,False);minMaxScaler();adaBoost(decisionTree('entropy',4,8,0.8970335546151182,12,'None'),87,0.06659688043728257,'SAMME')	0.6690554510781502	29.453537940979004
pca(0.7475205666228655,True);minMaxScaler();selectPercentile(64.18140201945707);fastICA(9,'parallel','arbitrary-variance','logcosh');selectFwe(0.035036692908687335);extraTreesClassifier(59,'entropy','sqrt',15,8,False,'balanced_subsample')	0.8702971847119837	12.802181959152222
pca(0.7475205666228655,True);minMaxScaler();selectPercentile(64.18140201945707);fastICA(9,'parallel','arbitrary-variance','logcosh');selectFwe(0.003942982807619537);extraTreesClassifier(59,'entropy','sqrt',15,8,False,'balanced_subsample')	0.8705427775450509	13.596980810165405
pca(0.5006194296396518,True);minMaxScaler();selectPercentile(64.18140201945707);varianceThreshold();selectFwe(0.035036692908687335);qda(0.1575815563573112)	0.8715206387743362	4.353424310684204
pca(0.8990120149668936,False);minMaxScaler();selectPercentile(52.45554321335898);varianceThreshold();selectFwe(0.028617532374580496);qda(0.44837750202283755)	0.8576115694373476	4.659463167190552
pca(0.5006194296396518,False);minMaxScaler();fastICA(92,'deflation','arbitrary-variance','logcosh');varianceThreshold();selectFwe(0.003942982807619537);qda(0.036597565079004246)	0.49216701437595667	56.616944789886475
pca(0.5006194296396518,True);minMaxScaler();selectPercentile(64.18140201945707);fastICA(9,'parallel','arbitrary-variance','logcosh');selectFwe(0.035036692908687335);extraTreesClassifier(59,'entropy','sqrt',15,8,False,'balanced_subsample')	0.8784414044476418	cached
