pipeline	fitness	fit_time
minMaxScaler();minMaxScaler();gaussianNB(0.0026535924869711324)	invalid_ind (duplicated operator)	invalid_ind (duplicated operator)
robustScaler(False,False);minMaxScaler();varianceThreshold();minMaxScaler();bernoulliNB(13.47682032738268,True)	invalid_ind (duplicated operator)	invalid_ind (duplicated operator)
maxAbsScaler();maxAbsScaler();maxAbsScaler();maxAbsScaler();selectFwe(0.009043666552575984);qda(0.2944927770994724)	invalid_ind (duplicated operator)	invalid_ind (duplicated operator)
minMaxScaler();selectFwe(0.024658343705673866);multinomialNB(4.818108993452412,True)	0.2193294069764658	1.9133551120758057
varianceThreshold();varianceThreshold();multinomialNB(36.87483075923989,True)	invalid_ind (duplicated operator)	invalid_ind (duplicated operator)
varianceThreshold();maxAbsScaler();bernoulliNB(21.523060441398258,False)	0.16666666666666666	2.781766414642334
nystroem('sigmoid',1.7423961110204327,44,2,-0.23262073421992024);adaBoost(decisionTree('entropy',28,13,0.5699993338763802,7,'None'),72,1.4483520731325303,'SAMME')	0.16666666666666666	5.134350538253784
varianceThreshold();lda(0.12629982004880003,53,0.013603893314741142)	eval_error (n_components cannot be larger than min(n_features, n_classes - 1).)	eval_error (n_components cannot be larger than min(n_features, n_classes - 1).)
robustScaler(True,True);selectPercentile(90.1038273587697);selectFwe(0.0326841797004676);randomForest(86,'entropy',0.6956345264363321,14,3,False,'balanced_subsample')	0.37229659955150146	15.299126148223877
varianceThreshold();robustScaler(False,True);selectFwe(0.04466939840961905);varianceThreshold();minMaxScaler();adaBoost(decisionTree('gini',10,13,0.49326104275013793,5,'balanced'),74,1.3552637436178543,'SAMME')	invalid_ind (duplicated operator)	invalid_ind (duplicated operator)
logisticRegression('l1','liblinear',1000,1.6485202941946948,'balanced')	eval_error (The 'liblinear' solver does not support multiclass classification (n_classes >= 3). Either use another solver or wrap the estimator in a OneVsRestClassifier to keep applying a one-versus-rest scheme.)	eval_error (The 'liblinear' solver does not support multiclass classification (n_classes >= 3). Either use another solver or wrap the estimator in a OneVsRestClassifier to keep applying a one-versus-rest scheme.)
selectFwe(0.017249723534111822);minMaxScaler();minMaxScaler();selectFwe(0.018793868640708627);adaBoost(decisionTree('entropy',20,4,0.8562771389130047,20,'None'),32,0.19666825807181484,'SAMME')	invalid_ind (duplicated operator)	invalid_ind (duplicated operator)
maxAbsScaler();robustScaler(False,True);nystroem('cosine',7.556033650403374,90,5,-0.5536084395066585);adaBoost(decisionTree('gini',10,4,0.8585144063565593,10,'None'),30,0.5888670915381928,'SAMME')	0.32642525956251445	30.920877695083618
varianceThreshold();selectPercentile(62.49760567667308);pca(0.771115481433299,False);varianceThreshold();adaBoost(decisionTree('gini',19,14,0.204821737736817,4,'balanced'),25,0.8771129300595147,'SAMME')	invalid_ind (duplicated operator)	invalid_ind (duplicated operator)
maxAbsScaler();varianceThreshold();robustScaler(True,True);maxAbsScaler();selectFwe(0.04686724486146901);fastICA(87,'parallel','arbitrary-variance','cube');varianceThreshold();gaussianNB(0.007328583021315048)	invalid_ind (duplicated operator)	invalid_ind (duplicated operator)
robustScaler(True,True);selectPercentile(9.204553991742472);mlpClassifier((97, 3),0.04338905221155612,0.8979170621498264,'sgd','relu')	0.20010996991389146	14.076193809509277
maxAbsScaler();fastICA(44,'deflation','unit-variance','logcosh');fastICA(73,'parallel','unit-variance','exp');logisticRegression('None','liblinear',1000,2.593247120632086,'None')	invalid_ind (duplicated operator)	invalid_ind (duplicated operator)
randomForest(79,'entropy',0.505433262868637,12,6,False,'balanced_subsample')	0.3766064146456304	18.267844676971436
minMaxScaler();multinomialNB(48.75738030882885,True)	0.21423567717685366	6.888217926025391
selectFwe(0.02044616347306722);maxAbsScaler();qda(0.8710531292337911)	eval_error (The covariance matrix of class 1 is not full rank. When using `solver='svd'` the number of samples in each class should be more than the number of features, but class 1 has 5 samples and 7 features. Try using `solver='eigen'` and setting the parameter `shrinkage` for regularization.)	eval_error (The covariance matrix of class 1 is not full rank. When using `solver='svd'` the number of samples in each class should be more than the number of features, but class 1 has 5 samples and 7 features. Try using `solver='eigen'` and setting the parameter `shrinkage` for regularization.)
varianceThreshold();varianceThreshold();nystroem('cosine',3.4878415009605916,73,5,-0.31511366869620727);maxAbsScaler();fastICA(50,'parallel','unit-variance','logcosh');maxAbsScaler();multinomialNB(14.543848286903104,True)	invalid_ind (duplicated operator)	invalid_ind (duplicated operator)
minMaxScaler();minMaxScaler();adaBoost(decisionTree('gini',3,16,0.6521538633106674,10,'balanced'),14,0.8121983926656746,'SAMME')	invalid_ind (duplicated operator)	invalid_ind (duplicated operator)
mlpClassifier((85, 5),0.013374859278454247,0.9769018800688869,'sgd','relu')	0.16666666666666666	8.312167167663574
maxAbsScaler();selectPercentile(97.49937227847703);selectPercentile(39.728449753026766);logisticRegression('l1','newton-cg',1000,12.568882388547669,'balanced')	invalid_ind (duplicated operator)	invalid_ind (duplicated operator)
varianceThreshold();varianceThreshold();maxAbsScaler();pca(0.9939164754574539,True);decisionTree('entropy',24,7,0.19997419692838092,13,'None')	invalid_ind (duplicated operator)	invalid_ind (duplicated operator)
qda(0.8171380001725462)	eval_error (The covariance matrix of class 1 is not full rank. When using `solver='svd'` the number of samples in each class should be more than the number of features, but class 1 has 5 samples and 11 features. Try using `solver='eigen'` and setting the parameter `shrinkage` for regularization.)	eval_error (The covariance matrix of class 1 is not full rank. When using `solver='svd'` the number of samples in each class should be more than the number of features, but class 1 has 5 samples and 11 features. Try using `solver='eigen'` and setting the parameter `shrinkage` for regularization.)
minMaxScaler();minMaxScaler();minMaxScaler();lda(0.4241197773808294,170,0.006711473841465632)	invalid_ind (duplicated operator)	invalid_ind (duplicated operator)
maxAbsScaler();bernoulliNB(7.680138010703927,False)	0.1661521702698173	7.669252395629883
minMaxScaler();decisionTree('gini',20,17,0.8654933191750928,8,'None')	0.2706781744036646	5.06331467628479
nystroem('poly',0.014195095503263807,48,2,0.08154489278859844);maxAbsScaler();maxAbsScaler();fastICA(54,'deflation','arbitrary-variance','exp');varianceThreshold();minMaxScaler();mlpClassifier((94, 19),0.0035576576385947852,0.339507963138615,'sgd','identity')	invalid_ind (duplicated operator)	invalid_ind (duplicated operator)
maxAbsScaler();kNN(2,'distance',1)	0.31850942086236206	7.853014945983887
minMaxScaler();selectFwe(0.021545208688461062);selectPercentile(11.119971147298271);varianceThreshold();selectPercentile(42.913231208662765);mlpClassifier((16, 4),0.07254450317809137,0.6016185865695745,'adam','identity')	invalid_ind (duplicated operator)	invalid_ind (duplicated operator)
fastICA(36,'deflation','unit-variance','cube');extraTreesClassifier(83,'gini','log2',10,16,False,'balanced_subsample')	0.3931506619741914	13.835704803466797
minMaxScaler();maxAbsScaler();varianceThreshold();maxAbsScaler();maxAbsScaler();minMaxScaler();randomForest(23,'gini',0.5333866128032695,20,17,True,'balanced')	invalid_ind (duplicated operator)	invalid_ind (duplicated operator)
gaussianNB(0.0021356320261678814)	0.20172256936962815	5.979074716567993
varianceThreshold();nystroem('rbf',0.324586797525103,27,4,-0.549944339870978);minMaxScaler();varianceThreshold();adaBoost(decisionTree('gini',3,9,0.280172569160838,11,'None'),86,1.2087854129873528,'SAMME')	invalid_ind (duplicated operator)	invalid_ind (duplicated operator)
robustScaler(True,True);pca(0.5481929107864705,False);mlpClassifier((72, 18),0.022693828368837,0.653887448259359,'lbfgs','logistic')	0.17752847007748968	64.92125654220581
varianceThreshold();maxAbsScaler();minMaxScaler();adaBoost(decisionTree('entropy',28,17,0.633662319891193,18,'balanced'),89,0.4577973427625389,'SAMME')	0.31701708603669393	18.06887698173523
maxAbsScaler();nystroem('poly',2.3695199774104716,54,3,0.3536970796999488);adaBoost(decisionTree('entropy',4,12,0.8955753946414917,17,'None'),74,1.4932288908626732,'SAMME')	0.29715682284309736	69.03700160980225
nystroem('rbf',0.6523880507402764,45,4,0.41252309451027713);gaussianNB(0.0059729857275077165)	0.14934648503275955	2.1127357482910156
fastICA(36,'deflation','unit-variance','cube');extraTreesClassifier(83,'gini','log2',10,16,False,'balanced_subsample')	0.3931506619741914	cached
maxAbsScaler();nystroem('poly',2.3695199774104716,54,3,0.3536970796999488);adaBoost(decisionTree('entropy',4,12,0.8955753946414917,17,'None'),74,1.4932288908626732,'SAMME')	0.29715682284309736	cached
maxAbsScaler();selectPercentile(97.49937227847703);selectPercentile(39.728449753026766);lda(0.12629982004880003,53,0.013603893314741142)	invalid_ind (duplicated operator)	invalid_ind (duplicated operator)
nystroem('rbf',0.6523880507402764,45,4,0.41252309451027713);multinomialNB(36.87483075923989,True)	eval_error (Negative values in data passed to MultinomialNB (input X).)	eval_error (Negative values in data passed to MultinomialNB (input X).)
varianceThreshold();varianceThreshold();gaussianNB(0.0059729857275077165)	invalid_ind (duplicated operator)	invalid_ind (duplicated operator)
minMaxScaler();minMaxScaler();adaBoost(decisionTree('gini',3,16,0.6521538633106674,10,'balanced'),14,0.8121983926656746,'SAMME')	invalid_ind (duplicated operator)	invalid_ind (duplicated operator)
varianceThreshold();logisticRegression('l1','newton-cg',1000,12.568882388547669,'balanced')	eval_error (Solver newton-cg supports only 'l2' or None penalties, got l1 penalty.)	eval_error (Solver newton-cg supports only 'l2' or None penalties, got l1 penalty.)
selectFwe(0.017249723534111822);minMaxScaler();minMaxScaler();selectFwe(0.018793868640708627);maxAbsScaler();multinomialNB(14.543848286903104,True)	invalid_ind (duplicated operator)	invalid_ind (duplicated operator)
varianceThreshold();varianceThreshold();nystroem('cosine',3.4878415009605916,73,5,-0.31511366869620727);maxAbsScaler();fastICA(50,'parallel','unit-variance','logcosh');adaBoost(decisionTree('entropy',20,4,0.8562771389130047,20,'None'),32,0.19666825807181484,'SAMME')	invalid_ind (duplicated operator)	invalid_ind (duplicated operator)
varianceThreshold();varianceThreshold();nystroem('cosine',3.4878415009605916,73,5,-0.31511366869620727);maxAbsScaler();fastICA(50,'parallel','unit-variance','logcosh');maxAbsScaler();multinomialNB(14.543848286903104,True)	invalid_ind (duplicated operator)	invalid_ind (duplicated operator)
maxAbsScaler();fastICA(44,'deflation','arbitrary-variance','logcosh');fastICA(73,'parallel','unit-variance','exp');logisticRegression('None','liblinear',1000,4.524850237101351,'None')	invalid_ind (duplicated operator)	invalid_ind (duplicated operator)
mlpClassifier((85, 5),0.013374859278454247,0.9769018800688869,'sgd','relu')	0.16666666666666666	cached
minMaxScaler();minMaxScaler();adaBoost(decisionTree('gini',14,9,0.7944006922875018,17,'balanced'),99,0.7483421054063227,'SAMME')	invalid_ind (duplicated operator)	invalid_ind (duplicated operator)
robustScaler(False,False);minMaxScaler();varianceThreshold();minMaxScaler();multinomialNB(4.818108993452412,True)	invalid_ind (duplicated operator)	invalid_ind (duplicated operator)
minMaxScaler();selectFwe(0.024658343705673866);bernoulliNB(13.47682032738268,True)	0.16784313725490194	2.4558355808258057
robustScaler(True,True);selectPercentile(90.1038273587697);selectFwe(0.0326841797004676);randomForest(86,'entropy',0.6956345264363321,14,3,False,'balanced_subsample')	0.37229659955150146	7.171661138534546
minMaxScaler();minMaxScaler();gaussianNB(0.0026535924869711324)	invalid_ind (duplicated operator)	invalid_ind (duplicated operator)
robustScaler(True,True);selectPercentile(90.1038273587697);varianceThreshold();randomForest(86,'entropy',0.6956345264363321,14,3,False,'balanced_subsample')	0.3819100289688525	7.8523523807525635
robustScaler(True,True);selectPercentile(96.85322300203721);mlpClassifier((97, 3),0.04338905221155612,0.8979170621498264,'sgd','relu')	0.21628400648008492	3.9146945476531982
robustScaler(True,True);selectPercentile(90.1038273587697);selectFwe(0.0326841797004676);randomForest(86,'entropy',0.6956345264363321,14,3,False,'balanced_subsample')	0.37229659955150146	cached
randomForest(79,'entropy',0.505433262868637,12,6,False,'balanced_subsample')	0.3766064146456304	cached
maxAbsScaler();bernoulliNB(7.680138010703927,False)	0.1661521702698173	cached
randomForest(79,'entropy',0.505433262868637,12,6,False,'balanced_subsample')	0.3766064146456304	6.692534685134888
nystroem('poly',0.014195095503263807,48,2,0.08154489278859844);minMaxScaler();maxAbsScaler();fastICA(54,'deflation','arbitrary-variance','exp');varianceThreshold();minMaxScaler();mlpClassifier((94, 19),0.0035576576385947852,0.339507963138615,'sgd','identity')	invalid_ind (duplicated operator)	invalid_ind (duplicated operator)
maxAbsScaler();minMaxScaler();minMaxScaler();lda(0.4241197773808294,170,0.006711473841465632)	invalid_ind (duplicated operator)	invalid_ind (duplicated operator)
selectFwe(0.028489067393504326);bernoulliNB(7.680138010703927,False)	0.1677768201297613	3.157639265060425
selectFwe(0.017249723534111822);minMaxScaler();minMaxScaler();selectFwe(0.018793868640708627);adaBoost(decisionTree('entropy',20,4,0.8562771389130047,20,'None'),32,0.19666825807181484,'SAMME')	invalid_ind (duplicated operator)	invalid_ind (duplicated operator)
nystroem('poly',0.014195095503263807,48,2,0.08154489278859844);maxAbsScaler();maxAbsScaler();fastICA(54,'deflation','arbitrary-variance','exp');varianceThreshold();minMaxScaler();mlpClassifier((16, 4),0.07254450317809137,0.339507963138615,'sgd','identity')	invalid_ind (duplicated operator)	invalid_ind (duplicated operator)
minMaxScaler();selectFwe(0.021545208688461062);selectPercentile(11.119971147298271);varianceThreshold();selectPercentile(42.913231208662765);mlpClassifier((94, 19),0.0035576576385947852,0.6016185865695745,'adam','identity')	invalid_ind (duplicated operator)	invalid_ind (duplicated operator)
maxAbsScaler();nystroem('cosine',7.556033650403374,54,5,-0.5536084395066585);adaBoost(decisionTree('gini',10,4,0.8585144063565593,10,'None'),30,0.5888670915381928,'SAMME')	0.3228905009297166	10.557948589324951
selectFwe(0.0326841797004676);lda(0.12629982004880003,53,0.013603893314741142)	eval_error (n_components cannot be larger than min(n_features, n_classes - 1).)	eval_error (n_components cannot be larger than min(n_features, n_classes - 1).)
robustScaler(True,False);varianceThreshold();varianceThreshold();nystroem('cosine',3.4878415009605916,73,5,-0.31511366869620727);maxAbsScaler();fastICA(50,'parallel','unit-variance','logcosh');maxAbsScaler();qda(0.8171380001725462)	invalid_ind (duplicated operator)	invalid_ind (duplicated operator)
multinomialNB(14.543848286903104,True)	0.23243793243793243	2.4996261596679688
varianceThreshold();maxAbsScaler();minMaxScaler();adaBoost(decisionTree('entropy',28,17,0.633662319891193,18,'balanced'),89,0.4577973427625389,'SAMME')	0.31701708603669393	9.230249404907227
varianceThreshold();lda(0.12629982004880003,53,0.013603893314741142)	eval_error (n_components cannot be larger than min(n_features, n_classes - 1).)	eval_error (n_components cannot be larger than min(n_features, n_classes - 1).)
maxAbsScaler();varianceThreshold();minMaxScaler();mlpClassifier((94, 19),0.0035576576385947852,0.339507963138615,'sgd','relu')	0.251418835340404	15.889578580856323
robustScaler(True,True);selectPercentile(9.204553991742472);mlpClassifier((97, 3),0.04338905221155612,0.23016660846429954,'sgd','identity')	0.23720470524392093	4.430823802947998
minMaxScaler();nystroem('cosine',7.556033650403374,90,5,-0.5536084395066585);adaBoost(decisionTree('gini',10,4,0.8585144063565593,10,'None'),30,0.5888670915381928,'SAMME')	0.3384935398660889	22.528911352157593
maxAbsScaler();robustScaler(False,True);selectFwe(0.024658343705673866);multinomialNB(4.818108993452412,True)	0.2163899063899064	1.7253377437591553
maxAbsScaler();robustScaler(False,True);nystroem('cosine',2.3695199774104716,90,3,0.3536970796999488);adaBoost(decisionTree('entropy',4,12,0.8955753946414917,17,'None'),74,1.4932288908626732,'SAMME')	0.295573431651863	37.11793780326843
maxAbsScaler();nystroem('cosine',7.556033650403374,54,5,-0.5536084395066585);adaBoost(decisionTree('gini',10,4,0.8585144063565593,10,'None'),30,0.5888670915381928,'SAMME')	0.3228905009297166	cached
nystroem('poly',0.014195095503263807,48,2,0.08154489278859844);maxAbsScaler();maxAbsScaler();fastICA(54,'deflation','arbitrary-variance','exp');varianceThreshold();minMaxScaler();mlpClassifier((16, 4),0.07254450317809137,0.339507963138615,'sgd','identity')	invalid_ind (duplicated operator)	invalid_ind (duplicated operator)
maxAbsScaler();robustScaler(False,True);nystroem('cosine',2.3695199774104716,90,3,0.3536970796999488);adaBoost(decisionTree('entropy',4,12,0.8955753946414917,17,'None'),74,1.4932288908626732,'SAMME')	0.295573431651863	cached
maxAbsScaler();minMaxScaler();minMaxScaler();lda(0.4241197773808294,170,0.006711473841465632)	invalid_ind (duplicated operator)	invalid_ind (duplicated operator)
multinomialNB(14.543848286903104,True)	0.23243793243793243	cached
varianceThreshold();varianceThreshold();nystroem('cosine',3.4878415009605916,73,5,-0.31511366869620727);maxAbsScaler();fastICA(50,'parallel','unit-variance','logcosh');maxAbsScaler();multinomialNB(14.543848286903104,True)	invalid_ind (duplicated operator)	invalid_ind (duplicated operator)
varianceThreshold();multinomialNB(14.543848286903104,True)	0.23243793243793243	1.9112513065338135
selectFwe(0.028489067393504326);bernoulliNB(7.680138010703927,False)	0.1677768201297613	1.9789433479309082
lda(0.12629982004880003,53,0.013603893314741142)	eval_error (n_components cannot be larger than min(n_features, n_classes - 1).)	eval_error (n_components cannot be larger than min(n_features, n_classes - 1).)
robustScaler(True,False);varianceThreshold();varianceThreshold();nystroem('cosine',3.4878415009605916,73,5,-0.36904607091105035);maxAbsScaler();fastICA(50,'parallel','arbitrary-variance','logcosh');maxAbsScaler();qda(0.2328390264120892)	invalid_ind (duplicated operator)	invalid_ind (duplicated operator)
fastICA(36,'deflation','unit-variance','cube');extraTreesClassifier(83,'gini','log2',10,16,False,'balanced_subsample')	0.3931506619741914	4.740499496459961
minMaxScaler();selectFwe(0.043671834233644395);adaBoost(decisionTree('gini',3,16,0.6521538633106674,10,'balanced'),14,0.8121983926656746,'SAMME')	0.3386362294205431	3.5298988819122314
fastICA(36,'deflation','unit-variance','cube');randomForest(79,'entropy',0.505433262868637,12,6,False,'balanced_subsample')	0.3578306080266864	8.148914337158203
extraTreesClassifier(83,'gini','log2',10,16,False,'balanced_subsample')	0.4083360865713807	4.805358409881592
maxAbsScaler();nystroem('cosine',7.556033650403374,54,5,-0.5536084395066585);adaBoost(decisionTree('gini',10,4,0.8585144063565593,10,'None'),30,0.5888670915381928,'SAMME')	0.3228905009297166	12.38271975517273
nystroem('rbf',0.6523880507402764,45,4,-0.5536084395066585);multinomialNB(36.87483075923989,True)	eval_error (Negative values in data passed to MultinomialNB (input X).)	eval_error (Negative values in data passed to MultinomialNB (input X).)
minMaxScaler();nystroem('cosine',7.556033650403374,90,5,-0.31511366869620727);adaBoost(decisionTree('gini',10,4,0.8585144063565593,10,'None'),30,0.5888670915381928,'SAMME')	0.3384935398660889	17.516744375228882
selectFwe(0.017249723534111822);minMaxScaler();minMaxScaler();selectFwe(0.018793868640708627);minMaxScaler();multinomialNB(14.543848286903104,True)	invalid_ind (duplicated operator)	invalid_ind (duplicated operator)
maxAbsScaler();robustScaler(False,True);nystroem('cosine',3.4878415009605916,90,5,-0.31511366869620727);adaBoost(decisionTree('gini',10,4,0.8585144063565593,10,'None'),30,0.5888670915381928,'SAMME')	0.32642525956251445	18.094298362731934
robustScaler(True,False);varianceThreshold();varianceThreshold();nystroem('cosine',7.556033650403374,73,5,-0.5536084395066585);maxAbsScaler();fastICA(50,'parallel','unit-variance','logcosh');maxAbsScaler();qda(0.8171380001725462)	invalid_ind (duplicated operator)	invalid_ind (duplicated operator)
varianceThreshold();varianceThreshold();minMaxScaler();lda(0.4241197773808294,170,0.006711473841465632)	invalid_ind (duplicated operator)	invalid_ind (duplicated operator)
maxAbsScaler();minMaxScaler();nystroem('cosine',3.4878415009605916,73,5,-0.31511366869620727);maxAbsScaler();fastICA(50,'parallel','unit-variance','logcosh');maxAbsScaler();multinomialNB(14.543848286903104,True)	invalid_ind (duplicated operator)	invalid_ind (duplicated operator)
fastICA(36,'deflation','unit-variance','cube');extraTreesClassifier(83,'gini','log2',10,16,False,'balanced_subsample')	0.3931506619741914	4.512909650802612
maxAbsScaler();nystroem('cosine',7.556033650403374,54,5,-0.5536084395066585);adaBoost(decisionTree('entropy',4,12,0.8955753946414917,17,'None'),74,1.4932288908626732,'SAMME')	0.2853550879041075	34.94551372528076
minMaxScaler();nystroem('cosine',7.556033650403374,90,5,0.41252309451027713);adaBoost(decisionTree('gini',10,4,0.8585144063565593,10,'None'),30,0.5888670915381928,'SAMME')	0.3384935398660889	15.869731903076172
maxAbsScaler();nystroem('cosine',7.556033650403374,54,5,-0.5536084395066585);adaBoost(decisionTree('entropy',10,4,0.8585144063565593,10,'None'),32,0.19666825807181484,'SAMME')	0.3143507545468329	23.332120656967163
selectFwe(0.017249723534111822);minMaxScaler();minMaxScaler();selectFwe(0.018793868640708627);adaBoost(decisionTree('gini',20,4,0.8562771389130047,20,'None'),30,0.5888670915381928,'SAMME')	invalid_ind (duplicated operator)	invalid_ind (duplicated operator)
randomForest(79,'entropy',0.505433262868637,12,6,False,'balanced_subsample')	0.3766064146456304	cached
minMaxScaler();selectFwe(0.021545208688461062);selectPercentile(11.119971147298271);varianceThreshold();selectPercentile(42.913231208662765);mlpClassifier((94, 19),0.0035576576385947852,0.6016185865695745,'adam','identity')	invalid_ind (duplicated operator)	invalid_ind (duplicated operator)
varianceThreshold();logisticRegression('None','liblinear',1000,13.327266805204836,'balanced')	eval_error (C=np.inf as well as penalty=None is not supported for the liblinear solver)	eval_error (C=np.inf as well as penalty=None is not supported for the liblinear solver)
robustScaler(True,True);selectPercentile(90.1038273587697);selectFwe(0.0326841797004676);randomForest(86,'entropy',0.6956345264363321,14,3,False,'balanced_subsample')	0.37229659955150146	cached
maxAbsScaler();nystroem('cosine',7.556033650403374,90,5,-0.5536084395066585);adaBoost(decisionTree('gini',10,4,0.8585144063565593,10,'None'),30,0.5888670915381928,'SAMME')	0.3207472048648519	16.859777450561523
maxAbsScaler();fastICA(44,'deflation','arbitrary-variance','logcosh');fastICA(73,'parallel','unit-variance','exp');logisticRegression('None','liblinear',1000,4.524850237101351,'None')	invalid_ind (duplicated operator)	invalid_ind (duplicated operator)
robustScaler(True,True);selectPercentile(90.1038273587697);varianceThreshold();randomForest(86,'entropy',0.6956345264363321,14,3,False,'balanced_subsample')	0.3819100289688525	cached
selectFwe(0.028489067393504326);logisticRegression('l1','newton-cg',1000,12.568882388547669,'balanced')	eval_error (Solver newton-cg supports only 'l2' or None penalties, got l1 penalty.)	eval_error (Solver newton-cg supports only 'l2' or None penalties, got l1 penalty.)
selectFwe(0.028489067393504326);bernoulliNB(7.680138010703927,False)	0.1677768201297613	2.603691816329956
maxAbsScaler();minMaxScaler();minMaxScaler();lda(0.4241197773808294,239,0.006711473841465632)	invalid_ind (duplicated operator)	invalid_ind (duplicated operator)
varianceThreshold();bernoulliNB(7.680138010703927,False)	0.1661521702698173	2.381565809249878
maxAbsScaler();robustScaler(False,True);nystroem('cosine',2.3695199774104716,90,3,0.3536970796999488);adaBoost(decisionTree('gini',10,4,0.8585144063565593,10,'None'),30,0.5888670915381928,'SAMME')	0.32642525956251445	12.58027720451355
maxAbsScaler();nystroem('poly',2.3695199774104716,54,3,0.3536970796999488);adaBoost(decisionTree('entropy',4,12,0.8955753946414917,17,'None'),74,1.4932288908626732,'SAMME')	0.29715682284309736	23.52513813972473
fastICA(36,'deflation','unit-variance','cube');randomForest(79,'entropy',0.505433262868637,12,6,False,'balanced_subsample')	0.3578306080266864	cached
fastICA(36,'deflation','unit-variance','cube');randomForest(79,'entropy',0.505433262868637,12,6,False,'balanced_subsample')	0.3578306080266864	cached
selectFwe(0.017355630916623278);multinomialNB(36.87483075923989,True)	0.2291883933060404	2.2080793380737305
maxAbsScaler();nystroem('cosine',7.556033650403374,54,5,-0.5536084395066585);extraTreesClassifier(83,'gini','log2',10,16,False,'balanced_subsample')	0.3895317101199454	4.84459924697876
fastICA(36,'deflation','unit-variance','cube');adaBoost(decisionTree('gini',10,4,0.8585144063565593,10,'None'),30,0.5888670915381928,'SAMME')	0.32167755991285396	5.444242000579834
nystroem('rbf',0.6523880507402764,45,4,-0.5536084395066585);logisticRegression('l1','newton-cg',1000,12.568882388547669,'balanced')	eval_error (Solver newton-cg supports only 'l2' or None penalties, got l1 penalty.)	eval_error (Solver newton-cg supports only 'l2' or None penalties, got l1 penalty.)
maxAbsScaler();minMaxScaler();nystroem('cosine',3.4878415009605916,73,5,-0.31511366869620727);maxAbsScaler();fastICA(50,'parallel','unit-variance','logcosh');varianceThreshold();multinomialNB(14.543848286903104,True)	invalid_ind (duplicated operator)	invalid_ind (duplicated operator)
selectPercentile(44.367132467198914);selectPercentile(11.119971147298271);maxAbsScaler();selectPercentile(42.913231208662765);mlpClassifier((94, 19),0.0035576576385947852,0.6016185865695745,'adam','identity')	invalid_ind (duplicated operator)	invalid_ind (duplicated operator)
maxAbsScaler();fastICA(50,'parallel','arbitrary-variance','logcosh');fastICA(73,'parallel','unit-variance','exp');logisticRegression('None','liblinear',1000,4.524850237101351,'None')	invalid_ind (duplicated operator)	invalid_ind (duplicated operator)
maxAbsScaler();minMaxScaler();nystroem('cosine',3.4878415009605916,73,5,-0.31511366869620727);maxAbsScaler();fastICA(44,'deflation','unit-variance','logcosh');maxAbsScaler();multinomialNB(14.543848286903104,True)	invalid_ind (duplicated operator)	invalid_ind (duplicated operator)
fastICA(36,'deflation','unit-variance','cube');adaBoost(decisionTree('gini',10,4,0.8585144063565593,10,'None'),30,0.5888670915381928,'SAMME')	0.32167755991285396	6.780252695083618
selectFwe(0.006561550905330178);bernoulliNB(7.680138010703927,False)	0.17097009744068567	3.2691495418548584
fastICA(36,'deflation','unit-variance','cube');adaBoost(decisionTree('gini',10,4,0.8585144063565593,10,'None'),30,0.5888670915381928,'SAMME')	0.32167755991285396	7.587924003601074
varianceThreshold();multinomialNB(14.543848286903104,True)	0.23243793243793243	cached
multinomialNB(14.543848286903104,True)	0.23243793243793243	cached
extraTreesClassifier(83,'gini','log2',10,16,False,'balanced_subsample')	0.4083360865713807	cached
robustScaler(True,True);selectPercentile(90.1038273587697);selectFwe(0.0326841797004676);randomForest(86,'entropy',0.6956345264363321,14,3,False,'balanced_subsample')	0.37229659955150146	cached
robustScaler(True,False);varianceThreshold();varianceThreshold();nystroem('cosine',3.4878415009605916,73,5,-0.36904607091105035);maxAbsScaler();fastICA(50,'parallel','arbitrary-variance','logcosh');maxAbsScaler();qda(0.9108289419011829)	invalid_ind (duplicated operator)	invalid_ind (duplicated operator)
robustScaler(True,True);selectPercentile(90.1038273587697);varianceThreshold();randomForest(86,'entropy',0.6956345264363321,14,3,False,'balanced_subsample')	0.3819100289688525	cached
maxAbsScaler();robustScaler(False,True);nystroem('cosine',3.4878415009605916,90,5,-0.31511366869620727);extraTreesClassifier(83,'gini','log2',10,16,False,'balanced_subsample')	0.4198514847534455	6.817263841629028
maxAbsScaler();nystroem('cosine',7.556033650403374,54,5,-0.5536084395066585);logisticRegression('None','liblinear',1000,4.524850237101351,'None')	eval_error (C=np.inf as well as penalty=None is not supported for the liblinear solver)	eval_error (C=np.inf as well as penalty=None is not supported for the liblinear solver)
maxAbsScaler();fastICA(44,'deflation','arbitrary-variance','logcosh');fastICA(73,'parallel','unit-variance','exp');adaBoost(decisionTree('entropy',4,12,0.8955753946414917,17,'None'),74,1.4932288908626732,'SAMME')	invalid_ind (duplicated operator)	invalid_ind (duplicated operator)
maxAbsScaler();robustScaler(False,True);nystroem('cosine',2.3695199774104716,90,3,0.3536970796999488);adaBoost(decisionTree('gini',10,4,0.8585144063565593,10,'None'),30,0.5888670915381928,'SAMME')	0.32642525956251445	cached
minMaxScaler();selectFwe(0.043671834233644395);adaBoost(decisionTree('gini',3,16,0.6521538633106674,10,'balanced'),14,0.8121983926656746,'SAMME')	0.3386362294205431	cached
varianceThreshold();varianceThreshold();nystroem('cosine',3.4878415009605916,73,5,-0.31511366869620727);varianceThreshold();fastICA(50,'parallel','unit-variance','logcosh');maxAbsScaler();multinomialNB(14.543848286903104,True)	invalid_ind (duplicated operator)	invalid_ind (duplicated operator)
maxAbsScaler();logisticRegression('None','liblinear',1000,13.327266805204836,'balanced')	eval_error (C=np.inf as well as penalty=None is not supported for the liblinear solver)	eval_error (C=np.inf as well as penalty=None is not supported for the liblinear solver)
selectFwe(0.022744793180897515);adaBoost(decisionTree('gini',10,4,0.8585144063565593,2,'None'),30,0.5888670915381928,'SAMME')	0.3078666794353069	10.755264282226562
maxAbsScaler();nystroem('cosine',7.556033650403374,54,5,-0.5536084395066585);adaBoost(decisionTree('entropy',10,4,0.8585144063565593,10,'None'),32,0.19666825807181484,'SAMME')	0.3143507545468329	37.60495615005493
maxAbsScaler();nystroem('cosine',7.556033650403374,54,5,-0.5536084395066585);logisticRegression('l1','newton-cg',1000,12.568882388547669,'balanced')	eval_error (Solver newton-cg supports only 'l2' or None penalties, got l1 penalty.)	eval_error (Solver newton-cg supports only 'l2' or None penalties, got l1 penalty.)
minMaxScaler();nystroem('cosine',7.556033650403374,90,5,-0.31511366869620727);adaBoost(decisionTree('gini',10,4,0.8585144063565593,10,'None'),30,0.5888670915381928,'SAMME')	0.3384935398660889	cached
maxAbsScaler();robustScaler(False,True);nystroem('cosine',3.4878415009605916,90,5,-0.31511366869620727);adaBoost(decisionTree('gini',10,4,0.8585144063565593,10,'None'),30,0.5888670915381928,'SAMME')	0.32642525956251445	cached
fastICA(36,'deflation','unit-variance','cube');selectFwe(0.021545208688461062);selectPercentile(11.119971147298271);varianceThreshold();selectPercentile(42.913231208662765);mlpClassifier((94, 19),0.0035576576385947852,0.6016185865695745,'adam','identity')	invalid_ind (duplicated operator)	invalid_ind (duplicated operator)
minMaxScaler();nystroem('cosine',7.556033650403374,90,5,-0.31511366869620727);adaBoost(decisionTree('gini',10,4,0.8585144063565593,10,'None'),30,0.5888670915381928,'SAMME')	0.3384935398660889	33.23938465118408
minMaxScaler();extraTreesClassifier(83,'gini','log2',10,16,False,'balanced_subsample')	0.4083360865713807	9.916874408721924
robustScaler(True,True);selectPercentile(90.1038273587697);varianceThreshold();randomForest(86,'entropy','None',14,3,False,'balanced_subsample')	0.33135227880325924	23.82148838043213
minMaxScaler();selectFwe(0.028486159616470007);varianceThreshold();selectPercentile(42.913231208662765);mlpClassifier((94, 19),0.04464400975168985,0.6016185865695745,'lbfgs','identity')	0.2721868690496142	57.266292095184326
fastICA(36,'deflation','unit-variance','cube');randomForest(86,'entropy',0.6956345264363321,14,3,False,'balanced_subsample')	0.3768111917131525	30.091856241226196
maxAbsScaler();nystroem('cosine',7.556033650403374,54,5,-0.5536084395066585);randomForest(79,'entropy',0.505433262868637,12,6,False,'balanced_subsample')	0.35686466039407216	67.39746403694153
minMaxScaler();selectFwe(0.021545208688461062);selectPercentile(11.119971147298271);adaBoost(decisionTree('gini',3,16,0.6521538633106674,10,'balanced'),14,0.8121983926656746,'SAMME')	0.3092972459639126	2.572662353515625
robustScaler(True,True);selectPercentile(90.1038273587697);selectFwe(0.0326841797004676);extraTreesClassifier(83,'gini','log2',10,16,False,'balanced_subsample')	0.38770675221655615	2.752659559249878
maxAbsScaler();minMaxScaler();nystroem('cosine',3.4878415009605916,73,5,-0.31511366869620727);maxAbsScaler();fastICA(44,'deflation','unit-variance','logcosh');maxAbsScaler();randomForest(79,'entropy',0.505433262868637,12,6,False,'balanced_subsample')	invalid_ind (duplicated operator)	invalid_ind (duplicated operator)
minMaxScaler();extraTreesClassifier(83,'gini','log2',10,16,False,'balanced_subsample')	0.4083360865713807	cached
varianceThreshold();varianceThreshold();nystroem('cosine',3.4878415009605916,73,5,-0.31511366869620727);varianceThreshold();fastICA(50,'parallel','unit-variance','logcosh');maxAbsScaler();multinomialNB(14.543848286903104,True)	invalid_ind (duplicated operator)	invalid_ind (duplicated operator)
extraTreesClassifier(83,'gini','log2',10,16,False,'balanced_subsample')	0.4083360865713807	cached
fastICA(36,'deflation','unit-variance','cube');extraTreesClassifier(83,'gini','log2',10,16,False,'balanced_subsample')	0.3931506619741914	cached
robustScaler(True,False);varianceThreshold();varianceThreshold();nystroem('cosine',3.4878415009605916,73,5,-0.36904607091105035);maxAbsScaler();fastICA(50,'parallel','arbitrary-variance','logcosh');maxAbsScaler();qda(0.9108289419011829)	invalid_ind (duplicated operator)	invalid_ind (duplicated operator)
fastICA(36,'deflation','unit-variance','cube');adaBoost(decisionTree('gini',10,4,0.8585144063565593,10,'None'),30,0.5888670915381928,'SAMME')	0.32167755991285396	cached
maxAbsScaler();nystroem('cosine',7.556033650403374,54,5,-0.5536084395066585);extraTreesClassifier(83,'gini','log2',10,16,False,'balanced_subsample')	0.3895317101199454	cached
maxAbsScaler();nystroem('cosine',7.556033650403374,54,5,-0.5536084395066585);extraTreesClassifier(83,'gini','log2',10,16,False,'balanced_subsample')	0.3895317101199454	cached
fastICA(36,'deflation','unit-variance','cube');adaBoost(decisionTree('gini',10,4,0.8585144063565593,10,'None'),30,0.5888670915381928,'SAMME')	0.32167755991285396	cached
maxAbsScaler();fastICA(50,'parallel','arbitrary-variance','logcosh');selectPercentile(90.1038273587697);logisticRegression('None','liblinear',1000,4.524850237101351,'None')	eval_error (C=np.inf as well as penalty=None is not supported for the liblinear solver)	eval_error (C=np.inf as well as penalty=None is not supported for the liblinear solver)
multinomialNB(14.543848286903104,True)	0.23243793243793243	2.326097011566162
varianceThreshold();varianceThreshold();nystroem('cosine',3.4878415009605916,73,5,-0.36904607091105035);varianceThreshold();fastICA(50,'parallel','arbitrary-variance','logcosh');maxAbsScaler();multinomialNB(14.543848286903104,True)	invalid_ind (duplicated operator)	invalid_ind (duplicated operator)
robustScaler(True,False);varianceThreshold();varianceThreshold();nystroem('cosine',3.4878415009605916,73,5,-0.31511366869620727);maxAbsScaler();fastICA(50,'parallel','unit-variance','logcosh');maxAbsScaler();qda(0.9108289419011829)	invalid_ind (duplicated operator)	invalid_ind (duplicated operator)
selectFwe(0.0031582460046592833);adaBoost(decisionTree('gini',10,4,0.8585144063565593,2,'None'),30,0.5888670915381928,'SAMME')	0.3015255332902391	3.9012374877929688
robustScaler(True,True);fastICA(73,'parallel','unit-variance','exp');selectFwe(0.0326841797004676);extraTreesClassifier(83,'gini','log2',10,16,False,'balanced_subsample')	0.40447604682898797	6.64828085899353
robustScaler(False,True);selectPercentile(90.1038273587697);varianceThreshold();randomForest(86,'entropy',0.6956345264363321,14,3,False,'balanced_subsample')	0.3840022504728387	9.308624267578125
robustScaler(True,True);selectPercentile(90.1038273587697);varianceThreshold();randomForest(86,'entropy',0.6956345264363321,14,3,False,'balanced_subsample')	0.3819100289688525	16.121609449386597
robustScaler(False,True);selectPercentile(90.1038273587697);varianceThreshold();randomForest(86,'entropy','None',14,3,False,'balanced_subsample')	0.33146208910914793	27.26310682296753
maxAbsScaler();robustScaler(True,True);nystroem('cosine',2.3695199774104716,90,3,0.3536970796999488);adaBoost(decisionTree('gini',10,4,0.8585144063565593,10,'None'),30,0.5888670915381928,'SAMME')	0.3074080458394184	40.261207818984985
minMaxScaler();nystroem('cosine',7.556033650403374,90,5,-0.31511366869620727);adaBoost(decisionTree('gini',10,4,0.8585144063565593,10,'None'),30,0.5888670915381928,'SAMME')	0.3384935398660889	41.05392360687256
maxAbsScaler();robustScaler(False,True);nystroem('cosine',3.4878415009605916,90,5,-0.31511366869620727);extraTreesClassifier(83,'gini','log2',10,16,False,'balanced_subsample')	0.4198514847534455	15.535128355026245
minMaxScaler();selectFwe(0.028486159616470007);varianceThreshold();selectPercentile(42.913231208662765);mlpClassifier((94, 19),0.04464400975168985,0.6016185865695745,'lbfgs','identity')	0.2721868690496142	68.63430976867676
randomForest(79,'entropy',0.505433262868637,12,7,False,'balanced_subsample')	0.39041003295905263	11.344849586486816
maxAbsScaler();robustScaler(True,True);nystroem('cosine',2.3695199774104716,90,3,0.3536970796999488);adaBoost(decisionTree('gini',10,4,0.8585144063565593,10,'None'),30,0.5888670915381928,'SAMME')	0.3074080458394184	38.0601749420166
maxAbsScaler();nystroem('cosine',7.556033650403374,54,5,-0.5536084395066585);randomForest(79,'entropy',0.505433262868637,12,6,False,'balanced_subsample')	0.35686466039407216	74.88944578170776
fastICA(36,'parallel','unit-variance','cube');adaBoost(decisionTree('gini',10,4,0.8585144063565593,10,'None'),30,0.5888670915381928,'SAMME')	0.3004392412235549	5.694396018981934
robustScaler(True,False);varianceThreshold();varianceThreshold();nystroem('cosine',3.4878415009605916,73,5,-0.36904607091105035);maxAbsScaler();fastICA(50,'deflation','arbitrary-variance','logcosh');maxAbsScaler();qda(0.9108289419011829)	invalid_ind (duplicated operator)	invalid_ind (duplicated operator)
logisticRegression('None','liblinear',1000,4.524850237101351,'None')	eval_error (C=np.inf as well as penalty=None is not supported for the liblinear solver)	eval_error (C=np.inf as well as penalty=None is not supported for the liblinear solver)
fastICA(36,'deflation','unit-variance','cube');randomForest(86,'entropy',0.6956345264363321,14,3,False,'balanced')	0.3768111917131525	15.629776239395142
minMaxScaler();selectFwe(0.028486159616470007);varianceThreshold();selectPercentile(42.913231208662765);mlpClassifier((94, 19),0.04464400975168985,0.6016185865695745,'lbfgs','identity')	0.2721868690496142	cached
selectPercentile(44.367132467198914);selectPercentile(11.119971147298271);maxAbsScaler();selectPercentile(42.913231208662765);mlpClassifier((94, 19),0.0035576576385947852,0.6016185865695745,'adam','identity')	invalid_ind (duplicated operator)	invalid_ind (duplicated operator)
fastICA(36,'deflation','unit-variance','cube');randomForest(86,'entropy',0.6956345264363321,14,3,False,'balanced_subsample')	0.3768111917131525	15.353600263595581
fastICA(36,'deflation','unit-variance','cube');adaBoost(decisionTree('gini',10,4,0.8585144063565593,10,'None'),30,0.5888670915381928,'SAMME')	0.32167755991285396	7.021496295928955
robustScaler(True,True);selectPercentile(90.1038273587697);selectFwe(0.0326841797004676);extraTreesClassifier(83,'gini','log2',10,16,False,'balanced_subsample')	0.38770675221655615	6.946364879608154
fastICA(44,'deflation','unit-variance','logcosh');extraTreesClassifier(83,'gini','log2',10,16,False,'balanced_subsample')	0.3587282434341258	19.60982918739319
maxAbsScaler();fastICA(36,'deflation','arbitrary-variance','cube');fastICA(73,'parallel','unit-variance','exp');adaBoost(decisionTree('entropy',4,12,0.8955753946414917,17,'None'),74,1.4932288908626732,'SAMME')	invalid_ind (duplicated operator)	invalid_ind (duplicated operator)
maxAbsScaler();nystroem('cosine',7.556033650403374,54,5,-0.5536084395066585);adaBoost(decisionTree('entropy',10,4,0.8585144063565593,10,'None'),32,0.19666825807181484,'SAMME')	0.3143507545468329	28.393075942993164
maxAbsScaler();nystroem('cosine',3.4878415009605916,54,5,-0.31511366869620727);randomForest(79,'entropy',0.505433262868637,12,6,False,'balanced_subsample')	0.35686466039407216	29.007344484329224
maxAbsScaler();robustScaler(False,True);nystroem('cosine',7.556033650403374,90,5,-0.5536084395066585);extraTreesClassifier(83,'gini','log2',10,16,False,'balanced_subsample')	0.4198514847534455	2.552835702896118
fastICA(36,'deflation','unit-variance','cube');adaBoost(decisionTree('gini',10,4,0.8585144063565593,10,'None'),30,0.5888670915381928,'SAMME')	0.32167755991285396	cached
fastICA(36,'parallel','unit-variance','cube');adaBoost(decisionTree('gini',10,4,0.8585144063565593,10,'None'),30,0.5888670915381928,'SAMME')	0.3004392412235549	cached
robustScaler(True,False);varianceThreshold();varianceThreshold();nystroem('cosine',3.4878415009605916,73,5,-0.5536084395066585);maxAbsScaler();fastICA(50,'deflation','arbitrary-variance','logcosh');maxAbsScaler();qda(0.9108289419011829)	invalid_ind (duplicated operator)	invalid_ind (duplicated operator)
maxAbsScaler();robustScaler(False,True);nystroem('cosine',7.556033650403374,90,5,-0.5536084395066585);extraTreesClassifier(83,'gini','log2',10,16,False,'balanced_subsample')	0.4198514847534455	cached
extraTreesClassifier(83,'gini','log2',10,16,False,'balanced_subsample')	0.4083360865713807	cached
maxAbsScaler();robustScaler(True,True);nystroem('cosine',2.3695199774104716,90,3,0.3536970796999488);adaBoost(decisionTree('gini',10,4,0.8585144063565593,10,'None'),30,0.5888670915381928,'SAMME')	0.3074080458394184	cached
robustScaler(True,True);selectPercentile(90.1038273587697);varianceThreshold();randomForest(86,'entropy',0.6956345264363321,14,3,False,'balanced_subsample')	0.3819100289688525	cached
fastICA(44,'deflation','unit-variance','logcosh');extraTreesClassifier(83,'gini','log2',10,16,False,'balanced_subsample')	0.3587282434341258	cached
fastICA(36,'deflation','unit-variance','cube');randomForest(86,'entropy',0.6956345264363321,14,3,False,'balanced')	0.3768111917131525	cached
minMaxScaler();selectFwe(0.028486159616470007);varianceThreshold();selectPercentile(42.913231208662765);mlpClassifier((94, 19),0.04464400975168985,0.6016185865695745,'lbfgs','identity')	0.2721868690496142	cached
robustScaler(True,False);varianceThreshold();varianceThreshold();nystroem('cosine',3.4878415009605916,73,5,-0.36904607091105035);maxAbsScaler();fastICA(50,'deflation','arbitrary-variance','logcosh');maxAbsScaler();qda(0.6952037198217019)	invalid_ind (duplicated operator)	invalid_ind (duplicated operator)
varianceThreshold();varianceThreshold();nystroem('cosine',7.556033650403374,73,5,-0.5536084395066585);varianceThreshold();fastICA(50,'parallel','arbitrary-variance','logcosh');maxAbsScaler();multinomialNB(14.543848286903104,True)	invalid_ind (duplicated operator)	invalid_ind (duplicated operator)
robustScaler(True,True);fastICA(73,'parallel','unit-variance','cube');selectFwe(0.0326841797004676);extraTreesClassifier(83,'gini','log2',10,16,False,'balanced_subsample')	0.4191435434572689	3.8408708572387695
maxAbsScaler();robustScaler(False,True);nystroem('cosine',3.4878415009605916,90,5,-0.36904607091105035);extraTreesClassifier(83,'gini','log2',10,16,False,'balanced_subsample')	0.4198514847534455	4.472927093505859
maxAbsScaler();robustScaler(False,True);nystroem('cosine',7.556033650403374,90,5,-0.36904607091105035);extraTreesClassifier(83,'gini','log2',10,16,False,'balanced_subsample')	0.4198514847534455	5.433297395706177
robustScaler(True,True);selectPercentile(90.1038273587697);varianceThreshold();randomForest(86,'entropy',0.505433262868637,12,7,False,'balanced_subsample')	0.37874021403433167	6.529996156692505
fastICA(32,'parallel','unit-variance','cube');extraTreesClassifier(83,'gini','sqrt',10,16,False,'balanced_subsample')	0.39595026614634465	4.439042329788208
maxAbsScaler();nystroem('cosine',7.556033650403374,54,5,-0.5536084395066585);extraTreesClassifier(83,'gini','log2',10,16,False,'balanced_subsample')	0.3895317101199454	cached
minMaxScaler();extraTreesClassifier(83,'gini','log2',10,16,False,'balanced_subsample')	0.4083360865713807	cached
fastICA(36,'deflation','unit-variance','cube');extraTreesClassifier(83,'gini','log2',10,16,False,'balanced_subsample')	0.3931506619741914	cached
extraTreesClassifier(83,'gini','log2',10,16,False,'balanced_subsample')	0.4083360865713807	cached
extraTreesClassifier(83,'gini','log2',10,16,False,'balanced_subsample')	0.4083360865713807	4.280740976333618
maxAbsScaler();fastICA(50,'parallel','arbitrary-variance','logcosh');selectPercentile(65.11174598266057);logisticRegression('None','liblinear',1000,3.896900178360963,'None')	eval_error (C=np.inf as well as penalty=None is not supported for the liblinear solver)	eval_error (C=np.inf as well as penalty=None is not supported for the liblinear solver)
maxAbsScaler();robustScaler(True,True);nystroem('cosine',3.4878415009605916,73,5,-0.36904607091105035);adaBoost(decisionTree('gini',10,4,0.8585144063565593,10,'None'),30,0.5888670915381928,'SAMME')	0.31161315808374634	14.768136262893677
robustScaler(True,False);varianceThreshold();varianceThreshold();nystroem('cosine',2.3695199774104716,90,3,0.3536970796999488);maxAbsScaler();fastICA(50,'parallel','arbitrary-variance','logcosh');maxAbsScaler();qda(0.9108289419011829)	invalid_ind (duplicated operator)	invalid_ind (duplicated operator)
varianceThreshold();varianceThreshold();nystroem('cosine',3.4878415009605916,73,5,-0.31511366869620727);varianceThreshold();fastICA(50,'parallel','unit-variance','logcosh');maxAbsScaler();multinomialNB(14.543848286903104,True)	invalid_ind (duplicated operator)	invalid_ind (duplicated operator)
randomForest(79,'entropy',0.6956345264363321,14,3,False,'balanced_subsample')	0.39627770196397644	8.234328746795654
fastICA(36,'deflation','unit-variance','cube');extraTreesClassifier(83,'gini','log2',10,16,False,'balanced_subsample')	0.3931506619741914	cached
maxAbsScaler();robustScaler(False,True);nystroem('cosine',7.556033650403374,90,5,-0.5536084395066585);extraTreesClassifier(83,'gini','log2',10,16,False,'balanced_subsample')	0.4198514847534455	cached
minMaxScaler();extraTreesClassifier(83,'gini','log2',10,16,False,'balanced_subsample')	0.4083360865713807	cached
maxAbsScaler();robustScaler(False,True);nystroem('cosine',7.556033650403374,90,5,-0.5536084395066585);extraTreesClassifier(83,'gini','log2',10,16,False,'balanced_subsample')	0.4198514847534455	cached
robustScaler(True,True);selectPercentile(90.1038273587697);selectFwe(0.0326841797004676);extraTreesClassifier(83,'gini','log2',10,16,False,'balanced_subsample')	0.38770675221655615	cached
maxAbsScaler();robustScaler(False,True);nystroem('cosine',3.4878415009605916,90,5,-0.31511366869620727);extraTreesClassifier(83,'gini','log2',10,16,False,'balanced_subsample')	0.4198514847534455	cached
maxAbsScaler();nystroem('cosine',7.556033650403374,54,5,-0.5536084395066585);extraTreesClassifier(83,'gini','log2',10,16,False,'balanced_subsample')	0.3895317101199454	cached
robustScaler(True,True);fastICA(73,'parallel','unit-variance','exp');selectFwe(0.0326841797004676);extraTreesClassifier(83,'gini','log2',10,16,False,'balanced_subsample')	0.40447604682898797	cached
pca(0.7948940657487412,False);fastICA(73,'parallel','unit-variance','exp');selectFwe(0.0326841797004676);extraTreesClassifier(83,'gini','log2',10,16,False,'balanced_subsample')	0.2666126393577374	3.718738079071045
fastICA(36,'deflation','unit-variance','cube');randomForest(86,'entropy',0.6956345264363321,14,3,False,'balanced')	0.3768111917131525	12.185165166854858
maxAbsScaler();nystroem('cosine',7.556033650403374,54,5,-0.5536084395066585);randomForest(79,'entropy',0.505433262868637,12,5,False,'None')	0.30958597684087885	24.334505558013916
maxAbsScaler();nystroem('cosine',3.4878415009605916,54,5,-0.31511366869620727);randomForest(79,'entropy',0.505433262868637,12,6,False,'balanced_subsample')	0.35686466039407216	20.97247290611267
maxAbsScaler();nystroem('cosine',7.556033650403374,54,5,-0.5536084395066585);extraTreesClassifier(78,'gini','log2',10,16,False,'balanced_subsample')	0.3879889391654098	2.7639122009277344
fastICA(32,'parallel','unit-variance','cube');extraTreesClassifier(83,'gini','sqrt',10,16,False,'balanced_subsample')	0.39595026614634465	cached
robustScaler(True,False);varianceThreshold();varianceThreshold();nystroem('cosine',3.4878415009605916,73,5,-0.36904607091105035);maxAbsScaler();fastICA(50,'deflation','arbitrary-variance','logcosh');maxAbsScaler();qda(0.6952037198217019)	invalid_ind (duplicated operator)	invalid_ind (duplicated operator)
robustScaler(True,True);fastICA(73,'parallel','unit-variance','cube');selectFwe(0.0326841797004676);extraTreesClassifier(83,'gini','log2',10,16,False,'balanced_subsample')	0.4191435434572689	cached
maxAbsScaler();nystroem('cosine',7.556033650403374,54,5,-0.5536084395066585);extraTreesClassifier(83,'gini','log2',10,16,False,'balanced_subsample')	0.3895317101199454	cached
maxAbsScaler();robustScaler(False,True);nystroem('cosine',7.556033650403374,90,5,-0.5536084395066585);extraTreesClassifier(83,'gini','log2',10,16,False,'balanced_subsample')	0.4198514847534455	cached
varianceThreshold();minMaxScaler();nystroem('cosine',3.4878415009605916,73,5,-0.31511366869620727);varianceThreshold();fastICA(50,'parallel','unit-variance','logcosh');maxAbsScaler();multinomialNB(14.543848286903104,True)	invalid_ind (duplicated operator)	invalid_ind (duplicated operator)
maxAbsScaler();robustScaler(False,True);selectPercentile(65.11174598266057);logisticRegression('None','liblinear',1000,3.896900178360963,'None')	eval_error (C=np.inf as well as penalty=None is not supported for the liblinear solver)	eval_error (C=np.inf as well as penalty=None is not supported for the liblinear solver)
robustScaler(True,True);fastICA(51,'parallel','unit-variance','cube');selectFwe(0.0326841797004676);extraTreesClassifier(83,'gini','log2',6,16,False,'balanced_subsample')	0.4191435434572689	3.245617151260376
maxAbsScaler();robustScaler(False,True);nystroem('cosine',7.556033650403374,90,5,-0.5536084395066585);extraTreesClassifier(83,'gini','log2',10,16,False,'balanced_subsample')	0.4198514847534455	cached
robustScaler(True,True);fastICA(73,'parallel','unit-variance','exp');selectFwe(0.0326841797004676);extraTreesClassifier(83,'gini','log2',10,16,False,'balanced_subsample')	0.40447604682898797	cached
varianceThreshold();extraTreesClassifier(83,'gini','log2',10,16,False,'balanced_subsample')	0.4083360865713807	3.490663766860962
maxAbsScaler();robustScaler(False,True);nystroem('cosine',7.556033650403374,90,5,-0.5536084395066585);extraTreesClassifier(83,'gini','log2',10,16,False,'balanced_subsample')	0.4198514847534455	cached
fastICA(36,'deflation','unit-variance','cube');extraTreesClassifier(83,'gini','log2',10,16,False,'balanced_subsample')	0.3931506619741914	cached
fastICA(36,'deflation','unit-variance','cube');extraTreesClassifier(83,'gini','log2',10,16,False,'balanced_subsample')	0.3931506619741914	cached
robustScaler(True,True);fastICA(73,'parallel','unit-variance','exp');selectFwe(0.0326841797004676);extraTreesClassifier(83,'gini','log2',10,16,False,'balanced_subsample')	0.40447604682898797	cached
robustScaler(True,False);varianceThreshold();varianceThreshold();nystroem('cosine',3.4878415009605916,73,5,-0.5536084395066585);maxAbsScaler();fastICA(50,'deflation','arbitrary-variance','logcosh');maxAbsScaler();qda(0.6952037198217019)	invalid_ind (duplicated operator)	invalid_ind (duplicated operator)
robustScaler(True,False);varianceThreshold();varianceThreshold();nystroem('cosine',3.4878415009605916,73,5,-0.36904607091105035);maxAbsScaler();fastICA(50,'deflation','arbitrary-variance','logcosh');maxAbsScaler();qda(0.9108289419011829)	invalid_ind (duplicated operator)	invalid_ind (duplicated operator)
extraTreesClassifier(83,'gini','log2',10,16,False,'balanced_subsample')	0.4083360865713807	cached
pca(0.7948940657487412,False);fastICA(73,'parallel','unit-variance','exp');selectFwe(0.0326841797004676);extraTreesClassifier(83,'gini','log2',10,16,False,'balanced_subsample')	0.2666126393577374	cached
extraTreesClassifier(83,'gini','log2',10,16,True,'balanced_subsample')	0.3431127550735394	4.555572986602783
maxAbsScaler();robustScaler(False,True);nystroem('cosine',3.4878415009605916,90,5,-0.36904607091105035);extraTreesClassifier(83,'gini','log2',10,16,False,'balanced_subsample')	0.4198514847534455	cached
minMaxScaler();fastICA(32,'parallel','arbitrary-variance','cube');selectPercentile(65.11174598266057);logisticRegression('None','liblinear',1000,3.896900178360963,'None')	eval_error (C=np.inf as well as penalty=None is not supported for the liblinear solver)	eval_error (C=np.inf as well as penalty=None is not supported for the liblinear solver)
maxAbsScaler();fastICA(50,'parallel','arbitrary-variance','logcosh');nystroem('cosine',3.4878415009605916,90,5,-0.31511366869620727);extraTreesClassifier(83,'gini','log2',10,16,False,'balanced_subsample')	0.356814942501217	5.012261629104614
robustScaler(True,True);selectPercentile(90.1038273587697);varianceThreshold();randomForest(86,'entropy',0.6956345264363321,14,3,False,'balanced_subsample')	0.3819100289688525	7.6038596630096436
maxAbsScaler();robustScaler(True,True);nystroem('cosine',7.556033650403374,90,5,-0.36904607091105035);extraTreesClassifier(83,'gini','log2',10,16,False,'balanced_subsample')	0.372467380114439	6.277153968811035
maxAbsScaler();nystroem('cosine',3.4878415009605916,54,5,-0.31511366869620727);extraTreesClassifier(83,'gini','log2',4,16,False,'balanced_subsample')	0.3895317101199454	7.1772143840789795
varianceThreshold();varianceThreshold();nystroem('cosine',7.556033650403374,73,5,-0.5536084395066585);varianceThreshold();fastICA(50,'parallel','unit-variance','logcosh');maxAbsScaler();multinomialNB(14.543848286903104,True)	invalid_ind (duplicated operator)	invalid_ind (duplicated operator)
robustScaler(True,False);varianceThreshold();varianceThreshold();nystroem('cosine',2.3695199774104716,90,3,0.3536970796999488);maxAbsScaler();fastICA(50,'parallel','arbitrary-variance','logcosh');maxAbsScaler();qda(0.9108289419011829)	invalid_ind (duplicated operator)	invalid_ind (duplicated operator)
robustScaler(True,True);selectPercentile(90.1038273587697);varianceThreshold();randomForest(86,'entropy',0.6956345264363321,14,3,False,'balanced_subsample')	0.3819100289688525	cached
fastICA(41,'parallel','arbitrary-variance','logcosh');extraTreesClassifier(83,'gini','sqrt',10,16,False,'balanced_subsample')	0.3702248078718667	7.745952844619751
minMaxScaler();varianceThreshold();varianceThreshold();nystroem('cosine',3.4878415009605916,73,5,-0.5536084395066585);maxAbsScaler();fastICA(50,'deflation','arbitrary-variance','logcosh');maxAbsScaler();qda(0.9108289419011829)	invalid_ind (duplicated operator)	invalid_ind (duplicated operator)
maxAbsScaler();robustScaler(False,True);nystroem('rbf',5.830749942469464,90,5,-0.9152210175054674);extraTreesClassifier(83,'gini','log2',10,16,False,'balanced_subsample')	0.16666666666666666	7.763254880905151
fastICA(36,'deflation','unit-variance','cube');extraTreesClassifier(83,'gini','log2',10,16,False,'balanced_subsample')	0.3931506619741914	7.916924953460693
robustScaler(True,True);fastICA(73,'parallel','unit-variance','cube');selectFwe(0.0326841797004676);extraTreesClassifier(83,'gini','log2',10,16,False,'balanced_subsample')	0.4191435434572689	cached
robustScaler(False,True);fastICA(73,'parallel','unit-variance','exp');selectFwe(0.0326841797004676);extraTreesClassifier(83,'gini','log2',10,16,False,'balanced_subsample')	0.40447604682898797	6.521077871322632
selectFwe(0.04933692554250366);extraTreesClassifier(83,'gini','log2',10,16,False,'balanced_subsample')	0.40991269442249834	5.820047616958618
minMaxScaler();extraTreesClassifier(83,'gini','log2',10,16,False,'balanced_subsample')	0.4083360865713807	cached
robustScaler(True,False);extraTreesClassifier(83,'gini','log2',10,16,False,'balanced_subsample')	0.4083360865713807	4.619814157485962
maxAbsScaler();robustScaler(False,True);nystroem('cosine',7.556033650403374,90,5,-0.5536084395066585);extraTreesClassifier(83,'gini','sqrt',10,16,False,'balanced_subsample')	0.4088234496077633	5.095041275024414
maxAbsScaler();robustScaler(False,True);nystroem('cosine',3.4878415009605916,90,5,-0.36904607091105035);adaBoost(decisionTree('gini',26,3,0.13110876497155832,14,'None'),79,0.35747855777956916,'SAMME')	0.3085288132346956	8.216799259185791
minMaxScaler();varianceThreshold();varianceThreshold();nystroem('cosine',3.4878415009605916,73,5,-0.36904607091105035);maxAbsScaler();fastICA(50,'deflation','arbitrary-variance','logcosh');maxAbsScaler();qda(0.9108289419011829)	invalid_ind (duplicated operator)	invalid_ind (duplicated operator)
maxAbsScaler();robustScaler(False,True);nystroem('cosine',3.4878415009605916,90,5,-0.36904607091105035);extraTreesClassifier(83,'gini','log2',10,16,False,'balanced_subsample')	0.4198514847534455	cached
varianceThreshold();varianceThreshold();nystroem('cosine',7.556033650403374,73,5,-0.5536084395066585);varianceThreshold();fastICA(50,'parallel','unit-variance','logcosh');maxAbsScaler();multinomialNB(14.543848286903104,True)	invalid_ind (duplicated operator)	invalid_ind (duplicated operator)
robustScaler(True,True);selectPercentile(90.1038273587697);varianceThreshold();randomForest(86,'entropy',0.6956345264363321,14,3,False,'balanced_subsample')	0.3819100289688525	cached
varianceThreshold();varianceThreshold();nystroem('cosine',7.556033650403374,73,5,-0.36904607091105035);varianceThreshold();fastICA(50,'parallel','unit-variance','logcosh');maxAbsScaler();multinomialNB(14.543848286903104,True)	invalid_ind (duplicated operator)	invalid_ind (duplicated operator)
maxAbsScaler();robustScaler(False,True);nystroem('cosine',3.4878415009605916,90,5,-0.36904607091105035);extraTreesClassifier(83,'gini','log2',10,16,False,'balanced_subsample')	0.4198514847534455	5.035637855529785
fastICA(36,'deflation','unit-variance','cube');extraTreesClassifier(83,'entropy','log2',10,16,False,'balanced_subsample')	0.37981142314475647	5.183964967727661
robustScaler(False,True);fastICA(73,'parallel','unit-variance','cube');selectFwe(0.0326841797004676);extraTreesClassifier(71,'entropy','log2',16,13,True,'balanced_subsample')	0.4028804456255437	5.5628228187561035
maxAbsScaler();robustScaler(False,True);nystroem('cosine',3.4878415009605916,90,5,-0.5536084395066585);extraTreesClassifier(83,'gini','log2',10,16,False,'balanced_subsample')	0.4198514847534455	6.556037425994873
robustScaler(True,True);selectPercentile(90.1038273587697);varianceThreshold();randomForest(86,'entropy',0.6956345264363321,14,3,False,'balanced_subsample')	0.3819100289688525	cached
robustScaler(True,False);varianceThreshold();varianceThreshold();nystroem('cosine',3.4878415009605916,73,5,-0.36904607091105035);maxAbsScaler();fastICA(50,'deflation','arbitrary-variance','logcosh');maxAbsScaler();qda(0.43136743239448994)	invalid_ind (duplicated operator)	invalid_ind (duplicated operator)
robustScaler(False,True);fastICA(73,'parallel','unit-variance','exp');selectFwe(0.0326841797004676);extraTreesClassifier(83,'gini','log2',10,16,False,'balanced_subsample')	0.40447604682898797	cached
robustScaler(True,True);fastICA(73,'parallel','unit-variance','cube');selectFwe(0.0326841797004676);extraTreesClassifier(83,'gini','log2',10,16,False,'balanced_subsample')	0.4191435434572689	cached
maxAbsScaler();robustScaler(True,True);nystroem('cosine',7.556033650403374,90,5,-0.5536084395066585);extraTreesClassifier(83,'gini','log2',10,16,False,'balanced_subsample')	0.372467380114439	7.124792814254761
selectFwe(0.04933692554250366);extraTreesClassifier(83,'gini','log2',10,16,False,'balanced_subsample')	0.40991269442249834	cached
maxAbsScaler();robustScaler(True,True);nystroem('rbf',5.830749942469464,90,5,-0.9152210175054674);extraTreesClassifier(83,'gini','log2',10,16,False,'balanced_subsample')	0.16666666666666666	8.3246431350708
maxAbsScaler();robustScaler(False,True);nystroem('cosine',7.556033650403374,90,5,-0.5536084395066585);extraTreesClassifier(83,'entropy','log2',10,16,False,'balanced')	0.40084472535452925	8.146635055541992
robustScaler(False,True);fastICA(73,'deflation','unit-variance','exp');selectFwe(0.0326841797004676);extraTreesClassifier(83,'gini','log2',10,16,False,'balanced_subsample')	0.39554119083530853	10.115359544754028
robustScaler(True,False);varianceThreshold();varianceThreshold();nystroem('cosine',3.4878415009605916,73,5,-0.5536084395066585);maxAbsScaler();fastICA(50,'parallel','arbitrary-variance','logcosh');maxAbsScaler();qda(0.6952037198217019)	invalid_ind (duplicated operator)	invalid_ind (duplicated operator)
maxAbsScaler();robustScaler(False,True);nystroem('cosine',3.4878415009605916,90,5,-0.31511366869620727);extraTreesClassifier(83,'gini','log2',10,16,False,'balanced_subsample')	0.4198514847534455	cached
fastICA(24,'parallel','unit-variance','exp');robustScaler(False,True);nystroem('cosine',7.556033650403374,90,5,-0.5536084395066585);extraTreesClassifier(83,'gini','log2',10,16,False,'balanced_subsample')	0.3307447309408094	10.798583269119263
maxAbsScaler();robustScaler(True,True);nystroem('cosine',7.556033650403374,90,5,-0.5536084395066585);extraTreesClassifier(83,'gini','log2',10,16,False,'balanced_subsample')	0.372467380114439	9.171562910079956
robustScaler(True,True);fastICA(62,'parallel','unit-variance','logcosh');selectFwe(0.0326841797004676);extraTreesClassifier(83,'gini','log2',10,16,False,'balanced_subsample')	0.39742799683976154	5.033732652664185
maxAbsScaler();robustScaler(True,True);nystroem('poly',7.556033650403374,90,5,0.856807394922517);extraTreesClassifier(83,'gini','log2',10,16,False,'balanced_subsample')	0.2121082621082621	5.948095083236694
robustScaler(True,False);varianceThreshold();varianceThreshold();nystroem('cosine',3.4878415009605916,73,5,-0.5536084395066585);maxAbsScaler();fastICA(50,'deflation','arbitrary-variance','logcosh');maxAbsScaler();qda(0.6952037198217019)	invalid_ind (duplicated operator)	invalid_ind (duplicated operator)
robustScaler(True,True);fastICA(81,'parallel','unit-variance','cube');selectFwe(0.0326841797004676);extraTreesClassifier(83,'gini','log2',10,15,False,'balanced_subsample')	0.43003527336860675	6.148089170455933
robustScaler(True,True);fastICA(73,'parallel','unit-variance','exp');selectFwe(0.0326841797004676);extraTreesClassifier(83,'gini','log2',10,16,False,'balanced_subsample')	0.40447604682898797	cached
fastICA(36,'deflation','unit-variance','cube');extraTreesClassifier(83,'gini','log2',10,16,False,'balanced_subsample')	0.3931506619741914	cached
maxAbsScaler();robustScaler(False,True);nystroem('cosine',3.4878415009605916,90,5,-0.36904607091105035);extraTreesClassifier(83,'gini','sqrt',10,16,False,'balanced_subsample')	0.4088234496077633	7.1327292919158936
robustScaler(True,True);selectPercentile(90.1038273587697);varianceThreshold();randomForest(86,'entropy',0.6956345264363321,14,3,False,'balanced_subsample')	0.3819100289688525	9.326551914215088
robustScaler(True,True);fastICA(73,'parallel','unit-variance','cube');selectFwe(0.0326841797004676);extraTreesClassifier(83,'gini','log2',10,11,True,'None')	0.23472407766525416	6.5371317863464355
fastICA(36,'deflation','unit-variance','cube');extraTreesClassifier(83,'gini','log2',10,16,False,'balanced_subsample')	0.3931506619741914	cached
fastICA(36,'deflation','unit-variance','cube');extraTreesClassifier(83,'gini','log2',10,16,False,'balanced_subsample')	0.3931506619741914	cached
maxAbsScaler();robustScaler(True,True);nystroem('cosine',3.4878415009605916,90,5,-0.31511366869620727);extraTreesClassifier(83,'gini','log2',6,16,False,'balanced_subsample')	0.372467380114439	5.7170631885528564
fastICA(41,'parallel','arbitrary-variance','logcosh');extraTreesClassifier(83,'gini','log2',10,16,False,'balanced_subsample')	0.3702248078718667	4.945058584213257
maxAbsScaler();robustScaler(False,True);nystroem('cosine',3.4878415009605916,90,5,-0.5536084395066585);extraTreesClassifier(83,'gini','log2',10,16,False,'balanced_subsample')	0.4198514847534455	4.7199647426605225
robustScaler(True,False);varianceThreshold();varianceThreshold();nystroem('cosine',3.4878415009605916,73,5,-0.31511366869620727);maxAbsScaler();fastICA(50,'deflation','arbitrary-variance','logcosh');maxAbsScaler();qda(0.6952037198217019)	invalid_ind (duplicated operator)	invalid_ind (duplicated operator)
robustScaler(True,True);minMaxScaler();varianceThreshold();randomForest(86,'entropy',0.6956345264363321,14,3,False,'balanced_subsample')	0.39566839841349644	8.559924602508545
robustScaler(False,True);fastICA(51,'parallel','unit-variance','cube');selectFwe(0.0326841797004676);extraTreesClassifier(83,'gini','log2',10,16,False,'balanced_subsample')	0.4191435434572689	4.098190546035767
selectPercentile(97.72147842305614);extraTreesClassifier(83,'gini','log2',10,16,False,'balanced_subsample')	0.4284962532021356	2.867604970932007
fastICA(24,'parallel','unit-variance','exp');robustScaler(False,True);nystroem('cosine',7.556033650403374,90,5,-0.5536084395066585);extraTreesClassifier(83,'gini','log2',10,16,False,'balanced_subsample')	0.3307447309408094	cached
maxAbsScaler();robustScaler(False,True);nystroem('cosine',7.556033650403374,90,5,-0.5536084395066585);extraTreesClassifier(83,'gini','log2',10,16,False,'balanced_subsample')	0.4198514847534455	cached
robustScaler(False,True);fastICA(51,'parallel','unit-variance','cube');selectFwe(0.0326841797004676);extraTreesClassifier(83,'gini','log2',10,16,False,'balanced_subsample')	0.4191435434572689	cached
extraTreesClassifier(83,'gini','log2',10,16,False,'balanced_subsample')	0.4083360865713807	cached
robustScaler(True,True);fastICA(73,'parallel','unit-variance','cube');selectFwe(0.0326841797004676);extraTreesClassifier(83,'gini','log2',10,16,False,'balanced_subsample')	0.4191435434572689	cached
extraTreesClassifier(83,'gini','log2',10,16,False,'balanced_subsample')	0.4083360865713807	cached
maxAbsScaler();robustScaler(False,True);nystroem('cosine',3.4878415009605916,90,5,-0.36904607091105035);extraTreesClassifier(83,'gini','log2',10,16,False,'balanced_subsample')	0.4198514847534455	cached
extraTreesClassifier(83,'gini','log2',10,16,False,'balanced_subsample')	0.4083360865713807	cached
robustScaler(False,True);fastICA(51,'parallel','unit-variance','cube');selectFwe(0.0326841797004676);extraTreesClassifier(83,'gini','log2',10,16,False,'balanced_subsample')	0.4191435434572689	cached
robustScaler(False,True);fastICA(51,'parallel','unit-variance','cube');selectFwe(0.0326841797004676);extraTreesClassifier(83,'gini','log2',10,16,False,'balanced_subsample')	0.4191435434572689	cached
maxAbsScaler();robustScaler(False,True);nystroem('cosine',3.4878415009605916,90,5,-0.36904607091105035);extraTreesClassifier(83,'gini','log2',10,16,False,'balanced_subsample')	0.4198514847534455	cached
maxAbsScaler();robustScaler(False,True);nystroem('cosine',3.4878415009605916,90,5,-0.5536084395066585);extraTreesClassifier(83,'gini','log2',10,16,False,'balanced_subsample')	0.4198514847534455	cached
maxAbsScaler();robustScaler(False,True);nystroem('cosine',3.4878415009605916,90,5,-0.36904607091105035);extraTreesClassifier(83,'gini','log2',10,16,False,'balanced_subsample')	0.4198514847534455	cached
robustScaler(True,True);fastICA(73,'parallel','unit-variance','cube');selectFwe(0.0326841797004676);extraTreesClassifier(83,'gini','log2',10,16,False,'balanced_subsample')	0.4191435434572689	cached
robustScaler(False,True);fastICA(73,'parallel','unit-variance','cube');selectFwe(0.0326841797004676);extraTreesClassifier(71,'entropy','log2',16,13,True,'balanced_subsample')	0.4028804456255437	cached
maxAbsScaler();robustScaler(False,True);nystroem('cosine',3.4878415009605916,90,5,-0.5536084395066585);extraTreesClassifier(83,'gini','log2',10,16,False,'balanced_subsample')	0.4198514847534455	6.285324573516846
robustScaler(True,False);varianceThreshold();varianceThreshold();nystroem('cosine',7.556033650403374,73,5,-0.5536084395066585);maxAbsScaler();fastICA(50,'parallel','arbitrary-variance','logcosh');maxAbsScaler();qda(0.6952037198217019)	invalid_ind (duplicated operator)	invalid_ind (duplicated operator)
maxAbsScaler();robustScaler(False,True);nystroem('cosine',7.556033650403374,90,5,-0.5536084395066585);extraTreesClassifier(83,'entropy','log2',10,16,False,'balanced')	0.40084472535452925	7.215301752090454
selectFwe(0.036586129549205135);adaBoost(decisionTree('entropy',7,11,0.9685067724996175,2,'None'),47,1.3816139269756036,'SAMME')	0.3170739064856712	8.355372190475464
maxAbsScaler();robustScaler(True,True);nystroem('cosine',7.556033650403374,90,5,-0.5536084395066585);extraTreesClassifier(49,'gini','log2',3,16,False,'balanced_subsample')	0.3986766102452377	10.050901412963867
maxAbsScaler();robustScaler(False,True);nystroem('poly',1.1102832086081484,42,3,0.1956370874764919);extraTreesClassifier(83,'gini','log2',10,16,False,'balanced_subsample')	0.36464746582393637	8.831432819366455
maxAbsScaler();robustScaler(False,True);nystroem('cosine',3.4878415009605916,90,5,-0.36904607091105035);extraTreesClassifier(83,'gini','sqrt',10,16,False,'balanced_subsample')	0.4088234496077633	12.288456916809082
robustScaler(True,False);varianceThreshold();varianceThreshold();nystroem('cosine',3.4878415009605916,73,5,-0.5536084395066585);maxAbsScaler();fastICA(50,'deflation','arbitrary-variance','logcosh');maxAbsScaler();qda(0.43136743239448994)	invalid_ind (duplicated operator)	invalid_ind (duplicated operator)
robustScaler(True,True);fastICA(73,'parallel','arbitrary-variance','cube');selectFwe(0.0326841797004676);extraTreesClassifier(83,'gini','log2',10,16,False,'balanced_subsample')	0.4191435434572689	9.611815452575684
robustScaler(True,True);fastICA(73,'parallel','unit-variance','cube');selectFwe(0.0326841797004676);extraTreesClassifier(83,'gini','log2',10,16,False,'balanced_subsample')	0.4191435434572689	cached
maxAbsScaler();robustScaler(False,True);nystroem('cosine',3.4878415009605916,90,5,-0.36904607091105035);extraTreesClassifier(83,'gini','log2',10,16,False,'balanced_subsample')	0.4198514847534455	cached
maxAbsScaler();robustScaler(False,True);nystroem('cosine',3.4878415009605916,90,5,-0.5536084395066585);extraTreesClassifier(83,'gini','log2',10,16,False,'balanced_subsample')	0.4198514847534455	10.422683000564575
varianceThreshold();varianceThreshold();minMaxScaler();maxAbsScaler();extraTreesClassifier(71,'entropy','log2',16,13,True,'balanced_subsample')	invalid_ind (duplicated operator)	invalid_ind (duplicated operator)
selectFwe(0.04933692554250366);extraTreesClassifier(83,'gini','log2',10,16,False,'balanced_subsample')	0.40991269442249834	cached
maxAbsScaler();robustScaler(False,True);nystroem('cosine',7.556033650403374,90,5,-0.36904607091105035);extraTreesClassifier(83,'entropy','log2',10,16,False,'balanced')	0.40084472535452925	10.613765954971313
robustScaler(True,True);fastICA(62,'parallel','unit-variance','logcosh');selectFwe(0.0326841797004676);extraTreesClassifier(83,'gini','log2',10,16,False,'balanced_subsample')	0.39742799683976154	cached
maxAbsScaler();robustScaler(False,True);nystroem('cosine',3.4878415009605916,90,5,-0.36904607091105035);extraTreesClassifier(83,'gini','log2',10,16,False,'balanced_subsample')	0.4198514847534455	cached
robustScaler(True,True);fastICA(50,'deflation','unit-variance','logcosh');selectFwe(0.0326841797004676);extraTreesClassifier(83,'gini','log2',10,16,False,'balanced_subsample')	0.41809244495519005	33.36238145828247
robustScaler(True,False);varianceThreshold();varianceThreshold();nystroem('cosine',3.4878415009605916,73,5,-0.36904607091105035);maxAbsScaler();fastICA(73,'parallel','arbitrary-variance','cube');maxAbsScaler();qda(0.9859143076115471)	invalid_ind (duplicated operator)	invalid_ind (duplicated operator)
robustScaler(True,True);fastICA(50,'parallel','arbitrary-variance','logcosh');selectFwe(0.0326841797004676);extraTreesClassifier(83,'gini','log2',10,16,False,'balanced_subsample')	0.39742799683976154	7.24251389503479
robustScaler(True,False);varianceThreshold();varianceThreshold();nystroem('cosine',3.4878415009605916,73,5,-0.5536084395066585);maxAbsScaler();fastICA(73,'parallel','unit-variance','exp');maxAbsScaler();qda(0.6952037198217019)	invalid_ind (duplicated operator)	invalid_ind (duplicated operator)
maxAbsScaler();robustScaler(False,True);nystroem('cosine',3.4878415009605916,90,5,-0.5536084395066585);extraTreesClassifier(83,'gini','log2',10,16,False,'balanced_subsample')	0.4198514847534455	8.528605461120605
pca(0.5361171508117057,False);varianceThreshold();varianceThreshold();nystroem('cosine',3.4878415009605916,73,5,-0.31511366869620727);maxAbsScaler();fastICA(50,'deflation','arbitrary-variance','logcosh');maxAbsScaler();qda(0.6952037198217019)	invalid_ind (duplicated operator)	invalid_ind (duplicated operator)
maxAbsScaler();robustScaler(False,True);nystroem('cosine',3.4878415009605916,90,5,-0.5536084395066585);adaBoost(decisionTree('entropy',24,7,0.8949431619500362,13,'balanced'),21,0.9049661941555144,'SAMME')	0.31679044267279555	37.557759523391724
minMaxScaler();nystroem('cosine',5.502897099942986,64,4,0.2590602809929332);varianceThreshold();nystroem('sigmoid',1.6073715143254108,16,3,-0.3327632781969958);pca(0.5444562924284829,True);multinomialNB(9.929592073371355,True)	invalid_ind (duplicated operator)	invalid_ind (duplicated operator)
maxAbsScaler();robustScaler(False,True);nystroem('cosine',3.4878415009605916,90,5,-0.36904607091105035);extraTreesClassifier(83,'gini','log2',10,16,False,'balanced_subsample')	0.4198514847534455	cached
robustScaler(True,True);fastICA(81,'parallel','unit-variance','cube');selectFwe(0.0326841797004676);extraTreesClassifier(83,'gini','log2',10,15,False,'balanced_subsample')	0.43003527336860675	cached
robustScaler(True,True);fastICA(73,'parallel','unit-variance','cube');selectFwe(0.0326841797004676);extraTreesClassifier(83,'gini','log2',10,16,False,'balanced_subsample')	0.4191435434572689	cached
maxAbsScaler();robustScaler(False,True);nystroem('cosine',3.4878415009605916,90,5,-0.36904607091105035);extraTreesClassifier(83,'gini','log2',10,16,False,'balanced_subsample')	0.4198514847534455	cached
maxAbsScaler();robustScaler(False,True);nystroem('cosine',3.4878415009605916,90,5,-0.5536084395066585);extraTreesClassifier(83,'gini','log2',10,16,False,'balanced_subsample')	0.4198514847534455	cached
maxAbsScaler();robustScaler(False,True);nystroem('cosine',3.4878415009605916,90,5,-0.5536084395066585);extraTreesClassifier(83,'gini','log2',10,16,False,'balanced_subsample')	0.4198514847534455	cached
robustScaler(True,True);fastICA(73,'parallel','unit-variance','cube');selectFwe(0.0326841797004676);extraTreesClassifier(83,'gini','log2',10,16,False,'balanced_subsample')	0.4191435434572689	cached
maxAbsScaler();robustScaler(False,True);nystroem('cosine',3.4878415009605916,90,5,-0.5536084395066585);extraTreesClassifier(83,'gini','log2',10,16,False,'balanced_subsample')	0.4198514847534455	cached
maxAbsScaler();robustScaler(False,True);nystroem('cosine',3.4878415009605916,90,5,-0.36904607091105035);extraTreesClassifier(83,'gini','log2',10,16,False,'balanced_subsample')	0.4198514847534455	cached
robustScaler(False,True);fastICA(51,'parallel','unit-variance','cube');selectFwe(0.0326841797004676);extraTreesClassifier(83,'gini','log2',10,16,False,'balanced_subsample')	0.4191435434572689	cached
robustScaler(True,True);fastICA(73,'parallel','unit-variance','cube');selectFwe(0.0326841797004676);extraTreesClassifier(83,'gini','log2',10,16,False,'balanced_subsample')	0.4191435434572689	cached
robustScaler(True,True);fastICA(73,'parallel','unit-variance','cube');selectFwe(0.0326841797004676);extraTreesClassifier(83,'gini','log2',10,16,False,'balanced_subsample')	0.4191435434572689	cached
maxAbsScaler();robustScaler(False,True);nystroem('cosine',3.4878415009605916,90,5,-0.36904607091105035);extraTreesClassifier(83,'gini','log2',10,16,False,'balanced_subsample')	0.4198514847534455	cached
maxAbsScaler();robustScaler(False,True);nystroem('cosine',3.4878415009605916,90,5,-0.36904607091105035);extraTreesClassifier(83,'gini','log2',10,16,False,'balanced_subsample')	0.4198514847534455	cached
robustScaler(True,True);fastICA(50,'deflation','unit-variance','logcosh');selectFwe(0.0326841797004676);extraTreesClassifier(83,'gini','log2',10,16,False,'balanced_subsample')	0.41809244495519005	cached
robustScaler(True,True);fastICA(73,'parallel','unit-variance','cube');selectFwe(0.0326841797004676);extraTreesClassifier(83,'gini','log2',10,16,False,'balanced_subsample')	0.4191435434572689	cached
robustScaler(False,True);fastICA(51,'parallel','unit-variance','cube');selectFwe(0.03737828544279188);extraTreesClassifier(83,'gini','log2',10,16,False,'balanced_subsample')	0.4226708803179392	3.2307329177856445
robustScaler(True,True);fastICA(81,'parallel','unit-variance','cube');selectFwe(0.0326841797004676);extraTreesClassifier(83,'gini','log2',10,15,False,'balanced_subsample')	0.43003527336860675	cached
maxAbsScaler();robustScaler(False,True);nystroem('cosine',3.4878415009605916,27,5,0.8758617448030239);extraTreesClassifier(83,'gini','sqrt',10,16,False,'balanced_subsample')	0.38916469151763267	3.366549253463745
extraTreesClassifier(83,'gini','log2',10,16,False,'None')	0.2364435346788288	3.5735387802124023
extraTreesClassifier(83,'gini','log2',10,16,False,'balanced_subsample')	0.4083360865713807	cached
maxAbsScaler();robustScaler(False,True);nystroem('cosine',3.4878415009605916,90,5,-0.5536084395066585);extraTreesClassifier(83,'gini','log2',10,16,False,'balanced_subsample')	0.4198514847534455	5.324370861053467
robustScaler(True,True);fastICA(73,'parallel','arbitrary-variance','cube');selectFwe(0.0326841797004676);adaBoost(decisionTree('entropy',23,4,0.5124300131457633,3,'None'),71,0.5054332928711243,'SAMME')	0.30352582058464417	7.9124534130096436
robustScaler(True,True);fastICA(73,'parallel','unit-variance','cube');selectFwe(0.0326841797004676);extraTreesClassifier(83,'gini','log2',10,16,False,'balanced_subsample')	0.4191435434572689	cached
maxAbsScaler();robustScaler(False,True);nystroem('cosine',3.4878415009605916,90,5,-0.36904607091105035);extraTreesClassifier(83,'gini','log2',10,16,False,'balanced_subsample')	0.4198514847534455	cached
varianceThreshold();varianceThreshold();gaussianNB(0.007802837538669905)	invalid_ind (duplicated operator)	invalid_ind (duplicated operator)
robustScaler(False,True);fastICA(51,'parallel','unit-variance','cube');selectFwe(0.0326841797004676);extraTreesClassifier(83,'gini','log2',10,16,False,'balanced_subsample')	0.4191435434572689	cached
robustScaler(True,True);fastICA(73,'parallel','unit-variance','cube');selectFwe(0.0326841797004676);extraTreesClassifier(83,'gini','log2',10,16,True,'balanced_subsample')	0.4235519962970943	5.413652181625366
varianceThreshold();varianceThreshold();minMaxScaler();maxAbsScaler();extraTreesClassifier(71,'entropy','log2',16,13,False,'balanced_subsample')	invalid_ind (duplicated operator)	invalid_ind (duplicated operator)
extraTreesClassifier(83,'gini','log2',10,16,False,'balanced_subsample')	0.4083360865713807	cached
robustScaler(True,True);fastICA(73,'parallel','unit-variance','cube');selectFwe(0.0326841797004676);extraTreesClassifier(83,'gini','log2',10,16,False,'balanced_subsample')	0.4191435434572689	cached
robustScaler(False,True);fastICA(51,'parallel','unit-variance','cube');selectFwe(0.0326841797004676);extraTreesClassifier(83,'gini','log2',10,16,False,'balanced_subsample')	0.4191435434572689	cached
maxAbsScaler();robustScaler(False,True);nystroem('cosine',3.4878415009605916,90,5,-0.5536084395066585);extraTreesClassifier(83,'gini','sqrt',10,16,False,'balanced_subsample')	0.4088234496077633	6.449270248413086
maxAbsScaler();robustScaler(False,True);nystroem('cosine',3.4878415009605916,90,5,-0.5536084395066585);extraTreesClassifier(83,'gini','log2',10,16,False,'balanced_subsample')	0.4198514847534455	cached
maxAbsScaler();robustScaler(False,True);nystroem('cosine',7.556033650403374,90,5,-0.5536084395066585);extraTreesClassifier(83,'gini','log2',10,16,False,'balanced_subsample')	0.4198514847534455	cached
selectFwe(0.036586129549205135);adaBoost(decisionTree('entropy',7,11,0.9685067724996175,2,'None'),47,1.3816139269756036,'SAMME')	0.3170739064856712	7.57880973815918
maxAbsScaler();robustScaler(False,True);nystroem('cosine',7.556033650403374,90,5,-0.5536084395066585);extraTreesClassifier(83,'gini','log2',10,16,False,'balanced_subsample')	0.4198514847534455	5.860323667526245
maxAbsScaler();robustScaler(False,True);nystroem('cosine',3.4878415009605916,90,5,-0.31511366869620727);extraTreesClassifier(83,'gini','log2',10,16,False,'balanced_subsample')	0.4198514847534455	6.064712285995483
pca(0.5361171508117057,False);varianceThreshold();maxAbsScaler();nystroem('cosine',3.4878415009605916,73,5,-0.5536084395066585);maxAbsScaler();fastICA(50,'deflation','arbitrary-variance','logcosh');maxAbsScaler();qda(0.6952037198217019)	invalid_ind (duplicated operator)	invalid_ind (duplicated operator)
maxAbsScaler();robustScaler(True,True);nystroem('cosine',2.803390411313635,90,2,-0.5536084395066585);extraTreesClassifier(83,'gini','log2',10,15,False,'balanced_subsample')	0.3872410958685469	5.347941160202026
maxAbsScaler();robustScaler(False,True);nystroem('cosine',3.4878415009605916,90,5,-0.5536084395066585);extraTreesClassifier(83,'gini','log2',10,16,False,'balanced_subsample')	0.4198514847534455	cached
maxAbsScaler();robustScaler(False,True);nystroem('cosine',7.556033650403374,90,5,-0.5536084395066585);extraTreesClassifier(83,'gini','log2',10,16,False,'balanced_subsample')	0.4198514847534455	cached
maxAbsScaler();robustScaler(False,True);nystroem('cosine',7.556033650403374,90,5,-0.5536084395066585);extraTreesClassifier(83,'gini','log2',10,16,False,'balanced_subsample')	0.4198514847534455	cached
robustScaler(True,True);fastICA(73,'parallel','unit-variance','cube');selectFwe(0.0326841797004676);extraTreesClassifier(83,'gini','log2',10,16,False,'balanced_subsample')	0.4191435434572689	cached
maxAbsScaler();robustScaler(False,True);nystroem('cosine',3.4878415009605916,90,5,-0.36904607091105035);extraTreesClassifier(83,'gini','log2',10,16,False,'balanced_subsample')	0.4198514847534455	cached
robustScaler(False,True);fastICA(51,'parallel','unit-variance','cube');selectFwe(0.03737828544279188);extraTreesClassifier(83,'gini','log2',10,16,False,'balanced_subsample')	0.4226708803179392	cached
robustScaler(True,True);fastICA(81,'parallel','unit-variance','cube');selectFwe(0.0326841797004676);extraTreesClassifier(83,'gini','log2',10,15,False,'balanced_subsample')	0.43003527336860675	5.61252760887146
maxAbsScaler();robustScaler(False,True);nystroem('cosine',3.4878415009605916,90,5,-0.36904607091105035);extraTreesClassifier(36,'gini','sqrt',9,16,True,'balanced')	0.395710056102213	6.58004903793335
maxAbsScaler();robustScaler(False,True);nystroem('cosine',3.4878415009605916,90,5,-0.31511366869620727);extraTreesClassifier(83,'gini','log2',10,16,False,'balanced_subsample')	0.4198514847534455	cached
robustScaler(True,True);fastICA(73,'parallel','unit-variance','cube');selectFwe(0.0326841797004676);extraTreesClassifier(83,'gini','log2',10,16,False,'balanced_subsample')	0.4191435434572689	cached
maxAbsScaler();robustScaler(False,True);nystroem('cosine',3.4878415009605916,90,5,-0.36904607091105035);extraTreesClassifier(83,'gini','log2',10,16,False,'balanced_subsample')	0.4198514847534455	cached
maxAbsScaler();robustScaler(False,True);nystroem('cosine',3.4878415009605916,90,5,-0.5536084395066585);extraTreesClassifier(83,'gini','log2',10,16,False,'balanced_subsample')	0.4198514847534455	7.134371757507324
pca(0.5361171508117057,False);varianceThreshold();maxAbsScaler();nystroem('cosine',3.4878415009605916,73,5,-0.36904607091105035);maxAbsScaler();fastICA(50,'deflation','arbitrary-variance','logcosh');maxAbsScaler();qda(0.6952037198217019)	invalid_ind (duplicated operator)	invalid_ind (duplicated operator)
maxAbsScaler();robustScaler(False,True);nystroem('cosine',3.4878415009605916,90,5,-0.5536084395066585);extraTreesClassifier(83,'gini','log2',10,16,False,'balanced_subsample')	0.4198514847534455	cached
robustScaler(False,True);fastICA(51,'parallel','unit-variance','cube');selectFwe(0.0326841797004676);extraTreesClassifier(83,'gini','log2',10,16,False,'balanced_subsample')	0.4191435434572689	cached
robustScaler(True,True);fastICA(73,'parallel','unit-variance','cube');selectFwe(0.0326841797004676);extraTreesClassifier(83,'gini','log2',10,16,True,'balanced_subsample')	0.4235519962970943	7.7007668018341064
maxAbsScaler();robustScaler(False,True);nystroem('cosine',3.4878415009605916,90,5,-0.36904607091105035);extraTreesClassifier(83,'gini','log2',10,15,False,'balanced_subsample')	0.4197542036757723	8.031200170516968
robustScaler(True,True);fastICA(73,'parallel','unit-variance','cube');selectFwe(0.0326841797004676);extraTreesClassifier(83,'gini','log2',10,16,False,'balanced_subsample')	0.4191435434572689	6.498443603515625
extraTreesClassifier(83,'gini','log2',10,16,False,'balanced_subsample')	0.4083360865713807	cached
maxAbsScaler();robustScaler(False,True);nystroem('cosine',3.4878415009605916,90,5,-0.5536084395066585);extraTreesClassifier(83,'gini','log2',10,16,False,'balanced_subsample')	0.4198514847534455	cached
robustScaler(True,True);fastICA(81,'parallel','unit-variance','cube');selectFwe(0.0326841797004676);extraTreesClassifier(83,'gini','log2',10,15,False,'balanced_subsample')	0.43003527336860675	6.013958215713501
maxAbsScaler();robustScaler(False,True);nystroem('cosine',3.4878415009605916,90,5,-0.5536084395066585);extraTreesClassifier(83,'gini','log2',10,16,False,'balanced_subsample')	0.4198514847534455	cached
robustScaler(True,True);fastICA(73,'parallel','unit-variance','cube');selectFwe(0.0326841797004676);extraTreesClassifier(83,'gini','log2',10,16,False,'balanced_subsample')	0.4191435434572689	cached
maxAbsScaler();robustScaler(False,True);nystroem('cosine',3.4878415009605916,90,5,-0.36904607091105035);extraTreesClassifier(83,'gini','log2',10,16,False,'balanced_subsample')	0.4198514847534455	cached
robustScaler(True,True);fastICA(73,'parallel','unit-variance','cube');selectFwe(0.0326841797004676);extraTreesClassifier(83,'gini','log2',10,16,False,'balanced_subsample')	0.4191435434572689	cached
robustScaler(True,True);fastICA(81,'parallel','unit-variance','cube');selectFwe(0.0326841797004676);extraTreesClassifier(83,'gini','log2',10,15,False,'balanced_subsample')	0.43003527336860675	cached
robustScaler(True,True);fastICA(81,'parallel','unit-variance','cube');selectFwe(0.0326841797004676);extraTreesClassifier(83,'gini','log2',10,15,False,'balanced_subsample')	0.43003527336860675	cached
robustScaler(True,True);fastICA(81,'parallel','unit-variance','cube');selectFwe(0.0326841797004676);extraTreesClassifier(83,'gini','log2',10,16,False,'balanced_subsample')	0.4191435434572689	6.161419868469238
robustScaler(True,True);fastICA(81,'parallel','unit-variance','cube');selectFwe(0.0326841797004676);extraTreesClassifier(83,'gini','log2',10,15,False,'balanced_subsample')	0.43003527336860675	cached
maxAbsScaler();robustScaler(False,True);nystroem('cosine',3.891610508815157,90,5,-0.5536084395066585);extraTreesClassifier(83,'gini','log2',10,16,False,'balanced_subsample')	0.4198514847534455	7.487932920455933
robustScaler(True,True);fastICA(73,'parallel','unit-variance','cube');selectFwe(0.0326841797004676);extraTreesClassifier(83,'gini','log2',10,16,False,'balanced_subsample')	0.4191435434572689	cached
maxAbsScaler();robustScaler(False,True);nystroem('cosine',7.556033650403374,90,5,-0.5536084395066585);extraTreesClassifier(83,'gini','log2',10,16,True,'balanced_subsample')	0.37553073651112867	8.548049926757812
maxAbsScaler();robustScaler(False,True);nystroem('cosine',3.4878415009605916,90,5,-0.5536084395066585);extraTreesClassifier(83,'gini','log2',10,16,False,'balanced_subsample')	0.4198514847534455	7.69127893447876
robustScaler(True,True);fastICA(73,'parallel','unit-variance','cube');varianceThreshold();extraTreesClassifier(83,'gini','log2',10,16,False,'balanced_subsample')	0.37314316039806233	6.8970396518707275
maxAbsScaler();robustScaler(False,True);nystroem('cosine',3.4878415009605916,90,5,0.9892704956204921);extraTreesClassifier(65,'gini','log2',10,16,False,'balanced_subsample')	0.3991472144413321	6.8384904861450195
maxAbsScaler();robustScaler(False,True);nystroem('cosine',0.7840889091501437,45,3,0.8389867586929569);extraTreesClassifier(83,'gini','sqrt',10,16,False,'balanced_subsample')	0.3901066181458338	6.607020139694214
maxAbsScaler();robustScaler(False,True);nystroem('cosine',3.4878415009605916,90,5,-0.5536084395066585);extraTreesClassifier(83,'gini','log2',10,16,False,'balanced_subsample')	0.4198514847534455	cached
robustScaler(True,True);fastICA(73,'parallel','unit-variance','cube');selectFwe(0.0326841797004676);extraTreesClassifier(83,'gini','log2',10,16,False,'balanced_subsample')	0.4191435434572689	6.786980152130127
selectFwe(0.0326841797004676);varianceThreshold();gaussianNB(0.006727879878693245)	0.20097320979673922	2.613858699798584
maxAbsScaler();robustScaler(False,True);nystroem('cosine',3.4878415009605916,90,5,-0.31511366869620727);extraTreesClassifier(83,'gini','log2',10,16,False,'balanced_subsample')	0.4198514847534455	4.512411832809448
maxAbsScaler();robustScaler(False,True);nystroem('cosine',3.4878415009605916,90,5,-0.5536084395066585);extraTreesClassifier(83,'gini','log2',10,16,False,'balanced_subsample')	0.4198514847534455	cached
robustScaler(False,True);fastICA(51,'parallel','unit-variance','cube');selectFwe(0.03737828544279188);extraTreesClassifier(83,'gini','log2',10,16,False,'balanced_subsample')	0.4226708803179392	cached
robustScaler(True,True);fastICA(73,'parallel','unit-variance','cube');selectFwe(0.0326841797004676);extraTreesClassifier(83,'gini','log2',10,16,False,'balanced_subsample')	0.4191435434572689	cached
maxAbsScaler();robustScaler(True,True);nystroem('cosine',3.4878415009605916,90,5,-0.5536084395066585);extraTreesClassifier(83,'gini','log2',10,15,False,'balanced_subsample')	0.3872410958685469	6.568695783615112
robustScaler(True,True);fastICA(81,'parallel','unit-variance','cube');selectFwe(0.0326841797004676);extraTreesClassifier(83,'gini','log2',10,16,False,'balanced_subsample')	0.4191435434572689	6.62800145149231
maxAbsScaler();robustScaler(False,True);nystroem('cosine',3.4878415009605916,90,5,0.9892704956204921);extraTreesClassifier(83,'gini','log2',10,15,False,'balanced_subsample')	0.4197542036757723	6.875915765762329
maxAbsScaler();robustScaler(False,True);nystroem('cosine',3.4878415009605916,90,5,-0.31511366869620727);extraTreesClassifier(83,'entropy','log2',10,16,False,'balanced_subsample')	0.40084472535452925	7.9313178062438965
maxAbsScaler();robustScaler(False,True);nystroem('cosine',7.556033650403374,90,5,-0.5536084395066585);extraTreesClassifier(83,'gini','log2',10,16,False,'balanced_subsample')	0.4198514847534455	cached
maxAbsScaler();robustScaler(False,True);nystroem('cosine',3.4878415009605916,90,5,-0.36904607091105035);extraTreesClassifier(83,'gini','log2',10,16,False,'balanced_subsample')	0.4198514847534455	cached
nystroem('rbf',0.9305376369920493,22,3,-0.11991127730015294);pca(0.9826756231775446,False);nystroem('poly',7.618553657588651,80,3,0.0379552206062066);maxAbsScaler();fastICA(51,'parallel','unit-variance','cube');selectFwe(0.03737828544279188);extraTreesClassifier(83,'gini','log2',10,16,False,'balanced_subsample')	invalid_ind (duplicated operator)	invalid_ind (duplicated operator)
minMaxScaler();minMaxScaler();nystroem('sigmoid',0.0900359966946997,97,4,-0.7394166763641075);robustScaler(False,True);nystroem('cosine',3.4878415009605916,90,5,-0.5536084395066585);extraTreesClassifier(83,'gini','log2',10,16,False,'balanced_subsample')	invalid_ind (duplicated operator)	invalid_ind (duplicated operator)
maxAbsScaler();robustScaler(False,True);nystroem('cosine',3.4878415009605916,90,5,-0.5536084395066585);extraTreesClassifier(83,'gini','log2',10,16,False,'balanced_subsample')	0.4198514847534455	cached
maxAbsScaler();robustScaler(False,True);nystroem('cosine',3.4878415009605916,90,5,-0.5536084395066585);extraTreesClassifier(83,'gini','log2',10,16,False,'balanced_subsample')	0.4198514847534455	cached
maxAbsScaler();robustScaler(True,True);nystroem('cosine',3.4878415009605916,90,5,-0.5536084395066585);extraTreesClassifier(83,'gini','log2',10,16,True,'balanced_subsample')	0.3491912662500898	8.441079378128052
robustScaler(False,True);fastICA(81,'parallel','unit-variance','cube');selectFwe(0.0326841797004676);decisionTree('entropy',11,10,0.6623290397449794,12,'balanced')	0.2936183932262364	4.868319988250732
robustScaler(True,True);fastICA(81,'parallel','unit-variance','cube');selectFwe(0.0326841797004676);extraTreesClassifier(83,'gini','log2',10,15,False,'balanced_subsample')	0.43003527336860675	cached
robustScaler(True,True);fastICA(81,'parallel','unit-variance','cube');selectFwe(0.0326841797004676);extraTreesClassifier(83,'gini','log2',10,15,False,'balanced_subsample')	0.43003527336860675	cached
robustScaler(True,True);fastICA(81,'parallel','unit-variance','cube');selectFwe(0.0326841797004676);extraTreesClassifier(83,'gini','log2',10,15,False,'balanced_subsample')	0.43003527336860675	cached
robustScaler(True,True);fastICA(81,'parallel','unit-variance','cube');selectFwe(0.0326841797004676);extraTreesClassifier(83,'gini','log2',10,15,False,'balanced_subsample')	0.43003527336860675	cached
maxAbsScaler();robustScaler(False,True);nystroem('cosine',3.4878415009605916,90,5,-0.36904607091105035);extraTreesClassifier(83,'gini','log2',10,16,False,'balanced_subsample')	0.4198514847534455	cached
maxAbsScaler();robustScaler(False,True);nystroem('cosine',3.891610508815157,90,5,-0.5536084395066585);extraTreesClassifier(83,'gini','log2',10,16,False,'balanced_subsample')	0.4198514847534455	cached
robustScaler(True,True);fastICA(73,'parallel','unit-variance','cube');selectFwe(0.0326841797004676);extraTreesClassifier(83,'gini','log2',10,16,True,'balanced_subsample')	0.4235519962970943	cached
robustScaler(True,True);fastICA(73,'parallel','unit-variance','cube');selectFwe(0.0326841797004676);extraTreesClassifier(83,'gini','log2',10,16,True,'balanced_subsample')	0.4235519962970943	cached
robustScaler(False,True);fastICA(51,'parallel','unit-variance','cube');selectFwe(0.0326841797004676);extraTreesClassifier(83,'gini','log2',10,16,False,'balanced_subsample')	0.4191435434572689	cached
maxAbsScaler();robustScaler(False,True);nystroem('cosine',3.4878415009605916,90,5,-0.31511366869620727);extraTreesClassifier(83,'gini','log2',10,16,False,'balanced_subsample')	0.4198514847534455	cached
maxAbsScaler();robustScaler(False,True);nystroem('cosine',3.4878415009605916,90,5,-0.36904607091105035);extraTreesClassifier(83,'gini','log2',10,16,False,'balanced_subsample')	0.4198514847534455	cached
maxAbsScaler();robustScaler(False,True);nystroem('cosine',3.4878415009605916,90,5,-0.31511366869620727);extraTreesClassifier(83,'gini','log2',10,16,False,'balanced_subsample')	0.4198514847534455	cached
robustScaler(True,True);fastICA(81,'parallel','unit-variance','cube');selectFwe(0.0326841797004676);extraTreesClassifier(65,'gini','log2',10,16,False,'balanced_subsample')	0.44964582984190826	5.86541223526001
maxAbsScaler();robustScaler(False,True);nystroem('cosine',3.4878415009605916,90,5,-0.5536084395066585);extraTreesClassifier(83,'gini','log2',10,16,False,'balanced_subsample')	0.4198514847534455	cached
robustScaler(False,True);fastICA(51,'parallel','unit-variance','cube');selectFwe(0.03737828544279188);extraTreesClassifier(83,'gini','log2',10,16,False,'balanced_subsample')	0.4226708803179392	cached
robustScaler(True,True);fastICA(73,'parallel','unit-variance','cube');selectFwe(0.0326841797004676);extraTreesClassifier(83,'gini','log2',10,16,False,'balanced_subsample')	0.4191435434572689	cached
maxAbsScaler();robustScaler(False,True);nystroem('cosine',3.891610508815157,90,5,-0.5536084395066585);extraTreesClassifier(83,'gini','log2',10,16,False,'balanced_subsample')	0.4198514847534455	cached
robustScaler(True,True);fastICA(73,'parallel','unit-variance','cube');selectFwe(0.0326841797004676);extraTreesClassifier(83,'gini','log2',10,16,True,'balanced_subsample')	0.4235519962970943	cached
maxAbsScaler();robustScaler(False,True);nystroem('cosine',3.4878415009605916,90,5,-0.5536084395066585);extraTreesClassifier(83,'gini','log2',10,16,False,'balanced_subsample')	0.4198514847534455	cached
maxAbsScaler();robustScaler(False,True);nystroem('cosine',3.4878415009605916,90,5,-0.5536084395066585);extraTreesClassifier(83,'gini','log2',10,15,False,'balanced_subsample')	0.4197542036757723	7.053788185119629
robustScaler(False,True);fastICA(73,'parallel','unit-variance','cube');selectFwe(0.0326841797004676);extraTreesClassifier(83,'gini','log2',10,16,False,'balanced')	0.4191435434572689	5.774600267410278
maxAbsScaler();robustScaler(True,True);nystroem('cosine',3.4878415009605916,90,5,-0.5536084395066585);extraTreesClassifier(83,'gini','log2',10,16,False,'balanced_subsample')	0.372467380114439	6.930583238601685
maxAbsScaler();robustScaler(False,True);nystroem('cosine',7.556033650403374,90,5,-0.5536084395066585);extraTreesClassifier(83,'gini','log2',10,16,False,'balanced_subsample')	0.4198514847534455	cached
maxAbsScaler();robustScaler(False,True);nystroem('cosine',3.4878415009605916,90,5,-0.5536084395066585);extraTreesClassifier(83,'gini','log2',10,16,False,'balanced_subsample')	0.4198514847534455	4.9514992237091064
maxAbsScaler();robustScaler(False,True);nystroem('cosine',3.4878415009605916,90,5,-0.36904607091105035);extraTreesClassifier(83,'gini','log2',10,15,False,'balanced_subsample')	0.4197542036757723	2.8963816165924072
robustScaler(True,True);fastICA(81,'parallel','unit-variance','cube');selectFwe(0.0326841797004676);extraTreesClassifier(83,'gini','log2',10,15,False,'balanced_subsample')	0.43003527336860675	cached
robustScaler(True,True);fastICA(81,'parallel','unit-variance','cube');selectFwe(0.0326841797004676);extraTreesClassifier(83,'gini','log2',10,15,False,'balanced_subsample')	0.43003527336860675	cached
robustScaler(True,True);fastICA(73,'parallel','unit-variance','cube');selectFwe(0.0326841797004676);extraTreesClassifier(83,'gini','log2',10,16,False,'balanced_subsample')	0.4191435434572689	cached
robustScaler(True,True);fastICA(81,'parallel','unit-variance','cube');selectFwe(0.0326841797004676);extraTreesClassifier(83,'gini','log2',10,16,False,'balanced_subsample')	0.4191435434572689	cached
maxAbsScaler();robustScaler(False,True);nystroem('cosine',3.891610508815157,90,5,-0.5536084395066585);extraTreesClassifier(83,'gini','log2',10,16,False,'balanced_subsample')	0.4198514847534455	cached
maxAbsScaler();robustScaler(False,True);nystroem('cosine',3.4878415009605916,90,5,-0.5536084395066585);extraTreesClassifier(83,'gini','log2',10,16,False,'balanced_subsample')	0.4198514847534455	cached
maxAbsScaler();robustScaler(False,True);nystroem('cosine',3.4878415009605916,90,5,-0.5536084395066585);extraTreesClassifier(83,'gini','log2',10,16,False,'balanced_subsample')	0.4198514847534455	cached
robustScaler(True,True);fastICA(81,'parallel','unit-variance','cube');selectFwe(0.0326841797004676);extraTreesClassifier(65,'gini','log2',10,16,False,'balanced_subsample')	0.44964582984190826	cached
maxAbsScaler();robustScaler(False,True);nystroem('cosine',3.4878415009605916,90,5,-0.36904607091105035);extraTreesClassifier(83,'gini','log2',10,16,False,'balanced_subsample')	0.4198514847534455	cached
robustScaler(True,True);fastICA(81,'parallel','unit-variance','cube');selectFwe(0.0326841797004676);extraTreesClassifier(83,'gini','log2',10,15,False,'balanced_subsample')	0.43003527336860675	cached
robustScaler(True,True);fastICA(73,'parallel','unit-variance','cube');selectFwe(0.0326841797004676);extraTreesClassifier(83,'gini','log2',10,16,True,'balanced_subsample')	0.4235519962970943	5.79466986656189
robustScaler(True,True);fastICA(81,'parallel','unit-variance','cube');selectFwe(0.0326841797004676);extraTreesClassifier(83,'gini','log2',10,16,True,'balanced_subsample')	0.4235519962970943	6.341657400131226
maxAbsScaler();robustScaler(False,True);nystroem('cosine',7.556033650403374,90,5,-0.5536084395066585);extraTreesClassifier(83,'gini','log2',10,16,True,'balanced_subsample')	0.37553073651112867	7.234471321105957
robustScaler(True,True);fastICA(73,'parallel','unit-variance','cube');selectFwe(0.0326841797004676);extraTreesClassifier(83,'gini','log2',10,16,True,'balanced_subsample')	0.4235519962970943	7.387759447097778
maxAbsScaler();fastICA(56,'deflation','arbitrary-variance','cube');nystroem('cosine',7.556033650403374,90,5,-0.5536084395066585);extraTreesClassifier(83,'gini','log2',10,16,False,'balanced_subsample')	0.356814942501217	8.244821310043335
robustScaler(True,True);fastICA(81,'parallel','unit-variance','cube');selectFwe(0.0326841797004676);extraTreesClassifier(83,'gini','log2',10,15,False,'balanced_subsample')	0.43003527336860675	6.33896279335022
robustScaler(True,True);fastICA(73,'parallel','unit-variance','cube');selectFwe(0.0326841797004676);extraTreesClassifier(83,'gini','log2',10,15,False,'balanced_subsample')	0.43003527336860675	6.760093450546265
robustScaler(True,True);fastICA(73,'parallel','unit-variance','cube');selectFwe(0.0326841797004676);extraTreesClassifier(83,'gini','log2',10,16,False,'balanced_subsample')	0.4191435434572689	6.104526519775391
robustScaler(True,True);fastICA(44,'parallel','arbitrary-variance','logcosh');selectFwe(0.0326841797004676);extraTreesClassifier(83,'gini','log2',10,15,False,'balanced_subsample')	0.4136754530872178	6.518064022064209
maxAbsScaler();robustScaler(False,True);nystroem('cosine',3.4878415009605916,90,5,-0.5536084395066585);extraTreesClassifier(83,'gini','log2',10,15,False,'balanced_subsample')	0.4197542036757723	cached
maxAbsScaler();robustScaler(False,True);nystroem('cosine',7.556033650403374,90,5,-0.5536084395066585);extraTreesClassifier(83,'gini','log2',10,16,False,'balanced_subsample')	0.4198514847534455	cached
maxAbsScaler();robustScaler(False,True);nystroem('cosine',7.556033650403374,90,5,-0.5536084395066585);extraTreesClassifier(83,'gini','log2',10,13,False,'balanced_subsample')	0.43452233314978417	6.592641353607178
robustScaler(False,True);fastICA(73,'parallel','unit-variance','cube');selectFwe(0.0326841797004676);extraTreesClassifier(83,'gini','log2',10,16,False,'balanced_subsample')	0.4191435434572689	5.896541357040405
varianceThreshold();robustScaler(False,True);nystroem('cosine',3.4878415009605916,90,5,-0.5536084395066585);extraTreesClassifier(83,'gini','log2',10,16,False,'balanced_subsample')	0.42063579847893573	6.458381652832031
robustScaler(True,True);fastICA(81,'parallel','unit-variance','cube');selectFwe(0.0326841797004676);extraTreesClassifier(83,'gini','log2',10,15,True,'balanced_subsample')	0.38096985802868155	6.315331220626831
robustScaler(True,True);fastICA(81,'parallel','unit-variance','cube');selectFwe(0.0326841797004676);extraTreesClassifier(83,'gini','log2',10,15,False,'balanced')	0.43003527336860675	5.983871221542358
robustScaler(True,True);fastICA(81,'parallel','unit-variance','cube');selectFwe(0.0326841797004676);extraTreesClassifier(83,'gini','log2',10,16,True,'balanced_subsample')	0.4235519962970943	6.972062110900879
maxAbsScaler();robustScaler(True,True);nystroem('cosine',7.556033650403374,90,5,-0.5536084395066585);extraTreesClassifier(83,'gini','log2',10,10,False,'balanced')	0.36484649700335975	8.775129318237305
maxAbsScaler();robustScaler(False,True);nystroem('cosine',3.4878415009605916,90,5,-0.5536084395066585);extraTreesClassifier(83,'gini','log2',10,16,False,'balanced_subsample')	0.4198514847534455	cached
maxAbsScaler();robustScaler(False,True);nystroem('cosine',3.4878415009605916,90,5,-0.5536084395066585);extraTreesClassifier(83,'gini','log2',10,16,False,'balanced_subsample')	0.4198514847534455	cached
robustScaler(True,True);fastICA(73,'parallel','unit-variance','cube');selectFwe(0.0326841797004676);extraTreesClassifier(83,'gini','log2',10,16,False,'balanced_subsample')	0.4191435434572689	8.2019202709198
robustScaler(True,True);fastICA(81,'parallel','unit-variance','cube');selectFwe(0.0326841797004676);extraTreesClassifier(65,'gini','log2',10,16,False,'balanced_subsample')	0.44964582984190826	cached
minMaxScaler();minMaxScaler();nystroem('sigmoid',0.0900359966946997,97,4,-0.7394166763641075);robustScaler(False,True);nystroem('cosine',3.4878415009605916,90,5,-0.5536084395066585);extraTreesClassifier(83,'gini','log2',10,16,False,'balanced_subsample')	invalid_ind (duplicated operator)	invalid_ind (duplicated operator)
maxAbsScaler();robustScaler(False,True);nystroem('cosine',3.4878415009605916,90,5,-0.5536084395066585);extraTreesClassifier(83,'gini','log2',10,16,False,'balanced_subsample')	0.4198514847534455	cached
maxAbsScaler();robustScaler(False,True);nystroem('cosine',3.4878415009605916,90,5,-0.5536084395066585);extraTreesClassifier(83,'gini','log2',10,16,False,'balanced_subsample')	0.4198514847534455	cached
robustScaler(True,True);fastICA(81,'deflation','unit-variance','cube');selectFwe(0.02870876639282681);extraTreesClassifier(83,'gini','sqrt',10,15,True,'balanced_subsample')	0.36765049039558845	9.94000506401062
robustScaler(True,True);fastICA(73,'parallel','unit-variance','cube');selectFwe(0.00696670253384448);extraTreesClassifier(83,'gini','log2',10,15,False,'balanced_subsample')	0.40817280758457225	8.094582319259644
robustScaler(True,True);fastICA(51,'parallel','unit-variance','cube');selectFwe(0.0326841797004676);extraTreesClassifier(83,'gini','log2',10,16,False,'balanced_subsample')	0.4191435434572689	6.118726491928101
nystroem('cosine',0.5651952374464637,31,4,-0.311025467228093);fastICA(73,'parallel','unit-variance','cube');selectFwe(0.0326841797004676);extraTreesClassifier(83,'gini','log2',10,16,False,'balanced_subsample')	0.41403185775734797	15.098034381866455
robustScaler(False,True);fastICA(73,'parallel','unit-variance','cube');selectFwe(0.0326841797004676);extraTreesClassifier(83,'gini','log2',10,16,True,'balanced_subsample')	0.4235519962970943	4.227675437927246
varianceThreshold();robustScaler(False,True);nystroem('cosine',3.4878415009605916,90,5,-0.5536084395066585);extraTreesClassifier(83,'gini','log2',10,16,False,'balanced_subsample')	0.42063579847893573	cached
robustScaler(True,True);fastICA(81,'parallel','unit-variance','cube');selectFwe(0.0326841797004676);extraTreesClassifier(65,'gini','log2',10,16,False,'balanced_subsample')	0.44964582984190826	cached
robustScaler(True,True);fastICA(73,'parallel','unit-variance','cube');selectFwe(0.0326841797004676);extraTreesClassifier(83,'gini','log2',10,16,False,'balanced_subsample')	0.4191435434572689	cached
maxAbsScaler();robustScaler(False,True);nystroem('cosine',3.4878415009605916,90,5,-0.5536084395066585);extraTreesClassifier(83,'gini','log2',10,16,False,'balanced_subsample')	0.4198514847534455	cached
robustScaler(True,True);fastICA(73,'parallel','unit-variance','cube');selectFwe(0.0326841797004676);extraTreesClassifier(83,'gini','log2',10,15,False,'balanced_subsample')	0.43003527336860675	cached
robustScaler(True,True);fastICA(73,'parallel','unit-variance','cube');selectFwe(0.0326841797004676);extraTreesClassifier(83,'gini','log2',10,16,False,'balanced_subsample')	0.4191435434572689	cached
robustScaler(True,True);fastICA(73,'parallel','unit-variance','cube');selectFwe(0.0326841797004676);extraTreesClassifier(83,'gini','log2',10,15,False,'balanced_subsample')	0.43003527336860675	cached
maxAbsScaler();robustScaler(False,True);nystroem('cosine',3.4878415009605916,90,5,-0.5536084395066585);extraTreesClassifier(83,'gini','log2',10,15,False,'balanced_subsample')	0.4197542036757723	cached
robustScaler(True,True);fastICA(78,'parallel','unit-variance','cube');selectFwe(0.0326841797004676);extraTreesClassifier(83,'gini','sqrt',10,16,False,'balanced_subsample')	0.4191435434572689	4.224912643432617
maxAbsScaler();robustScaler(False,True);nystroem('cosine',3.4878415009605916,90,5,-0.5536084395066585);extraTreesClassifier(83,'gini','log2',10,16,False,'balanced_subsample')	0.4198514847534455	cached
selectPercentile(33.07110871068228);robustScaler(False,True);nystroem('cosine',3.4878415009605916,90,5,-0.5536084395066585);extraTreesClassifier(83,'gini','log2',10,16,False,'balanced_subsample')	0.4365993120895082	4.79944634437561
maxAbsScaler();robustScaler(False,True);nystroem('cosine',3.4878415009605916,90,5,-0.5536084395066585);extraTreesClassifier(83,'gini','log2',10,16,False,'balanced_subsample')	0.4198514847534455	cached
robustScaler(True,True);fastICA(44,'parallel','arbitrary-variance','logcosh');selectFwe(0.0326841797004676);extraTreesClassifier(83,'gini','log2',10,15,False,'balanced_subsample')	0.4136754530872178	cached
maxAbsScaler();robustScaler(False,True);nystroem('cosine',7.556033650403374,90,5,-0.5536084395066585);extraTreesClassifier(83,'gini','log2',10,13,False,'balanced_subsample')	0.43452233314978417	cached
robustScaler(True,True);fastICA(81,'parallel','unit-variance','cube');selectFwe(0.0326841797004676);extraTreesClassifier(65,'gini','log2',10,16,False,'balanced_subsample')	0.44964582984190826	cached
maxAbsScaler();robustScaler(False,True);nystroem('cosine',3.4878415009605916,90,5,-0.5536084395066585);extraTreesClassifier(83,'gini','log2',10,16,False,'balanced_subsample')	0.4198514847534455	cached
robustScaler(True,True);fastICA(81,'parallel','unit-variance','cube');selectFwe(0.0326841797004676);extraTreesClassifier(83,'gini','log2',10,16,False,'balanced_subsample')	0.4191435434572689	5.233490467071533
robustScaler(True,True);fastICA(81,'parallel','unit-variance','cube');selectFwe(0.031040796875923975);extraTreesClassifier(83,'gini','sqrt',10,15,True,'balanced_subsample')	0.38096985802868155	5.603857755661011
robustScaler(True,True);fastICA(81,'parallel','unit-variance','cube');selectFwe(0.0326841797004676);extraTreesClassifier(83,'gini','log2',10,15,False,'balanced_subsample')	0.43003527336860675	5.274438142776489
robustScaler(True,True);fastICA(73,'parallel','unit-variance','cube');selectFwe(0.0326841797004676);extraTreesClassifier(83,'gini','log2',10,16,False,'balanced_subsample')	0.4191435434572689	5.587073564529419
maxAbsScaler();robustScaler(False,True);nystroem('cosine',3.4878415009605916,90,5,-0.5536084395066585);extraTreesClassifier(83,'gini','log2',10,15,False,'balanced_subsample')	0.4197542036757723	6.571599245071411
maxAbsScaler();robustScaler(False,False);nystroem('cosine',3.891610508815157,90,5,-0.5536084395066585);extraTreesClassifier(83,'gini','log2',10,16,True,'balanced_subsample')	0.355876686857079	7.499231815338135
robustScaler(True,True);fastICA(73,'parallel','unit-variance','cube');selectFwe(0.0326841797004676);extraTreesClassifier(83,'gini','log2',10,15,False,'balanced_subsample')	0.43003527336860675	cached
robustScaler(True,True);fastICA(81,'parallel','unit-variance','cube');selectFwe(0.0326841797004676);extraTreesClassifier(83,'gini','log2',10,15,False,'balanced_subsample')	0.43003527336860675	cached
robustScaler(False,True);fastICA(73,'parallel','unit-variance','cube');selectFwe(0.0326841797004676);extraTreesClassifier(83,'gini','log2',10,13,False,'balanced_subsample')	0.42737428874683775	5.134475946426392
robustScaler(True,True);fastICA(81,'parallel','unit-variance','cube');selectFwe(0.0326841797004676);extraTreesClassifier(83,'gini','log2',10,15,True,'balanced_subsample')	0.38096985802868155	6.9914069175720215
maxAbsScaler();robustScaler(False,True);nystroem('cosine',3.4878415009605916,90,5,-0.5536084395066585);extraTreesClassifier(83,'gini','log2',10,16,False,'balanced_subsample')	0.4198514847534455	6.315096139907837
robustScaler(False,True);fastICA(81,'parallel','unit-variance','cube');selectFwe(0.0326841797004676);extraTreesClassifier(83,'gini','log2',10,16,False,'balanced_subsample')	0.4191435434572689	5.679250478744507
maxAbsScaler();selectFwe(0.03308930350282354);nystroem('cosine',7.556033650403374,90,5,-0.5536084395066585);extraTreesClassifier(83,'gini','log2',10,15,False,'balanced_subsample')	0.3946583191681231	7.044734001159668
robustScaler(True,True);fastICA(81,'parallel','unit-variance','cube');selectFwe(0.0326841797004676);extraTreesClassifier(65,'gini','log2',10,16,False,'balanced_subsample')	0.44964582984190826	cached
maxAbsScaler();robustScaler(False,True);nystroem('cosine',3.891610508815157,90,5,-0.5536084395066585);extraTreesClassifier(83,'gini','log2',10,16,False,'balanced_subsample')	0.4198514847534455	cached
maxAbsScaler();robustScaler(False,True);nystroem('cosine',7.556033650403374,90,5,-0.5536084395066585);extraTreesClassifier(83,'gini','log2',10,16,True,'balanced_subsample')	0.37553073651112867	8.090609550476074
robustScaler(True,True);fastICA(81,'parallel','unit-variance','cube');selectFwe(0.0326841797004676);extraTreesClassifier(83,'gini','log2',10,15,True,'balanced_subsample')	0.38096985802868155	7.349404335021973
maxAbsScaler();robustScaler(True,True);nystroem('cosine',3.891610508815157,90,5,-0.5536084395066585);extraTreesClassifier(83,'gini','log2',10,15,False,'balanced_subsample')	0.3872410958685469	7.459903717041016
robustScaler(True,True);fastICA(81,'parallel','unit-variance','cube');selectFwe(0.0326841797004676);extraTreesClassifier(83,'gini','log2',10,16,False,'balanced_subsample')	0.4191435434572689	4.846303701400757
robustScaler(False,True);fastICA(73,'parallel','unit-variance','cube');selectFwe(0.0326841797004676);extraTreesClassifier(83,'gini','log2',10,16,False,'balanced_subsample')	0.4191435434572689	4.719364166259766
robustScaler(True,True);fastICA(81,'parallel','unit-variance','cube');selectFwe(0.0326841797004676);extraTreesClassifier(83,'gini','log2',10,16,False,'balanced_subsample')	0.4191435434572689	4.665448427200317
maxAbsScaler();robustScaler(False,True);nystroem('cosine',3.891610508815157,90,5,-0.5536084395066585);extraTreesClassifier(83,'gini','log2',10,16,True,'balanced_subsample')	0.37553073651112867	5.067616701126099
maxAbsScaler();robustScaler(False,True);nystroem('cosine',3.4878415009605916,90,5,-0.5536084395066585);adaBoost(decisionTree('gini',9,8,0.6268204673771045,1,'balanced'),92,0.05078179619608689,'SAMME')	0.3656059118804217	37.72580075263977
robustScaler(True,True);fastICA(73,'parallel','unit-variance','cube');selectFwe(0.0326841797004676);extraTreesClassifier(83,'gini','log2',10,15,False,'balanced_subsample')	0.43003527336860675	cached
robustScaler(True,True);fastICA(73,'parallel','unit-variance','cube');selectFwe(0.0326841797004676);extraTreesClassifier(83,'gini','log2',10,15,False,'balanced_subsample')	0.43003527336860675	cached
robustScaler(True,True);fastICA(73,'parallel','unit-variance','cube');selectFwe(0.0326841797004676);extraTreesClassifier(83,'gini','log2',10,15,False,'balanced_subsample')	0.43003527336860675	cached
maxAbsScaler();robustScaler(False,True);nystroem('cosine',3.4878415009605916,90,5,-0.5536084395066585);extraTreesClassifier(83,'gini','log2',10,16,False,'balanced_subsample')	0.4198514847534455	cached
robustScaler(True,True);fastICA(73,'parallel','unit-variance','cube');selectFwe(0.0326841797004676);extraTreesClassifier(83,'gini','log2',10,16,False,'balanced_subsample')	0.4191435434572689	cached
robustScaler(True,True);fastICA(81,'parallel','unit-variance','cube');selectFwe(0.0326841797004676);extraTreesClassifier(65,'gini','log2',10,16,False,'balanced_subsample')	0.44964582984190826	cached
robustScaler(True,True);fastICA(81,'parallel','unit-variance','cube');selectFwe(0.0326841797004676);extraTreesClassifier(65,'gini','log2',10,16,False,'balanced_subsample')	0.44964582984190826	cached
robustScaler(True,True);fastICA(73,'parallel','arbitrary-variance','logcosh');selectFwe(0.0326841797004676);extraTreesClassifier(73,'gini','log2',10,15,True,'None')	0.22873015873015873	4.306920289993286
maxAbsScaler();robustScaler(False,True);nystroem('cosine',3.4878415009605916,90,5,-0.5536084395066585);extraTreesClassifier(83,'gini','log2',10,15,False,'balanced_subsample')	0.4197542036757723	cached
robustScaler(True,True);fastICA(73,'parallel','unit-variance','cube');selectFwe(0.0326841797004676);extraTreesClassifier(83,'gini','log2',10,15,False,'balanced_subsample')	0.43003527336860675	cached
maxAbsScaler();robustScaler(False,True);nystroem('cosine',3.4878415009605916,90,5,-0.5536084395066585);extraTreesClassifier(83,'gini','log2',10,16,False,'balanced_subsample')	0.4198514847534455	cached
robustScaler(True,True);fastICA(73,'parallel','unit-variance','cube');selectFwe(0.0326841797004676);extraTreesClassifier(83,'gini','log2',10,16,False,'balanced_subsample')	0.4191435434572689	4.711562156677246
maxAbsScaler();selectFwe(0.03308930350282354);nystroem('cosine',7.556033650403374,90,5,-0.5536084395066585);extraTreesClassifier(83,'gini','log2',10,16,False,'balanced_subsample')	0.39551820728291315	5.62507700920105
maxAbsScaler();robustScaler(False,True);nystroem('cosine',3.4878415009605916,90,5,-0.5536084395066585);extraTreesClassifier(83,'gini','log2',10,16,True,'balanced_subsample')	0.37553073651112867	6.190202951431274
robustScaler(True,True);fastICA(73,'parallel','unit-variance','cube');selectFwe(0.0326841797004676);extraTreesClassifier(83,'gini','log2',10,15,False,'balanced_subsample')	0.43003527336860675	4.851165533065796
maxAbsScaler();robustScaler(True,True);nystroem('cosine',3.4878415009605916,90,5,-0.5536084395066585);extraTreesClassifier(83,'gini','log2',10,16,False,'balanced_subsample')	0.372467380114439	6.823747396469116
varianceThreshold();selectPercentile(67.93184830779826);maxAbsScaler();minMaxScaler();minMaxScaler();robustScaler(False,True);nystroem('cosine',3.891610508815157,90,5,-0.5536084395066585);extraTreesClassifier(83,'gini','log2',10,15,False,'balanced_subsample')	invalid_ind (duplicated operator)	invalid_ind (duplicated operator)
maxAbsScaler();robustScaler(False,True);nystroem('cosine',3.891610508815157,90,5,-0.5536084395066585);extraTreesClassifier(83,'gini','log2',10,16,False,'balanced_subsample')	0.4198514847534455	cached
robustScaler(True,True);fastICA(81,'parallel','unit-variance','cube');selectFwe(0.0326841797004676);extraTreesClassifier(83,'gini','log2',10,16,False,'balanced_subsample')	0.4191435434572689	cached
robustScaler(True,True);fastICA(81,'parallel','unit-variance','cube');selectFwe(0.031040796875923975);extraTreesClassifier(83,'gini','sqrt',10,15,False,'balanced_subsample')	0.43003527336860675	6.327601194381714
selectPercentile(33.07110871068228);robustScaler(False,True);nystroem('cosine',3.4878415009605916,90,5,-0.5536084395066585);extraTreesClassifier(83,'gini','log2',10,15,False,'balanced_subsample')	0.43206867932358123	7.332871198654175
robustScaler(True,True);fastICA(81,'parallel','unit-variance','cube');selectFwe(0.0326841797004676);extraTreesClassifier(83,'gini','log2',10,15,False,'balanced_subsample')	0.43003527336860675	cached
robustScaler(True,True);fastICA(73,'parallel','unit-variance','cube');selectFwe(0.0326841797004676);extraTreesClassifier(83,'gini','log2',10,15,False,'balanced_subsample')	0.43003527336860675	cached
robustScaler(True,True);fastICA(81,'parallel','unit-variance','cube');selectFwe(0.0326841797004676);extraTreesClassifier(83,'gini','log2',10,16,False,'balanced_subsample')	0.4191435434572689	cached
robustScaler(False,True);fastICA(73,'parallel','unit-variance','cube');selectFwe(0.0326841797004676);extraTreesClassifier(83,'gini','log2',10,13,False,'balanced_subsample')	0.42737428874683775	cached
robustScaler(True,True);fastICA(81,'parallel','unit-variance','cube');selectFwe(0.0326841797004676);extraTreesClassifier(65,'gini','log2',10,16,False,'balanced_subsample')	0.44964582984190826	cached
robustScaler(True,True);fastICA(81,'parallel','unit-variance','cube');selectFwe(0.0326841797004676);extraTreesClassifier(65,'gini','log2',10,16,False,'balanced_subsample')	0.44964582984190826	cached
robustScaler(True,True);fastICA(81,'parallel','unit-variance','cube');selectFwe(0.0326841797004676);extraTreesClassifier(83,'gini','log2',10,15,False,'balanced_subsample')	0.43003527336860675	cached
robustScaler(True,True);fastICA(81,'parallel','unit-variance','cube');selectFwe(0.0326841797004676);extraTreesClassifier(83,'gini','log2',10,15,False,'balanced_subsample')	0.43003527336860675	cached
robustScaler(True,True);fastICA(73,'parallel','unit-variance','cube');selectFwe(0.0326841797004676);extraTreesClassifier(83,'gini','log2',10,15,False,'balanced_subsample')	0.43003527336860675	6.173071622848511
maxAbsScaler();robustScaler(False,True);nystroem('cosine',3.4878415009605916,90,5,-0.5536084395066585);extraTreesClassifier(83,'gini','log2',10,19,False,'balanced_subsample')	0.4231264813617755	7.721661806106567
robustScaler(True,True);fastICA(81,'parallel','unit-variance','cube');selectFwe(0.0326841797004676);extraTreesClassifier(83,'gini','log2',10,15,False,'balanced_subsample')	0.43003527336860675	cached
varianceThreshold();robustScaler(False,True);nystroem('cosine',3.4878415009605916,90,5,-0.5536084395066585);extraTreesClassifier(83,'gini','log2',10,16,False,'balanced_subsample')	0.42063579847893573	cached
robustScaler(True,True);fastICA(73,'parallel','unit-variance','cube');selectFwe(0.0326841797004676);extraTreesClassifier(83,'gini','log2',10,15,False,'balanced_subsample')	0.43003527336860675	cached
robustScaler(True,True);fastICA(73,'parallel','unit-variance','cube');selectFwe(0.0326841797004676);extraTreesClassifier(83,'gini','log2',10,13,False,'balanced_subsample')	0.42737428874683775	5.441138982772827
maxAbsScaler();robustScaler(False,True);nystroem('cosine',3.4878415009605916,90,5,-0.5536084395066585);extraTreesClassifier(83,'gini','sqrt',10,16,False,'balanced_subsample')	0.4088234496077633	6.597283363342285
robustScaler(True,True);fastICA(81,'parallel','unit-variance','cube');selectFwe(0.0326841797004676);extraTreesClassifier(65,'gini','log2',10,16,False,'balanced_subsample')	0.44964582984190826	4.442232608795166
robustScaler(False,True);fastICA(73,'parallel','unit-variance','cube');selectFwe(0.0326841797004676);extraTreesClassifier(83,'gini','log2',10,15,False,'balanced_subsample')	0.43003527336860675	4.142016649246216
robustScaler(True,True);fastICA(78,'parallel','unit-variance','cube');selectFwe(0.0326841797004676);extraTreesClassifier(83,'gini','log2',10,16,False,'balanced_subsample')	0.4191435434572689	3.8496618270874023
selectPercentile(33.07110871068228);robustScaler(False,True);nystroem('cosine',3.4878415009605916,90,5,-0.5536084395066585);adaBoost(decisionTree('entropy',27,2,0.6497143109340363,4,'None'),38,0.8723002147289658,'SAMME')	0.2938045759614387	34.29245734214783
robustScaler(True,False);fastICA(69,'parallel','unit-variance','cube');selectFwe(0.02491028390704005);extraTreesClassifier(65,'gini','log2',10,19,False,'balanced_subsample')	0.4303213707135276	2.145754814147949
robustScaler(False,True);fastICA(73,'parallel','unit-variance','cube');selectFwe(0.0326841797004676);extraTreesClassifier(83,'gini','log2',10,15,False,'balanced_subsample')	0.43003527336860675	cached
varianceThreshold();robustScaler(False,True);nystroem('cosine',3.4878415009605916,90,5,-0.5536084395066585);extraTreesClassifier(83,'gini','log2',10,16,False,'balanced_subsample')	0.42063579847893573	cached
robustScaler(True,True);fastICA(73,'parallel','unit-variance','cube');selectFwe(0.0326841797004676);extraTreesClassifier(83,'gini','log2',10,15,False,'balanced_subsample')	0.43003527336860675	cached
maxAbsScaler();robustScaler(False,True);nystroem('cosine',3.4878415009605916,90,5,-0.5536084395066585);extraTreesClassifier(83,'gini','log2',10,15,False,'balanced_subsample')	0.4197542036757723	cached
maxAbsScaler();robustScaler(False,True);nystroem('cosine',3.891610508815157,90,5,-0.5536084395066585);extraTreesClassifier(83,'gini','log2',10,16,False,'balanced_subsample')	0.4198514847534455	cached
robustScaler(True,True);fastICA(73,'parallel','unit-variance','cube');selectFwe(0.0326841797004676);extraTreesClassifier(83,'gini','log2',10,15,False,'balanced_subsample')	0.43003527336860675	cached
robustScaler(True,True);fastICA(81,'parallel','unit-variance','cube');selectFwe(0.0326841797004676);extraTreesClassifier(83,'gini','log2',10,15,False,'balanced_subsample')	0.43003527336860675	cached
robustScaler(False,True);fastICA(73,'parallel','unit-variance','cube');selectFwe(0.0326841797004676);extraTreesClassifier(83,'gini','log2',10,15,False,'balanced_subsample')	0.43003527336860675	3.3304824829101562
robustScaler(True,True);fastICA(81,'parallel','unit-variance','cube');selectFwe(0.0326841797004676);extraTreesClassifier(83,'gini','log2',10,15,False,'balanced_subsample')	0.43003527336860675	3.5434556007385254
robustScaler(False,True);fastICA(73,'parallel','unit-variance','cube');selectFwe(0.0326841797004676);extraTreesClassifier(83,'gini','log2',10,15,False,'balanced_subsample')	0.43003527336860675	3.781661033630371
robustScaler(True,True);fastICA(73,'parallel','unit-variance','cube');selectFwe(0.0326841797004676);extraTreesClassifier(83,'entropy','log2',2,15,False,'balanced_subsample')	0.4474254431117176	4.086529731750488
robustScaler(True,True);fastICA(63,'parallel','unit-variance','cube');selectFwe(0.0326841797004676);extraTreesClassifier(83,'gini','log2',10,15,False,'balanced_subsample')	0.43003527336860675	4.534355878829956
selectPercentile(33.07110871068228);robustScaler(False,True);nystroem('cosine',3.4878415009605916,90,5,-0.5536084395066585);extraTreesClassifier(83,'gini','log2',10,15,False,'balanced_subsample')	0.43206867932358123	cached
robustScaler(True,True);fastICA(81,'parallel','unit-variance','cube');selectFwe(0.0326841797004676);extraTreesClassifier(65,'gini','log2',10,16,False,'balanced_subsample')	0.44964582984190826	cached
robustScaler(False,True);fastICA(73,'parallel','unit-variance','cube');selectFwe(0.0326841797004676);extraTreesClassifier(83,'gini','log2',10,15,False,'balanced_subsample')	0.43003527336860675	cached
selectPercentile(33.07110871068228);robustScaler(False,True);nystroem('cosine',3.4878415009605916,90,5,-0.5536084395066585);extraTreesClassifier(83,'gini','log2',10,15,False,'balanced_subsample')	0.43206867932358123	cached
robustScaler(True,True);fastICA(81,'parallel','unit-variance','cube');selectFwe(0.0326841797004676);extraTreesClassifier(83,'gini','log2',10,15,False,'balanced_subsample')	0.43003527336860675	cached
robustScaler(True,True);fastICA(81,'parallel','unit-variance','cube');selectFwe(0.0326841797004676);extraTreesClassifier(83,'gini','log2',10,15,False,'balanced_subsample')	0.43003527336860675	cached
robustScaler(True,True);fastICA(78,'parallel','unit-variance','cube');selectFwe(0.0326841797004676);extraTreesClassifier(83,'gini','log2',10,16,False,'balanced_subsample')	0.4191435434572689	cached
varianceThreshold();robustScaler(False,True);nystroem('cosine',3.4878415009605916,90,5,-0.5536084395066585);extraTreesClassifier(83,'gini','log2',10,16,False,'balanced_subsample')	0.42063579847893573	cached
robustScaler(True,True);fastICA(73,'parallel','unit-variance','cube');selectFwe(0.0326841797004676);extraTreesClassifier(65,'gini','log2',10,16,False,'balanced_subsample')	0.44964582984190826	4.604115009307861
maxAbsScaler();robustScaler(False,True);nystroem('cosine',3.4878415009605916,90,5,-0.5536084395066585);extraTreesClassifier(83,'gini','log2',10,16,False,'balanced_subsample')	0.4198514847534455	cached
selectPercentile(33.07110871068228);robustScaler(False,True);nystroem('cosine',3.4878415009605916,90,5,-0.5536084395066585);extraTreesClassifier(83,'gini','log2',10,15,False,'balanced_subsample')	0.43206867932358123	cached
robustScaler(True,True);fastICA(73,'parallel','unit-variance','cube');selectFwe(0.0326841797004676);extraTreesClassifier(83,'gini','log2',10,15,False,'balanced_subsample')	0.43003527336860675	cached
minMaxScaler();selectFwe(0.0326841797004676);extraTreesClassifier(83,'gini','log2',10,15,False,'balanced_subsample')	0.413342670401494	4.713102102279663
selectPercentile(33.07110871068228);robustScaler(True,True);nystroem('cosine',3.4878415009605916,90,5,-0.5536084395066585);extraTreesClassifier(83,'gini','log2',10,15,False,'balanced_subsample')	0.4413130152345839	6.2013795375823975
maxAbsScaler();robustScaler(False,True);nystroem('cosine',3.891610508815157,90,5,-0.5536084395066585);extraTreesClassifier(83,'gini','log2',10,16,False,'balanced_subsample')	0.4198514847534455	cached
robustScaler(True,True);fastICA(81,'parallel','unit-variance','cube');selectFwe(0.0326841797004676);extraTreesClassifier(83,'gini','log2',10,15,False,'balanced_subsample')	0.43003527336860675	cached
robustScaler(True,True);fastICA(73,'parallel','unit-variance','cube');nystroem('rbf',0.5719993701649491,58,4,0.9410437100595339);extraTreesClassifier(83,'gini','log2',10,15,False,'balanced_subsample')	0.29465544622407364	5.681198835372925
robustScaler(False,True);fastICA(73,'parallel','unit-variance','cube');selectFwe(0.0326841797004676);extraTreesClassifier(83,'gini','log2',10,15,False,'balanced_subsample')	0.43003527336860675	cached
robustScaler(True,True);fastICA(81,'parallel','unit-variance','cube');selectFwe(0.0326841797004676);extraTreesClassifier(83,'gini','log2',10,15,False,'balanced_subsample')	0.43003527336860675	cached
maxAbsScaler();robustScaler(False,True);nystroem('cosine',3.4878415009605916,90,5,-0.5536084395066585);extraTreesClassifier(83,'gini','log2',10,16,False,'balanced_subsample')	0.4198514847534455	cached
robustScaler(True,True);fastICA(73,'parallel','unit-variance','cube');selectFwe(0.0326841797004676);extraTreesClassifier(83,'gini','log2',10,15,False,'balanced_subsample')	0.43003527336860675	cached
robustScaler(True,True);fastICA(81,'parallel','unit-variance','cube');pca(0.967378254140699,False);extraTreesClassifier(83,'gini','log2',10,16,False,'balanced_subsample')	0.33730070945757223	5.72883677482605
robustScaler(True,False);fastICA(73,'parallel','unit-variance','cube');selectFwe(0.0326841797004676);extraTreesClassifier(83,'gini','log2',10,15,False,'balanced_subsample')	0.47339845339845343	4.56472635269165
robustScaler(False,True);fastICA(73,'parallel','unit-variance','cube');selectFwe(0.0326841797004676);extraTreesClassifier(83,'gini','log2',10,16,False,'balanced_subsample')	0.4191435434572689	4.895292282104492
maxAbsScaler();robustScaler(True,True);nystroem('cosine',3.4878415009605916,90,5,-0.5536084395066585);extraTreesClassifier(51,'gini','log2',10,19,False,'balanced')	0.39978181586024725	4.97214412689209
robustScaler(True,True);fastICA(81,'parallel','unit-variance','cube');selectFwe(0.0326841797004676);extraTreesClassifier(65,'gini','log2',10,16,False,'balanced_subsample')	0.44964582984190826	cached
robustScaler(False,True);fastICA(73,'parallel','unit-variance','cube');selectFwe(0.0326841797004676);extraTreesClassifier(83,'gini','log2',10,13,False,'balanced_subsample')	0.42737428874683775	4.708908557891846
maxAbsScaler();robustScaler(True,True);nystroem('cosine',3.4878415009605916,90,5,-0.5536084395066585);extraTreesClassifier(83,'gini','log2',10,15,False,'balanced_subsample')	0.3872410958685469	4.039326906204224
robustScaler(True,False);fastICA(73,'parallel','unit-variance','cube');selectFwe(0.0326841797004676);extraTreesClassifier(83,'gini','log2',10,15,False,'balanced_subsample')	0.47339845339845343	cached
robustScaler(False,True);fastICA(73,'parallel','unit-variance','cube');selectFwe(0.0326841797004676);extraTreesClassifier(83,'gini','log2',10,15,False,'balanced_subsample')	0.43003527336860675	cached
robustScaler(True,True);fastICA(81,'parallel','unit-variance','cube');selectFwe(0.0326841797004676);extraTreesClassifier(83,'gini','log2',10,15,False,'balanced_subsample')	0.43003527336860675	cached
robustScaler(True,True);fastICA(81,'parallel','unit-variance','cube');selectFwe(0.0326841797004676);extraTreesClassifier(83,'gini','log2',10,15,False,'balanced_subsample')	0.43003527336860675	cached
robustScaler(True,True);fastICA(81,'parallel','unit-variance','cube');selectFwe(0.0326841797004676);extraTreesClassifier(83,'gini','log2',10,15,False,'balanced_subsample')	0.43003527336860675	cached
varianceThreshold();minMaxScaler();varianceThreshold();maxAbsScaler();maxAbsScaler();minMaxScaler();extraTreesClassifier(65,'gini','log2',10,16,False,'balanced_subsample')	invalid_ind (duplicated operator)	invalid_ind (duplicated operator)
robustScaler(True,True);fastICA(73,'parallel','unit-variance','cube');selectFwe(0.0326841797004676);extraTreesClassifier(65,'gini','log2',10,16,False,'balanced_subsample')	0.44964582984190826	cached
varianceThreshold();robustScaler(False,True);nystroem('cosine',3.4878415009605916,90,5,-0.5536084395066585);extraTreesClassifier(83,'gini','log2',10,16,False,'balanced_subsample')	0.42063579847893573	cached
robustScaler(False,True);fastICA(73,'parallel','unit-variance','cube');selectFwe(0.0326841797004676);extraTreesClassifier(83,'gini','log2',10,15,False,'balanced_subsample')	0.43003527336860675	cached
robustScaler(True,True);fastICA(81,'parallel','unit-variance','cube');selectFwe(0.0326841797004676);extraTreesClassifier(65,'gini','log2',10,16,False,'balanced_subsample')	0.44964582984190826	cached
robustScaler(False,True);fastICA(73,'parallel','unit-variance','cube');selectFwe(0.0326841797004676);extraTreesClassifier(83,'gini','log2',10,13,False,'balanced_subsample')	0.42737428874683775	cached
robustScaler(True,True);fastICA(81,'parallel','unit-variance','cube');selectFwe(0.0326841797004676);extraTreesClassifier(65,'gini','log2',10,16,False,'balanced_subsample')	0.44964582984190826	cached
varianceThreshold();maxAbsScaler();selectPercentile(93.46828727500011);fastICA(17,'deflation','arbitrary-variance','logcosh');varianceThreshold();extraTreesClassifier(83,'gini','log2',10,16,False,'balanced_subsample')	invalid_ind (duplicated operator)	invalid_ind (duplicated operator)
selectPercentile(33.07110871068228);robustScaler(True,True);nystroem('cosine',3.4878415009605916,90,5,-0.5536084395066585);extraTreesClassifier(83,'gini','log2',10,15,False,'balanced_subsample')	0.4413130152345839	cached
selectPercentile(33.07110871068228);robustScaler(False,True);nystroem('cosine',3.4878415009605916,90,5,-0.5536084395066585);extraTreesClassifier(83,'gini','log2',10,15,False,'balanced_subsample')	0.43206867932358123	cached
robustScaler(True,True);fastICA(73,'parallel','unit-variance','cube');selectFwe(0.0326841797004676);extraTreesClassifier(83,'gini','log2',10,15,False,'balanced_subsample')	0.43003527336860675	cached
robustScaler(False,True);fastICA(73,'parallel','unit-variance','cube');selectFwe(0.0326841797004676);extraTreesClassifier(83,'gini','log2',10,15,False,'balanced_subsample')	0.43003527336860675	cached
robustScaler(True,True);fastICA(73,'parallel','unit-variance','cube');selectFwe(0.0326841797004676);extraTreesClassifier(83,'gini','log2',10,15,False,'balanced_subsample')	0.43003527336860675	cached
robustScaler(False,True);fastICA(73,'parallel','unit-variance','cube');selectFwe(0.0326841797004676);extraTreesClassifier(83,'gini','log2',10,15,False,'balanced_subsample')	0.43003527336860675	cached
robustScaler(True,True);fastICA(78,'parallel','unit-variance','cube');selectFwe(0.0326841797004676);lda(0.4879543913231428,16,0.02404661650597743)	eval_error (n_components cannot be larger than min(n_features, n_classes - 1).)	eval_error (n_components cannot be larger than min(n_features, n_classes - 1).)
maxAbsScaler();fastICA(73,'parallel','unit-variance','cube');selectFwe(0.0326841797004676);extraTreesClassifier(65,'gini','log2',10,16,False,'balanced_subsample')	0.4490911122283672	3.915112018585205
robustScaler(True,False);fastICA(73,'parallel','unit-variance','cube');selectFwe(0.0326841797004676);extraTreesClassifier(65,'gini','log2',10,15,False,'balanced_subsample')	0.4185637673872968	4.269602060317993
robustScaler(False,True);fastICA(73,'parallel','unit-variance','cube');selectFwe(0.0326841797004676);extraTreesClassifier(83,'gini','log2',10,15,False,'balanced_subsample')	0.43003527336860675	4.294225454330444
robustScaler(False,True);fastICA(73,'deflation','unit-variance','cube');selectFwe(0.0326841797004676);extraTreesClassifier(83,'gini','log2',10,15,True,'balanced_subsample')	0.36765049039558845	6.160422086715698
selectPercentile(33.07110871068228);robustScaler(False,True);pca(0.5477931689849195,False);extraTreesClassifier(83,'gini','log2',10,16,False,'balanced_subsample')	0.34187539403225675	4.480704069137573
robustScaler(True,True);fastICA(73,'parallel','unit-variance','cube');selectFwe(0.0326841797004676);extraTreesClassifier(83,'gini','log2',10,15,False,'balanced_subsample')	0.43003527336860675	7.17257285118103
robustScaler(True,True);fastICA(73,'parallel','unit-variance','cube');selectFwe(0.0326841797004676);extraTreesClassifier(83,'gini','log2',10,15,False,'balanced_subsample')	0.43003527336860675	cached
robustScaler(True,True);fastICA(81,'parallel','unit-variance','cube');selectFwe(0.0326841797004676);extraTreesClassifier(65,'gini','log2',10,16,False,'balanced_subsample')	0.44964582984190826	7.788837909698486
robustScaler(True,True);fastICA(81,'parallel','unit-variance','cube');selectFwe(0.0326841797004676);extraTreesClassifier(83,'gini','log2',10,13,False,'balanced_subsample')	0.42737428874683775	10.413798809051514
robustScaler(True,True);fastICA(81,'parallel','unit-variance','cube');selectFwe(0.0326841797004676);extraTreesClassifier(65,'gini','log2',10,15,False,'balanced_subsample')	0.44247192894251713	11.895260095596313
selectPercentile(33.07110871068228);robustScaler(False,True);nystroem('cosine',3.4878415009605916,90,5,-0.5536084395066585);extraTreesClassifier(83,'gini','log2',10,15,False,'balanced_subsample')	0.43206867932358123	cached
selectPercentile(33.07110871068228);robustScaler(True,True);nystroem('cosine',3.4878415009605916,90,5,-0.5536084395066585);extraTreesClassifier(83,'gini','log2',10,15,False,'balanced_subsample')	0.4413130152345839	cached
robustScaler(True,True);fastICA(73,'parallel','unit-variance','cube');selectFwe(0.0326841797004676);extraTreesClassifier(83,'gini','log2',10,15,False,'balanced_subsample')	0.43003527336860675	cached
robustScaler(True,True);fastICA(81,'parallel','unit-variance','cube');selectFwe(0.0326841797004676);extraTreesClassifier(83,'gini','log2',10,15,False,'balanced_subsample')	0.43003527336860675	cached
selectPercentile(30.636619332499453);robustScaler(False,True);nystroem('cosine',3.4878415009605916,90,5,-0.5536084395066585);extraTreesClassifier(83,'gini','log2',10,15,False,'balanced_subsample')	0.43206867932358123	12.462170124053955
robustScaler(True,True);fastICA(73,'parallel','unit-variance','cube');selectFwe(0.0326841797004676);adaBoost(decisionTree('entropy',13,3,0.09203559565754527,12,'balanced'),60,1.9236386838103425,'SAMME')	0.2799982443119698	13.116382837295532
robustScaler(True,True);fastICA(73,'parallel','unit-variance','cube');selectFwe(0.0326841797004676);extraTreesClassifier(65,'gini','log2',10,16,False,'balanced_subsample')	0.44964582984190826	9.625568866729736
selectPercentile(33.07110871068228);robustScaler(False,True);nystroem('cosine',3.4878415009605916,90,5,-0.5536084395066585);extraTreesClassifier(65,'gini','log2',10,16,False,'balanced_subsample')	0.4249726671295299	9.312631607055664
robustScaler(True,True);fastICA(81,'parallel','unit-variance','cube');selectFwe(0.0326841797004676);extraTreesClassifier(83,'gini','log2',10,15,False,'balanced_subsample')	0.43003527336860675	11.138183355331421
mlpClassifier((33, 7),0.0716500000088899,0.5401820604023048,'lbfgs','logistic')	0.26129402188225714	48.969236850738525
robustScaler(True,True);fastICA(73,'parallel','unit-variance','cube');selectFwe(0.0326841797004676);extraTreesClassifier(83,'entropy','log2',2,15,False,'balanced_subsample')	0.4474254431117176	cached
selectPercentile(33.07110871068228);robustScaler(True,True);nystroem('cosine',3.4878415009605916,90,5,-0.5536084395066585);extraTreesClassifier(83,'gini','log2',10,15,False,'balanced_subsample')	0.4413130152345839	cached
robustScaler(False,True);fastICA(73,'parallel','unit-variance','cube');selectFwe(0.0326841797004676);extraTreesClassifier(83,'gini','log2',10,15,False,'balanced_subsample')	0.43003527336860675	cached
robustScaler(True,True);fastICA(81,'parallel','unit-variance','cube');selectFwe(0.0326841797004676);extraTreesClassifier(65,'gini','log2',10,15,False,'balanced_subsample')	0.44247192894251713	4.236831188201904
robustScaler(False,True);fastICA(81,'parallel','unit-variance','cube');selectFwe(0.0326841797004676);extraTreesClassifier(83,'gini','log2',10,15,False,'balanced_subsample')	0.43003527336860675	4.739501237869263
varianceThreshold();varianceThreshold();nystroem('cosine',3.4878415009605916,90,5,-0.5536084395066585);extraTreesClassifier(83,'gini','log2',10,15,False,'balanced_subsample')	invalid_ind (duplicated operator)	invalid_ind (duplicated operator)
robustScaler(False,True);fastICA(80,'parallel','arbitrary-variance','logcosh');selectFwe(0.0326841797004676);extraTreesClassifier(83,'gini','log2',10,15,False,'balanced_subsample')	0.4136754530872178	4.691336154937744
selectPercentile(33.07110871068228);robustScaler(True,True);nystroem('cosine',3.4878415009605916,90,5,-0.5536084395066585);extraTreesClassifier(83,'gini','log2',10,15,False,'balanced_subsample')	0.4413130152345839	cached
robustScaler(True,True);fastICA(73,'parallel','unit-variance','cube');selectFwe(0.0326841797004676);extraTreesClassifier(65,'gini','log2',10,16,False,'balanced_subsample')	0.44964582984190826	cached
robustScaler(True,True);fastICA(81,'parallel','unit-variance','cube');selectFwe(0.0326841797004676);extraTreesClassifier(83,'gini','log2',10,15,False,'balanced_subsample')	0.43003527336860675	cached
robustScaler(True,True);fastICA(73,'parallel','unit-variance','cube');selectFwe(0.0326841797004676);extraTreesClassifier(83,'gini','log2',10,15,False,'balanced_subsample')	0.43003527336860675	cached
robustScaler(False,True);fastICA(73,'parallel','unit-variance','cube');selectFwe(0.0326841797004676);extraTreesClassifier(83,'gini','log2',10,15,False,'balanced_subsample')	0.43003527336860675	cached
robustScaler(True,True);fastICA(33,'parallel','arbitrary-variance','cube');selectFwe(0.0326841797004676);extraTreesClassifier(65,'gini','log2',10,16,False,'balanced_subsample')	0.44964582984190826	4.873749494552612
selectPercentile(30.636619332499453);robustScaler(False,True);nystroem('cosine',3.4878415009605916,90,5,-0.5536084395066585);extraTreesClassifier(83,'gini','log2',10,15,False,'balanced_subsample')	0.43206867932358123	cached
robustScaler(True,True);fastICA(81,'parallel','unit-variance','cube');selectFwe(0.0326841797004676);extraTreesClassifier(65,'gini','log2',10,15,False,'balanced_subsample')	0.44247192894251713	cached
selectPercentile(33.07110871068228);robustScaler(False,True);nystroem('cosine',3.4878415009605916,90,5,-0.5536084395066585);extraTreesClassifier(83,'gini','log2',10,15,False,'balanced_subsample')	0.43206867932358123	6.113322734832764
robustScaler(True,True);fastICA(73,'parallel','unit-variance','cube');selectFwe(0.0326841797004676);extraTreesClassifier(83,'gini','log2',10,16,False,'balanced_subsample')	0.4191435434572689	5.40622615814209
robustScaler(False,True);fastICA(81,'parallel','unit-variance','logcosh');selectFwe(0.0326841797004676);extraTreesClassifier(83,'gini','log2',10,15,False,'balanced_subsample')	0.4136754530872178	5.425018310546875
robustScaler(True,True);fastICA(42,'parallel','unit-variance','cube');selectFwe(0.0326841797004676);extraTreesClassifier(65,'entropy','log2',16,16,False,'balanced_subsample')	0.394534942182001	6.02473521232605
selectPercentile(33.07110871068228);robustScaler(True,True);nystroem('cosine',3.4878415009605916,90,5,-0.5536084395066585);extraTreesClassifier(83,'gini','log2',10,15,False,'balanced_subsample')	0.4413130152345839	cached
selectPercentile(33.07110871068228);robustScaler(False,True);nystroem('rbf',1.237521678618473,96,4,-0.9140375867531823);extraTreesClassifier(83,'gini','log2',10,16,False,'balanced_subsample')	0.37371431763588625	6.251215934753418
robustScaler(True,False);fastICA(73,'parallel','unit-variance','cube');selectFwe(0.0326841797004676);extraTreesClassifier(83,'gini','log2',10,15,False,'balanced_subsample')	0.47339845339845343	cached
robustScaler(True,True);fastICA(73,'parallel','unit-variance','cube');selectFwe(0.0326841797004676);extraTreesClassifier(83,'gini','log2',10,15,False,'balanced_subsample')	0.43003527336860675	cached
robustScaler(False,True);fastICA(73,'parallel','unit-variance','cube');selectFwe(0.0326841797004676);extraTreesClassifier(83,'gini','log2',10,15,False,'balanced_subsample')	0.43003527336860675	cached
robustScaler(True,True);fastICA(81,'parallel','unit-variance','cube');selectFwe(0.0326841797004676);extraTreesClassifier(83,'gini','log2',10,16,False,'balanced_subsample')	0.4191435434572689	5.714269399642944
robustScaler(True,True);fastICA(73,'parallel','unit-variance','cube');selectFwe(0.0326841797004676);extraTreesClassifier(83,'gini','log2',10,15,False,'balanced_subsample')	0.43003527336860675	5.6804914474487305
maxAbsScaler();fastICA(73,'parallel','unit-variance','cube');selectFwe(0.0326841797004676);extraTreesClassifier(83,'gini','log2',10,15,False,'balanced_subsample')	0.4268486995937977	5.580632925033569
robustScaler(False,True);fastICA(73,'parallel','unit-variance','cube');selectFwe(0.02149062457994944);extraTreesClassifier(83,'gini','log2',10,15,False,'balanced_subsample')	0.4064886239396044	4.979667901992798
robustScaler(True,True);fastICA(81,'parallel','unit-variance','cube');selectFwe(0.0326841797004676);extraTreesClassifier(65,'gini','log2',10,15,False,'balanced_subsample')	0.44247192894251713	5.206377744674683
robustScaler(True,True);fastICA(73,'parallel','unit-variance','cube');selectFwe(0.0326841797004676);extraTreesClassifier(65,'gini','log2',10,16,False,'balanced_subsample')	0.44964582984190826	5.339080095291138
robustScaler(False,True);fastICA(17,'deflation','arbitrary-variance','exp');selectFwe(0.0326841797004676);extraTreesClassifier(65,'gini','log2',10,16,False,'balanced_subsample')	0.3813320085869106	5.495325803756714
robustScaler(True,True);fastICA(73,'parallel','unit-variance','cube');selectFwe(0.0326841797004676);extraTreesClassifier(83,'gini','log2',10,15,False,'balanced_subsample')	0.43003527336860675	cached
robustScaler(True,True);fastICA(73,'parallel','unit-variance','cube');selectFwe(0.0326841797004676);extraTreesClassifier(83,'gini','log2',10,15,False,'balanced_subsample')	0.43003527336860675	cached
robustScaler(True,True);fastICA(73,'parallel','unit-variance','cube');selectFwe(0.04856072460340389);extraTreesClassifier(83,'gini','log2',10,15,False,'balanced_subsample')	0.4382143854692875	5.449681282043457
selectPercentile(33.07110871068228);robustScaler(True,True);nystroem('cosine',3.4878415009605916,90,5,-0.5536084395066585);extraTreesClassifier(65,'gini','log2',10,16,False,'balanced_subsample')	0.4234633340515693	5.417386531829834
robustScaler(True,True);fastICA(81,'parallel','unit-variance','cube');selectFwe(0.0326841797004676);extraTreesClassifier(65,'gini','log2',10,16,False,'balanced_subsample')	0.44964582984190826	4.728678464889526
selectPercentile(33.07110871068228);robustScaler(True,True);nystroem('cosine',3.4878415009605916,90,5,-0.5536084395066585);adaBoost(decisionTree('entropy',9,20,0.2050918919432867,16,'balanced'),67,0.056676202026970796,'SAMME')	0.37379204673322325	22.245909214019775
robustScaler(True,True);fastICA(81,'parallel','unit-variance','cube');selectFwe(0.0326841797004676);extraTreesClassifier(65,'gini','log2',10,16,False,'balanced_subsample')	0.44964582984190826	cached
robustScaler(False,True);fastICA(73,'parallel','unit-variance','cube');selectFwe(0.0326841797004676);extraTreesClassifier(65,'gini','log2',10,16,False,'balanced_subsample')	0.44964582984190826	4.708797216415405
robustScaler(True,True);fastICA(81,'deflation','unit-variance','cube');selectFwe(0.0326841797004676);extraTreesClassifier(83,'gini','log2',10,1,False,'balanced_subsample')	0.3675824973864189	3.595372200012207
robustScaler(True,True);fastICA(81,'parallel','unit-variance','cube');selectFwe(0.0326841797004676);extraTreesClassifier(65,'gini','log2',10,15,False,'balanced_subsample')	0.44247192894251713	cached
robustScaler(True,True);fastICA(73,'parallel','unit-variance','cube');selectFwe(0.0326841797004676);extraTreesClassifier(83,'gini','log2',10,15,False,'balanced_subsample')	0.43003527336860675	cached
robustScaler(True,True);fastICA(73,'parallel','unit-variance','cube');selectFwe(0.0326841797004676);extraTreesClassifier(83,'gini','log2',10,15,False,'balanced_subsample')	0.43003527336860675	cached
robustScaler(True,True);fastICA(81,'parallel','unit-variance','cube');selectFwe(0.0326841797004676);extraTreesClassifier(65,'gini','log2',10,15,False,'balanced_subsample')	0.44247192894251713	cached
robustScaler(True,True);fastICA(81,'parallel','unit-variance','cube');selectFwe(0.0326841797004676);extraTreesClassifier(83,'gini','log2',10,15,False,'balanced_subsample')	0.43003527336860675	3.8318328857421875
selectPercentile(33.07110871068228);robustScaler(True,True);nystroem('cosine',3.4878415009605916,46,5,0.18696879032717773);extraTreesClassifier(65,'entropy','log2',10,16,False,'balanced_subsample')	0.42655182870869146	4.215433835983276
robustScaler(True,True);fastICA(73,'parallel','unit-variance','cube');selectFwe(0.0326841797004676);extraTreesClassifier(83,'gini','log2',10,15,False,'balanced_subsample')	0.43003527336860675	4.573589324951172
maxAbsScaler();fastICA(73,'parallel','unit-variance','cube');selectFwe(0.0326841797004676);extraTreesClassifier(83,'gini','log2',10,16,False,'balanced_subsample')	0.4416367002641513	5.118818759918213
selectPercentile(33.07110871068228);robustScaler(True,True);nystroem('cosine',3.4878415009605916,90,5,-0.5536084395066585);extraTreesClassifier(65,'gini','log2',10,15,False,'balanced_subsample')	0.4002767602767602	5.290375471115112
robustScaler(True,True);fastICA(33,'parallel','arbitrary-variance','cube');selectFwe(0.0326841797004676);extraTreesClassifier(65,'gini','log2',10,16,False,'balanced_subsample')	0.44964582984190826	4.3601438999176025
robustScaler(False,True);fastICA(81,'parallel','unit-variance','cube');selectFwe(0.0326841797004676);extraTreesClassifier(65,'gini','log2',10,16,False,'balanced')	0.44964582984190826	4.356307506561279
robustScaler(True,True);fastICA(81,'parallel','unit-variance','cube');selectFwe(0.0326841797004676);extraTreesClassifier(65,'gini','log2',10,15,False,'balanced_subsample')	0.44247192894251713	cached
robustScaler(True,True);fastICA(81,'parallel','unit-variance','cube');selectFwe(0.0326841797004676);extraTreesClassifier(65,'gini','log2',10,15,False,'balanced_subsample')	0.44247192894251713	cached
robustScaler(True,True);fastICA(73,'parallel','unit-variance','cube');selectFwe(0.0326841797004676);extraTreesClassifier(65,'gini','log2',10,16,False,'balanced_subsample')	0.44964582984190826	cached
robustScaler(True,True);fastICA(81,'parallel','unit-variance','cube');selectFwe(0.0326841797004676);extraTreesClassifier(65,'gini','log2',10,16,False,'balanced_subsample')	0.44964582984190826	cached
maxAbsScaler();fastICA(73,'parallel','unit-variance','cube');selectFwe(0.0326841797004676);extraTreesClassifier(65,'gini','log2',10,16,False,'balanced_subsample')	0.4490911122283672	cached
robustScaler(True,True);fastICA(81,'parallel','unit-variance','cube');selectFwe(0.0326841797004676);extraTreesClassifier(65,'gini','log2',10,15,False,'balanced_subsample')	0.44247192894251713	cached
robustScaler(True,True);fastICA(73,'parallel','unit-variance','cube');selectFwe(0.0326841797004676);extraTreesClassifier(83,'gini','log2',10,15,False,'balanced_subsample')	0.43003527336860675	cached
robustScaler(True,False);fastICA(73,'parallel','unit-variance','cube');selectFwe(0.0326841797004676);extraTreesClassifier(83,'gini','log2',10,15,False,'balanced_subsample')	0.47339845339845343	cached
robustScaler(False,True);fastICA(73,'parallel','unit-variance','cube');selectFwe(0.0326841797004676);extraTreesClassifier(65,'gini','log2',10,16,False,'balanced_subsample')	0.44964582984190826	cached
robustScaler(True,True);fastICA(73,'parallel','unit-variance','cube');selectFwe(0.0326841797004676);extraTreesClassifier(83,'gini','log2',10,15,False,'balanced_subsample')	0.43003527336860675	4.818812370300293
robustScaler(True,True);fastICA(81,'parallel','unit-variance','cube');selectFwe(0.0326841797004676);extraTreesClassifier(65,'gini','log2',10,16,False,'balanced_subsample')	0.44964582984190826	4.672879695892334
robustScaler(True,True);fastICA(81,'parallel','unit-variance','cube');selectFwe(0.0326841797004676);extraTreesClassifier(83,'gini','log2',10,15,False,'balanced_subsample')	0.43003527336860675	4.938997983932495
robustScaler(True,True);fastICA(73,'parallel','unit-variance','cube');selectFwe(0.0326841797004676);extraTreesClassifier(65,'gini','log2',10,16,False,'balanced_subsample')	0.44964582984190826	cached
selectPercentile(33.07110871068228);robustScaler(True,True);nystroem('cosine',3.4878415009605916,90,5,-0.5536084395066585);extraTreesClassifier(83,'gini','log2',10,15,False,'balanced_subsample')	0.4413130152345839	cached
selectPercentile(33.07110871068228);robustScaler(False,True);nystroem('cosine',3.4878415009605916,90,5,-0.5536084395066585);extraTreesClassifier(83,'gini','log2',10,16,False,'balanced_subsample')	0.4365993120895082	cached
maxAbsScaler();fastICA(73,'parallel','unit-variance','cube');selectFwe(0.0326841797004676);extraTreesClassifier(65,'gini','log2',10,16,False,'balanced_subsample')	0.4490911122283672	cached
selectPercentile(33.07110871068228);robustScaler(True,True);nystroem('cosine',3.4878415009605916,90,5,-0.5536084395066585);extraTreesClassifier(65,'gini','log2',10,16,False,'balanced_subsample')	0.4234633340515693	6.7790000438690186
robustScaler(True,True);fastICA(81,'parallel','unit-variance','cube');selectFwe(0.0326841797004676);extraTreesClassifier(85,'gini','sqrt',7,20,False,'None')	0.22839378486437312	5.82565450668335
robustScaler(True,True);fastICA(81,'parallel','unit-variance','cube');selectFwe(0.0326841797004676);extraTreesClassifier(65,'gini','log2',10,16,False,'balanced_subsample')	0.44964582984190826	cached
robustScaler(True,True);fastICA(73,'parallel','unit-variance','cube');selectFwe(0.0326841797004676);extraTreesClassifier(83,'entropy','log2',2,15,False,'balanced_subsample')	0.4474254431117176	cached
robustScaler(True,True);fastICA(73,'parallel','unit-variance','cube');selectFwe(0.0326841797004676);extraTreesClassifier(65,'gini','log2',10,16,False,'balanced_subsample')	0.44964582984190826	cached
robustScaler(True,True);fastICA(73,'parallel','unit-variance','cube');pca(0.7108280986446609,False);extraTreesClassifier(83,'gini','log2',10,15,False,'balanced_subsample')	0.338344944815533	6.9736008644104
robustScaler(True,True);fastICA(73,'parallel','unit-variance','cube');selectFwe(0.0326841797004676);extraTreesClassifier(83,'entropy','log2',2,15,False,'balanced_subsample')	0.4474254431117176	6.597771883010864
selectPercentile(30.636619332499453);robustScaler(False,True);nystroem('cosine',3.4878415009605916,90,5,-0.5536084395066585);extraTreesClassifier(95,'gini','sqrt',11,18,False,'balanced')	0.4433869616222557	8.076000928878784
robustScaler(False,True);fastICA(73,'parallel','unit-variance','cube');selectFwe(0.0326841797004676);extraTreesClassifier(83,'gini','log2',10,15,False,'balanced_subsample')	0.43003527336860675	5.412161111831665
robustScaler(True,True);fastICA(73,'parallel','unit-variance','cube');selectFwe(0.0326841797004676);extraTreesClassifier(65,'gini','log2',10,16,False,'balanced_subsample')	0.44964582984190826	4.910823822021484
selectPercentile(33.07110871068228);robustScaler(True,True);nystroem('cosine',3.4878415009605916,90,5,-0.5536084395066585);extraTreesClassifier(65,'gini','log2',10,16,False,'balanced_subsample')	0.4234633340515693	5.493770599365234
selectPercentile(30.636619332499453);robustScaler(False,True);nystroem('cosine',3.4878415009605916,90,5,-0.5536084395066585);extraTreesClassifier(83,'gini','log2',3,12,True,'balanced_subsample')	0.3677962923060962	6.211253643035889
robustScaler(False,True);fastICA(73,'parallel','unit-variance','cube');selectFwe(0.0326841797004676);extraTreesClassifier(83,'gini','log2',10,15,False,'balanced_subsample')	0.43003527336860675	cached
robustScaler(True,True);fastICA(73,'parallel','unit-variance','cube');selectFwe(0.0326841797004676);extraTreesClassifier(83,'gini','log2',10,15,False,'balanced_subsample')	0.43003527336860675	cached
robustScaler(False,True);fastICA(81,'parallel','unit-variance','cube');selectFwe(0.0326841797004676);extraTreesClassifier(65,'gini','log2',10,16,False,'balanced')	0.44964582984190826	cached
robustScaler(True,True);fastICA(81,'parallel','unit-variance','cube');selectFwe(0.0326841797004676);extraTreesClassifier(65,'gini','log2',10,16,False,'balanced_subsample')	0.44964582984190826	cached
robustScaler(False,True);fastICA(73,'parallel','unit-variance','cube');selectFwe(0.0326841797004676);extraTreesClassifier(83,'gini','log2',10,15,False,'balanced_subsample')	0.43003527336860675	cached
maxAbsScaler();varianceThreshold();nystroem('poly',0.14379052731534117,29,2,-0.3921934960605675);minMaxScaler();selectFwe(0.007262191493001783);selectFwe(0.0326841797004676);extraTreesClassifier(65,'gini','log2',10,16,False,'balanced_subsample')	invalid_ind (duplicated operator)	invalid_ind (duplicated operator)
robustScaler(True,True);fastICA(73,'parallel','unit-variance','cube');selectFwe(0.0326841797004676);extraTreesClassifier(65,'gini','log2',10,16,False,'balanced_subsample')	0.44964582984190826	cached
maxAbsScaler();minMaxScaler();selectFwe(0.0326841797004676);extraTreesClassifier(65,'gini','log2',10,16,False,'balanced_subsample')	0.4374667815844287	3.8852169513702393
robustScaler(True,True);fastICA(73,'parallel','unit-variance','cube');selectFwe(0.0326841797004676);extraTreesClassifier(65,'gini','log2',10,16,False,'balanced_subsample')	0.44964582984190826	cached
robustScaler(True,True);fastICA(73,'parallel','unit-variance','cube');selectFwe(0.0326841797004676);extraTreesClassifier(83,'gini','log2',10,15,False,'balanced_subsample')	0.43003527336860675	cached
robustScaler(True,True);fastICA(33,'parallel','arbitrary-variance','cube');selectFwe(0.0326841797004676);extraTreesClassifier(65,'gini','log2',10,15,False,'balanced_subsample')	0.44247192894251713	4.346967458724976
selectPercentile(30.636619332499453);robustScaler(False,True);nystroem('cosine',3.4878415009605916,90,5,-0.5536084395066585);extraTreesClassifier(65,'gini','log2',10,16,False,'balanced')	0.4249726671295299	5.181801795959473
robustScaler(True,True);fastICA(81,'parallel','unit-variance','cube');selectFwe(0.0326841797004676);extraTreesClassifier(65,'gini','log2',10,16,False,'balanced_subsample')	0.44964582984190826	5.588754415512085
robustScaler(True,True);fastICA(73,'parallel','unit-variance','cube');selectFwe(0.0326841797004676);extraTreesClassifier(83,'entropy','log2',2,15,False,'balanced_subsample')	0.4474254431117176	6.234699010848999
varianceThreshold();fastICA(73,'parallel','unit-variance','cube');selectFwe(0.0326841797004676);extraTreesClassifier(65,'gini','log2',10,16,False,'balanced_subsample')	0.45123233338919616	4.929927349090576
robustScaler(False,True);fastICA(73,'parallel','unit-variance','cube');selectFwe(0.0326841797004676);extraTreesClassifier(83,'gini','log2',10,16,False,'balanced_subsample')	0.4191435434572689	5.417320013046265
maxAbsScaler();fastICA(73,'parallel','unit-variance','cube');selectFwe(0.0326841797004676);extraTreesClassifier(65,'gini','log2',10,16,False,'balanced_subsample')	0.4490911122283672	cached
robustScaler(True,True);fastICA(81,'parallel','unit-variance','cube');selectFwe(0.0326841797004676);extraTreesClassifier(65,'gini','log2',10,16,False,'balanced_subsample')	0.44964582984190826	cached
robustScaler(True,True);fastICA(73,'parallel','unit-variance','cube');selectFwe(0.0326841797004676);extraTreesClassifier(83,'gini','log2',10,15,False,'balanced_subsample')	0.43003527336860675	cached
robustScaler(True,True);fastICA(73,'parallel','unit-variance','cube');selectFwe(0.0326841797004676);extraTreesClassifier(65,'gini','log2',10,16,False,'balanced_subsample')	0.44964582984190826	cached
robustScaler(True,True);fastICA(73,'parallel','unit-variance','cube');selectFwe(0.0326841797004676);extraTreesClassifier(65,'gini','log2',10,15,False,'balanced_subsample')	0.44247192894251713	4.834120988845825
maxAbsScaler();fastICA(73,'parallel','unit-variance','cube');selectFwe(0.0326841797004676);extraTreesClassifier(65,'gini','log2',10,16,False,'balanced_subsample')	0.4490911122283672	cached
robustScaler(True,True);fastICA(73,'parallel','unit-variance','cube');selectFwe(0.0326841797004676);extraTreesClassifier(65,'gini','log2',10,16,False,'balanced_subsample')	0.44964582984190826	cached
robustScaler(False,True);fastICA(81,'parallel','unit-variance','cube');selectFwe(0.0326841797004676);extraTreesClassifier(95,'gini','sqrt',11,18,False,'balanced')	0.46471609726511687	5.935534954071045
robustScaler(True,True);fastICA(73,'parallel','unit-variance','cube');selectFwe(0.0326841797004676);extraTreesClassifier(65,'gini','log2',10,16,False,'balanced_subsample')	0.44964582984190826	cached
maxAbsScaler();fastICA(73,'parallel','unit-variance','cube');selectFwe(0.0326841797004676);extraTreesClassifier(65,'gini','log2',10,16,False,'balanced_subsample')	0.4490911122283672	cached
robustScaler(True,True);fastICA(73,'parallel','unit-variance','cube');selectFwe(0.0326841797004676);extraTreesClassifier(65,'gini','log2',10,16,False,'balanced_subsample')	0.44964582984190826	5.071607828140259
robustScaler(True,True);fastICA(73,'parallel','unit-variance','cube');selectFwe(0.0326841797004676);extraTreesClassifier(65,'entropy','log2',10,16,False,'balanced_subsample')	0.394534942182001	4.790523290634155
robustScaler(True,True);fastICA(81,'parallel','unit-variance','cube');selectFwe(0.0326841797004676);extraTreesClassifier(65,'gini','log2',10,15,False,'balanced_subsample')	0.44247192894251713	cached
robustScaler(True,True);fastICA(81,'parallel','unit-variance','cube');selectFwe(0.0326841797004676);extraTreesClassifier(83,'gini','log2',10,16,False,'balanced_subsample')	0.4191435434572689	6.57722020149231
robustScaler(False,False);fastICA(73,'parallel','unit-variance','cube');selectFwe(0.0326841797004676);extraTreesClassifier(83,'gini','log2',2,15,False,'balanced_subsample')	0.47339845339845343	8.095505475997925
selectPercentile(30.636619332499453);robustScaler(False,True);nystroem('cosine',3.4878415009605916,90,5,-0.5536084395066585);extraTreesClassifier(95,'gini','sqrt',11,18,False,'balanced_subsample')	0.4433869616222557	9.315053462982178
robustScaler(True,True);fastICA(81,'parallel','unit-variance','cube');selectFwe(0.0326841797004676);extraTreesClassifier(65,'gini','log2',10,15,False,'balanced_subsample')	0.44247192894251713	7.187196493148804
robustScaler(True,True);fastICA(33,'parallel','arbitrary-variance','cube');selectFwe(0.0326841797004676);extraTreesClassifier(65,'gini','log2',10,15,False,'balanced_subsample')	0.44247192894251713	8.053911685943604
nystroem('cosine',4.86909460431956,39,4,0.18338987887365232);fastICA(73,'parallel','unit-variance','cube');selectFwe(0.0326841797004676);extraTreesClassifier(83,'entropy','log2',2,15,False,'balanced_subsample')	0.31016080506276583	18.13875722885132
robustScaler(False,True);fastICA(81,'parallel','unit-variance','cube');selectFwe(0.0326841797004676);extraTreesClassifier(65,'gini','log2',10,16,False,'balanced')	0.44964582984190826	cached
robustScaler(True,False);fastICA(73,'parallel','unit-variance','cube');selectFwe(0.0326841797004676);extraTreesClassifier(83,'entropy','log2',10,15,False,'balanced_subsample')	0.40860845762806547	7.921931743621826
robustScaler(True,True);fastICA(81,'parallel','unit-variance','cube');selectFwe(0.0326841797004676);extraTreesClassifier(65,'gini','log2',10,16,False,'balanced')	0.44964582984190826	6.840850830078125
robustScaler(True,True);fastICA(73,'parallel','unit-variance','cube');selectFwe(0.0326841797004676);extraTreesClassifier(83,'gini','log2',10,15,False,'balanced_subsample')	0.43003527336860675	6.984334230422974
robustScaler(True,True);fastICA(73,'parallel','unit-variance','cube');selectFwe(0.0326841797004676);extraTreesClassifier(65,'gini','log2',10,15,False,'balanced_subsample')	0.44247192894251713	4.320697546005249
robustScaler(True,True);fastICA(81,'parallel','unit-variance','cube');selectFwe(0.0326841797004676);extraTreesClassifier(65,'gini','log2',10,16,False,'balanced_subsample')	0.44964582984190826	2.516587734222412
robustScaler(True,True);fastICA(73,'parallel','unit-variance','cube');selectFwe(0.0326841797004676);extraTreesClassifier(65,'gini','log2',10,15,False,'balanced_subsample')	0.44247192894251713	cached
robustScaler(True,True);fastICA(81,'parallel','unit-variance','cube');selectFwe(0.0326841797004676);extraTreesClassifier(65,'gini','log2',10,15,False,'balanced_subsample')	0.44247192894251713	cached
robustScaler(True,True);fastICA(73,'parallel','unit-variance','cube');selectFwe(0.0326841797004676);extraTreesClassifier(65,'gini','log2',10,16,False,'balanced_subsample')	0.44964582984190826	4.122886419296265
robustScaler(True,True);fastICA(73,'deflation','unit-variance','cube');selectFwe(0.0326841797004676);extraTreesClassifier(65,'gini','log2',10,16,False,'balanced')	0.35733845675022147	4.446511507034302
robustScaler(False,True);fastICA(81,'parallel','unit-variance','cube');selectFwe(0.0326841797004676);extraTreesClassifier(95,'gini','log2',11,18,False,'balanced_subsample')	0.46471609726511687	4.627368450164795
robustScaler(False,True);fastICA(81,'parallel','unit-variance','cube');selectFwe(0.0326841797004676);extraTreesClassifier(65,'gini','log2',10,15,False,'balanced_subsample')	0.44247192894251713	4.71673321723938
robustScaler(False,True);fastICA(81,'parallel','unit-variance','cube');selectFwe(0.0326841797004676);extraTreesClassifier(95,'gini','sqrt',11,18,False,'balanced')	0.46471609726511687	4.960656642913818
selectFwe(0.01914333889279454);selectPercentile(84.9370256425879);selectFwe(0.048281893354703675);fastICA(5,'deflation','unit-variance','logcosh');minMaxScaler();fastICA(98,'deflation','unit-variance','logcosh');extraTreesClassifier(65,'gini','log2',10,16,False,'balanced')	invalid_ind (duplicated operator)	invalid_ind (duplicated operator)
robustScaler(True,True);fastICA(81,'parallel','unit-variance','cube');selectFwe(0.0326841797004676);extraTreesClassifier(65,'gini','log2',10,16,False,'balanced_subsample')	0.44964582984190826	4.3520543575286865
robustScaler(True,True);fastICA(33,'parallel','arbitrary-variance','cube');selectFwe(0.0326841797004676);extraTreesClassifier(95,'gini','sqrt',11,18,False,'balanced')	0.46471609726511687	4.7680323123931885
robustScaler(True,True);fastICA(81,'parallel','unit-variance','cube');selectFwe(0.0326841797004676);extraTreesClassifier(65,'gini','log2',10,16,False,'balanced_subsample')	0.44964582984190826	4.515410661697388
robustScaler(True,True);fastICA(73,'parallel','unit-variance','cube');selectFwe(0.0326841797004676);extraTreesClassifier(65,'gini','sqrt',10,16,False,'balanced')	0.44964582984190826	5.299596071243286
varianceThreshold();fastICA(73,'parallel','unit-variance','cube');maxAbsScaler();extraTreesClassifier(83,'entropy','log2',2,15,False,'balanced_subsample')	0.3915079764099372	5.829828500747681
robustScaler(False,True);fastICA(73,'parallel','unit-variance','cube');selectFwe(0.0326841797004676);extraTreesClassifier(83,'gini','log2',10,15,False,'balanced_subsample')	0.43003527336860675	cached
robustScaler(False,True);fastICA(73,'parallel','unit-variance','cube');selectFwe(0.0326841797004676);extraTreesClassifier(83,'gini','log2',10,15,False,'balanced_subsample')	0.43003527336860675	cached
robustScaler(True,True);fastICA(33,'parallel','arbitrary-variance','cube');selectFwe(0.0326841797004676);extraTreesClassifier(65,'gini','log2',10,15,False,'balanced_subsample')	0.44247192894251713	cached
robustScaler(True,True);fastICA(33,'parallel','arbitrary-variance','cube');selectFwe(0.0326841797004676);extraTreesClassifier(65,'gini','log2',10,15,False,'balanced_subsample')	0.44247192894251713	cached
robustScaler(True,True);fastICA(73,'parallel','unit-variance','cube');selectFwe(0.0326841797004676);extraTreesClassifier(65,'gini','log2',10,16,False,'balanced_subsample')	0.44964582984190826	5.39464545249939
robustScaler(True,True);fastICA(73,'parallel','unit-variance','cube');selectFwe(0.0326841797004676);extraTreesClassifier(65,'gini','log2',10,16,False,'balanced_subsample')	0.44964582984190826	5.578902006149292
robustScaler(True,True);fastICA(33,'parallel','arbitrary-variance','cube');selectFwe(0.0326841797004676);extraTreesClassifier(65,'gini','log2',10,15,False,'balanced_subsample')	0.44247192894251713	cached
robustScaler(False,False);fastICA(73,'parallel','unit-variance','cube');selectFwe(0.0326841797004676);extraTreesClassifier(83,'gini','log2',2,15,False,'balanced_subsample')	0.47339845339845343	cached
maxAbsScaler();minMaxScaler();selectFwe(0.0326841797004676);extraTreesClassifier(65,'gini','log2',10,16,False,'balanced_subsample')	0.4374667815844287	cached
varianceThreshold();fastICA(73,'parallel','unit-variance','cube');selectFwe(0.0326841797004676);extraTreesClassifier(65,'gini','log2',10,16,False,'balanced_subsample')	0.45123233338919616	cached
robustScaler(True,True);fastICA(81,'parallel','unit-variance','cube');selectFwe(0.0326841797004676);extraTreesClassifier(65,'gini','log2',10,16,False,'balanced_subsample')	0.44964582984190826	cached
varianceThreshold();fastICA(73,'parallel','unit-variance','cube');selectFwe(0.0326841797004676);extraTreesClassifier(65,'gini','log2',10,16,False,'balanced_subsample')	0.45123233338919616	cached
robustScaler(True,True);fastICA(73,'parallel','unit-variance','cube');selectFwe(0.0326841797004676);extraTreesClassifier(65,'gini','log2',10,16,False,'balanced_subsample')	0.44964582984190826	cached
robustScaler(False,True);fastICA(81,'parallel','unit-variance','cube');selectFwe(0.0326841797004676);extraTreesClassifier(65,'gini','log2',10,16,False,'balanced')	0.44964582984190826	cached
robustScaler(False,False);fastICA(73,'parallel','unit-variance','cube');selectFwe(0.0326841797004676);extraTreesClassifier(83,'gini','log2',10,16,False,'balanced_subsample')	0.48192806467316274	5.903928756713867
robustScaler(False,True);fastICA(81,'parallel','unit-variance','cube');selectFwe(0.0326841797004676);extraTreesClassifier(65,'gini','log2',10,16,False,'balanced_subsample')	0.44964582984190826	5.740244626998901
robustScaler(True,True);fastICA(73,'parallel','unit-variance','cube');selectFwe(0.0326841797004676);extraTreesClassifier(65,'gini','log2',10,16,False,'balanced_subsample')	0.44964582984190826	5.720823526382446
varianceThreshold();fastICA(73,'parallel','unit-variance','cube');selectFwe(0.0326841797004676);extraTreesClassifier(65,'gini','log2',10,15,False,'balanced_subsample')	0.4185637673872968	4.9806435108184814
maxAbsScaler();minMaxScaler();selectFwe(0.0326841797004676);extraTreesClassifier(65,'gini','log2',10,16,False,'balanced_subsample')	0.4374667815844287	cached
robustScaler(False,True);fastICA(81,'parallel','unit-variance','cube');selectFwe(0.0326841797004676);extraTreesClassifier(65,'gini','log2',10,16,False,'balanced_subsample')	0.44964582984190826	4.0945823192596436
robustScaler(True,True);fastICA(73,'parallel','unit-variance','cube');selectFwe(0.0326841797004676);extraTreesClassifier(65,'gini','log2',2,15,False,'balanced_subsample')	0.44247192894251713	4.794586181640625
robustScaler(True,True);fastICA(73,'parallel','unit-variance','cube');selectFwe(0.0326841797004676);extraTreesClassifier(83,'entropy','log2',2,15,False,'balanced_subsample')	0.4474254431117176	4.59794020652771
robustScaler(True,True);fastICA(81,'parallel','unit-variance','cube');selectFwe(0.0326841797004676);extraTreesClassifier(65,'gini','log2',10,16,False,'balanced')	0.44964582984190826	4.916249752044678
robustScaler(True,True);fastICA(81,'parallel','unit-variance','cube');selectFwe(0.0326841797004676);extraTreesClassifier(65,'gini','log2',10,16,False,'balanced')	0.44964582984190826	3.6730568408966064
robustScaler(False,True);fastICA(98,'parallel','unit-variance','cube');selectFwe(0.0326841797004676);extraTreesClassifier(65,'gini','log2',10,16,False,'balanced_subsample')	0.44964582984190826	3.878275156021118
robustScaler(True,True);fastICA(81,'parallel','unit-variance','cube');selectFwe(0.0326841797004676);extraTreesClassifier(65,'gini','log2',10,16,False,'balanced_subsample')	0.44964582984190826	3.340512752532959
robustScaler(True,True);fastICA(81,'parallel','unit-variance','cube');selectFwe(0.0326841797004676);extraTreesClassifier(65,'gini','log2',10,15,False,'balanced_subsample')	0.44247192894251713	2.3734354972839355
