pipeline	fitness	fit_time
fastICA(33,'deflation','arbitrary-variance','cube');robustScaler(True,True);maxAbsScaler();selectPercentile(60.86109873307718);maxAbsScaler();adaBoost(decisionTree('entropy',6,3,0.08095823218449283,20,'None'),14,0.30777819460632583,'SAMME')	invalid_ind (duplicated operator)	invalid_ind (duplicated operator)
pca(0.6778138334954449,True);pca(0.6403979427004808,False);varianceThreshold();maxAbsScaler();adaBoost(decisionTree('entropy',12,10,0.6440630729912358,14,'None'),32,1.6038460918382569,'SAMME')	invalid_ind (duplicated operator)	invalid_ind (duplicated operator)
minMaxScaler();minMaxScaler();maxAbsScaler();maxAbsScaler();selectPercentile(68.22380873331612);multinomialNB(0.2960071434065992,False)	invalid_ind (duplicated operator)	invalid_ind (duplicated operator)
pca(0.6232617590266532,True);selectPercentile(18.843415050222315);maxAbsScaler();kNN(2,'uniform',1)	0.8198846683029155	2.3430564403533936
maxAbsScaler();gaussianNB(0.0012283770540599172)	0.8051280891606103	2.8622915744781494
robustScaler(False,True);decisionTree('entropy',28,5,0.6888553487611566,18,'None')	0.753488512006771	2.9330687522888184
selectPercentile(60.83997005341973);gaussianNB(0.0010773530728945182)	0.8057117222404007	4.078622579574585
minMaxScaler();nystroem('sigmoid',6.392053086903302,81,3,-0.4735065540196579);minMaxScaler();fastICA(49,'deflation','arbitrary-variance','logcosh');adaBoost(decisionTree('entropy',29,16,0.48046793016270206,11,'balanced'),77,0.04291885870194426,'SAMME')	invalid_ind (duplicated operator)	invalid_ind (duplicated operator)
bernoulliNB(0.8307998877854416,False)	0.7041166187655953	4.722724914550781
kNN(9,'uniform',1)	0.8304725099408505	5.158338308334351
pca(0.6131452986460608,False);minMaxScaler();robustScaler(True,True);selectFwe(0.015818383252087318);maxAbsScaler();varianceThreshold();adaBoost(decisionTree('entropy',26,3,0.24566018201499285,9,'balanced'),46,0.3897630024794527,'SAMME')	0.8487133935855791	12.839638471603394
varianceThreshold();robustScaler(False,False);maxAbsScaler();pca(0.9557664847732787,False);robustScaler(False,True);fastICA(76,'deflation','arbitrary-variance','exp');extraTreesClassifier(52,'gini','log2',20,18,True,'balanced')	invalid_ind (duplicated operator)	invalid_ind (duplicated operator)
fastICA(15,'parallel','arbitrary-variance','exp');selectPercentile(98.93139491080787);maxAbsScaler();gaussianNB(0.002899968833197195)	0.8379223389633175	14.554492235183716
minMaxScaler();minMaxScaler();maxAbsScaler();nystroem('poly',4.222715136303169,81,2,0.7921799612925791);minMaxScaler();pca(0.9772868147198499,True);randomForest(81,'gini',0.5329644393415922,7,5,False,'balanced_subsample')	invalid_ind (duplicated operator)	invalid_ind (duplicated operator)
minMaxScaler();maxAbsScaler();adaBoost(decisionTree('gini',20,12,0.06602245055107714,12,'None'),71,1.1557012617394342,'SAMME')	0.8300989879351715	14.710559844970703
minMaxScaler();minMaxScaler();lda(0.7510801388714036,62,0.035569787781693125)	invalid_ind (duplicated operator)	invalid_ind (duplicated operator)
minMaxScaler();minMaxScaler();selectFwe(0.02408838258964935);bernoulliNB(23.080216891096455,False)	invalid_ind (duplicated operator)	invalid_ind (duplicated operator)
selectPercentile(76.45614693445269);varianceThreshold();varianceThreshold();minMaxScaler();maxAbsScaler();maxAbsScaler();nystroem('sigmoid',6.179632668578519,98,3,-0.03382556860610042);extraTreesClassifier(64,'entropy','sqrt',14,13,False,'None')	invalid_ind (duplicated operator)	invalid_ind (duplicated operator)
minMaxScaler();varianceThreshold();pca(0.7083828021821246,False);minMaxScaler();varianceThreshold();varianceThreshold();selectFwe(0.02790631543116706);multinomialNB(36.82896257256199,False)	invalid_ind (duplicated operator)	invalid_ind (duplicated operator)
adaBoost(decisionTree('entropy',27,5,0.0015864014143305294,6,'balanced'),21,0.455651184851639,'SAMME')	0.7807590107346026	14.62421178817749
logisticRegression('l2','lbfgs',1000,0.32704755922556994,'balanced')	0.870543372944306	25.075331926345825
selectFwe(0.043458733301292296);decisionTree('entropy',12,7,0.45867384143840906,3,'balanced')	0.755549461229375	7.139039516448975
maxAbsScaler();maxAbsScaler();fastICA(65,'parallel','unit-variance','exp');robustScaler(False,False);maxAbsScaler();logisticRegression('l2','liblinear',1000,4.834847018408476,'None')	invalid_ind (duplicated operator)	invalid_ind (duplicated operator)
minMaxScaler();minMaxScaler();selectFwe(0.005091268233138001);lda(0.052995459437447545,101,0.07624079755228194)	invalid_ind (duplicated operator)	invalid_ind (duplicated operator)
selectPercentile(98.42890148021962);varianceThreshold();varianceThreshold();varianceThreshold();varianceThreshold();robustScaler(True,False);varianceThreshold();decisionTree('gini',3,13,0.9375651599387401,1,'balanced')	invalid_ind (duplicated operator)	invalid_ind (duplicated operator)
minMaxScaler();gaussianNB(0.0030655207599700257)	0.8051280891606103	3.958845376968384
bernoulliNB(9.12554170367009,False)	0.7024000102792021	3.8305320739746094
minMaxScaler();minMaxScaler();minMaxScaler();selectFwe(0.04087820924797128);robustScaler(False,True);multinomialNB(0.730117964933231,True)	invalid_ind (duplicated operator)	invalid_ind (duplicated operator)
varianceThreshold();varianceThreshold();kNN(38,'uniform',1)	invalid_ind (duplicated operator)	invalid_ind (duplicated operator)
robustScaler(True,False);maxAbsScaler();selectPercentile(88.14723038552357);minMaxScaler();adaBoost(decisionTree('gini',3,13,0.8690671949510088,16,'balanced'),80,0.33181612578723585,'SAMME')	0.8384386045115484	39.94250965118408
bernoulliNB(19.114366190751582,False)	0.7012408884018888	3.8316707611083984
nystroem('poly',0.3170440399564441,35,4,-0.2835131136708571);selectPercentile(27.279670208473533);minMaxScaler();adaBoost(decisionTree('gini',15,3,0.7675009419618711,6,'None'),72,0.9324907945283316,'SAMME')	0.7932582240798406	36.93057870864868
selectFwe(0.042439997420849244);varianceThreshold();lda(0.03353212923573279,183,0.002388712842072629)	eval_error (n_components cannot be larger than min(n_features, n_classes - 1).)	eval_error (n_components cannot be larger than min(n_features, n_classes - 1).)
pca(0.8214946691447949,True);selectFwe(0.015409065678339369);nystroem('poly',0.40708636393485853,37,4,-0.3707459129873867);minMaxScaler();varianceThreshold();logisticRegression('l1','liblinear',1000,18.71785108953918,'balanced')	eval_error (The 'liblinear' solver does not support multiclass classification (n_classes >= 3). Either use another solver or wrap the estimator in a OneVsRestClassifier to keep applying a one-versus-rest scheme.)	eval_error (The 'liblinear' solver does not support multiclass classification (n_classes >= 3). Either use another solver or wrap the estimator in a OneVsRestClassifier to keep applying a one-versus-rest scheme.)
minMaxScaler();varianceThreshold();minMaxScaler();varianceThreshold();minMaxScaler();pca(0.9859638822703378,False);selectFwe(0.04288814899743058);decisionTree('entropy',3,4,0.3014277001388832,6,'balanced')	invalid_ind (duplicated operator)	invalid_ind (duplicated operator)
robustScaler(False,True);extraTreesClassifier(69,'entropy','sqrt',7,8,False,'None')	0.8598378435831465	7.1356823444366455
maxAbsScaler();varianceThreshold();pca(0.8177052714536746,False);varianceThreshold();varianceThreshold();fastICA(90,'parallel','arbitrary-variance','logcosh');selectPercentile(61.72348931035846);decisionTree('entropy',21,13,0.6977261979318513,18,'balanced')	invalid_ind (duplicated operator)	invalid_ind (duplicated operator)
robustScaler(True,True);adaBoost(decisionTree('gini',19,6,0.2630615980738642,18,'balanced'),59,0.16811797768305306,'SAMME')	0.8514283060317467	20.878265619277954
maxAbsScaler();fastICA(79,'deflation','arbitrary-variance','logcosh');minMaxScaler();logisticRegression('None','saga',1000,2.1281510697510493,'balanced')	eval_timeout_error	eval_timeout_error
maxAbsScaler();bernoulliNB(6.871821646061929,True)	0.7012138063101587	3.4385998249053955
minMaxScaler();minMaxScaler();selectFwe(0.02408838258964935);bernoulliNB(23.080216891096455,False)	invalid_ind (duplicated operator)	invalid_ind (duplicated operator)
minMaxScaler();minMaxScaler();minMaxScaler();selectFwe(0.04087820924797128);robustScaler(False,True);multinomialNB(0.730117964933231,True)	invalid_ind (duplicated operator)	invalid_ind (duplicated operator)
minMaxScaler();minMaxScaler();maxAbsScaler();nystroem('poly',4.222715136303169,81,2,0.7921799612925791);minMaxScaler();pca(0.9772868147198499,True);randomForest(81,'gini',0.5329644393415922,7,5,False,'balanced_subsample')	invalid_ind (duplicated operator)	invalid_ind (duplicated operator)
robustScaler(False,True);extraTreesClassifier(69,'entropy','sqrt',7,8,False,'None')	0.8598378435831465	cached
minMaxScaler();maxAbsScaler();adaBoost(decisionTree('gini',20,12,0.06602245055107714,12,'None'),71,1.1557012617394342,'SAMME')	0.8300989879351715	cached
selectPercentile(60.83997005341973);gaussianNB(0.0010773530728945182)	0.8057117222404007	3.7921571731567383
minMaxScaler();minMaxScaler();minMaxScaler();maxAbsScaler();maxAbsScaler();nystroem('sigmoid',6.179632668578519,98,3,-0.03382556860610042);extraTreesClassifier(64,'entropy','sqrt',14,13,False,'None')	invalid_ind (duplicated operator)	invalid_ind (duplicated operator)
minMaxScaler();minMaxScaler();maxAbsScaler();nystroem('poly',4.222715136303169,81,2,0.7921799612925791);minMaxScaler();pca(0.9772868147198499,True);randomForest(81,'gini',0.5329644393415922,7,5,False,'balanced_subsample')	invalid_ind (duplicated operator)	invalid_ind (duplicated operator)
robustScaler(True,True);adaBoost(decisionTree('gini',19,6,0.2630615980738642,18,'balanced'),59,0.16811797768305306,'SAMME')	0.8514283060317467	cached
minMaxScaler();extraTreesClassifier(69,'entropy','sqrt',7,8,False,'None')	0.8598378435831465	9.878616094589233
pca(0.6232617590266532,True);selectPercentile(18.843415050222315);nystroem('poly',0.3170440399564441,35,4,-0.2835131136708571);kNN(2,'uniform',1)	0.8195571089243133	7.714650869369507
pca(0.6131452986460608,False);minMaxScaler();robustScaler(True,True);selectFwe(0.015818383252087318);maxAbsScaler();varianceThreshold();adaBoost(decisionTree('entropy',26,3,0.24566018201499285,9,'balanced'),46,0.3897630024794527,'SAMME')	0.8487133935855791	20.081603050231934
logisticRegression('l2','lbfgs',1000,0.32704755922556994,'balanced')	0.870543372944306	24.388107776641846
bernoulliNB(9.12554170367009,False)	0.7024000102792021	4.050842523574829
minMaxScaler();minMaxScaler();selectFwe(0.005091268233138001);lda(0.052995459437447545,101,0.07624079755228194)	invalid_ind (duplicated operator)	invalid_ind (duplicated operator)
robustScaler(False,True);extraTreesClassifier(69,'entropy','sqrt',7,8,False,'None')	0.8598378435831465	6.881708383560181
robustScaler(True,False);maxAbsScaler();selectPercentile(88.14723038552357);minMaxScaler();adaBoost(decisionTree('gini',3,13,0.9375651599387401,1,'balanced'),80,0.33181612578723585,'SAMME')	0.8413392202733794	37.42067337036133
selectPercentile(98.42890148021962);varianceThreshold();varianceThreshold();varianceThreshold();varianceThreshold();robustScaler(True,False);varianceThreshold();decisionTree('gini',3,13,0.8690671949510088,16,'balanced')	invalid_ind (duplicated operator)	invalid_ind (duplicated operator)
pca(0.6778138334954449,True);pca(0.6403979427004808,False);varianceThreshold();maxAbsScaler();adaBoost(decisionTree('entropy',12,10,0.6440630729912358,14,'None'),32,1.6038460918382569,'SAMME')	invalid_ind (duplicated operator)	invalid_ind (duplicated operator)
varianceThreshold();varianceThreshold();kNN(38,'uniform',1)	invalid_ind (duplicated operator)	invalid_ind (duplicated operator)
robustScaler(False,True);decisionTree('entropy',28,5,0.6888553487611566,18,'balanced')	0.7627900380837601	4.940042018890381
pca(0.9557664847732787,True);selectFwe(0.015409065678339369);nystroem('poly',0.40708636393485853,37,4,-0.3707459129873867);minMaxScaler();varianceThreshold();logisticRegression('l1','liblinear',1000,18.71785108953918,'balanced')	eval_error (The 'liblinear' solver does not support multiclass classification (n_classes >= 3). Either use another solver or wrap the estimator in a OneVsRestClassifier to keep applying a one-versus-rest scheme.)	eval_error (The 'liblinear' solver does not support multiclass classification (n_classes >= 3). Either use another solver or wrap the estimator in a OneVsRestClassifier to keep applying a one-versus-rest scheme.)
varianceThreshold();robustScaler(False,False);maxAbsScaler();pca(0.8214946691447949,False);robustScaler(False,True);fastICA(76,'deflation','arbitrary-variance','exp');extraTreesClassifier(52,'gini','log2',20,18,True,'balanced')	invalid_ind (duplicated operator)	invalid_ind (duplicated operator)
minMaxScaler();minMaxScaler();selectFwe(0.02408838258964935);bernoulliNB(23.080216891096455,False)	invalid_ind (duplicated operator)	invalid_ind (duplicated operator)
minMaxScaler();varianceThreshold();minMaxScaler();varianceThreshold();minMaxScaler();pca(0.756974984227468,False);selectFwe(0.04288814899743058);decisionTree('entropy',24,4,0.3014277001388832,6,'balanced')	invalid_ind (duplicated operator)	invalid_ind (duplicated operator)
minMaxScaler();minMaxScaler();lda(0.8709877201617532,175,0.06252969706002343)	invalid_ind (duplicated operator)	invalid_ind (duplicated operator)
maxAbsScaler();selectPercentile(27.279670208473533);minMaxScaler();adaBoost(decisionTree('gini',15,3,0.7675009419618711,6,'None'),72,0.9324907945283316,'SAMME')	0.8374106691065812	30.75199866294861
adaBoost(decisionTree('entropy',27,5,0.0015864014143305294,6,'None'),21,0.455651184851639,'SAMME')	0.7895759111657383	8.82758641242981
robustScaler(True,False);maxAbsScaler();selectPercentile(88.14723038552357);minMaxScaler();adaBoost(decisionTree('gini',3,13,0.8690671949510088,16,'balanced'),80,0.33181612578723585,'SAMME')	0.8384386045115484	33.94967460632324
fastICA(15,'parallel','arbitrary-variance','exp');selectPercentile(67.08955258602944);maxAbsScaler();gaussianNB(0.002899968833197195)	0.8359671568027178	18.947402238845825
robustScaler(False,True);bernoulliNB(19.114366190751582,True)	0.6997644508469476	12.812887191772461
maxAbsScaler();fastICA(79,'deflation','arbitrary-variance','logcosh');robustScaler(False,True);logisticRegression('None','saga',1000,2.1281510697510493,'balanced')	eval_timeout_error	eval_timeout_error
fastICA(33,'deflation','arbitrary-variance','cube');robustScaler(True,True);maxAbsScaler();selectPercentile(60.86109873307718);maxAbsScaler();adaBoost(decisionTree('entropy',6,3,0.08095823218449283,20,'None'),14,0.30777819460632583,'SAMME')	invalid_ind (duplicated operator)	invalid_ind (duplicated operator)
logisticRegression('l2','lbfgs',1000,0.32704755922556994,'balanced')	0.870543372944306	37.788185119628906
logisticRegression('l2','lbfgs',1000,0.32704755922556994,'balanced')	0.870543372944306	36.10917663574219
pca(0.8408395229314072,True);selectPercentile(85.50304425254613);maxAbsScaler();kNN(17,'uniform',1)	0.8042259471479782	9.576630592346191
robustScaler(True,True);adaBoost(decisionTree('gini',19,6,0.2630615980738642,18,'balanced'),72,0.9324907945283316,'SAMME')	0.8362687653518182	56.602312326431274
logisticRegression('l2','lbfgs',1000,0.32704755922556994,'balanced')	0.870543372944306	25.913538455963135
adaBoost(decisionTree('gini',10,11,0.28452366912326477,8,'balanced'),65,0.6602779222923232,'SAMME')	0.8519253930147	44.51334595680237
nystroem('poly',0.3170440399564441,35,4,-0.2835131136708571);selectPercentile(27.279670208473533);minMaxScaler();adaBoost(decisionTree('gini',15,3,0.7675009419618711,6,'None'),59,0.16811797768305306,'SAMME')	0.7912253371656285	24.343634843826294
fastICA(33,'deflation','arbitrary-variance','cube');robustScaler(True,True);maxAbsScaler();selectPercentile(60.86109873307718);maxAbsScaler();adaBoost(decisionTree('entropy',6,3,0.08095823218449283,20,'None'),14,0.30777819460632583,'SAMME')	invalid_ind (duplicated operator)	invalid_ind (duplicated operator)
bernoulliNB(9.12554170367009,False)	0.7024000102792021	cached
selectFwe(0.016022451797499823);selectFwe(0.015409065678339369);nystroem('poly',0.40708636393485853,37,4,-0.3707459129873867);minMaxScaler();varianceThreshold();logisticRegression('l1','liblinear',1000,18.71785108953918,'balanced')	invalid_ind (duplicated operator)	invalid_ind (duplicated operator)
minMaxScaler();minMaxScaler();lda(0.8709877201617532,175,0.06252969706002343)	invalid_ind (duplicated operator)	invalid_ind (duplicated operator)
robustScaler(False,True);lda(0.8709877201617532,175,0.06252969706002343)	eval_error (n_components cannot be larger than min(n_features, n_classes - 1).)	eval_error (n_components cannot be larger than min(n_features, n_classes - 1).)
minMaxScaler();minMaxScaler();decisionTree('entropy',28,5,0.6888553487611566,18,'balanced')	invalid_ind (duplicated operator)	invalid_ind (duplicated operator)
bernoulliNB(9.12554170367009,False)	0.7024000102792021	2.6552343368530273
gaussianNB(0.002899968833197195)	0.8048431888757099	3.1655311584472656
robustScaler(False,True);extraTreesClassifier(69,'entropy','sqrt',7,8,False,'None')	0.8598378435831465	15.532063722610474
minMaxScaler();minMaxScaler();fastICA(92,'parallel','unit-variance','exp');logisticRegression('l2','lbfgs',1000,0.32704755922556994,'balanced')	invalid_ind (duplicated operator)	invalid_ind (duplicated operator)
logisticRegression('l2','lbfgs',1000,0.32704755922556994,'balanced')	0.870543372944306	25.813133478164673
selectPercentile(98.42890148021962);varianceThreshold();selectFwe(0.005091268233138001);varianceThreshold();varianceThreshold();robustScaler(True,False);varianceThreshold();decisionTree('gini',3,13,0.8690671949510088,16,'balanced')	invalid_ind (duplicated operator)	invalid_ind (duplicated operator)
minMaxScaler();minMaxScaler();varianceThreshold();lda(0.052995459437447545,101,0.07624079755228194)	invalid_ind (duplicated operator)	invalid_ind (duplicated operator)
lda(0.052995459437447545,101,0.07624079755228194)	eval_error (n_components cannot be larger than min(n_features, n_classes - 1).)	eval_error (n_components cannot be larger than min(n_features, n_classes - 1).)
selectPercentile(60.83997005341973);minMaxScaler();minMaxScaler();selectFwe(0.04087820924797128);robustScaler(False,True);multinomialNB(0.730117964933231,True)	invalid_ind (duplicated operator)	invalid_ind (duplicated operator)
minMaxScaler();gaussianNB(0.0010773530728945182)	0.8051280891606103	5.1126508712768555
fastICA(22,'parallel','arbitrary-variance','exp');selectPercentile(67.08955258602944);maxAbsScaler();logisticRegression('l2','lbfgs',1000,0.32704755922556994,'balanced')	0.8694354450829926	29.679502725601196
minMaxScaler();varianceThreshold();minMaxScaler();varianceThreshold();minMaxScaler();pca(0.756974984227468,False);selectFwe(0.04288814899743058);decisionTree('entropy',24,4,0.3014277001388832,6,'balanced')	invalid_ind (duplicated operator)	invalid_ind (duplicated operator)
robustScaler(False,True);extraTreesClassifier(69,'entropy','sqrt',7,8,False,'None')	0.8598378435831465	cached
minMaxScaler();minMaxScaler();selectFwe(0.005091268233138001);adaBoost(decisionTree('entropy',27,5,0.0015864014143305294,6,'None'),21,0.455651184851639,'SAMME')	invalid_ind (duplicated operator)	invalid_ind (duplicated operator)
minMaxScaler();varianceThreshold();minMaxScaler();varianceThreshold();minMaxScaler();pca(0.756974984227468,False);selectFwe(0.04288814899743058);decisionTree('entropy',24,4,0.3014277001388832,6,'balanced')	invalid_ind (duplicated operator)	invalid_ind (duplicated operator)
lda(0.052995459437447545,101,0.07624079755228194)	eval_error (n_components cannot be larger than min(n_features, n_classes - 1).)	eval_error (n_components cannot be larger than min(n_features, n_classes - 1).)
adaBoost(decisionTree('gini',10,11,0.28452366912326477,8,'balanced'),65,0.6602779222923232,'SAMME')	0.8519253930147	41.77191877365112
selectPercentile(98.42890148021962);varianceThreshold();varianceThreshold();varianceThreshold();varianceThreshold();robustScaler(True,False);varianceThreshold();decisionTree('gini',3,13,0.8690671949510088,16,'balanced')	invalid_ind (duplicated operator)	invalid_ind (duplicated operator)
selectPercentile(98.42890148021962);varianceThreshold();varianceThreshold();varianceThreshold();varianceThreshold();robustScaler(True,False);varianceThreshold();decisionTree('gini',3,13,0.8690671949510088,16,'balanced')	invalid_ind (duplicated operator)	invalid_ind (duplicated operator)
maxAbsScaler();selectPercentile(27.279670208473533);minMaxScaler();adaBoost(decisionTree('gini',15,3,0.7675009419618711,6,'None'),72,0.9324907945283316,'SAMME')	0.8374106691065812	44.715080976486206
logisticRegression('l2','lbfgs',1000,0.32704755922556994,'balanced')	0.870543372944306	20.28671908378601
minMaxScaler();varianceThreshold();minMaxScaler();varianceThreshold();minMaxScaler();pca(0.756974984227468,False);selectFwe(0.04288814899743058);decisionTree('entropy',24,4,0.3014277001388832,6,'balanced')	invalid_ind (duplicated operator)	invalid_ind (duplicated operator)
pca(0.6131452986460608,False);minMaxScaler();robustScaler(True,True);selectFwe(0.015818383252087318);maxAbsScaler();varianceThreshold();adaBoost(decisionTree('entropy',26,3,0.24566018201499285,9,'balanced'),46,0.3897630024794527,'SAMME')	0.8487133935855791	20.340920448303223
minMaxScaler();minMaxScaler();adaBoost(decisionTree('gini',25,2,0.33362237951540574,14,'None'),38,1.9050737977725283,'SAMME')	invalid_ind (duplicated operator)	invalid_ind (duplicated operator)
pca(0.6131452986460608,False);minMaxScaler();robustScaler(False,True);selectFwe(0.015818383252087318);maxAbsScaler();varianceThreshold();adaBoost(decisionTree('entropy',26,3,0.24566018201499285,9,'balanced'),46,0.3897630024794527,'SAMME')	0.8487133935855791	20.239004850387573
robustScaler(False,True);selectPercentile(27.279670208473533);minMaxScaler();adaBoost(decisionTree('gini',15,3,0.7675009419618711,6,'None'),72,0.9324907945283316,'SAMME')	0.8374106691065812	43.248220443725586
logisticRegression('l2','lbfgs',1000,0.32704755922556994,'balanced')	0.870543372944306	37.276005268096924
robustScaler(True,True);extraTreesClassifier(69,'entropy','sqrt',7,8,False,'None')	0.8598378435831465	23.296092987060547
maxAbsScaler();extraTreesClassifier(69,'entropy','sqrt',7,8,False,'None')	0.8598378435831465	16.49198317527771
logisticRegression('l2','lbfgs',1000,0.32704755922556994,'balanced')	0.870543372944306	35.24982571601868
robustScaler(False,True);adaBoost(decisionTree('gini',19,6,0.2630615980738642,18,'balanced'),59,0.16811797768305306,'SAMME')	0.8514467370096593	36.525078773498535
fastICA(33,'deflation','arbitrary-variance','cube');robustScaler(True,True);maxAbsScaler();selectPercentile(60.86109873307718);maxAbsScaler();adaBoost(decisionTree('entropy',6,3,0.08095823218449283,20,'None'),14,0.30777819460632583,'SAMME')	invalid_ind (duplicated operator)	invalid_ind (duplicated operator)
pca(0.6131452986460608,False);minMaxScaler();robustScaler(True,True);selectFwe(0.015818383252087318);maxAbsScaler();varianceThreshold();adaBoost(decisionTree('entropy',26,3,0.24566018201499285,9,'balanced'),46,0.3897630024794527,'SAMME')	0.8487133935855791	8.405962705612183
selectFwe(0.021502868181962623);randomForest(21,'gini','log2',11,18,False,'balanced')	0.8463901593353729	2.3737599849700928
logisticRegression('l2','lbfgs',1000,0.32704755922556994,'balanced')	0.870543372944306	cached
minMaxScaler();minMaxScaler();fastICA(92,'parallel','unit-variance','exp');logisticRegression('l2','lbfgs',1000,0.32704755922556994,'balanced')	invalid_ind (duplicated operator)	invalid_ind (duplicated operator)
selectPercentile(98.42890148021962);varianceThreshold();varianceThreshold();varianceThreshold();varianceThreshold();robustScaler(True,False);varianceThreshold();decisionTree('gini',3,13,0.8690671949510088,16,'balanced')	invalid_ind (duplicated operator)	invalid_ind (duplicated operator)
selectPercentile(60.83997005341973);minMaxScaler();minMaxScaler();selectFwe(0.04087820924797128);robustScaler(False,True);multinomialNB(0.730117964933231,True)	invalid_ind (duplicated operator)	invalid_ind (duplicated operator)
minMaxScaler();minMaxScaler();fastICA(92,'parallel','unit-variance','exp');logisticRegression('l2','lbfgs',1000,0.32704755922556994,'balanced')	invalid_ind (duplicated operator)	invalid_ind (duplicated operator)
bernoulliNB(9.12554170367009,False)	0.7024000102792021	1.9685964584350586
selectFwe(0.015409065678339369);gaussianNB(0.0010773530728945182)	0.8054476984294208	2.1086885929107666
selectFwe(0.016022451797499823);minMaxScaler();nystroem('poly',0.40708636393485853,37,4,-0.3707459129873867);minMaxScaler();varianceThreshold();logisticRegression('l1','liblinear',1000,18.71785108953918,'balanced')	invalid_ind (duplicated operator)	invalid_ind (duplicated operator)
minMaxScaler();minMaxScaler();lda(0.8709877201617532,175,0.06252969706002343)	invalid_ind (duplicated operator)	invalid_ind (duplicated operator)
minMaxScaler();extraTreesClassifier(69,'entropy','sqrt',7,8,False,'None')	0.8598378435831465	cached
minMaxScaler();varianceThreshold();minMaxScaler();varianceThreshold();minMaxScaler();pca(0.756974984227468,False);selectFwe(0.04288814899743058);lda(0.052995459437447545,101,0.07624079755228194)	invalid_ind (duplicated operator)	invalid_ind (duplicated operator)
lda(0.052995459437447545,101,0.07624079755228194)	eval_error (n_components cannot be larger than min(n_features, n_classes - 1).)	eval_error (n_components cannot be larger than min(n_features, n_classes - 1).)
bernoulliNB(0.1129118851065871,False)	0.7038169368301732	2.354294776916504
minMaxScaler();minMaxScaler();varianceThreshold();lda(0.052995459437447545,101,0.07624079755228194)	invalid_ind (duplicated operator)	invalid_ind (duplicated operator)
selectFwe(0.016022451797499823);selectFwe(0.015409065678339369);selectPercentile(27.279670208473533);minMaxScaler();varianceThreshold();logisticRegression('l1','liblinear',1000,18.71785108953918,'balanced')	invalid_ind (duplicated operator)	invalid_ind (duplicated operator)
bernoulliNB(9.12554170367009,False)	0.7024000102792021	2.2019999027252197
pca(0.6131452986460608,False);robustScaler(False,True);robustScaler(True,True);selectFwe(0.015818383252087318);maxAbsScaler();varianceThreshold();logisticRegression('l2','lbfgs',1000,0.32704755922556994,'balanced')	invalid_ind (duplicated operator)	invalid_ind (duplicated operator)
decisionTree('entropy',24,4,0.3014277001388832,6,'balanced')	0.7360455403101407	2.8023433685302734
robustScaler(False,True);extraTreesClassifier(69,'entropy','sqrt',7,8,False,'None')	0.8598378435831465	4.952660322189331
bernoulliNB(9.12554170367009,False)	0.7024000102792021	2.29352068901062
maxAbsScaler();selectPercentile(27.279670208473533);minMaxScaler();adaBoost(decisionTree('gini',15,3,0.7675009419618711,6,'None'),72,0.9324907945283316,'SAMME')	0.8374106691065812	cached
selectPercentile(60.83997005341973);minMaxScaler();minMaxScaler();selectFwe(0.04087820924797128);robustScaler(False,True);multinomialNB(0.730117964933231,True)	invalid_ind (duplicated operator)	invalid_ind (duplicated operator)
minMaxScaler();varianceThreshold();minMaxScaler();varianceThreshold();minMaxScaler();pca(0.756974984227468,False);selectFwe(0.04288814899743058);decisionTree('entropy',24,4,0.3014277001388832,6,'balanced')	invalid_ind (duplicated operator)	invalid_ind (duplicated operator)
bernoulliNB(18.834823547672613,False)	0.7012408884018888	2.822131633758545
pca(0.6131452986460608,False);minMaxScaler();robustScaler(True,True);selectFwe(0.015818383252087318);maxAbsScaler();varianceThreshold();adaBoost(decisionTree('entropy',24,4,0.3014277001388832,6,'balanced'),46,0.3897630024794527,'SAMME')	0.8463718992876356	7.897927522659302
minMaxScaler();varianceThreshold();minMaxScaler();varianceThreshold();minMaxScaler();pca(0.756974984227468,False);selectFwe(0.04288814899743058);decisionTree('entropy',26,3,0.24566018201499285,9,'balanced')	invalid_ind (duplicated operator)	invalid_ind (duplicated operator)
logisticRegression('l2','lbfgs',1000,0.32704755922556994,'balanced')	0.870543372944306	cached
fastICA(22,'parallel','arbitrary-variance','exp');selectPercentile(67.08955258602944);maxAbsScaler();logisticRegression('l2','lbfgs',1000,0.32704755922556994,'balanced')	0.8694354450829926	cached
minMaxScaler();minMaxScaler();selectFwe(0.005091268233138001);adaBoost(decisionTree('entropy',27,5,0.0015864014143305294,6,'None'),21,0.455651184851639,'SAMME')	invalid_ind (duplicated operator)	invalid_ind (duplicated operator)
robustScaler(False,True);extraTreesClassifier(69,'entropy','sqrt',7,8,False,'None')	0.8598378435831465	4.703798532485962
lda(0.052995459437447545,101,0.07624079755228194)	eval_error (n_components cannot be larger than min(n_features, n_classes - 1).)	eval_error (n_components cannot be larger than min(n_features, n_classes - 1).)
logisticRegression('l2','lbfgs',1000,0.32704755922556994,'balanced')	0.870543372944306	cached
robustScaler(False,True);adaBoost(decisionTree('gini',19,6,0.2630615980738642,18,'balanced'),59,0.16811797768305306,'SAMME')	0.8514467370096593	cached
robustScaler(False,True);selectPercentile(27.279670208473533);minMaxScaler();adaBoost(decisionTree('gini',15,3,0.7675009419618711,6,'None'),72,0.3897630024794527,'SAMME')	0.8360367215286273	15.842294692993164
adaBoost(decisionTree('entropy',26,3,0.24566018201499285,9,'balanced'),46,0.3897630024794527,'SAMME')	0.8451238156752469	26.799302577972412
pca(0.6131452986460608,False);minMaxScaler();robustScaler(True,True);selectFwe(0.015818383252087318);maxAbsScaler();varianceThreshold();adaBoost(decisionTree('entropy',26,3,0.24566018201499285,9,'balanced'),46,0.9324907945283316,'SAMME')	0.8561136032399741	19.486743211746216
logisticRegression('l2','lbfgs',1000,0.32704755922556994,'balanced')	0.870543372944306	20.45785164833069
adaBoost(decisionTree('entropy',17,20,0.49672209696623215,4,'balanced'),27,0.8348731341327861,'SAMME')	0.8309365235546341	26.41268038749695
minMaxScaler();minMaxScaler();selectFwe(0.005091268233138001);adaBoost(decisionTree('entropy',27,5,0.0015864014143305294,6,'None'),21,0.455651184851639,'SAMME')	invalid_ind (duplicated operator)	invalid_ind (duplicated operator)
maxAbsScaler();nystroem('poly',0.40708636393485853,37,4,-0.3707459129873867);minMaxScaler();adaBoost(decisionTree('gini',15,3,0.7675009419618711,6,'None'),72,0.9324907945283316,'SAMME')	0.7879255767913216	49.64959096908569
minMaxScaler();minMaxScaler();selectFwe(0.005091268233138001);adaBoost(decisionTree('entropy',27,5,0.0015864014143305294,6,'None'),21,0.455651184851639,'SAMME')	invalid_ind (duplicated operator)	invalid_ind (duplicated operator)
maxAbsScaler();selectPercentile(27.279670208473533);minMaxScaler();adaBoost(decisionTree('gini',15,3,0.7675009419618711,6,'None'),72,0.9324907945283316,'SAMME')	0.8374106691065812	cached
selectFwe(0.016022451797499823);minMaxScaler();nystroem('poly',0.40708636393485853,37,4,-0.3707459129873867);minMaxScaler();varianceThreshold();adaBoost(decisionTree('entropy',27,5,0.0015864014143305294,6,'None'),21,0.455651184851639,'SAMME')	invalid_ind (duplicated operator)	invalid_ind (duplicated operator)
minMaxScaler();minMaxScaler();selectFwe(0.005091268233138001);logisticRegression('l1','liblinear',1000,18.71785108953918,'balanced')	invalid_ind (duplicated operator)	invalid_ind (duplicated operator)
minMaxScaler();minMaxScaler();selectFwe(0.005091268233138001);adaBoost(decisionTree('gini',15,5,0.7675009419618711,6,'None'),72,0.9324907945283316,'SAMME')	invalid_ind (duplicated operator)	invalid_ind (duplicated operator)
fastICA(22,'parallel','arbitrary-variance','exp');selectPercentile(67.08955258602944);maxAbsScaler();logisticRegression('l2','lbfgs',1000,0.32704755922556994,'balanced')	0.8694354450829926	cached
maxAbsScaler();selectPercentile(27.279670208473533);minMaxScaler();adaBoost(decisionTree('entropy',27,3,0.0015864014143305294,6,'None'),21,0.455651184851639,'SAMME')	0.822566518467994	5.448436498641968
robustScaler(False,True);extraTreesClassifier(69,'entropy','sqrt',7,8,False,'balanced_subsample')	0.860215992521602	6.130986213684082
lda(0.052995459437447545,101,0.07624079755228194)	eval_error (n_components cannot be larger than min(n_features, n_classes - 1).)	eval_error (n_components cannot be larger than min(n_features, n_classes - 1).)
fastICA(22,'parallel','arbitrary-variance','exp');robustScaler(False,True);maxAbsScaler();logisticRegression('l2','lbfgs',1000,0.32704755922556994,'balanced')	0.8702927393343339	13.815699577331543
selectPercentile(67.08955258602944);extraTreesClassifier(69,'entropy','sqrt',7,8,False,'None')	0.8622032942736638	11.506898403167725
maxAbsScaler();selectPercentile(27.279670208473533);minMaxScaler();adaBoost(decisionTree('gini',15,3,0.7675009419618711,6,'None'),72,0.9324907945283316,'SAMME')	0.8374106691065812	cached
minMaxScaler();extraTreesClassifier(69,'entropy','sqrt',7,8,False,'None')	0.8598378435831465	cached
minMaxScaler();varianceThreshold();minMaxScaler();varianceThreshold();minMaxScaler();pca(0.756974984227468,False);selectFwe(0.04288814899743058);lda(0.052995459437447545,101,0.07624079755228194)	invalid_ind (duplicated operator)	invalid_ind (duplicated operator)
robustScaler(False,True);adaBoost(decisionTree('gini',19,6,0.2630615980738642,18,'balanced'),59,0.16811797768305306,'SAMME')	0.8514467370096593	cached
minMaxScaler();varianceThreshold();minMaxScaler();varianceThreshold();minMaxScaler();pca(0.756974984227468,False);selectFwe(0.04288814899743058);decisionTree('entropy',27,4,0.3014277001388832,6,'None')	invalid_ind (duplicated operator)	invalid_ind (duplicated operator)
minMaxScaler();minMaxScaler();selectFwe(0.005091268233138001);adaBoost(decisionTree('entropy',24,5,0.0015864014143305294,6,'balanced'),21,0.455651184851639,'SAMME')	invalid_ind (duplicated operator)	invalid_ind (duplicated operator)
minMaxScaler();varianceThreshold();minMaxScaler();varianceThreshold();minMaxScaler();pca(0.756974984227468,False);selectFwe(0.04288814899743058);lda(0.052995459437447545,101,0.07624079755228194)	invalid_ind (duplicated operator)	invalid_ind (duplicated operator)
fastICA(22,'parallel','arbitrary-variance','exp');selectPercentile(67.08955258602944);maxAbsScaler();logisticRegression('l2','lbfgs',1000,0.32704755922556994,'balanced')	0.8694354450829926	cached
pca(0.6131452986460608,False);robustScaler(False,True);robustScaler(True,True);selectFwe(0.015818383252087318);maxAbsScaler();varianceThreshold();logisticRegression('l2','lbfgs',1000,0.32704755922556994,'balanced')	invalid_ind (duplicated operator)	invalid_ind (duplicated operator)
robustScaler(False,True);selectPercentile(27.279670208473533);minMaxScaler();adaBoost(decisionTree('gini',15,3,0.7675009419618711,6,'None'),72,0.3897630024794527,'SAMME')	0.8360367215286273	26.951245546340942
logisticRegression('l2','lbfgs',1000,0.32704755922556994,'balanced')	0.870543372944306	20.844265699386597
selectFwe(0.013012935456861875);gaussianNB(0.0016516499060349244)	0.8054476984294208	7.555984020233154
minMaxScaler();minMaxScaler();fastICA(92,'parallel','unit-variance','exp');adaBoost(decisionTree('entropy',17,20,0.49672209696623215,4,'balanced'),27,0.8348731341327861,'SAMME')	invalid_ind (duplicated operator)	invalid_ind (duplicated operator)
robustScaler(False,True);selectPercentile(27.279670208473533);minMaxScaler();adaBoost(decisionTree('gini',15,3,0.7675009419618711,6,'None'),72,0.3897630024794527,'SAMME')	0.8360367215286273	45.16242218017578
logisticRegression('l2','lbfgs',1000,0.32704755922556994,'None')	0.8711010060611025	38.50198030471802
pca(0.6131452986460608,False);robustScaler(False,True);robustScaler(True,True);selectFwe(0.015818383252087318);maxAbsScaler();varianceThreshold();logisticRegression('l2','lbfgs',1000,0.32704755922556994,'balanced')	invalid_ind (duplicated operator)	invalid_ind (duplicated operator)
logisticRegression('l2','saga',1000,0.32704755922556994,'balanced')	0.8711157877116242	34.24291729927063
logisticRegression('l2','lbfgs',1000,0.32704755922556994,'balanced')	0.870543372944306	38.016443490982056
minMaxScaler();minMaxScaler();varianceThreshold();lda(0.052995459437447545,101,0.07624079755228194)	invalid_ind (duplicated operator)	invalid_ind (duplicated operator)
logisticRegression('l2','lbfgs',1000,0.32704755922556994,'balanced')	0.870543372944306	30.5407395362854
adaBoost(decisionTree('entropy',17,20,0.49672209696623215,4,'balanced'),27,0.8348731341327861,'SAMME')	0.8309365235546341	cached
robustScaler(False,True);extraTreesClassifier(69,'entropy','sqrt',7,8,False,'None')	0.8598378435831465	cached
adaBoost(decisionTree('gini',10,11,0.28452366912326477,8,'balanced'),65,0.6602779222923232,'SAMME')	0.8519253930147	26.559264421463013
maxAbsScaler();selectPercentile(27.279670208473533);minMaxScaler();adaBoost(decisionTree('gini',15,3,0.7675009419618711,6,'None'),72,0.9324907945283316,'SAMME')	0.8374106691065812	22.365665435791016
robustScaler(False,True);selectPercentile(73.35864704604283);minMaxScaler();adaBoost(decisionTree('entropy',15,3,0.7675009419618711,6,'None'),72,0.3897630024794527,'SAMME')	0.8497095405692463	92.22069311141968
robustScaler(False,True);extraTreesClassifier(69,'entropy','sqrt',7,8,False,'None')	0.8598378435831465	cached
lda(0.052995459437447545,101,0.07624079755228194)	eval_error (n_components cannot be larger than min(n_features, n_classes - 1).)	eval_error (n_components cannot be larger than min(n_features, n_classes - 1).)
maxAbsScaler();nystroem('poly',0.40708636393485853,37,4,-0.3707459129873867);minMaxScaler();adaBoost(decisionTree('entropy',26,3,0.24566018201499285,9,'balanced'),46,0.9324907945283316,'SAMME')	0.7752081239566039	24.946139335632324
pca(0.6131452986460608,False);minMaxScaler();robustScaler(True,True);selectFwe(0.015818383252087318);maxAbsScaler();varianceThreshold();adaBoost(decisionTree('gini',15,3,0.7675009419618711,6,'None'),72,0.9324907945283316,'SAMME')	0.8475406006184208	4.470202445983887
robustScaler(False,True);adaBoost(decisionTree('gini',19,6,0.2630615980738642,18,'balanced'),59,0.16811797768305306,'SAMME')	0.8514467370096593	cached
minMaxScaler();varianceThreshold();minMaxScaler();varianceThreshold();minMaxScaler();pca(0.756974984227468,False);selectFwe(0.04288814899743058);lda(0.052995459437447545,101,0.07624079755228194)	invalid_ind (duplicated operator)	invalid_ind (duplicated operator)
pca(0.6131452986460608,False);robustScaler(False,True);robustScaler(True,True);selectFwe(0.015818383252087318);maxAbsScaler();varianceThreshold();logisticRegression('l2','lbfgs',1000,0.32704755922556994,'balanced')	invalid_ind (duplicated operator)	invalid_ind (duplicated operator)
minMaxScaler();minMaxScaler();fastICA(92,'parallel','unit-variance','exp');adaBoost(decisionTree('entropy',17,20,0.49672209696623215,4,'balanced'),27,0.8348731341327861,'SAMME')	invalid_ind (duplicated operator)	invalid_ind (duplicated operator)
maxAbsScaler();selectPercentile(27.279670208473533);minMaxScaler();adaBoost(decisionTree('gini',15,3,0.7675009419618711,6,'None'),72,0.9324907945283316,'SAMME')	0.8374106691065812	cached
logisticRegression('l2','lbfgs',1000,0.32704755922556994,'balanced')	0.870543372944306	cached
maxAbsScaler();selectPercentile(27.279670208473533);minMaxScaler();adaBoost(decisionTree('gini',15,3,0.7675009419618711,6,'None'),72,0.9324907945283316,'SAMME')	0.8374106691065812	cached
maxAbsScaler();selectPercentile(27.279670208473533);minMaxScaler();adaBoost(decisionTree('gini',15,3,0.7675009419618711,6,'None'),72,0.9324907945283316,'SAMME')	0.8374106691065812	cached
minMaxScaler();minMaxScaler();selectPercentile(67.08955258602944);adaBoost(decisionTree('entropy',24,5,0.0015864014143305294,6,'balanced'),21,0.455651184851639,'SAMME')	invalid_ind (duplicated operator)	invalid_ind (duplicated operator)
selectFwe(0.013012935456861875);logisticRegression('l2','lbfgs',1000,0.32704755922556994,'balanced')	0.8734415290247208	7.608402729034424
logisticRegression('l2','lbfgs',1000,0.32704755922556994,'balanced')	0.870543372944306	26.38706612586975
maxAbsScaler();selectPercentile(12.708200808407323);minMaxScaler();adaBoost(decisionTree('gini',15,3,0.7675009419618711,6,'None'),72,0.9324907945283316,'SAMME')	0.6785653631452303	30.34605050086975
fastICA(22,'parallel','arbitrary-variance','exp');selectFwe(0.005091268233138001);maxAbsScaler();logisticRegression('l2','lbfgs',1000,0.32704755922556994,'balanced')	0.8531091379682234	34.17451071739197
minMaxScaler();minMaxScaler();fastICA(92,'deflation','unit-variance','exp');adaBoost(decisionTree('entropy',15,19,0.6460106244644499,17,'None'),59,0.16811797768305306,'SAMME')	invalid_ind (duplicated operator)	invalid_ind (duplicated operator)
lda(0.052995459437447545,101,0.07624079755228194)	eval_error (n_components cannot be larger than min(n_features, n_classes - 1).)	eval_error (n_components cannot be larger than min(n_features, n_classes - 1).)
robustScaler(False,True);adaBoost(decisionTree('gini',19,6,0.2630615980738642,18,'balanced'),59,0.16811797768305306,'SAMME')	0.8514467370096593	cached
fastICA(22,'parallel','arbitrary-variance','exp');robustScaler(False,True);maxAbsScaler();gaussianNB(0.0016516499060349244)	0.8322441159752403	33.45433759689331
pca(0.6131452986460608,False);robustScaler(False,True);robustScaler(True,True);selectFwe(0.015818383252087318);maxAbsScaler();varianceThreshold();logisticRegression('l2','lbfgs',1000,0.32704755922556994,'balanced')	invalid_ind (duplicated operator)	invalid_ind (duplicated operator)
robustScaler(False,True);selectPercentile(27.279670208473533);minMaxScaler();adaBoost(decisionTree('gini',15,3,0.7675009419618711,6,'None'),72,0.3897630024794527,'SAMME')	0.8360367215286273	23.11312961578369
minMaxScaler();varianceThreshold();minMaxScaler();varianceThreshold();minMaxScaler();pca(0.9622299704532589,False);selectFwe(0.04288814899743058);lda(0.052995459437447545,101,0.07624079755228194)	invalid_ind (duplicated operator)	invalid_ind (duplicated operator)
minMaxScaler();minMaxScaler();varianceThreshold();lda(0.052995459437447545,101,0.07624079755228194)	invalid_ind (duplicated operator)	invalid_ind (duplicated operator)
robustScaler(False,False);adaBoost(decisionTree('entropy',17,6,0.49672209696623215,18,'balanced'),27,0.8348731341327861,'SAMME')	0.8301423356988344	17.779417514801025
maxAbsScaler();selectPercentile(27.279670208473533);minMaxScaler();adaBoost(decisionTree('gini',15,3,0.7675009419618711,6,'None'),72,0.9324907945283316,'SAMME')	0.8374106691065812	17.65693211555481
selectFwe(0.016022451797499823);minMaxScaler();nystroem('poly',0.40708636393485853,37,4,-0.3707459129873867);robustScaler(False,True);varianceThreshold();adaBoost(decisionTree('entropy',27,5,0.0015864014143305294,6,'None'),21,0.455651184851639,'SAMME')	0.8328381664390996	6.000131368637085
adaBoost(decisionTree('gini',10,11,0.28452366912326477,8,'balanced'),65,0.6602779222923232,'SAMME')	0.8519253930147	21.931581020355225
minMaxScaler();minMaxScaler();selectFwe(0.005091268233138001);adaBoost(decisionTree('entropy',24,5,0.0015864014143305294,6,'balanced'),21,0.455651184851639,'SAMME')	invalid_ind (duplicated operator)	invalid_ind (duplicated operator)
logisticRegression('l2','saga',1000,0.32704755922556994,'balanced')	0.8711157877116242	cached
selectPercentile(67.08955258602944);adaBoost(decisionTree('entropy',19,11,0.8786055756491172,1,'None'),50,0.15804777324728772,'SAMME')	0.8457544730925841	64.20141005516052
minMaxScaler();varianceThreshold();minMaxScaler();varianceThreshold();minMaxScaler();pca(0.756974984227468,False);selectFwe(0.04288814899743058);lda(0.052995459437447545,101,0.07624079755228194)	invalid_ind (duplicated operator)	invalid_ind (duplicated operator)
minMaxScaler();extraTreesClassifier(69,'entropy','sqrt',7,8,False,'None')	0.8598378435831465	13.760706186294556
minMaxScaler();extraTreesClassifier(69,'entropy','sqrt',7,8,False,'None')	0.8598378435831465	cached
minMaxScaler();minMaxScaler();selectFwe(0.005091268233138001);adaBoost(decisionTree('gini',15,5,0.7675009419618711,6,'None'),72,0.9324907945283316,'SAMME')	invalid_ind (duplicated operator)	invalid_ind (duplicated operator)
logisticRegression('l2','lbfgs',1000,0.32704755922556994,'balanced')	0.870543372944306	20.630762338638306
logisticRegression('l2','newton-cg',1000,15.386948751584768,'balanced')	0.870543372944306	11.007348775863647
logisticRegression('l1','lbfgs',1000,18.71785108953918,'balanced')	eval_error (Solver lbfgs supports only 'l2' or None penalties, got l1 penalty.)	eval_error (Solver lbfgs supports only 'l2' or None penalties, got l1 penalty.)
minMaxScaler();minMaxScaler();selectFwe(0.005091268233138001);logisticRegression('l2','liblinear',1000,0.32704755922556994,'balanced')	invalid_ind (duplicated operator)	invalid_ind (duplicated operator)
robustScaler(False,True);selectPercentile(27.279670208473533);minMaxScaler();adaBoost(decisionTree('gini',15,3,0.7675009419618711,6,'None'),72,0.455651184851639,'SAMME')	0.8350987883857168	28.105006217956543
minMaxScaler();minMaxScaler();selectFwe(0.005091268233138001);adaBoost(decisionTree('entropy',24,5,0.0015864014143305294,6,'balanced'),21,0.3897630024794527,'SAMME')	invalid_ind (duplicated operator)	invalid_ind (duplicated operator)
logisticRegression('l2','saga',1000,0.32704755922556994,'balanced')	0.8711157877116242	15.807108879089355
minMaxScaler();extraTreesClassifier(69,'entropy','sqrt',7,8,False,'None')	0.8598378435831465	2.7181355953216553
minMaxScaler();extraTreesClassifier(69,'entropy','sqrt',7,8,False,'None')	0.8598378435831465	cached
minMaxScaler();extraTreesClassifier(69,'entropy','sqrt',7,8,False,'None')	0.8598378435831465	cached
pca(0.6131452986460608,False);minMaxScaler();robustScaler(True,True);selectFwe(0.015818383252087318);maxAbsScaler();varianceThreshold();adaBoost(decisionTree('entropy',26,3,0.24566018201499285,9,'balanced'),46,0.9324907945283316,'SAMME')	0.8561136032399741	cached
logisticRegression('l2','saga',1000,0.32704755922556994,'balanced')	0.8711157877116242	cached
fastICA(22,'parallel','arbitrary-variance','exp');robustScaler(False,True);maxAbsScaler();gaussianNB(0.0016516499060349244)	0.8322441159752403	cached
logisticRegression('l2','saga',1000,0.32704755922556994,'balanced')	0.8711157877116242	cached
pca(0.6131452986460608,False);robustScaler(False,True);robustScaler(True,True);selectFwe(0.015818383252087318);maxAbsScaler();varianceThreshold();logisticRegression('l2','lbfgs',1000,0.32704755922556994,'balanced')	invalid_ind (duplicated operator)	invalid_ind (duplicated operator)
selectPercentile(67.08955258602944);adaBoost(decisionTree('entropy',19,11,0.8786055756491172,1,'None'),50,0.15804777324728772,'SAMME')	0.8457544730925841	cached
robustScaler(False,True);logisticRegression('l2','lbfgs',1000,0.32704755922556994,'balanced')	0.87140591639156	22.693007946014404
fastICA(22,'parallel','arbitrary-variance','exp');selectFwe(0.005091268233138001);maxAbsScaler();logisticRegression('l2','lbfgs',1000,0.32704755922556994,'balanced')	0.8531091379682234	35.68780875205994
minMaxScaler();varianceThreshold();nystroem('rbf',2.929001993586289,20,5,0.546303776212953);nystroem('sigmoid',7.836662055439227,42,4,0.4434062309938511);adaBoost(decisionTree('gini',30,6,0.570207286410699,4,'None'),33,1.1735500917630868,'SAMME')	invalid_ind (duplicated operator)	invalid_ind (duplicated operator)
fastICA(22,'parallel','arbitrary-variance','exp');selectPercentile(67.08955258602944);maxAbsScaler();adaBoost(decisionTree('gini',22,8,0.581580603521434,6,'balanced'),21,0.455651184851639,'SAMME')	0.8514969950549416	45.247472286224365
minMaxScaler();minMaxScaler();selectFwe(0.005091268233138001);logisticRegression('l2','lbfgs',1000,0.32704755922556994,'balanced')	invalid_ind (duplicated operator)	invalid_ind (duplicated operator)
adaBoost(decisionTree('gini',4,19,0.4726839971898954,17,'balanced'),72,0.9324907945283316,'SAMME')	0.8293177807237285	51.77516293525696
adaBoost(decisionTree('gini',19,6,0.2630615980738642,18,'balanced'),59,0.16811797768305306,'SAMME')	0.8514381328947049	33.3069224357605
logisticRegression('l2','saga',1000,0.32704755922556994,'balanced')	0.8711157877116242	23.91435718536377
maxAbsScaler();selectPercentile(50.873388510356925);minMaxScaler();adaBoost(decisionTree('gini',15,3,0.7675009419618711,6,'None'),21,0.46410983501743985,'SAMME')	0.8425046963961549	17.68890881538391
pca(0.6131452986460608,False);minMaxScaler();robustScaler(True,True);selectFwe(0.015818383252087318);maxAbsScaler();varianceThreshold();adaBoost(decisionTree('entropy',26,3,0.24566018201499285,9,'balanced'),46,0.9324907945283316,'SAMME')	0.8561136032399741	14.10465383529663
pca(0.6131452986460608,False);maxAbsScaler();robustScaler(True,True);selectFwe(0.015818383252087318);maxAbsScaler();varianceThreshold();adaBoost(decisionTree('entropy',24,3,0.0015864014143305294,6,'balanced'),21,0.3897630024794527,'SAMME')	invalid_ind (duplicated operator)	invalid_ind (duplicated operator)
minMaxScaler();minMaxScaler();selectFwe(0.005091268233138001);adaBoost(decisionTree('entropy',26,5,0.24566018201499285,9,'balanced'),46,0.9324907945283316,'SAMME')	invalid_ind (duplicated operator)	invalid_ind (duplicated operator)
maxAbsScaler();selectPercentile(27.279670208473533);minMaxScaler();adaBoost(decisionTree('gini',10,3,0.7675009419618711,6,'balanced'),65,0.6602779222923232,'SAMME')	0.8348897175553021	29.060189723968506
adaBoost(decisionTree('gini',10,11,0.28452366912326477,8,'balanced'),65,0.6602779222923232,'SAMME')	0.8519253930147	37.11186075210571
selectFwe(0.016022451797499823);minMaxScaler();nystroem('poly',0.40708636393485853,31,4,-0.3707459129873867);robustScaler(False,True);varianceThreshold();adaBoost(decisionTree('entropy',16,5,0.0015864014143305294,6,'None'),31,0.9324907945283316,'SAMME')	0.8320220739164628	10.935854434967041
fastICA(82,'deflation','arbitrary-variance','exp');varianceThreshold();maxAbsScaler();logisticRegression('l2','lbfgs',1000,0.32704755922556994,'balanced')	0.8717414062363135	86.06643486022949
minMaxScaler();varianceThreshold();minMaxScaler();selectPercentile(67.08955258602944);minMaxScaler();pca(0.9622299704532589,False);selectFwe(0.04288814899743058);lda(0.052995459437447545,101,0.07624079755228194)	invalid_ind (duplicated operator)	invalid_ind (duplicated operator)
fastICA(22,'parallel','arbitrary-variance','exp');selectPercentile(67.08955258602944);maxAbsScaler();logisticRegression('l2','lbfgs',1000,0.32704755922556994,'balanced')	0.8694354450829926	cached
logisticRegression('l2','lbfgs',1000,0.32704755922556994,'balanced')	0.870543372944306	cached
minMaxScaler();varianceThreshold();minMaxScaler();varianceThreshold();minMaxScaler();pca(0.9622299704532589,False);selectFwe(0.04288814899743058);logisticRegression('l2','saga',1000,0.32704755922556994,'balanced')	invalid_ind (duplicated operator)	invalid_ind (duplicated operator)
lda(0.052995459437447545,101,0.07624079755228194)	eval_error (n_components cannot be larger than min(n_features, n_classes - 1).)	eval_error (n_components cannot be larger than min(n_features, n_classes - 1).)
minMaxScaler();extraTreesClassifier(69,'entropy','sqrt',7,8,False,'None')	0.8598378435831465	6.824024200439453
logisticRegression('l2','saga',1000,0.32704755922556994,'balanced')	0.8711157877116242	cached
maxAbsScaler();selectPercentile(27.279670208473533);minMaxScaler();adaBoost(decisionTree('gini',15,3,0.7675009419618711,6,'None'),72,0.9324907945283316,'SAMME')	0.8374106691065812	cached
lda(0.6987943295049526,123,0.02226171771785816)	eval_error (n_components cannot be larger than min(n_features, n_classes - 1).)	eval_error (n_components cannot be larger than min(n_features, n_classes - 1).)
logisticRegression('l2','lbfgs',1000,0.32704755922556994,'balanced')	0.870543372944306	cached
adaBoost(decisionTree('entropy',17,4,0.04417606666134566,6,'balanced'),82,0.15202594004472772,'SAMME')	0.8374025502952793	17.30845355987549
robustScaler(False,False);adaBoost(decisionTree('entropy',17,6,0.49672209696623215,18,'balanced'),27,0.8348731341327861,'SAMME')	0.8301423356988344	15.429547309875488
logisticRegression('l2','saga',1000,18.71785108953918,'balanced')	0.8702535178718422	6.157015323638916
robustScaler(False,True);selectPercentile(27.279670208473533);minMaxScaler();adaBoost(decisionTree('entropy',15,3,0.7675009419618711,6,'balanced'),46,0.9324907945283316,'SAMME')	0.8329303825129342	14.107197284698486
logisticRegression('l2','lbfgs',1000,0.32704755922556994,'balanced')	0.870543372944306	13.089674472808838
pca(0.6131452986460608,False);minMaxScaler();robustScaler(True,True);selectFwe(0.015818383252087318);maxAbsScaler();varianceThreshold();adaBoost(decisionTree('gini',26,3,0.24566018201499285,9,'None'),72,0.3897630024794527,'SAMME')	0.8426695069325536	12.944206953048706
robustScaler(False,False);adaBoost(decisionTree('entropy',17,6,0.49672209696623215,18,'balanced'),27,0.8348731341327861,'SAMME')	0.8301423356988344	cached
fastICA(22,'parallel','arbitrary-variance','exp');robustScaler(False,True);maxAbsScaler();logisticRegression('l2','lbfgs',1000,0.32704755922556994,'balanced')	0.8702927393343339	cached
minMaxScaler();minMaxScaler();selectFwe(0.005091268233138001);adaBoost(decisionTree('entropy',26,5,0.24566018201499285,9,'balanced'),46,0.9324907945283316,'SAMME')	invalid_ind (duplicated operator)	invalid_ind (duplicated operator)
selectPercentile(67.08955258602944);adaBoost(decisionTree('entropy',19,11,0.8786055756491172,1,'None'),50,0.15804777324728772,'SAMME')	0.8457544730925841	cached
minMaxScaler();minMaxScaler();selectFwe(0.005091268233138001);adaBoost(decisionTree('entropy',26,5,0.24566018201499285,9,'balanced'),46,0.9324907945283316,'SAMME')	invalid_ind (duplicated operator)	invalid_ind (duplicated operator)
logisticRegression('l2','saga',1000,0.32704755922556994,'balanced')	0.8711157877116242	cached
minMaxScaler();varianceThreshold();minMaxScaler();varianceThreshold();minMaxScaler();pca(0.9622299704532589,False);selectFwe(0.04288814899743058);logisticRegression('l2','saga',1000,0.32704755922556994,'balanced')	invalid_ind (duplicated operator)	invalid_ind (duplicated operator)
minMaxScaler();extraTreesClassifier(69,'entropy','sqrt',7,8,False,'None')	0.8598378435831465	13.882169485092163
logisticRegression('l2','saga',1000,0.32704755922556994,'balanced')	0.8711157877116242	cached
logisticRegression('l2','lbfgs',1000,0.32704755922556994,'balanced')	0.870543372944306	cached
pca(0.6131452986460608,False);maxAbsScaler();robustScaler(True,True);selectFwe(0.015818383252087318);maxAbsScaler();varianceThreshold();adaBoost(decisionTree('entropy',24,3,0.0015864014143305294,6,'balanced'),21,0.3897630024794527,'SAMME')	invalid_ind (duplicated operator)	invalid_ind (duplicated operator)
maxAbsScaler();selectPercentile(50.873388510356925);minMaxScaler();adaBoost(decisionTree('gini',15,3,0.7675009419618711,6,'None'),21,0.46410983501743985,'SAMME')	0.8425046963961549	27.367380142211914
selectFwe(0.02689921600869756);logisticRegression('l2','lbfgs',1000,0.32704755922556994,'balanced')	0.8734415290247208	18.842071294784546
logisticRegression('l2','lbfgs',1000,0.32704755922556994,'balanced')	0.870543372944306	34.75480246543884
logisticRegression('l2','lbfgs',1000,24.708318248094344,'None')	0.8699476154061822	39.25369429588318
selectPercentile(96.88057998065166);extraTreesClassifier(69,'entropy','sqrt',7,8,False,'None')	0.8601148360870295	8.715326070785522
logisticRegression('l2','saga',1000,0.32704755922556994,'balanced')	0.8711157877116242	21.18126916885376
selectPercentile(11.458207006861684);adaBoost(decisionTree('gini',16,15,0.6987441233483282,8,'None'),50,0.15804777324728772,'SAMME')	0.6754907638146496	15.316422700881958
fastICA(22,'parallel','arbitrary-variance','exp');robustScaler(False,True);minMaxScaler();logisticRegression('l2','lbfgs',1000,0.32704755922556994,'balanced')	0.8689719863481292	19.632627964019775
selectFwe(0.013012935456861875);logisticRegression('l2','lbfgs',1000,0.32704755922556994,'balanced')	0.8734415290247208	10.72521162033081
maxAbsScaler();extraTreesClassifier(69,'entropy','sqrt',7,8,False,'None')	0.8598378435831465	14.973461627960205
fastICA(22,'parallel','arbitrary-variance','exp');robustScaler(False,True);maxAbsScaler();gaussianNB(0.0016516499060349244)	0.8322441159752403	26.078288078308105
minMaxScaler();extraTreesClassifier(69,'entropy','sqrt',7,8,False,'None')	0.8598378435831465	15.877372026443481
maxAbsScaler();selectPercentile(56.59022658432902);minMaxScaler();adaBoost(decisionTree('gini',15,19,0.7675009419618711,6,'None'),72,0.9324907945283316,'SAMME')	0.8549223935132245	82.00755906105042
selectPercentile(67.08955258602944);extraTreesClassifier(69,'entropy','sqrt',7,8,False,'None')	0.8622032942736638	9.415264129638672
logisticRegression('l2','saga',1000,0.32704755922556994,'balanced')	0.8711157877116242	21.010695457458496
minMaxScaler();fastICA(34,'parallel','arbitrary-variance','cube');minMaxScaler();adaBoost(decisionTree('gini',22,8,0.581580603521434,6,'balanced'),21,0.455651184851639,'SAMME')	invalid_ind (duplicated operator)	invalid_ind (duplicated operator)
minMaxScaler();varianceThreshold();minMaxScaler();varianceThreshold();minMaxScaler();pca(0.9622299704532589,False);selectFwe(0.04288814899743058);logisticRegression('l2','saga',1000,0.32704755922556994,'balanced')	invalid_ind (duplicated operator)	invalid_ind (duplicated operator)
logisticRegression('l2','saga',1000,0.32704755922556994,'balanced')	0.8711157877116242	cached
minMaxScaler();extraTreesClassifier(69,'entropy','sqrt',7,8,False,'None')	0.8598378435831465	9.50677490234375
logisticRegression('l2','saga',1000,0.32704755922556994,'balanced')	0.8711157877116242	17.138991117477417
adaBoost(decisionTree('entropy',17,4,0.04417606666134566,6,'balanced'),82,0.15202594004472772,'SAMME')	0.8374025502952793	24.286633491516113
pca(0.6131452986460608,False);minMaxScaler();robustScaler(True,True);selectFwe(0.015818383252087318);maxAbsScaler();varianceThreshold();adaBoost(decisionTree('gini',26,3,0.24566018201499285,9,'None'),72,0.3897630024794527,'SAMME')	0.8426695069325536	24.852641344070435
logisticRegression('None','lbfgs',1000,0.32704755922556994,'balanced')	0.8691198636550072	27.81952691078186
fastICA(82,'deflation','arbitrary-variance','exp');varianceThreshold();maxAbsScaler();logisticRegression('l2','lbfgs',1000,0.32704755922556994,'balanced')	0.8717414062363135	91.50300645828247
adaBoost(decisionTree('gini',22,13,0.4750406506896492,5,'None'),74,0.10882168363109347,'SAMME')	0.8477789239274557	69.55863857269287
logisticRegression('l2','lbfgs',1000,0.32704755922556994,'balanced')	0.870543372944306	25.149587392807007
pca(0.6131452986460608,False);minMaxScaler();robustScaler(True,True);selectFwe(0.015818383252087318);maxAbsScaler();varianceThreshold();adaBoost(decisionTree('entropy',26,3,0.24566018201499285,9,'balanced'),46,0.9324907945283316,'SAMME')	0.8561136032399741	16.22275137901306
adaBoost(decisionTree('gini',19,6,0.2630615980738642,18,'balanced'),59,0.16811797768305306,'SAMME')	0.8514381328947049	22.138503313064575
minMaxScaler();adaBoost(decisionTree('entropy',19,11,0.8786055756491172,1,'None'),50,0.15804777324728772,'SAMME')	0.8426300613028758	85.39684128761292
logisticRegression('l2','saga',1000,0.32704755922556994,'balanced')	0.8711157877116242	cached
logisticRegression('None','lbfgs',1000,0.32704755922556994,'balanced')	0.8691198636550072	cached
logisticRegression('l2','saga',1000,0.32704755922556994,'balanced')	0.8711157877116242	cached
logisticRegression('l2','saga',1000,0.32704755922556994,'balanced')	0.8711157877116242	cached
adaBoost(decisionTree('entropy',17,4,0.04417606666134566,6,'balanced'),82,0.15202594004472772,'SAMME')	0.8374025502952793	cached
logisticRegression('l2','saga',1000,0.32704755922556994,'balanced')	0.8711157877116242	cached
selectPercentile(1.3966294487175506);extraTreesClassifier(69,'entropy','sqrt',7,8,False,'None')	0.5608230554553014	4.537160396575928
selectPercentile(67.08955258602944);extraTreesClassifier(69,'entropy','sqrt',7,8,False,'None')	0.8622032942736638	5.4521143436431885
selectFwe(0.006419453741170014);logisticRegression('None','saga',1000,0.32704755922556994,'None')	0.8734353084944828	12.70142388343811
minMaxScaler();logisticRegression('l2','lbfgs',1000,0.32704755922556994,'balanced')	0.8688816671013185	17.952440977096558
logisticRegression('l2','saga',1000,0.32704755922556994,'balanced')	0.8711157877116242	23.796131134033203
fastICA(22,'parallel','arbitrary-variance','exp');robustScaler(False,True);minMaxScaler();logisticRegression('l2','lbfgs',1000,0.32704755922556994,'balanced')	0.8689719863481292	39.0202112197876
minMaxScaler();extraTreesClassifier(87,'entropy','log2',18,6,True,'balanced_subsample')	0.8564612340282501	20.88740110397339
logisticRegression('None','lbfgs',1000,0.32704755922556994,'balanced')	0.8691198636550072	cached
logisticRegression('l2','saga',1000,0.32704755922556994,'balanced')	0.8711157877116242	cached
fastICA(22,'parallel','arbitrary-variance','exp');robustScaler(False,True);minMaxScaler();logisticRegression('l2','lbfgs',1000,0.32704755922556994,'balanced')	0.8689719863481292	39.82207179069519
fastICA(22,'parallel','arbitrary-variance','exp');robustScaler(False,True);maxAbsScaler();extraTreesClassifier(69,'entropy','sqrt',7,8,False,'None')	0.8572593082598658	33.285959243774414
logisticRegression('l2','sag',1000,0.32704755922556994,'balanced')	0.8708308874267241	6.9350504875183105
logisticRegression('l2','saga',1000,0.32704755922556994,'balanced')	0.8711157877116242	12.300618648529053
selectFwe(0.02689921600869756);extraTreesClassifier(69,'entropy','sqrt',7,8,False,'None')	0.8660593851515503	4.738102197647095
maxAbsScaler();selectPercentile(50.873388510356925);minMaxScaler();adaBoost(decisionTree('gini',15,3,0.7675009419618711,6,'None'),21,0.46410983501743985,'SAMME')	0.8425046963961549	11.979589939117432
minMaxScaler();extraTreesClassifier(69,'entropy','sqrt',7,8,False,'None')	0.8598378435831465	4.914645195007324
gaussianNB(0.004152211571083364)	0.8045582885908097	2.3515520095825195
logisticRegression('l2','saga',1000,0.32704755922556994,'balanced')	0.8711157877116242	cached
minMaxScaler();varianceThreshold();minMaxScaler();varianceThreshold();minMaxScaler();pca(0.9622299704532589,False);selectFwe(0.04288814899743058);logisticRegression('l2','saga',1000,0.32704755922556994,'balanced')	invalid_ind (duplicated operator)	invalid_ind (duplicated operator)
fastICA(22,'parallel','arbitrary-variance','exp');robustScaler(False,True);maxAbsScaler();logisticRegression('l2','lbfgs',1000,0.32704755922556994,'balanced')	0.8702927393343339	cached
fastICA(22,'parallel','arbitrary-variance','exp');robustScaler(False,True);minMaxScaler();logisticRegression('l2','lbfgs',1000,0.32704755922556994,'balanced')	0.8689719863481292	cached
pca(0.6131452986460608,False);maxAbsScaler();robustScaler(True,True);selectFwe(0.015818383252087318);maxAbsScaler();varianceThreshold();logisticRegression('None','lbfgs',1000,0.32704755922556994,'balanced')	invalid_ind (duplicated operator)	invalid_ind (duplicated operator)
logisticRegression('l1','sag',1000,1.6706867732769668,'balanced')	eval_error (Solver sag supports only 'l2' or None penalties, got l1 penalty.)	eval_error (Solver sag supports only 'l2' or None penalties, got l1 penalty.)
logisticRegression('l2','saga',1000,0.32704755922556994,'balanced')	0.8711157877116242	cached
fastICA(22,'parallel','arbitrary-variance','exp');robustScaler(False,True);minMaxScaler();logisticRegression('l2','lbfgs',1000,0.32704755922556994,'balanced')	0.8689719863481292	cached
minMaxScaler();minMaxScaler();selectFwe(0.005091268233138001);adaBoost(decisionTree('gini',26,5,0.24566018201499285,9,'balanced'),21,0.455651184851639,'SAMME')	invalid_ind (duplicated operator)	invalid_ind (duplicated operator)
minMaxScaler();fastICA(34,'parallel','arbitrary-variance','cube');minMaxScaler();adaBoost(decisionTree('entropy',22,8,0.581580603521434,6,'balanced'),46,0.9324907945283316,'SAMME')	invalid_ind (duplicated operator)	invalid_ind (duplicated operator)
minMaxScaler();minMaxScaler();selectFwe(0.005091268233138001);logisticRegression('l2','lbfgs',1000,0.32704755922556994,'balanced')	invalid_ind (duplicated operator)	invalid_ind (duplicated operator)
minMaxScaler();extraTreesClassifier(69,'entropy','sqrt',7,8,False,'None')	0.8598378435831465	10.118757247924805
maxAbsScaler();pca(0.7478539819643741,False);maxAbsScaler();logisticRegression('l2','lbfgs',1000,0.32704755922556994,'balanced')	invalid_ind (duplicated operator)	invalid_ind (duplicated operator)
adaBoost(decisionTree('entropy',24,3,0.0015864014143305294,6,'balanced'),21,0.3897630024794527,'SAMME')	0.782598917872163	11.547994136810303
selectPercentile(96.88057998065166);logisticRegression('l2','lbfgs',1000,0.32704755922556994,'balanced')	0.8725479838280463	21.403611183166504
selectPercentile(67.08955258602944);adaBoost(decisionTree('entropy',19,11,0.8786055756491172,1,'None'),50,0.15804777324728772,'SAMME')	0.8457544730925841	69.73273468017578
adaBoost(decisionTree('entropy',26,5,0.24566018201499285,9,'balanced'),46,0.9324907945283316,'SAMME')	0.838942367886147	23.560964822769165
logisticRegression('l2','lbfgs',1000,0.32704755922556994,'balanced')	0.870543372944306	cached
logisticRegression('None','lbfgs',1000,0.32704755922556994,'balanced')	0.8691198636550072	cached
logisticRegression('None','lbfgs',1000,0.32704755922556994,'balanced')	0.8691198636550072	cached
minMaxScaler();minMaxScaler();selectFwe(0.005091268233138001);logisticRegression('l2','lbfgs',1000,0.32704755922556994,'balanced')	invalid_ind (duplicated operator)	invalid_ind (duplicated operator)
fastICA(22,'parallel','arbitrary-variance','exp');robustScaler(False,True);minMaxScaler();logisticRegression('l2','lbfgs',1000,0.32704755922556994,'balanced')	0.8689719863481292	cached
minMaxScaler();minMaxScaler();selectFwe(0.005091268233138001);logisticRegression('l2','lbfgs',1000,0.32704755922556994,'balanced')	invalid_ind (duplicated operator)	invalid_ind (duplicated operator)
logisticRegression('l2','sag',1000,0.32704755922556994,'balanced')	0.8708308874267241	3.732377052307129
extraTreesClassifier(69,'entropy','sqrt',7,8,False,'None')	0.8598378435831465	4.211266040802002
minMaxScaler();adaBoost(decisionTree('entropy',7,5,0.4260453120264902,1,'balanced'),22,0.1399530751835031,'SAMME')	0.8403388198887856	9.053534507751465
minMaxScaler();minMaxScaler();selectFwe(0.005091268233138001);logisticRegression('l2','lbfgs',1000,0.32704755922556994,'balanced')	invalid_ind (duplicated operator)	invalid_ind (duplicated operator)
fastICA(22,'parallel','arbitrary-variance','exp');robustScaler(False,True);minMaxScaler();logisticRegression('l2','lbfgs',1000,0.32704755922556994,'balanced')	0.8689719863481292	cached
minMaxScaler();fastICA(34,'parallel','arbitrary-variance','cube');minMaxScaler();adaBoost(decisionTree('entropy',22,8,0.581580603521434,6,'balanced'),46,0.9324907945283316,'SAMME')	invalid_ind (duplicated operator)	invalid_ind (duplicated operator)
adaBoost(decisionTree('entropy',4,20,0.42860515260294885,15,'balanced'),50,1.8508543574722038,'SAMME')	0.8182474029759964	12.496049880981445
minMaxScaler();minMaxScaler();selectFwe(0.005091268233138001);logisticRegression('l2','lbfgs',1000,0.32704755922556994,'balanced')	invalid_ind (duplicated operator)	invalid_ind (duplicated operator)
logisticRegression('l2','saga',1000,0.32704755922556994,'balanced')	0.8711157877116242	cached
logisticRegression('l2','saga',1000,0.32704755922556994,'balanced')	0.8711157877116242	cached
logisticRegression('l2','sag',1000,0.32704755922556994,'balanced')	0.8708308874267241	5.53216814994812
selectPercentile(67.08955258602944);logisticRegression('l2','saga',1000,0.32704755922556994,'balanced')	0.8731454742228962	7.1182801723480225
logisticRegression('l2','saga',1000,0.32704755922556994,'balanced')	0.8711157877116242	cached
logisticRegression('None','lbfgs',1000,0.32704755922556994,'balanced')	0.8691198636550072	cached
minMaxScaler();fastICA(34,'parallel','arbitrary-variance','cube');minMaxScaler();adaBoost(decisionTree('entropy',22,8,0.581580603521434,6,'None'),50,0.15804777324728772,'SAMME')	invalid_ind (duplicated operator)	invalid_ind (duplicated operator)
pca(0.7605067471557542,True);nystroem('poly',3.6851975951265126,67,2,0.9686497432033274);logisticRegression('l1','lbfgs',1000,1.409702421903201,'None')	eval_error (Solver lbfgs supports only 'l2' or None penalties, got l1 penalty.)	eval_error (Solver lbfgs supports only 'l2' or None penalties, got l1 penalty.)
logisticRegression('None','lbfgs',1000,0.32704755922556994,'balanced')	0.8691198636550072	cached
selectPercentile(96.88057998065166);logisticRegression('l2','lbfgs',1000,0.32704755922556994,'balanced')	0.8725479838280463	cached
logisticRegression('None','lbfgs',1000,0.32704755922556994,'balanced')	0.8691198636550072	cached
adaBoost(decisionTree('gini',14,8,0.7675540336631064,20,'balanced'),41,0.8274414846416462,'SAMME')	0.8350609806276561	21.566771507263184
logisticRegression('l2','sag',1000,0.32704755922556994,'balanced')	0.8708308874267241	cached
minMaxScaler();logisticRegression('l2','lbfgs',1000,0.32704755922556994,'balanced')	0.8688816671013185	cached
logisticRegression('l2','sag',1000,0.32704755922556994,'balanced')	0.8708308874267241	cached
selectPercentile(67.08955258602944);adaBoost(decisionTree('gini',9,3,0.12612126636053755,11,'balanced'),50,0.8694905043134372,'SAMME')	0.8425721097840337	8.21851634979248
logisticRegression('l2','saga',1000,0.32704755922556994,'balanced')	0.8711157877116242	cached
logisticRegression('l2','saga',1000,0.32704755922556994,'balanced')	0.8711157877116242	cached
selectPercentile(67.08955258602944);logisticRegression('None','saga',1000,0.32704755922556994,'None')	0.8728064848356414	6.580648899078369
selectFwe(0.006419453741170014);extraTreesClassifier(69,'entropy','sqrt',7,8,False,'None')	0.8660593851515503	7.911911487579346
adaBoost(decisionTree('entropy',26,5,0.24566018201499285,9,'balanced'),46,0.9324907945283316,'SAMME')	0.838942367886147	22.093215227127075
fastICA(22,'parallel','arbitrary-variance','exp');robustScaler(True,False);minMaxScaler();logisticRegression('l2','lbfgs',1000,0.32704755922556994,'balanced')	0.8689719863481292	13.902266502380371
logisticRegression('l2','saga',1000,0.32704755922556994,'balanced')	0.8711157877116242	cached
selectPercentile(67.08955258602944);adaBoost(decisionTree('entropy',19,11,0.8786055756491172,1,'None'),50,0.15804777324728772,'SAMME')	0.8457544730925841	35.87307929992676
logisticRegression('l2','lbfgs',1000,0.32704755922556994,'balanced')	0.870543372944306	21.5697283744812
fastICA(22,'parallel','arbitrary-variance','exp');selectPercentile(67.08955258602944);maxAbsScaler();logisticRegression('l2','lbfgs',1000,0.32704755922556994,'balanced')	0.8694354450829926	22.154176235198975
selectPercentile(96.88057998065166);logisticRegression('l2','lbfgs',1000,0.32704755922556994,'balanced')	0.8725479838280463	cached
logisticRegression('l2','sag',1000,0.32704755922556994,'balanced')	0.8708308874267241	cached
logisticRegression('l2','sag',1000,0.32704755922556994,'balanced')	0.8708308874267241	cached
logisticRegression('l2','sag',1000,0.32704755922556994,'balanced')	0.8708308874267241	cached
logisticRegression('l2','sag',1000,0.32704755922556994,'balanced')	0.8708308874267241	cached
logisticRegression('l2','saga',1000,0.32704755922556994,'balanced')	0.8711157877116242	cached
logisticRegression('l2','lbfgs',1000,0.32704755922556994,'balanced')	0.870543372944306	cached
extraTreesClassifier(69,'entropy','sqrt',7,8,False,'None')	0.8598378435831465	cached
logisticRegression('None','lbfgs',1000,0.32704755922556994,'balanced')	0.8691198636550072	cached
logisticRegression('l2','sag',1000,0.32704755922556994,'balanced')	0.8708308874267241	cached
minMaxScaler();fastICA(34,'parallel','arbitrary-variance','cube');minMaxScaler();adaBoost(decisionTree('entropy',22,8,0.581580603521434,6,'balanced'),46,0.9324907945283316,'SAMME')	invalid_ind (duplicated operator)	invalid_ind (duplicated operator)
pca(0.7605067471557542,True);nystroem('poly',3.6851975951265126,67,2,0.9686497432033274);logisticRegression('l1','lbfgs',1000,1.409702421903201,'None')	eval_error (Solver lbfgs supports only 'l2' or None penalties, got l1 penalty.)	eval_error (Solver lbfgs supports only 'l2' or None penalties, got l1 penalty.)
logisticRegression('None','lbfgs',1000,0.32704755922556994,'balanced')	0.8691198636550072	cached
logisticRegression('l2','saga',1000,0.32704755922556994,'balanced')	0.8711157877116242	cached
minMaxScaler();pca(0.5977792908739626,True);pca(0.5138938085665048,False);logisticRegression('l1','lbfgs',1000,0.32704755922556994,'balanced')	invalid_ind (duplicated operator)	invalid_ind (duplicated operator)
selectFwe(0.006419453741170014);logisticRegression('None','saga',1000,0.32704755922556994,'balanced')	0.8737264293096212	11.06644868850708
selectPercentile(67.08955258602944);logisticRegression('l2','saga',1000,0.32704755922556994,'None')	0.8742424351854163	15.973537683486938
logisticRegression('l2','sag',1000,1.409702421903201,'None')	0.8702289093583622	14.953024864196777
logisticRegression('l2','saga',1000,0.32704755922556994,'balanced')	0.8711157877116242	cached
logisticRegression('l2','saga',1000,0.32704755922556994,'balanced')	0.8711157877116242	cached
minMaxScaler();minMaxScaler();selectFwe(0.005091268233138001);logisticRegression('l2','lbfgs',1000,0.32704755922556994,'balanced')	invalid_ind (duplicated operator)	invalid_ind (duplicated operator)
logisticRegression('l2','saga',1000,0.32704755922556994,'balanced')	0.8711157877116242	cached
logisticRegression('None','saga',1000,0.32704755922556994,'balanced')	0.8702535178718422	18.09034252166748
selectPercentile(96.88057998065166);logisticRegression('l2','lbfgs',1000,0.32704755922556994,'balanced')	0.8725479838280463	21.656659603118896
minMaxScaler();fastICA(17,'parallel','arbitrary-variance','cube');minMaxScaler();adaBoost(decisionTree('entropy',22,8,0.581580603521434,6,'None'),50,0.15804777324728772,'SAMME')	invalid_ind (duplicated operator)	invalid_ind (duplicated operator)
logisticRegression('l2','lbfgs',1000,0.32704755922556994,'balanced')	0.870543372944306	cached
minMaxScaler();minMaxScaler();selectFwe(0.005091268233138001);logisticRegression('l2','lbfgs',1000,0.32704755922556994,'balanced')	invalid_ind (duplicated operator)	invalid_ind (duplicated operator)
selectPercentile(67.08955258602944);logisticRegression('l2','saga',1000,0.32704755922556994,'None')	0.8742424351854163	16.100690841674805
logisticRegression('None','lbfgs',1000,0.32704755922556994,'balanced')	0.8691198636550072	cached
logisticRegression('l2','sag',1000,0.32704755922556994,'balanced')	0.8708308874267241	cached
logisticRegression('l2','sag',1000,0.32704755922556994,'balanced')	0.8708308874267241	cached
logisticRegression('l2','saga',1000,0.32704755922556994,'balanced')	0.8711157877116242	cached
fastICA(22,'parallel','arbitrary-variance','exp');robustScaler(False,True);maxAbsScaler();logisticRegression('l2','lbfgs',1000,0.32704755922556994,'balanced')	0.8702927393343339	cached
logisticRegression('l2','saga',1000,0.32704755922556994,'balanced')	0.8711157877116242	cached
selectFwe(0.006419453741170014);logisticRegression('None','saga',1000,0.32704755922556994,'balanced')	0.8737264293096212	12.002074480056763
logisticRegression('l2','sag',1000,5.027585060729609,'balanced')	0.870543372944306	11.651253461837769
logisticRegression('l2','lbfgs',1000,0.32704755922556994,'balanced')	0.870543372944306	17.772113800048828
logisticRegression('l2','sag',1000,2.0598092706405007,'balanced')	0.870543372944306	8.003649234771729
adaBoost(decisionTree('entropy',22,8,0.581580603521434,6,'balanced'),46,0.9324907945283316,'SAMME')	0.8495083337981579	30.185121536254883
minMaxScaler();fastICA(34,'parallel','arbitrary-variance','cube');minMaxScaler();logisticRegression('l2','lbfgs',1000,0.32704755922556994,'balanced')	invalid_ind (duplicated operator)	invalid_ind (duplicated operator)
logisticRegression('l2','saga',1000,0.32704755922556994,'balanced')	0.8711157877116242	cached
logisticRegression('l2','saga',1000,0.32704755922556994,'balanced')	0.8711157877116242	cached
selectFwe(0.006419453741170014);logisticRegression('None','saga',1000,0.32704755922556994,'balanced')	0.8737264293096212	cached
selectPercentile(96.88057998065166);logisticRegression('l2','lbfgs',1000,0.32704755922556994,'balanced')	0.8725479838280463	cached
logisticRegression('l2','sag',1000,0.32704755922556994,'balanced')	0.8708308874267241	cached
logisticRegression('l2','sag',1000,0.32704755922556994,'balanced')	0.8708308874267241	cached
logisticRegression('l2','saga',1000,0.32704755922556994,'balanced')	0.8711157877116242	cached
minMaxScaler();minMaxScaler();selectFwe(0.005091268233138001);logisticRegression('l2','lbfgs',1000,0.32704755922556994,'balanced')	invalid_ind (duplicated operator)	invalid_ind (duplicated operator)
minMaxScaler();minMaxScaler();selectFwe(0.049462318490671425);logisticRegression('l2','lbfgs',1000,0.32704755922556994,'balanced')	invalid_ind (duplicated operator)	invalid_ind (duplicated operator)
logisticRegression('l2','sag',1000,0.32704755922556994,'balanced')	0.8708308874267241	cached
logisticRegression('l2','saga',1000,0.32704755922556994,'balanced')	0.8711157877116242	cached
logisticRegression('l2','saga',1000,0.32704755922556994,'balanced')	0.8711157877116242	cached
minMaxScaler();minMaxScaler();selectFwe(0.005091268233138001);logisticRegression('l2','lbfgs',1000,0.32704755922556994,'balanced')	invalid_ind (duplicated operator)	invalid_ind (duplicated operator)
logisticRegression('l2','sag',1000,0.32704755922556994,'balanced')	0.8708308874267241	cached
selectPercentile(96.88057998065166);logisticRegression('l2','lbfgs',1000,0.32704755922556994,'balanced')	0.8725479838280463	cached
selectFwe(0.006419453741170014);logisticRegression('None','saga',1000,0.32704755922556994,'balanced')	0.8737264293096212	cached
logisticRegression('l2','saga',1000,0.32704755922556994,'balanced')	0.8711157877116242	cached
logisticRegression('l2','saga',1000,0.32704755922556994,'balanced')	0.8711157877116242	cached
minMaxScaler();fastICA(34,'parallel','arbitrary-variance','cube');minMaxScaler();logisticRegression('l2','lbfgs',1000,0.32704755922556994,'balanced')	invalid_ind (duplicated operator)	invalid_ind (duplicated operator)
logisticRegression('l2','saga',1000,0.32704755922556994,'balanced')	0.8711157877116242	cached
logisticRegression('l2','saga',1000,0.32704755922556994,'balanced')	0.8711157877116242	cached
logisticRegression('l2','saga',1000,0.32704755922556994,'balanced')	0.8711157877116242	cached
logisticRegression('l1','lbfgs',1000,7.015144877043864,'balanced')	eval_error (Solver lbfgs supports only 'l2' or None penalties, got l1 penalty.)	eval_error (Solver lbfgs supports only 'l2' or None penalties, got l1 penalty.)
minMaxScaler();maxAbsScaler();bernoulliNB(8.97076523812191,False)	0.33797460797185763	2.008942127227783
logisticRegression('l2','saga',1000,0.32704755922556994,'balanced')	0.8711157877116242	cached
logisticRegression('l2','lbfgs',1000,0.32704755922556994,'balanced')	0.870543372944306	cached
minMaxScaler();maxAbsScaler();selectPercentile(1.2016036267133994);maxAbsScaler();pca(0.9793472911271826,False);varianceThreshold();logisticRegression('l2','lbfgs',1000,0.32704755922556994,'balanced')	invalid_ind (duplicated operator)	invalid_ind (duplicated operator)
bernoulliNB(1.0474110847636768,True)	0.7029435743847584	2.642275094985962
logisticRegression('l2','lbfgs',1000,0.32704755922556994,'balanced')	0.870543372944306	cached
minMaxScaler();pca(0.5977792908739626,True);pca(0.5138938085665048,False);logisticRegression('l1','lbfgs',1000,0.32704755922556994,'balanced')	invalid_ind (duplicated operator)	invalid_ind (duplicated operator)
logisticRegression('l2','sag',1000,1.409702421903201,'None')	0.8702289093583622	3.8738644123077393
varianceThreshold();adaBoost(decisionTree('gini',2,4,0.3417027793504327,6,'None'),29,0.4941636950706979,'SAMME')	0.8273874774069082	7.316169738769531
selectFwe(0.005091268233138001);logisticRegression('None','saga',1000,0.32704755922556994,'balanced')	0.8737264293096212	8.456069231033325
logisticRegression('l2','sag',1000,0.32704755922556994,'balanced')	0.8708308874267241	cached
minMaxScaler();pca(0.6102844167639097,True);minMaxScaler();logisticRegression('l2','lbfgs',1000,0.32704755922556994,'balanced')	invalid_ind (duplicated operator)	invalid_ind (duplicated operator)
logisticRegression('l2','sag',1000,0.32704755922556994,'balanced')	0.8708308874267241	12.184584617614746
selectPercentile(67.08955258602944);adaBoost(decisionTree('entropy',17,3,0.040669317190074494,15,'balanced'),66,0.9057508039975803,'SAMME')	0.8305658165015046	16.876685857772827
selectPercentile(67.08955258602944);logisticRegression('l2','saga',1000,0.32704755922556994,'None')	0.8742424351854163	cached
logisticRegression('None','lbfgs',1000,0.32704755922556994,'None')	0.8696577603337184	19.42228364944458
selectFwe(0.012784116828481318);logisticRegression('None','saga',1000,0.32704755922556994,'balanced')	0.8737264293096212	13.014730453491211
logisticRegression('l2','saga',1000,0.32704755922556994,'balanced')	0.8711157877116242	cached
logisticRegression('l2','sag',1000,0.32704755922556994,'balanced')	0.8708308874267241	cached
logisticRegression('l2','sag',1000,0.32704755922556994,'balanced')	0.8708308874267241	cached
selectFwe(0.006419453741170014);logisticRegression('None','saga',1000,0.32704755922556994,'balanced')	0.8737264293096212	cached
logisticRegression('l2','saga',1000,0.32704755922556994,'balanced')	0.8711157877116242	cached
logisticRegression('l2','saga',1000,0.32704755922556994,'balanced')	0.8711157877116242	cached
selectPercentile(96.88057998065166);logisticRegression('l2','lbfgs',1000,0.32704755922556994,'balanced')	0.8725479838280463	cached
logisticRegression('l2','saga',1000,0.32704755922556994,'balanced')	0.8711157877116242	cached
selectFwe(0.023600024856419703);logisticRegression('l2','liblinear',1000,0.32704755922556994,'balanced')	eval_error (The 'liblinear' solver does not support multiclass classification (n_classes >= 3). Either use another solver or wrap the estimator in a OneVsRestClassifier to keep applying a one-versus-rest scheme.)	eval_error (The 'liblinear' solver does not support multiclass classification (n_classes >= 3). Either use another solver or wrap the estimator in a OneVsRestClassifier to keep applying a one-versus-rest scheme.)
selectPercentile(67.08955258602944);logisticRegression('l2','saga',1000,0.32704755922556994,'None')	0.8742424351854163	cached
varianceThreshold();bernoulliNB(3.4467067647915117,True)	0.7017839631996	2.8495283126831055
selectPercentile(96.88057998065166);logisticRegression('l2','lbfgs',1000,0.32704755922556994,'balanced')	0.8725479838280463	cached
logisticRegression('l2','saga',1000,0.32704755922556994,'balanced')	0.8711157877116242	cached
logisticRegression('l2','sag',1000,0.32704755922556994,'balanced')	0.8708308874267241	cached
logisticRegression('l2','sag',1000,0.32704755922556994,'balanced')	0.8708308874267241	4.827102899551392
minMaxScaler();pca(0.5977792908739626,True);pca(0.5138938085665048,False);logisticRegression('l1','lbfgs',1000,1.409702421903201,'None')	invalid_ind (duplicated operator)	invalid_ind (duplicated operator)
selectFwe(0.006419453741170014);logisticRegression('None','saga',1000,0.32704755922556994,'balanced')	0.8737264293096212	cached
selectPercentile(96.88057998065166);logisticRegression('l2','lbfgs',1000,0.32704755922556994,'balanced')	0.8725479838280463	cached
selectPercentile(64.73413619313483);logisticRegression('l2','saga',1000,0.32704755922556994,'balanced')	0.8731258634916506	10.713820219039917
logisticRegression('l2','sag',1000,0.32704755922556994,'balanced')	0.8708308874267241	10.154869318008423
varianceThreshold();minMaxScaler();maxAbsScaler();nystroem('cosine',2.7822051974886124,13,4,-0.4937616933158262);adaBoost(decisionTree('gini',6,7,0.7086580412844432,7,'balanced'),38,1.1643211259780695,'SAMME')	0.7859258981187404	16.852949142456055
logisticRegression('l2','sag',1000,0.32704755922556994,'balanced')	0.8708308874267241	cached
logisticRegression('l2','saga',1000,0.32704755922556994,'balanced')	0.8711157877116242	cached
logisticRegression('l2','saga',1000,0.32704755922556994,'balanced')	0.8711157877116242	cached
minMaxScaler();fastICA(34,'parallel','arbitrary-variance','cube');minMaxScaler();logisticRegression('l2','lbfgs',1000,0.32704755922556994,'balanced')	invalid_ind (duplicated operator)	invalid_ind (duplicated operator)
selectFwe(0.025705406152547405);logisticRegression('None','saga',1000,0.32704755922556994,'None')	0.8734353084944828	15.778799772262573
logisticRegression('l2','lbfgs',1000,0.32704755922556994,'None')	0.8711010060611025	24.7274272441864
selectFwe(0.012784116828481318);logisticRegression('None','saga',1000,1.409702421903201,'None')	0.8734353084944828	15.047924280166626
logisticRegression('l2','saga',1000,0.32704755922556994,'balanced')	0.8711157877116242	cached
fastICA(22,'parallel','arbitrary-variance','exp');selectPercentile(67.08955258602944);maxAbsScaler();logisticRegression('l2','lbfgs',1000,0.32704755922556994,'balanced')	0.8694354450829926	cached
logisticRegression('l2','saga',1000,0.32704755922556994,'balanced')	0.8711157877116242	cached
minMaxScaler();maxAbsScaler();selectPercentile(1.2016036267133994);maxAbsScaler();pca(0.9793472911271826,False);varianceThreshold();logisticRegression('l2','lbfgs',1000,0.32704755922556994,'balanced')	invalid_ind (duplicated operator)	invalid_ind (duplicated operator)
logisticRegression('l2','saga',1000,0.32704755922556994,'balanced')	0.8711157877116242	23.575952768325806
selectFwe(0.022059470584899918);logisticRegression('None','saga',1000,0.32704755922556994,'balanced')	0.8737264293096212	12.31235933303833
kNN(3,'uniform',2)	0.800638729962673	2.484682321548462
varianceThreshold();adaBoost(decisionTree('gini',2,4,0.3417027793504327,6,'None'),29,0.4941636950706979,'SAMME')	0.8273874774069082	4.720593690872192
selectPercentile(67.08955258602944);logisticRegression('None','saga',1000,0.32704755922556994,'None')	0.8728064848356414	5.586765766143799
selectPercentile(67.08955258602944);adaBoost(decisionTree('entropy',17,3,0.040669317190074494,15,'balanced'),66,0.9057508039975803,'SAMME')	0.8305658165015046	5.9396772384643555
selectFwe(0.006419453741170014);randomForest(95,'entropy','log2',10,9,False,'None')	0.8512083495606676	10.570283651351929
selectFwe(0.006419453741170014);logisticRegression('None','saga',1000,0.32704755922556994,'balanced')	0.8737264293096212	cached
maxAbsScaler();varianceThreshold();pca(0.8637789484773679,False);robustScaler(False,True);maxAbsScaler();selectPercentile(23.531428118518377);logisticRegression('l2','lbfgs',1000,0.32704755922556994,'balanced')	invalid_ind (duplicated operator)	invalid_ind (duplicated operator)
logisticRegression('l2','sag',1000,0.32704755922556994,'balanced')	0.8708308874267241	cached
minMaxScaler();maxAbsScaler();selectPercentile(1.2016036267133994);maxAbsScaler();pca(0.9793472911271826,False);varianceThreshold();logisticRegression('l2','lbfgs',1000,0.32704755922556994,'balanced')	invalid_ind (duplicated operator)	invalid_ind (duplicated operator)
selectPercentile(67.08955258602944);logisticRegression('None','saga',1000,0.32704755922556994,'None')	0.8728064848356414	cached
logisticRegression('l2','saga',1000,0.32704755922556994,'balanced')	0.8711157877116242	cached
selectFwe(0.022059470584899918);logisticRegression('None','saga',1000,0.32704755922556994,'balanced')	0.8737264293096212	cached
selectFwe(0.006419453741170014);logisticRegression('None','saga',1000,0.32704755922556994,'None')	0.8734353084944828	8.689927816390991
selectPercentile(67.08955258602944);logisticRegression('None','saga',1000,0.32704755922556994,'balanced')	0.8739893560794364	11.986104488372803
logisticRegression('None','saga',1000,0.32704755922556994,'balanced')	0.8702535178718422	16.111395597457886
selectPercentile(96.88057998065166);logisticRegression('None','lbfgs',1000,0.32704755922556994,'None')	0.8731042684899997	17.18466329574585
logisticRegression('l2','saga',1000,0.32704755922556994,'None')	0.8705285912937842	18.111521005630493
selectFwe(0.006419453741170014);logisticRegression('None','saga',1000,0.32704755922556994,'None')	0.8734353084944828	8.575196504592896
selectPercentile(96.88057998065166);logisticRegression('l2','lbfgs',1000,0.32704755922556994,'balanced')	0.8725479838280463	cached
selectFwe(0.025705406152547405);logisticRegression('None','saga',1000,0.32704755922556994,'None')	0.8734353084944828	cached
selectPercentile(67.08955258602944);logisticRegression('l2','saga',1000,0.32704755922556994,'balanced')	0.8731454742228962	13.347923755645752
selectFwe(0.014350995065678853);logisticRegression('l2','saga',1000,0.32704755922556994,'balanced')	0.8731504082095827	5.229307651519775
selectFwe(0.006419453741170014);logisticRegression('l2','saga',1000,0.32704755922556994,'balanced')	0.8731504082095827	6.9559876918792725
selectPercentile(67.08955258602944);logisticRegression('l2','saga',1000,0.32704755922556994,'None')	0.8742424351854163	cached
logisticRegression('l2','saga',1000,0.32704755922556994,'balanced')	0.8711157877116242	cached
logisticRegression('l2','saga',1000,0.32704755922556994,'balanced')	0.8711157877116242	cached
selectFwe(0.006419453741170014);logisticRegression('None','saga',1000,0.32704755922556994,'balanced')	0.8737264293096212	cached
selectFwe(0.006419453741170014);logisticRegression('None','saga',1000,0.32704755922556994,'balanced')	0.8737264293096212	cached
selectFwe(0.006419453741170014);logisticRegression('None','saga',1000,0.32704755922556994,'balanced')	0.8737264293096212	cached
selectPercentile(93.87887851309507);logisticRegression('l1','lbfgs',1000,0.32704755922556994,'balanced')	eval_error (Solver lbfgs supports only 'l2' or None penalties, got l1 penalty.)	eval_error (Solver lbfgs supports only 'l2' or None penalties, got l1 penalty.)
selectPercentile(67.08955258602944);logisticRegression('l2','saga',1000,0.32704755922556994,'balanced')	0.8731454742228962	6.998050928115845
logisticRegression('l2','sag',1000,0.32704755922556994,'balanced')	0.8708308874267241	cached
selectFwe(0.006419453741170014);logisticRegression('None','saga',1000,0.32704755922556994,'balanced')	0.8737264293096212	cached
selectPercentile(67.08955258602944);logisticRegression('l2','saga',1000,0.32704755922556994,'None')	0.8742424351854163	cached
selectPercentile(54.470794333872846);logisticRegression('l2','lbfgs',1000,1.8154962284440468,'balanced')	0.8725863669444172	5.876225233078003
robustScaler(False,False);logisticRegression('None','saga',1000,0.32704755922556994,'None')	0.870233781433757	11.250072479248047
selectPercentile(67.08955258602944);logisticRegression('l2','saga',1000,0.32704755922556994,'balanced')	0.8731454742228962	11.588571071624756
logisticRegression('l2','sag',1000,16.09946277513988,'balanced')	0.870262078992126	9.972147464752197
logisticRegression('l2','saga',1000,0.32704755922556994,'balanced')	0.8711157877116242	cached
logisticRegression('l2','saga',1000,0.32704755922556994,'balanced')	0.8711157877116242	cached
selectFwe(0.04243324120525449);logisticRegression('None','saga',1000,0.32704755922556994,'balanced')	0.8737264293096212	14.529685974121094
selectPercentile(97.77318056481438);logisticRegression('l2','lbfgs',1000,0.32704755922556994,'balanced')	0.8708198378157619	23.810250759124756
logisticRegression('l2','saga',1000,0.32704755922556994,'None')	0.8705285912937842	20.471885919570923
logisticRegression('None','saga',1000,0.32704755922556994,'None')	0.870233781433757	17.352436780929565
selectFwe(0.006419453741170014);randomForest(95,'entropy','log2',10,9,False,'None')	0.8512083495606676	18.796861171722412
logisticRegression('l2','sag',1000,0.32704755922556994,'balanced')	0.8708308874267241	2.5533254146575928
logisticRegression('l2','saga',1000,0.32704755922556994,'balanced')	0.8711157877116242	cached
selectFwe(0.006419453741170014);logisticRegression('l2','saga',1000,0.32704755922556994,'balanced')	0.8731504082095827	cached
selectFwe(0.006419453741170014);logisticRegression('None','saga',1000,0.32704755922556994,'balanced')	0.8737264293096212	cached
logisticRegression('l2','saga',1000,0.32704755922556994,'balanced')	0.8711157877116242	cached
selectPercentile(67.08955258602944);logisticRegression('None','saga',1000,0.32704755922556994,'None')	0.8728064848356414	cached
selectPercentile(67.08955258602944);logisticRegression('l2','saga',1000,0.32704755922556994,'None')	0.8742424351854163	cached
selectFwe(0.006419453741170014);logisticRegression('None','saga',1000,0.32704755922556994,'None')	0.8734353084944828	cached
selectFwe(0.006419453741170014);logisticRegression('None','saga',1000,0.32704755922556994,'balanced')	0.8737264293096212	cached
selectFwe(0.006419453741170014);logisticRegression('None','saga',1000,0.32704755922556994,'balanced')	0.8737264293096212	cached
logisticRegression('l2','saga',1000,0.32704755922556994,'None')	0.8705285912937842	cached
logisticRegression('l2','sag',1000,0.32704755922556994,'balanced')	0.8708308874267241	cached
logisticRegression('l2','saga',1000,0.32704755922556994,'balanced')	0.8711157877116242	cached
selectFwe(0.014350995065678853);logisticRegression('l2','newton-cg',1000,2.1687836077608553,'balanced')	0.873159012324537	2.096428632736206
selectFwe(0.04999276874836927);logisticRegression('None','liblinear',1000,0.32704755922556994,'balanced')	eval_error (C=np.inf as well as penalty=None is not supported for the liblinear solver)	eval_error (C=np.inf as well as penalty=None is not supported for the liblinear solver)
selectPercentile(67.08955258602944);logisticRegression('None','saga',1000,0.32704755922556994,'balanced')	0.8739893560794364	cached
logisticRegression('l2','saga',1000,0.32704755922556994,'balanced')	0.8711157877116242	cached
logisticRegression('l2','sag',1000,0.32704755922556994,'balanced')	0.8708308874267241	cached
minMaxScaler();minMaxScaler();minMaxScaler();maxAbsScaler();selectFwe(0.008681973440867977);minMaxScaler();maxAbsScaler();adaBoost(decisionTree('gini',28,3,0.3283879519565086,9,'None'),57,1.667883932980955,'SAMME')	invalid_ind (duplicated operator)	invalid_ind (duplicated operator)
selectPercentile(8.50768625383083);logisticRegression('None','saga',1000,0.32704755922556994,'balanced')	0.7004760329510464	2.096231698989868
logisticRegression('l2','sag',1000,0.32704755922556994,'balanced')	0.8708308874267241	cached
logisticRegression('None','sag',1000,0.8795081714050886,'balanced')	0.870262078992126	7.859063148498535
selectPercentile(67.08955258602944);logisticRegression('l2','saga',1000,0.32704755922556994,'None')	0.8742424351854163	cached
selectPercentile(54.470794333872846);logisticRegression('l2','lbfgs',1000,0.32704755922556994,'balanced')	0.8734338551336777	5.95968770980835
selectFwe(0.006419453741170014);logisticRegression('None','saga',1000,0.32704755922556994,'balanced')	0.8737264293096212	cached
selectFwe(0.006419453741170014);logisticRegression('l2','saga',1000,0.32704755922556994,'balanced')	0.8731504082095827	cached
selectFwe(0.006419453741170014);logisticRegression('None','saga',1000,1.8154962284440468,'balanced')	0.8737264293096212	9.02323055267334
selectFwe(0.006419453741170014);logisticRegression('l2','saga',1000,0.32704755922556994,'balanced')	0.8731504082095827	cached
logisticRegression('l2','lbfgs',1000,0.32704755922556994,'balanced')	0.870543372944306	cached
selectFwe(0.006419453741170014);logisticRegression('None','saga',1000,0.32704755922556994,'balanced')	0.8737264293096212	cached
logisticRegression('l2','saga',1000,0.32704755922556994,'None')	0.8705285912937842	cached
selectPercentile(96.88057998065166);logisticRegression('l2','saga',1000,0.32704755922556994,'balanced')	0.8722666898758662	15.257535934448242
selectFwe(0.006419453741170014);logisticRegression('None','saga',1000,0.32704755922556994,'balanced')	0.8737264293096212	cached
logisticRegression('l2','saga',1000,0.32704755922556994,'balanced')	0.8711157877116242	cached
logisticRegression('l1','saga',1000,0.42315405574595183,'balanced')	0.8713908611335663	15.381649255752563
selectPercentile(67.08955258602944);logisticRegression('None','saga',1000,0.32704755922556994,'balanced')	0.8739893560794364	10.065716743469238
selectFwe(0.02949858235891793);logisticRegression('None','saga',1000,0.32704755922556994,'balanced')	0.8737264293096212	6.5396130084991455
selectFwe(0.006419453741170014);logisticRegression('None','saga',1000,0.32704755922556994,'balanced')	0.8737264293096212	cached
selectFwe(0.006419453741170014);logisticRegression('l2','saga',1000,0.32704755922556994,'balanced')	0.8731504082095827	6.214769124984741
minMaxScaler();selectPercentile(84.33013334640707);fastICA(79,'parallel','arbitrary-variance','logcosh');adaBoost(decisionTree('gini',21,4,0.6138598215864502,16,'balanced'),26,0.4948717440721352,'SAMME')	0.8351540045568591	31.059837818145752
selectPercentile(67.08955258602944);logisticRegression('None','saga',1000,0.32704755922556994,'balanced')	0.8739893560794364	3.337061882019043
selectFwe(0.006419453741170014);logisticRegression('None','saga',1000,0.32704755922556994,'balanced')	0.8737264293096212	cached
selectPercentile(96.88057998065166);logisticRegression('l2','saga',1000,0.32704755922556994,'balanced')	0.8722666898758662	cached
selectFwe(0.006419453741170014);logisticRegression('None','saga',1000,0.32704755922556994,'None')	0.8734353084944828	cached
logisticRegression('l2','saga',1000,0.32704755922556994,'None')	0.8705285912937842	cached
selectFwe(0.01942472887286481);logisticRegression('l2','saga',1000,0.32704755922556994,'balanced')	0.8731504082095827	3.697058916091919
selectPercentile(67.08955258602944);logisticRegression('l2','saga',1000,0.32704755922556994,'balanced')	0.8731454742228962	4.436337471008301
selectFwe(0.006419453741170014);logisticRegression('None','saga',1000,1.8154962284440468,'balanced')	0.8737264293096212	5.373766899108887
logisticRegression('None','saga',1000,0.32704755922556994,'balanced')	0.8702535178718422	5.362468242645264
logisticRegression('l2','saga',1000,2.1687836077608553,'balanced')	0.870249911539122	8.10034990310669
selectFwe(0.02840523762457291);logisticRegression('l1','saga',1000,0.32704755922556994,'None')	0.8728544583137202	5.1472930908203125
nystroem('cosine',5.207608571275035,87,4,0.5461061170749137);selectFwe(0.01664241245436883);minMaxScaler();nystroem('cosine',2.9469645219935017,75,2,0.828513604184326);selectPercentile(57.957307623168106);logisticRegression('None','saga',1000,0.32704755922556994,'balanced')	invalid_ind (duplicated operator)	invalid_ind (duplicated operator)
selectPercentile(96.88057998065166);logisticRegression('l2','saga',1000,0.32704755922556994,'balanced')	0.8722666898758662	cached
logisticRegression('None','sag',1000,0.32704755922556994,'balanced')	0.870262078992126	4.73824143409729
selectFwe(0.006419453741170014);logisticRegression('None','saga',1000,0.32704755922556994,'balanced')	0.8737264293096212	5.453646659851074
selectFwe(0.006419453741170014);logisticRegression('l2','saga',1000,0.32704755922556994,'balanced')	0.8731504082095827	5.311682939529419
selectPercentile(67.08955258602944);logisticRegression('None','saga',1000,0.32704755922556994,'balanced')	0.8739893560794364	cached
selectFwe(0.02949858235891793);logisticRegression('None','saga',1000,0.32704755922556994,'balanced')	0.8737264293096212	cached
selectFwe(0.006419453741170014);logisticRegression('l2','saga',1000,0.32704755922556994,'balanced')	0.8731504082095827	cached
selectFwe(0.014350995065678853);logisticRegression('l2','newton-cg',1000,0.32704755922556994,'balanced')	0.8734353084944828	3.60917592048645
selectFwe(0.014350995065678853);logisticRegression('l2','saga',1000,2.1687836077608553,'balanced')	0.8737264293096212	5.89972448348999
selectPercentile(48.275448389242264);logisticRegression('None','saga',1000,0.32704755922556994,'balanced')	0.8737264293096212	5.635565757751465
selectFwe(0.006419453741170014);logisticRegression('None','saga',1000,0.32704755922556994,'None')	0.8734353084944828	5.337346792221069
pca(0.9996511126382854,False);varianceThreshold();pca(0.6235317373070204,False);fastICA(27,'deflation','arbitrary-variance','exp');lda(0.5096840984212078,169,0.09352876749243047)	invalid_ind (duplicated operator)	invalid_ind (duplicated operator)
selectFwe(0.006419453741170014);logisticRegression('l2','newton-cg',1000,0.32704755922556994,'balanced')	0.8734353084944828	3.067927122116089
selectPercentile(67.08955258602944);logisticRegression('l2','saga',1000,0.32704755922556994,'balanced')	0.8731454742228962	7.7449870109558105
selectPercentile(37.109003846109374);logisticRegression('l2','liblinear',1000,0.32704755922556994,'None')	eval_error (The 'liblinear' solver does not support multiclass classification (n_classes >= 3). Either use another solver or wrap the estimator in a OneVsRestClassifier to keep applying a one-versus-rest scheme.)	eval_error (The 'liblinear' solver does not support multiclass classification (n_classes >= 3). Either use another solver or wrap the estimator in a OneVsRestClassifier to keep applying a one-versus-rest scheme.)
selectFwe(0.006419453741170014);logisticRegression('None','saga',1000,0.32704755922556994,'balanced')	0.8737264293096212	cached
robustScaler(True,True);logisticRegression('l2','saga',1000,2.1687836077608553,'balanced')	0.8711220082418624	3.3810765743255615
selectFwe(0.014350995065678853);logisticRegression('None','newton-cg',1000,0.32704755922556994,'balanced')	0.873159012324537	5.4874749183654785
logisticRegression('l2','lbfgs',1000,0.32704755922556994,'balanced')	0.870543372944306	cached
selectFwe(0.006419453741170014);logisticRegression('None','saga',1000,1.8154962284440468,'balanced')	0.8737264293096212	8.833791255950928
kNN(3,'uniform',1)	0.8050490812313248	6.5930702686309814
selectPercentile(67.08955258602944);logisticRegression('l2','saga',1000,0.32704755922556994,'None')	0.8742424351854163	cached
logisticRegression('l2','saga',1000,0.32704755922556994,'None')	0.8705285912937842	cached
logisticRegression('l2','saga',1000,0.32704755922556994,'None')	0.8705285912937842	16.362306833267212
selectFwe(0.006419453741170014);logisticRegression('None','saga',1000,0.32704755922556994,'balanced')	0.8737264293096212	10.698641777038574
varianceThreshold();fastICA(92,'parallel','unit-variance','cube');maxAbsScaler();robustScaler(False,False);selectPercentile(22.280516677459822);logisticRegression('l2','lbfgs',1000,0.32704755922556994,'balanced')	0.7111100228259218	31.28122591972351
selectPercentile(54.470794333872846);logisticRegression('l2','lbfgs',1000,0.32704755922556994,'balanced')	0.8734338551336777	cached
adaBoost(decisionTree('entropy',14,12,0.5055256068135803,2,'None'),94,0.7438508243948131,'SAMME')	0.8623213653655452	59.50081253051758
selectFwe(0.006419453741170014);logisticRegression('None','saga',1000,0.32704755922556994,'balanced')	0.8737264293096212	cached
logisticRegression('l2','saga',1000,0.32704755922556994,'None')	0.8705285912937842	cached
selectFwe(0.006419453741170014);logisticRegression('l2','newton-cg',1000,0.32704755922556994,'balanced')	0.8734353084944828	cached
selectFwe(0.006419453741170014);logisticRegression('None','saga',1000,0.32704755922556994,'None')	0.8734353084944828	cached
selectFwe(0.006419453741170014);logisticRegression('None','saga',1000,1.8154962284440468,'balanced')	0.8737264293096212	cached
selectPercentile(67.08955258602944);logisticRegression('l2','saga',1000,0.32704755922556994,'balanced')	0.8731454742228962	cached
selectPercentile(67.08955258602944);logisticRegression('l2','saga',1000,0.32704755922556994,'balanced')	0.8731454742228962	cached
logisticRegression('None','sag',1000,1.8154962284440468,'balanced')	0.870262078992126	4.23239541053772
selectPercentile(54.470794333872846);logisticRegression('None','lbfgs',1000,0.32704755922556994,'None')	0.871980865255504	4.289732456207275
selectFwe(0.006419453741170014);logisticRegression('None','saga',1000,0.32704755922556994,'None')	0.8734353084944828	4.296400308609009
selectFwe(0.02949858235891793);logisticRegression('None','saga',1000,0.32704755922556994,'balanced')	0.8737264293096212	4.623111963272095
selectFwe(0.02244001613065643);logisticRegression('None','saga',1000,0.32704755922556994,'balanced')	0.8737264293096212	5.565327405929565
selectFwe(0.006419453741170014);logisticRegression('None','saga',1000,0.32704755922556994,'balanced')	0.8737264293096212	cached
selectFwe(0.006419453741170014);logisticRegression('None','saga',1000,0.32704755922556994,'balanced')	0.8737264293096212	3.7216460704803467
selectFwe(0.014350995065678853);logisticRegression('l2','newton-cg',1000,0.32704755922556994,'balanced')	0.8734353084944828	cached
nystroem('rbf',0.11941263834948002,39,4,-0.2750305726930251);minMaxScaler();maxAbsScaler();maxAbsScaler();varianceThreshold();logisticRegression('l2','saga',1000,0.32704755922556994,'balanced')	invalid_ind (duplicated operator)	invalid_ind (duplicated operator)
selectFwe(0.006419453741170014);logisticRegression('None','saga',1000,0.32704755922556994,'balanced')	0.8737264293096212	4.254849433898926
selectFwe(0.006419453741170014);logisticRegression('None','saga',1000,0.32704755922556994,'balanced')	0.8737264293096212	4.77943229675293
selectFwe(0.006419453741170014);logisticRegression('l2','saga',1000,0.32704755922556994,'balanced')	0.8731504082095827	4.9146575927734375
selectPercentile(67.08955258602944);logisticRegression('l2','saga',1000,0.32704755922556994,'balanced')	0.8731454742228962	cached
selectPercentile(67.08955258602944);logisticRegression('None','saga',1000,1.8154962284440468,'balanced')	0.8739893560794364	5.554805040359497
selectFwe(0.021073671072978358);logisticRegression('l1','liblinear',1000,0.32704755922556994,'balanced')	eval_error (The 'liblinear' solver does not support multiclass classification (n_classes >= 3). Either use another solver or wrap the estimator in a OneVsRestClassifier to keep applying a one-versus-rest scheme.)	eval_error (The 'liblinear' solver does not support multiclass classification (n_classes >= 3). Either use another solver or wrap the estimator in a OneVsRestClassifier to keep applying a one-versus-rest scheme.)
selectPercentile(67.08955258602944);logisticRegression('l2','saga',1000,0.32704755922556994,'balanced')	0.8731454742228962	cached
selectFwe(0.006419453741170014);logisticRegression('l2','newton-cg',1000,0.32704755922556994,'balanced')	0.8734353084944828	cached
selectFwe(0.006419453741170014);logisticRegression('l1','saga',1000,1.8154962284440468,'balanced')	0.8728678915093987	6.742069721221924
selectPercentile(67.08955258602944);logisticRegression('l2','saga',1000,2.1687836077608553,'balanced')	0.8739893560794364	6.216296195983887
selectFwe(0.006419453741170014);logisticRegression('None','saga',1000,0.32704755922556994,'balanced')	0.8737264293096212	6.095520734786987
logisticRegression('None','sag',1000,0.32704755922556994,'balanced')	0.870262078992126	cached
selectPercentile(48.275448389242264);logisticRegression('None','saga',1000,0.32704755922556994,'balanced')	0.8737264293096212	cached
selectPercentile(96.88057998065166);logisticRegression('l2','saga',1000,2.1687836077608553,'balanced')	0.8725663718112884	8.370566129684448
selectPercentile(67.08955258602944);logisticRegression('l2','saga',1000,0.32704755922556994,'balanced')	0.8731454742228962	6.4817116260528564
robustScaler(True,True);logisticRegression('l2','saga',1000,0.32704755922556994,'balanced')	0.8717006435394186	3.9165921211242676
selectPercentile(67.08955258602944);logisticRegression('None','saga',1000,0.32704755922556994,'balanced')	0.8739893560794364	cached
selectFwe(0.02840523762457291);logisticRegression('None','saga',1000,0.32704755922556994,'None')	0.8734353084944828	5.994400501251221
selectFwe(0.014350995065678853);logisticRegression('l2','newton-cg',1000,0.32704755922556994,'balanced')	0.8734353084944828	cached
minMaxScaler();maxAbsScaler();robustScaler(False,False);bernoulliNB(19.591326929513475,False)	0.33797460797185763	3.154953718185425
robustScaler(True,True);logisticRegression('l2','saga',1000,0.32704755922556994,'balanced')	0.8717006435394186	4.20255970954895
nystroem('cosine',0.7650526423837591,91,3,0.010008466265746474);logisticRegression('None','saga',1000,0.32704755922556994,'balanced')	0.8636351683855455	5.957566976547241
selectFwe(0.006419453741170014);logisticRegression('None','saga',1000,0.32704755922556994,'None')	0.8734353084944828	cached
selectFwe(0.01786075503949604);logisticRegression('l1','newton-cg',1000,0.32704755922556994,'balanced')	eval_error (Solver newton-cg supports only 'l2' or None penalties, got l1 penalty.)	eval_error (Solver newton-cg supports only 'l2' or None penalties, got l1 penalty.)
selectFwe(0.03936881455996622);logisticRegression('None','saga',1000,0.32704755922556994,'balanced')	0.8737264293096212	5.0934672355651855
selectFwe(0.006419453741170014);logisticRegression('l2','saga',1000,0.32704755922556994,'balanced')	0.8731504082095827	cached
selectFwe(0.006419453741170014);logisticRegression('None','saga',1000,0.32704755922556994,'None')	0.8734353084944828	cached
selectFwe(0.006419453741170014);logisticRegression('None','saga',1000,0.32704755922556994,'balanced')	0.8737264293096212	cached
selectFwe(0.006419453741170014);logisticRegression('None','saga',1000,0.32704755922556994,'balanced')	0.8737264293096212	cached
selectFwe(0.006419453741170014);logisticRegression('None','saga',1000,0.32704755922556994,'balanced')	0.8737264293096212	cached
selectPercentile(48.275448389242264);logisticRegression('None','saga',1000,0.32704755922556994,'balanced')	0.8737264293096212	cached
selectFwe(0.006419453741170014);logisticRegression('None','saga',1000,0.32704755922556994,'balanced')	0.8737264293096212	cached
selectPercentile(67.08955258602944);logisticRegression('l2','saga',1000,0.32704755922556994,'balanced')	0.8731454742228962	cached
selectFwe(0.006419453741170014);logisticRegression('None','saga',1000,0.32704755922556994,'balanced')	0.8737264293096212	cached
minMaxScaler();minMaxScaler();fastICA(62,'deflation','unit-variance','logcosh');robustScaler(True,True);logisticRegression('l2','newton-cg',1000,0.32704755922556994,'balanced')	invalid_ind (duplicated operator)	invalid_ind (duplicated operator)
selectFwe(0.009545197579880831);logisticRegression('None','saga',1000,0.32704755922556994,'balanced')	0.8737264293096212	3.8718042373657227
selectPercentile(48.275448389242264);logisticRegression('None','saga',1000,0.32704755922556994,'None')	0.8734353084944828	4.3104259967803955
selectPercentile(48.275448389242264);logisticRegression('l2','saga',1000,0.32704755922556994,'balanced')	0.8731504082095827	4.742936611175537
selectFwe(0.014350995065678853);logisticRegression('None','saga',1000,0.32704755922556994,'balanced')	0.8737264293096212	5.135297060012817
selectFwe(0.03936881455996622);logisticRegression('None','saga',1000,0.32704755922556994,'balanced')	0.8737264293096212	cached
logisticRegression('None','sag',1000,0.32704755922556994,'balanced')	0.870262078992126	cached
selectPercentile(67.08955258602944);logisticRegression('None','saga',1000,0.32704755922556994,'balanced')	0.8739893560794364	6.209629774093628
selectFwe(0.02949858235891793);logisticRegression('l2','newton-cg',1000,0.32704755922556994,'balanced')	0.8734353084944828	3.304187536239624
selectFwe(0.03643247221564541);logisticRegression('l2','newton-cg',1000,0.32704755922556994,'balanced')	0.8734353084944828	4.0679380893707275
selectFwe(0.006419453741170014);logisticRegression('None','saga',1000,0.32704755922556994,'None')	0.8734353084944828	cached
selectFwe(0.03936881455996622);logisticRegression('None','saga',1000,0.32704755922556994,'balanced')	0.8737264293096212	cached
selectPercentile(54.470794333872846);logisticRegression('None','lbfgs',1000,0.32704755922556994,'balanced')	0.8725863669444172	5.85914158821106
selectFwe(0.03936881455996622);logisticRegression('None','saga',1000,0.32704755922556994,'balanced')	0.8737264293096212	cached
selectPercentile(67.08955258602944);logisticRegression('None','saga',1000,0.32704755922556994,'balanced')	0.8739893560794364	7.581644058227539
selectFwe(0.03936881455996622);logisticRegression('None','saga',1000,1.8154962284440468,'balanced')	0.8737264293096212	7.138721466064453
selectFwe(0.006419453741170014);logisticRegression('None','saga',1000,0.32704755922556994,'None')	0.8734353084944828	cached
selectFwe(0.006419453741170014);logisticRegression('None','saga',1000,0.32704755922556994,'None')	0.8734353084944828	cached
selectFwe(0.014350995065678853);logisticRegression('None','saga',1000,0.32704755922556994,'balanced')	0.8737264293096212	7.659423589706421
robustScaler(True,True);logisticRegression('None','saga',1000,0.32704755922556994,'balanced')	0.870262078992126	5.6212849617004395
selectFwe(0.02244001613065643);logisticRegression('None','saga',1000,0.32704755922556994,'balanced')	0.8737264293096212	9.115965127944946
selectPercentile(93.78635438774288);logisticRegression('l2','saga',1000,0.32704755922556994,'balanced')	0.8731203985953646	14.419491529464722
selectFwe(0.006419453741170014);logisticRegression('l1','saga',1000,0.530436782682102,'None')	0.8731441876793445	13.183285236358643
selectPercentile(48.275448389242264);logisticRegression('l2','saga',1000,0.32704755922556994,'balanced')	0.8731504082095827	12.253736019134521
selectFwe(0.006419453741170014);logisticRegression('None','saga',1000,0.32704755922556994,'balanced')	0.8737264293096212	11.022254467010498
selectPercentile(57.06067899251256);logisticRegression('None','lbfgs',1000,0.32704755922556994,'balanced')	0.8737053222228992	10.032209157943726
robustScaler(False,False);logisticRegression('l2','saga',1000,2.1687836077608553,'balanced')	0.870249911539122	17.832324504852295
selectFwe(0.006419453741170014);logisticRegression('None','saga',1000,0.32704755922556994,'None')	0.8734353084944828	10.93811297416687
fastICA(69,'deflation','unit-variance','cube');logisticRegression('l2','saga',1000,0.32704755922556994,'balanced')	0.8708592709744343	38.420390605926514
selectFwe(0.02244001613065643);logisticRegression('None','saga',1000,0.32704755922556994,'balanced')	0.8737264293096212	7.568896293640137
selectPercentile(96.88057998065166);logisticRegression('l2','saga',1000,0.32704755922556994,'balanced')	0.8722666898758662	9.986385345458984
selectPercentile(48.275448389242264);logisticRegression('l2','saga',1000,0.32704755922556994,'balanced')	0.8731504082095827	cached
selectPercentile(48.275448389242264);logisticRegression('None','saga',1000,0.32704755922556994,'balanced')	0.8737264293096212	cached
selectFwe(0.009545197579880831);logisticRegression('None','saga',1000,0.32704755922556994,'balanced')	0.8737264293096212	cached
selectPercentile(48.275448389242264);logisticRegression('None','saga',1000,0.32704755922556994,'balanced')	0.8737264293096212	cached
selectFwe(0.014350995065678853);logisticRegression('None','saga',1000,0.32704755922556994,'balanced')	0.8737264293096212	cached
selectPercentile(67.08955258602944);logisticRegression('l1','lbfgs',1000,21.96564194565576,'None')	eval_error (Solver lbfgs supports only 'l2' or None penalties, got l1 penalty.)	eval_error (Solver lbfgs supports only 'l2' or None penalties, got l1 penalty.)
selectFwe(0.031331883033276386);logisticRegression('None','saga',1000,0.32704755922556994,'balanced')	0.8737264293096212	3.582350254058838
selectFwe(0.006419453741170014);logisticRegression('None','saga',1000,0.32704755922556994,'balanced')	0.8737264293096212	cached
selectFwe(0.03936881455996622);logisticRegression('None','saga',1000,0.32704755922556994,'balanced')	0.8737264293096212	3.9341259002685547
selectFwe(0.006419453741170014);logisticRegression('None','saga',1000,0.32704755922556994,'balanced')	0.8737264293096212	3.9173977375030518
selectFwe(0.009545197579880831);logisticRegression('None','saga',1000,1.8154962284440468,'balanced')	0.8737264293096212	4.283345937728882
selectPercentile(67.08955258602944);logisticRegression('None','saga',1000,0.32704755922556994,'balanced')	0.8739893560794364	5.061434030532837
selectFwe(0.02244001613065643);logisticRegression('None','saga',1000,0.32704755922556994,'balanced')	0.8737264293096212	cached
selectPercentile(57.06067899251256);logisticRegression('None','lbfgs',1000,0.32704755922556994,'balanced')	0.8737053222228992	cached
selectPercentile(67.08955258602944);logisticRegression('None','saga',1000,0.32704755922556994,'balanced')	0.8739893560794364	cached
selectFwe(0.009545197579880831);logisticRegression('None','saga',1000,0.32704755922556994,'balanced')	0.8737264293096212	cached
selectFwe(0.006419453741170014);logisticRegression('None','saga',1000,0.32704755922556994,'None')	0.8734353084944828	cached
selectPercentile(48.275448389242264);logisticRegression('None','saga',1000,0.32704755922556994,'balanced')	0.8737264293096212	cached
selectFwe(0.009980201766017261);logisticRegression('None','saga',1000,0.32704755922556994,'balanced')	0.8737264293096212	3.9267868995666504
selectFwe(0.03936881455996622);logisticRegression('None','saga',1000,0.32704755922556994,'balanced')	0.8737264293096212	3.49267315864563
selectFwe(0.03936881455996622);logisticRegression('None','saga',1000,0.32704755922556994,'balanced')	0.8737264293096212	cached
selectFwe(0.03936881455996622);logisticRegression('None','saga',1000,0.32704755922556994,'balanced')	0.8737264293096212	cached
selectFwe(0.03936881455996622);logisticRegression('None','saga',1000,0.32704755922556994,'balanced')	0.8737264293096212	4.401718854904175
selectPercentile(57.06067899251256);logisticRegression('None','lbfgs',1000,0.32704755922556994,'balanced')	0.8737053222228992	cached
selectPercentile(57.06067899251256);logisticRegression('None','lbfgs',1000,0.32704755922556994,'balanced')	0.8737053222228992	cached
selectFwe(0.02244001613065643);logisticRegression('None','saga',1000,0.32704755922556994,'balanced')	0.8737264293096212	cached
selectFwe(0.006419453741170014);logisticRegression('None','saga',1000,0.32704755922556994,'balanced')	0.8737264293096212	cached
selectFwe(0.006419453741170014);logisticRegression('None','saga',1000,0.32704755922556994,'balanced')	0.8737264293096212	4.718434810638428
selectFwe(0.006419453741170014);logisticRegression('l2','newton-cg',1000,0.32704755922556994,'balanced')	0.8734353084944828	2.727654218673706
selectFwe(0.009545197579880831);logisticRegression('None','saga',1000,1.8154962284440468,'balanced')	0.8737264293096212	4.82283091545105
minMaxScaler();varianceThreshold();maxAbsScaler();maxAbsScaler();robustScaler(False,True);adaBoost(decisionTree('entropy',27,14,0.5816517180846859,18,'balanced'),84,1.767296189553787,'SAMME')	invalid_ind (duplicated operator)	invalid_ind (duplicated operator)
selectFwe(0.006419453741170014);logisticRegression('None','saga',1000,0.32704755922556994,'balanced')	0.8737264293096212	cached
selectFwe(0.025749963555847678);logisticRegression('None','saga',1000,0.32704755922556994,'balanced')	0.8737264293096212	5.446051836013794
selectPercentile(67.08955258602944);logisticRegression('None','saga',1000,0.32704755922556994,'balanced')	0.8739893560794364	cached
selectFwe(0.03429447768635528);logisticRegression('None','saga',1000,0.32704755922556994,'balanced')	0.8737264293096212	5.303540945053101
selectPercentile(93.78635438774288);logisticRegression('l2','saga',1000,0.32704755922556994,'balanced')	0.8731203985953646	cached
selectFwe(0.006419453741170014);logisticRegression('None','saga',1000,0.32704755922556994,'None')	0.8734353084944828	5.253841161727905
selectFwe(0.03643247221564541);logisticRegression('None','saga',1000,0.32704755922556994,'None')	0.8734353084944828	5.444068193435669
selectFwe(0.019040327517864948);logisticRegression('None','saga',1000,0.32704755922556994,'balanced')	0.8737264293096212	4.7120420932769775
selectPercentile(48.275448389242264);logisticRegression('None','saga',1000,0.32704755922556994,'balanced')	0.8737264293096212	4.164539575576782
selectFwe(0.03429447768635528);logisticRegression('None','saga',1000,0.32704755922556994,'balanced')	0.8737264293096212	cached
selectPercentile(57.06067899251256);logisticRegression('None','lbfgs',1000,0.32704755922556994,'balanced')	0.8737053222228992	cached
selectPercentile(67.08955258602944);logisticRegression('None','saga',1000,0.32704755922556994,'balanced')	0.8739893560794364	cached
selectFwe(0.031331883033276386);logisticRegression('None','saga',1000,0.32704755922556994,'balanced')	0.8737264293096212	cached
selectPercentile(48.275448389242264);logisticRegression('None','saga',1000,0.32704755922556994,'balanced')	0.8737264293096212	cached
selectFwe(0.03936881455996622);logisticRegression('None','saga',1000,0.32704755922556994,'balanced')	0.8737264293096212	cached
selectPercentile(67.08955258602944);logisticRegression('None','saga',1000,0.32704755922556994,'balanced')	0.8739893560794364	cached
selectFwe(0.014350995065678853);logisticRegression('None','saga',1000,0.32704755922556994,'balanced')	0.8737264293096212	cached
selectFwe(0.011911906647239817);logisticRegression('l1','sag',1000,0.32704755922556994,'balanced')	eval_error (Solver sag supports only 'l2' or None penalties, got l1 penalty.)	eval_error (Solver sag supports only 'l2' or None penalties, got l1 penalty.)
selectPercentile(67.08955258602944);logisticRegression('None','saga',1000,0.32704755922556994,'balanced')	0.8739893560794364	cached
selectPercentile(67.08955258602944);logisticRegression('None','saga',1000,0.32704755922556994,'balanced')	0.8739893560794364	cached
selectPercentile(84.82011711183497);logisticRegression('None','liblinear',1000,0.32704755922556994,'None')	eval_error (C=np.inf as well as penalty=None is not supported for the liblinear solver)	eval_error (C=np.inf as well as penalty=None is not supported for the liblinear solver)
selectPercentile(48.275448389242264);logisticRegression('None','saga',1000,0.32704755922556994,'balanced')	0.8737264293096212	cached
selectFwe(0.0416744357285238);varianceThreshold();selectFwe(0.0023919577350894985);varianceThreshold();logisticRegression('None','lbfgs',1000,0.32704755922556994,'balanced')	invalid_ind (duplicated operator)	invalid_ind (duplicated operator)
selectFwe(0.009545197579880831);logisticRegression('None','saga',1000,0.32704755922556994,'balanced')	0.8737264293096212	4.52739405632019
selectPercentile(5.768247403573415);logisticRegression('None','saga',1000,1.8154962284440468,'balanced')	0.6752169015054558	2.2090368270874023
selectFwe(0.04577350027902546);logisticRegression('None','saga',1000,0.32704755922556994,'balanced')	0.8737264293096212	4.789311170578003
selectFwe(0.009545197579880831);logisticRegression('None','saga',1000,0.32704755922556994,'balanced')	0.8737264293096212	4.8886559009552
selectFwe(0.012641931228055117);logisticRegression('None','liblinear',1000,1.8154962284440468,'balanced')	eval_error (C=np.inf as well as penalty=None is not supported for the liblinear solver)	eval_error (C=np.inf as well as penalty=None is not supported for the liblinear solver)
selectFwe(0.006419453741170014);logisticRegression('None','saga',1000,0.32704755922556994,'balanced')	0.8737264293096212	4.761113405227661
selectPercentile(67.08955258602944);logisticRegression('None','saga',1000,0.32704755922556994,'balanced')	0.8739893560794364	cached
selectFwe(0.03936881455996622);logisticRegression('None','saga',1000,0.32704755922556994,'balanced')	0.8737264293096212	cached
selectFwe(0.006419453741170014);logisticRegression('l2','newton-cg',1000,0.32704755922556994,'balanced')	0.8734353084944828	cached
selectPercentile(48.275448389242264);logisticRegression('None','saga',1000,0.32704755922556994,'balanced')	0.8737264293096212	cached
selectFwe(0.014350995065678853);logisticRegression('None','saga',1000,0.32704755922556994,'balanced')	0.8737264293096212	5.078922510147095
selectFwe(0.009545197579880831);logisticRegression('None','saga',1000,1.8154962284440468,'balanced')	0.8737264293096212	5.2984418869018555
selectFwe(0.009545197579880831);logisticRegression('None','saga',1000,0.32704755922556994,'balanced')	0.8737264293096212	6.134115695953369
selectPercentile(67.08955258602944);logisticRegression('None','saga',1000,0.32704755922556994,'balanced')	0.8739893560794364	cached
selectFwe(0.02244001613065643);logisticRegression('None','saga',1000,0.32704755922556994,'balanced')	0.8737264293096212	cached
pca(0.6639183485312652,True);nystroem('cosine',0.9034628504352086,78,2,0.2544091594077347);selectFwe(0.025799258176517362);bernoulliNB(4.003384451037547,False)	0.8031106500792238	4.47540020942688
selectFwe(0.006419453741170014);logisticRegression('None','newton-cg',1000,0.32704755922556994,'balanced')	0.873159012324537	3.7566583156585693
selectFwe(0.009980201766017261);logisticRegression('None','saga',1000,0.32704755922556994,'balanced')	0.8737264293096212	7.374253273010254
selectFwe(0.03936881455996622);logisticRegression('None','saga',1000,0.32704755922556994,'balanced')	0.8737264293096212	7.921808481216431
selectPercentile(48.275448389242264);logisticRegression('None','saga',1000,0.32704755922556994,'balanced')	0.8737264293096212	cached
selectPercentile(57.06067899251256);logisticRegression('l2','sag',1000,3.3908241130838226,'None')	0.8731194742599024	5.495210647583008
selectPercentile(48.275448389242264);logisticRegression('None','saga',1000,0.32704755922556994,'balanced')	0.8737264293096212	cached
selectFwe(0.02244001613065643);logisticRegression('None','saga',1000,0.32704755922556994,'balanced')	0.8737264293096212	4.888469934463501
selectFwe(0.006419453741170014);logisticRegression('l2','saga',1000,0.32704755922556994,'balanced')	0.8731504082095827	5.191632986068726
selectFwe(0.025749963555847678);logisticRegression('None','saga',1000,0.32704755922556994,'balanced')	0.8737264293096212	4.860070705413818
selectFwe(0.03542841866661003);logisticRegression('None','saga',1000,0.32704755922556994,'balanced')	0.8737264293096212	4.4105610847473145
selectPercentile(48.275448389242264);logisticRegression('None','saga',1000,0.32704755922556994,'balanced')	0.8737264293096212	cached
selectPercentile(48.275448389242264);logisticRegression('None','saga',1000,0.32704755922556994,'balanced')	0.8737264293096212	cached
selectPercentile(67.08955258602944);logisticRegression('None','saga',1000,0.32704755922556994,'balanced')	0.8739893560794364	cached
selectPercentile(67.08955258602944);logisticRegression('None','saga',1000,0.32704755922556994,'balanced')	0.8739893560794364	cached
selectFwe(0.03936881455996622);logisticRegression('None','saga',1000,0.32704755922556994,'balanced')	0.8737264293096212	cached
selectPercentile(48.275448389242264);logisticRegression('None','saga',1000,0.32704755922556994,'balanced')	0.8737264293096212	cached
selectFwe(0.03429447768635528);logisticRegression('None','saga',1000,0.32704755922556994,'balanced')	0.8737264293096212	cached
selectPercentile(48.275448389242264);logisticRegression('None','saga',1000,0.32704755922556994,'balanced')	0.8737264293096212	cached
selectFwe(0.0416011284141234);logisticRegression('l1','lbfgs',1000,0.32704755922556994,'balanced')	eval_error (Solver lbfgs supports only 'l2' or None penalties, got l1 penalty.)	eval_error (Solver lbfgs supports only 'l2' or None penalties, got l1 penalty.)
selectFwe(0.009545197579880831);logisticRegression('None','liblinear',1000,3.9230881747381323,'None')	eval_error (C=np.inf as well as penalty=None is not supported for the liblinear solver)	eval_error (C=np.inf as well as penalty=None is not supported for the liblinear solver)
selectPercentile(48.275448389242264);logisticRegression('None','newton-cg',1000,0.23592533567124313,'balanced')	0.873159012324537	3.3394503593444824
selectPercentile(67.08955258602944);logisticRegression('None','saga',1000,0.32704755922556994,'balanced')	0.8739893560794364	cached
selectPercentile(67.08955258602944);logisticRegression('None','saga',1000,0.32704755922556994,'balanced')	0.8739893560794364	cached
selectFwe(0.03936881455996622);logisticRegression('None','saga',1000,0.32704755922556994,'balanced')	0.8737264293096212	cached
selectPercentile(67.08955258602944);logisticRegression('None','saga',1000,0.32704755922556994,'balanced')	0.8739893560794364	cached
selectFwe(0.009545197579880831);logisticRegression('None','saga',1000,0.32704755922556994,'balanced')	0.8737264293096212	cached
selectFwe(0.009980201766017261);logisticRegression('None','saga',1000,0.32704755922556994,'balanced')	0.8737264293096212	cached
selectPercentile(67.08955258602944);logisticRegression('None','saga',1000,0.32704755922556994,'balanced')	0.8739893560794364	cached
selectFwe(0.013629662441477626);logisticRegression('None','newton-cg',1000,0.32704755922556994,'balanced')	0.873159012324537	3.5350327491760254
selectFwe(0.009306634215538546);logisticRegression('None','saga',1000,0.32704755922556994,'balanced')	0.8737264293096212	5.5419228076934814
selectFwe(0.03429447768635528);logisticRegression('None','saga',1000,0.32704755922556994,'balanced')	0.8737264293096212	4.959970712661743
selectPercentile(45.1865212933583);logisticRegression('None','saga',1000,0.32704755922556994,'balanced')	0.8723053036050386	5.259699583053589
selectFwe(0.009980201766017261);logisticRegression('None','saga',1000,0.32704755922556994,'balanced')	0.8737264293096212	4.954679489135742
selectFwe(0.03936881455996622);logisticRegression('None','saga',1000,0.32704755922556994,'balanced')	0.8737264293096212	cached
selectFwe(0.02244001613065643);logisticRegression('None','saga',1000,0.32704755922556994,'balanced')	0.8737264293096212	5.368319511413574
selectFwe(0.04577350027902546);logisticRegression('None','saga',1000,0.32704755922556994,'balanced')	0.8737264293096212	5.454095125198364
selectPercentile(67.08955258602944);logisticRegression('None','saga',1000,0.32704755922556994,'balanced')	0.8739893560794364	cached
selectPercentile(67.08955258602944);logisticRegression('None','saga',1000,0.32704755922556994,'balanced')	0.8739893560794364	cached
selectFwe(0.006419453741170014);logisticRegression('None','newton-cg',1000,0.32704755922556994,'balanced')	0.873159012324537	cached
selectFwe(0.009545197579880831);logisticRegression('None','saga',1000,0.32704755922556994,'balanced')	0.8737264293096212	cached
selectFwe(0.02244001613065643);logisticRegression('None','saga',1000,0.32704755922556994,'balanced')	0.8737264293096212	cached
selectPercentile(48.275448389242264);logisticRegression('None','saga',1000,0.32704755922556994,'balanced')	0.8737264293096212	cached
selectFwe(0.03936881455996622);logisticRegression('None','saga',1000,0.32704755922556994,'balanced')	0.8737264293096212	5.141845226287842
selectFwe(0.009980201766017261);logisticRegression('None','saga',1000,0.32704755922556994,'balanced')	0.8737264293096212	5.5955846309661865
selectFwe(0.03936881455996622);logisticRegression('None','saga',1000,0.32704755922556994,'balanced')	0.8737264293096212	5.348495244979858
selectFwe(0.041639183470133415);logisticRegression('None','saga',1000,12.360772500664165,'None')	0.8734353084944828	6.093027591705322
selectPercentile(40.27861039108734);logisticRegression('None','newton-cg',1000,0.32704755922556994,'balanced')	0.870010117728188	3.5520131587982178
selectFwe(0.03429447768635528);logisticRegression('None','saga',1000,0.32704755922556994,'balanced')	0.8737264293096212	cached
selectFwe(0.03542841866661003);logisticRegression('None','saga',1000,0.32704755922556994,'balanced')	0.8737264293096212	9.057647228240967
pca(0.6199526310558136,True);nystroem('cosine',5.521188156769679,86,5,0.5914411688226291);minMaxScaler();fastICA(74,'parallel','unit-variance','logcosh');selectPercentile(11.94383496778179);randomForest(87,'gini','log2',11,15,False,'None')	0.5277727144717808	59.68334221839905
