pipeline	fitness	fit_time
selectFwe(0.04736632413667868);pca(0.5247896977635468,False);varianceThreshold();varianceThreshold();extraTreesClassifier(84,'gini','log2',5,18,True,'balanced')	invalid_ind (duplicated operator)	invalid_ind (duplicated operator)
varianceThreshold();minMaxScaler();varianceThreshold();nystroem('poly',1.39807598979412,60,2,-0.03695436366961058);adaBoost(decisionTree('gini',12,2,0.07031557615348971,7,'None'),29,1.0149772493231832,'SAMME')	invalid_ind (duplicated operator)	invalid_ind (duplicated operator)
maxAbsScaler();maxAbsScaler();adaBoost(decisionTree('entropy',25,7,0.6085546389515137,5,'balanced'),28,0.6911758795755965,'SAMME')	invalid_ind (duplicated operator)	invalid_ind (duplicated operator)
qda(0.723127961069629)	0.8660817189904684	2.307912826538086
kNN(3,'uniform',1)	0.7966594708105472	3.4835927486419678
selectFwe(0.0143483446270241);pca(0.7615525054721541,True);nystroem('poly',0.35167083821096917,25,5,-0.11576382344991276);selectPercentile(77.82572968296921);maxAbsScaler();fastICA(61,'parallel','unit-variance','exp');decisionTree('entropy',17,14,0.33911614433881987,7,'None')	0.5682217702206026	6.76530122756958
varianceThreshold();extraTreesClassifier(72,'entropy','sqrt',4,18,True,'balanced_subsample')	0.8496411090280238	7.482029914855957
pca(0.6928571420791108,True);minMaxScaler();minMaxScaler();robustScaler(False,False);mlpClassifier((45, 5),0.08123486314972199,0.8203055048089175,'sgd','relu')	invalid_ind (duplicated operator)	invalid_ind (duplicated operator)
varianceThreshold();selectFwe(0.043523617980214264);maxAbsScaler();qda(0.44582460823374026)	0.8001663376065518	4.319191932678223
gaussianNB(0.007519407381690182)	0.805422967486274	5.304811239242554
nystroem('rbf',5.258345918838443,25,5,0.56460576819618);fastICA(44,'parallel','arbitrary-variance','exp');robustScaler(False,False);adaBoost(decisionTree('gini',1,2,0.7993570116973681,4,'balanced'),65,1.9563906674809646,'SAMME')	eval_error (BaseClassifier in AdaBoostClassifier ensemble is worse than random, ensemble can not be fit.)	eval_error (BaseClassifier in AdaBoostClassifier ensemble is worse than random, ensemble can not be fit.)
varianceThreshold();fastICA(65,'deflation','unit-variance','exp');maxAbsScaler();varianceThreshold();selectFwe(0.034701543769405645);minMaxScaler();bernoulliNB(1.752379375585162,False)	invalid_ind (duplicated operator)	invalid_ind (duplicated operator)
robustScaler(True,False);maxAbsScaler();maxAbsScaler();adaBoost(decisionTree('gini',23,13,0.2313836030504699,16,'None'),13,0.20095687872771922,'SAMME')	invalid_ind (duplicated operator)	invalid_ind (duplicated operator)
fastICA(77,'parallel','arbitrary-variance','exp');maxAbsScaler();selectFwe(0.008149243367439525);nystroem('poly',5.979210074777857,90,5,0.8268477749187702);nystroem('poly',1.6930068580089659,27,4,-0.028849839434371916);mlpClassifier((46, 10),0.024750647479547503,0.6691597093972592,'adam','tanh')	invalid_ind (duplicated operator)	invalid_ind (duplicated operator)
maxAbsScaler();minMaxScaler();selectFwe(0.012505060860176819);selectFwe(0.020942897716695063);adaBoost(decisionTree('gini',3,10,0.8967901337776605,13,'None'),92,0.6410551206000643,'SAMME')	invalid_ind (duplicated operator)	invalid_ind (duplicated operator)
decisionTree('gini',2,6,0.6371198770456572,4,'None')	0.647623826248845	6.79900598526001
kNN(2,'distance',2)	0.767234679722779	7.167922496795654
varianceThreshold();robustScaler(True,False);nystroem('poly',1.216917308719419,60,3,-0.9864930689772335);lda(0.200413803098468,197,0.08129194951620175)	eval_error (n_components cannot be larger than min(n_features, n_classes - 1).)	eval_error (n_components cannot be larger than min(n_features, n_classes - 1).)
fastICA(7,'parallel','unit-variance','logcosh');minMaxScaler();adaBoost(decisionTree('gini',13,10,0.22358303361003984,20,'balanced'),11,0.8131766312170136,'SAMME')	0.8240508763078704	16.46014642715454
maxAbsScaler();nystroem('sigmoid',0.09091135548276047,33,4,0.5115530957215362);fastICA(53,'parallel','arbitrary-variance','cube');adaBoost(decisionTree('entropy',3,9,0.06662253487446146,4,'None'),11,0.46107427319578104,'SAMME')	0.569726444452909	37.61858105659485
selectFwe(0.014432858569892583);pca(0.9084404361409524,False);adaBoost(decisionTree('entropy',25,12,0.7206772713715515,16,'balanced'),46,1.2217855465242842,'SAMME')	0.8477299930118857	36.97812557220459
robustScaler(False,False);maxAbsScaler();pca(0.7372197167801708,True);adaBoost(decisionTree('gini',29,12,0.362974288108309,11,'balanced'),43,1.2763399449117534,'SAMME')	0.8182468082708487	12.295191764831543
robustScaler(False,False);pca(0.8321461686149788,False);maxAbsScaler();selectFwe(0.022242364623009613);adaBoost(decisionTree('gini',21,5,0.6533265520924009,2,'balanced'),10,0.6935153982833401,'SAMME')	0.8481776767426643	3.857102394104004
fastICA(81,'deflation','unit-variance','logcosh');minMaxScaler();varianceThreshold();minMaxScaler();selectFwe(0.009896355781903378);adaBoost(decisionTree('gini',21,7,0.3977721310809693,9,'None'),46,1.0895958998428918,'SAMME')	invalid_ind (duplicated operator)	invalid_ind (duplicated operator)
gaussianNB(0.001964148286916476)	0.8065650141218829	3.3671514987945557
fastICA(57,'deflation','unit-variance','exp');selectFwe(0.03866119735167974);minMaxScaler();lda(0.19731179171566215,193,0.015368967657059546)	eval_error (n_components cannot be larger than min(n_features, n_classes - 1).)	eval_error (n_components cannot be larger than min(n_features, n_classes - 1).)
minMaxScaler();maxAbsScaler();pca(0.6416191738820909,True);selectFwe(0.03962141797524362);adaBoost(decisionTree('gini',29,7,0.640324427081835,8,'None'),88,1.537909930417048,'SAMME')	0.8484663469003658	14.39566683769226
varianceThreshold();selectPercentile(52.10234629246801);logisticRegression('l2','newton-cg',1000,1.3694740259624387,'None')	0.8648585927499906	2.5774898529052734
minMaxScaler();varianceThreshold();maxAbsScaler();adaBoost(decisionTree('entropy',4,15,0.6565094403550146,18,'None'),74,0.4120210242378378,'SAMME')	0.8340100019076427	31.774303436279297
varianceThreshold();varianceThreshold();pca(0.5673608738232746,True);maxAbsScaler();gaussianNB(0.002687809096296281)	invalid_ind (duplicated operator)	invalid_ind (duplicated operator)
minMaxScaler();varianceThreshold();varianceThreshold();adaBoost(decisionTree('entropy',27,7,0.5085760154529101,3,'None'),90,0.0647503895650201,'SAMME')	invalid_ind (duplicated operator)	invalid_ind (duplicated operator)
maxAbsScaler();minMaxScaler();multinomialNB(0.18006975563736288,False)	0.8130874355686428	2.80682110786438
maxAbsScaler();varianceThreshold();robustScaler(False,True);minMaxScaler();adaBoost(decisionTree('gini',26,9,0.8183329433253732,8,'balanced'),76,0.7270645522714722,'SAMME')	0.8503767669269753	80.50466847419739
nystroem('sigmoid',1.8529270747491149,26,2,0.5839345866048915);logisticRegression('l2','newton-cg',1000,19.70456619545998,'balanced')	0.3600191035076813	21.714858770370483
robustScaler(True,False);pca(0.644138499488788,True);maxAbsScaler();robustScaler(False,True);lda(0.28372975301177006,55,0.0935498332640169)	invalid_ind (duplicated operator)	invalid_ind (duplicated operator)
fastICA(68,'deflation','arbitrary-variance','cube');maxAbsScaler();selectPercentile(83.48884383514604);selectFwe(0.01976894224265951);pca(0.9907321721766262,True);nystroem('rbf',1.6134587641480902,39,4,0.5784047873611167);gaussianNB(0.00032755591625498)	0.4054482967332286	32.384522438049316
robustScaler(False,False);adaBoost(decisionTree('entropy',21,15,0.30821162151265635,8,'None'),59,1.069293662410957,'SAMME')	0.8502615244487988	40.49941444396973
selectPercentile(69.30675691848333);kNN(27,'uniform',2)	0.8607537080507195	2.308090925216675
robustScaler(False,False);pca(0.7556897181896566,False);fastICA(5,'parallel','unit-variance','logcosh');varianceThreshold();selectFwe(0.036096575003521925);adaBoost(decisionTree('entropy',17,17,0.20832334154760657,9,'balanced'),50,0.514708779655991,'SAMME')	0.847706897159226	7.201297283172607
maxAbsScaler();nystroem('rbf',0.596671196473556,86,3,-0.16923013252257513);adaBoost(decisionTree('gini',6,18,0.7463084419639098,2,'None'),95,1.2247421483315755,'SAMME')	0.8215070070596378	106.84111213684082
qda(0.723127961069629)	0.8660817189904684	cached
selectPercentile(69.30675691848333);kNN(27,'uniform',2)	0.8607537080507195	cached
minMaxScaler();selectFwe(0.03866119735167974);pca(0.6416191738820909,True);selectFwe(0.03962141797524362);adaBoost(decisionTree('gini',29,7,0.640324427081835,8,'None'),88,1.537909930417048,'SAMME')	invalid_ind (duplicated operator)	invalid_ind (duplicated operator)
varianceThreshold();pca(0.644138499488788,True);maxAbsScaler();robustScaler(False,True);lda(0.28372975301177006,55,0.0935498332640169)	eval_error (n_components cannot be larger than min(n_features, n_classes - 1).)	eval_error (n_components cannot be larger than min(n_features, n_classes - 1).)
varianceThreshold();robustScaler(True,False);nystroem('poly',1.216917308719419,60,3,-0.9864930689772335);lda(0.200413803098468,197,0.08129194951620175)	eval_error (n_components cannot be larger than min(n_features, n_classes - 1).)	eval_error (n_components cannot be larger than min(n_features, n_classes - 1).)
maxAbsScaler();minMaxScaler();selectFwe(0.012505060860176819);selectFwe(0.020942897716695063);adaBoost(decisionTree('gini',3,10,0.8967901337776605,13,'None'),92,0.6410551206000643,'SAMME')	invalid_ind (duplicated operator)	invalid_ind (duplicated operator)
varianceThreshold();selectFwe(0.043523617980214264);maxAbsScaler();qda(0.723127961069629)	0.7941599839468781	3.46488618850708
selectPercentile(69.30675691848333);kNN(27,'uniform',2)	0.8607537080507195	4.286372661590576
selectPercentile(62.59934772870515);kNN(27,'uniform',2)	0.8616489391052571	4.917072296142578
varianceThreshold();varianceThreshold();pca(0.5673608738232746,True);maxAbsScaler();gaussianNB(0.002687809096296281)	invalid_ind (duplicated operator)	invalid_ind (duplicated operator)
qda(0.44582460823374026)	0.8575072747850079	5.042992830276489
fastICA(57,'deflation','unit-variance','exp');maxAbsScaler();minMaxScaler();lda(0.19731179171566215,193,0.015368967657059546)	eval_error (n_components cannot be larger than min(n_features, n_classes - 1).)	eval_error (n_components cannot be larger than min(n_features, n_classes - 1).)
maxAbsScaler();nystroem('sigmoid',0.09091135548276047,33,4,0.5115530957215362);fastICA(53,'parallel','arbitrary-variance','cube');adaBoost(decisionTree('entropy',3,9,0.06662253487446146,4,'None'),11,0.46107427319578104,'SAMME')	0.569726444452909	cached
varianceThreshold();robustScaler(True,False);nystroem('poly',5.979210074777857,60,5,0.8268477749187702);lda(0.200413803098468,197,0.08129194951620175)	eval_error (n_components cannot be larger than min(n_features, n_classes - 1).)	eval_error (n_components cannot be larger than min(n_features, n_classes - 1).)
fastICA(77,'parallel','arbitrary-variance','exp');maxAbsScaler();selectFwe(0.008149243367439525);nystroem('poly',1.216917308719419,90,3,-0.9864930689772335);nystroem('poly',1.6930068580089659,27,4,-0.028849839434371916);mlpClassifier((46, 10),0.024750647479547503,0.6691597093972592,'adam','tanh')	invalid_ind (duplicated operator)	invalid_ind (duplicated operator)
fastICA(81,'deflation','unit-variance','logcosh');minMaxScaler();varianceThreshold();minMaxScaler();selectFwe(0.009896355781903378);adaBoost(decisionTree('entropy',21,7,0.3977721310809693,9,'None'),59,1.069293662410957,'SAMME')	invalid_ind (duplicated operator)	invalid_ind (duplicated operator)
robustScaler(False,False);adaBoost(decisionTree('gini',21,15,0.30821162151265635,8,'None'),46,1.0895958998428918,'SAMME')	0.8483604262291244	13.523206233978271
selectFwe(0.014432858569892583);pca(0.9084404361409524,False);adaBoost(decisionTree('entropy',25,12,0.7206772713715515,16,'balanced'),46,1.2217855465242842,'SAMME')	0.8477299930118857	26.639289140701294
robustScaler(False,False);maxAbsScaler();pca(0.7372197167801708,True);gaussianNB(0.001964148286916476)	0.8243926028083612	2.768368721008301
selectFwe(0.014432858569892583);pca(0.9084404361409524,False);adaBoost(decisionTree('entropy',15,11,0.7598879303654112,5,'None'),46,1.2217855465242842,'SAMME')	0.8539487431815364	25.872660636901855
robustScaler(False,False);maxAbsScaler();pca(0.7372197167801708,True);adaBoost(decisionTree('entropy',25,12,0.362974288108309,11,'balanced'),46,1.2217855465242842,'SAMME')	0.8219171481683126	17.934581518173218
adaBoost(decisionTree('gini',29,12,0.362974288108309,11,'balanced'),43,1.2763399449117534,'SAMME')	0.8308196852121279	21.889758348464966
qda(0.578487114181612)	0.8621080563299168	5.4634788036346436
maxAbsScaler();nystroem('sigmoid',0.09091135548276047,33,4,0.5115530957215362);fastICA(53,'parallel','arbitrary-variance','cube');adaBoost(decisionTree('entropy',27,9,0.06662253487446146,4,'None'),11,0.46107427319578104,'SAMME')	0.6226550636066097	31.2020480632782
nystroem('sigmoid',1.8529270747491149,26,2,0.5839345866048915);logisticRegression('l2','newton-cg',1000,19.70456619545998,'balanced')	0.3600191035076813	cached
nystroem('rbf',5.258345918838443,25,5,0.56460576819618);fastICA(44,'parallel','arbitrary-variance','exp');robustScaler(False,False);adaBoost(decisionTree('gini',1,2,0.7993570116973681,4,'balanced'),65,1.9563906674809646,'SAMME')	eval_error (BaseClassifier in AdaBoostClassifier ensemble is worse than random, ensemble can not be fit.)	eval_error (BaseClassifier in AdaBoostClassifier ensemble is worse than random, ensemble can not be fit.)
varianceThreshold();minMaxScaler();varianceThreshold();nystroem('poly',1.39807598979412,60,2,-0.03695436366961058);adaBoost(decisionTree('gini',12,2,0.07031557615348971,7,'None'),29,0.4120210242378378,'SAMME')	invalid_ind (duplicated operator)	invalid_ind (duplicated operator)
selectFwe(0.014432858569892583);pca(0.9084404361409524,False);adaBoost(decisionTree('gini',29,12,0.7206772713715515,16,'balanced'),43,1.2763399449117534,'SAMME')	0.849717987268248	25.390918254852295
fastICA(77,'parallel','arbitrary-variance','exp');pca(0.5673608738232746,True);selectFwe(0.008149243367439525);nystroem('poly',5.979210074777857,90,5,0.8268477749187702);nystroem('poly',1.6930068580089659,27,4,-0.028849839434371916);mlpClassifier((46, 10),0.024750647479547503,0.6691597093972592,'adam','tanh')	invalid_ind (duplicated operator)	invalid_ind (duplicated operator)
varianceThreshold();varianceThreshold();maxAbsScaler();maxAbsScaler();gaussianNB(0.002687809096296281)	invalid_ind (duplicated operator)	invalid_ind (duplicated operator)
maxAbsScaler();maxAbsScaler();adaBoost(decisionTree('entropy',4,7,0.6565094403550146,5,'None'),74,0.4120210242378378,'SAMME')	invalid_ind (duplicated operator)	invalid_ind (duplicated operator)
minMaxScaler();varianceThreshold();maxAbsScaler();adaBoost(decisionTree('entropy',25,15,0.6085546389515137,18,'balanced'),28,0.6911758795755965,'SAMME')	0.8321137614839182	17.172106504440308
minMaxScaler();varianceThreshold();maxAbsScaler();adaBoost(decisionTree('entropy',4,15,0.6565094403550146,18,'None'),74,1.0149772493231832,'SAMME')	0.8207683521516781	24.265307903289795
minMaxScaler();maxAbsScaler();pca(0.5247896977635468,True);selectFwe(0.04736632413667868);adaBoost(decisionTree('gini',29,7,0.640324427081835,8,'None'),88,1.537909930417048,'SAMME')	0.8484663469003658	9.032904624938965
selectFwe(0.023596330406581125);pca(0.7456369775299627,False);varianceThreshold();varianceThreshold();extraTreesClassifier(84,'gini','log2',5,18,True,'balanced')	invalid_ind (duplicated operator)	invalid_ind (duplicated operator)
maxAbsScaler();varianceThreshold();robustScaler(False,False);minMaxScaler();adaBoost(decisionTree('gini',26,9,0.8183329433253732,8,'None'),74,0.4120210242378378,'SAMME')	0.8532375965487894	37.71364212036133
maxAbsScaler();nystroem('rbf',0.596671196473556,86,3,-0.16923013252257513);adaBoost(decisionTree('gini',6,18,0.7463084419639098,2,'None'),95,1.2247421483315755,'SAMME')	0.8215070070596378	103.95046520233154
maxAbsScaler();nystroem('rbf',0.596671196473556,86,3,-0.16923013252257513);adaBoost(decisionTree('gini',29,18,0.7463084419639098,2,'balanced'),43,1.2763399449117534,'SAMME')	0.7978788478703719	109.51972079277039
robustScaler(False,False);maxAbsScaler();pca(0.7372197167801708,True);adaBoost(decisionTree('gini',6,12,0.362974288108309,11,'None'),95,1.2247421483315755,'SAMME')	0.8215741596883713	8.503664493560791
minMaxScaler();varianceThreshold();maxAbsScaler();adaBoost(decisionTree('entropy',4,15,0.6565094403550146,18,'balanced'),76,0.7270645522714722,'SAMME')	0.8317879634880196	15.31961727142334
selectFwe(0.023596330406581125);pca(0.7456369775299627,False);varianceThreshold();varianceThreshold();qda(0.578487114181612)	invalid_ind (duplicated operator)	invalid_ind (duplicated operator)
maxAbsScaler();kNN(27,'uniform',2)	0.8052077817204006	2.101710557937622
selectPercentile(69.30675691848333);kNN(27,'uniform',2)	0.8607537080507195	2.835813522338867
extraTreesClassifier(93,'gini','log2',5,18,True,'balanced')	0.8510539472197947	4.270939826965332
selectFwe(0.04736632413667868);pca(0.7456369775299627,False);varianceThreshold();varianceThreshold();extraTreesClassifier(84,'gini','log2',5,18,True,'balanced')	invalid_ind (duplicated operator)	invalid_ind (duplicated operator)
minMaxScaler();maxAbsScaler();pca(0.5247896977635468,True);selectFwe(0.023596330406581125);adaBoost(decisionTree('gini',29,7,0.640324427081835,8,'None'),88,1.537909930417048,'SAMME')	0.8484663469003658	9.240356922149658
fastICA(81,'deflation','unit-variance','logcosh');minMaxScaler();varianceThreshold();minMaxScaler();selectFwe(0.009896355781903378);adaBoost(decisionTree('gini',6,7,0.3977721310809693,9,'None'),95,1.2247421483315755,'SAMME')	invalid_ind (duplicated operator)	invalid_ind (duplicated operator)
selectPercentile(62.59934772870515);maxAbsScaler();adaBoost(decisionTree('entropy',4,7,0.6565094403550146,5,'None'),74,0.4120210242378378,'SAMME')	0.8319322358550931	16.130343675613403
selectFwe(0.014432858569892583);pca(0.9084404361409524,False);adaBoost(decisionTree('entropy',15,11,0.7598879303654112,5,'None'),46,1.2217855465242842,'SAMME')	0.8539487431815364	cached
selectFwe(0.014432858569892583);pca(0.9084404361409524,False);adaBoost(decisionTree('entropy',15,11,0.7598879303654112,5,'None'),46,1.2217855465242842,'SAMME')	0.8539487431815364	cached
minMaxScaler();varianceThreshold();maxAbsScaler();qda(0.578487114181612)	0.8020694331248025	3.1287343502044678
adaBoost(decisionTree('entropy',21,12,0.30821162151265635,8,'None'),59,1.069293662410957,'SAMME')	0.8502615244487988	23.041698455810547
minMaxScaler();varianceThreshold();maxAbsScaler();adaBoost(decisionTree('entropy',4,15,0.6565094403550146,18,'None'),74,1.0149772493231832,'SAMME')	0.8207683521516781	23.16930055618286
robustScaler(False,False);maxAbsScaler();pca(0.7372197167801708,True);adaBoost(decisionTree('entropy',21,12,0.362974288108309,11,'None'),59,1.069293662410957,'SAMME')	0.8302972543912791	18.928078413009644
fastICA(77,'parallel','arbitrary-variance','exp');pca(0.5673608738232746,True);selectFwe(0.014432858569892583);nystroem('poly',5.979210074777857,90,5,0.8268477749187702);nystroem('poly',1.6930068580089659,27,4,-0.028849839434371916);mlpClassifier((46, 10),0.024750647479547503,0.6691597093972592,'adam','tanh')	invalid_ind (duplicated operator)	invalid_ind (duplicated operator)
varianceThreshold();minMaxScaler();pca(0.934692150281004,True);adaBoost(decisionTree('entropy',4,12,0.7206772713715515,16,'None'),74,0.4120210242378378,'SAMME')	0.8447598250756693	35.37006735801697
maxAbsScaler();maxAbsScaler();adaBoost(decisionTree('entropy',25,7,0.6565094403550146,5,'balanced'),46,1.2217855465242842,'SAMME')	invalid_ind (duplicated operator)	invalid_ind (duplicated operator)
robustScaler(False,False);adaBoost(decisionTree('entropy',21,15,0.30821162151265635,8,'None'),59,1.069293662410957,'SAMME')	0.8502615244487988	cached
selectPercentile(39.75859990419183);kNN(27,'uniform',2)	0.8602310209104245	2.8214871883392334
robustScaler(False,False);adaBoost(decisionTree('entropy',21,15,0.30821162151265635,8,'None'),59,1.069293662410957,'SAMME')	0.8502615244487988	cached
varianceThreshold();selectPercentile(52.10234629246801);logisticRegression('l2','newton-cg',1000,1.3694740259624387,'None')	0.8648585927499906	cached
robustScaler(False,False);adaBoost(decisionTree('gini',29,15,0.362974288108309,11,'balanced'),43,1.2763399449117534,'SAMME')	0.8308196852121279	16.88680648803711
selectFwe(0.014432858569892583);pca(0.9084404361409524,False);kNN(27,'uniform',2)	0.8658907927856075	3.037523031234741
adaBoost(decisionTree('entropy',4,15,0.6565094403550146,18,'None'),74,1.0149772493231832,'SAMME')	0.8210594729668163	23.722520351409912
minMaxScaler();varianceThreshold();maxAbsScaler();adaBoost(decisionTree('entropy',25,15,0.6085546389515137,18,'balanced'),28,0.6911758795755965,'SAMME')	0.8321137614839182	cached
minMaxScaler();varianceThreshold();maxAbsScaler();adaBoost(decisionTree('entropy',25,15,0.6085546389515137,18,'balanced'),28,0.6911758795755965,'SAMME')	0.8321137614839182	cached
minMaxScaler();varianceThreshold();maxAbsScaler();adaBoost(decisionTree('entropy',4,15,0.6565094403550146,18,'balanced'),76,0.7270645522714722,'SAMME')	0.8317879634880196	cached
minMaxScaler();maxAbsScaler();pca(0.5247896977635468,True);selectFwe(0.04736632413667868);adaBoost(decisionTree('gini',29,7,0.640324427081835,8,'None'),88,1.537909930417048,'SAMME')	0.8484663469003658	cached
fastICA(77,'parallel','arbitrary-variance','exp');selectPercentile(69.30675691848333);selectFwe(0.008149243367439525);nystroem('poly',1.216917308719419,90,3,-0.9864930689772335);nystroem('poly',1.6930068580089659,27,4,-0.028849839434371916);mlpClassifier((46, 10),0.024750647479547503,0.6691597093972592,'adam','tanh')	invalid_ind (duplicated operator)	invalid_ind (duplicated operator)
selectFwe(0.014432858569892583);pca(0.9084404361409524,False);adaBoost(decisionTree('entropy',4,12,0.7206772713715515,16,'None'),74,0.4120210242378378,'SAMME')	0.851534747752859	19.452945709228516
maxAbsScaler();maxAbsScaler();adaBoost(decisionTree('gini',29,7,0.6565094403550146,5,'balanced'),43,1.2763399449117534,'SAMME')	invalid_ind (duplicated operator)	invalid_ind (duplicated operator)
selectFwe(0.008149243367439525);pca(0.9084404361409524,False);adaBoost(decisionTree('gini',29,12,0.7206772713715515,16,'balanced'),43,1.2763399449117534,'SAMME')	0.849717987268248	13.932196140289307
varianceThreshold();varianceThreshold();maxAbsScaler();maxAbsScaler();gaussianNB(0.002687809096296281)	invalid_ind (duplicated operator)	invalid_ind (duplicated operator)
maxAbsScaler();kNN(2,'distance',2)	0.6732529830245515	2.669489622116089
selectPercentile(69.30675691848333);adaBoost(decisionTree('gini',7,20,0.4863155304395479,19,'balanced'),43,1.7662756678954525,'SAMME')	0.819944048274053	11.860004425048828
kNN(27,'uniform',2)	0.8542356282610953	3.680974006652832
selectPercentile(53.5428912568416);adaBoost(decisionTree('entropy',29,12,0.7206772713715515,16,'balanced'),43,1.2763399449117534,'SAMME')	0.8406189140137748	22.33996319770813
robustScaler(False,False);fastICA(13,'deflation','unit-variance','exp');pca(0.7372197167801708,True);adaBoost(decisionTree('gini',6,12,0.362974288108309,11,'None'),95,1.2247421483315755,'SAMME')	0.6978280779308488	17.54048991203308
minMaxScaler();varianceThreshold();maxAbsScaler();adaBoost(decisionTree('gini',26,15,0.8183329433253732,8,'None'),74,0.4120210242378378,'SAMME')	0.8532375965487894	32.23097562789917
maxAbsScaler();varianceThreshold();robustScaler(False,False);minMaxScaler();adaBoost(decisionTree('entropy',4,9,0.6565094403550146,18,'balanced'),76,0.7270645522714722,'SAMME')	0.8317879634880196	13.619681358337402
fastICA(77,'parallel','arbitrary-variance','exp');selectPercentile(69.30675691848333);selectFwe(0.008149243367439525);nystroem('poly',1.216917308719419,90,3,-0.9864930689772335);nystroem('poly',1.6930068580089659,27,4,-0.028849839434371916);mlpClassifier((46, 10),0.024750647479547503,0.6691597093972592,'adam','tanh')	invalid_ind (duplicated operator)	invalid_ind (duplicated operator)
selectPercentile(28.40303819465577);selectPercentile(85.38684396631459);varianceThreshold();kNN(6,'distance',1)	invalid_ind (duplicated operator)	invalid_ind (duplicated operator)
maxAbsScaler();maxAbsScaler();adaBoost(decisionTree('gini',29,7,0.6565094403550146,5,'balanced'),43,1.2763399449117534,'SAMME')	invalid_ind (duplicated operator)	invalid_ind (duplicated operator)
qda(0.723127961069629)	0.8660817189904684	cached
selectPercentile(1.4546696909023324);kNN(27,'uniform',2)	0.5446657057233177	1.969722032546997
selectPercentile(36.97588914330109);kNN(27,'uniform',2)	0.8647904117155824	2.327409505844116
pca(0.9775814858833982,False);kNN(27,'uniform',2)	0.8539291388629933	2.760383367538452
selectFwe(0.014432858569892583);pca(0.6408507058938574,True);adaBoost(decisionTree('entropy',15,11,0.7598879303654112,5,'None'),59,1.069293662410957,'SAMME')	0.8497010129283129	6.148967981338501
selectPercentile(39.75859990419183);kNN(27,'uniform',2)	0.8602310209104245	2.4045958518981934
robustScaler(False,False);adaBoost(decisionTree('entropy',21,15,0.30821162151265635,8,'balanced'),43,1.2763399449117534,'SAMME')	0.841795558111863	17.9989173412323
robustScaler(False,False);adaBoost(decisionTree('entropy',21,15,0.30821162151265635,8,'None'),59,1.069293662410957,'SAMME')	0.8502615244487988	19.57051658630371
kNN(27,'uniform',2)	0.8542356282610953	cached
selectPercentile(39.75859990419183);kNN(27,'uniform',2)	0.8602310209104245	cached
fastICA(77,'parallel','arbitrary-variance','exp');selectPercentile(69.30675691848333);selectFwe(0.008149243367439525);nystroem('poly',1.216917308719419,90,3,-0.9864930689772335);nystroem('poly',1.6930068580089659,27,4,-0.028849839434371916);qda(0.44582460823374026)	invalid_ind (duplicated operator)	invalid_ind (duplicated operator)
robustScaler(False,False);adaBoost(decisionTree('entropy',21,15,0.30821162151265635,8,'None'),46,1.2217855465242842,'SAMME')	0.8341271281041529	15.651219367980957
maxAbsScaler();varianceThreshold();robustScaler(False,False);minMaxScaler();adaBoost(decisionTree('entropy',21,12,0.362974288108309,11,'None'),59,1.069293662410957,'SAMME')	0.8484155231061299	24.716705560684204
varianceThreshold();selectPercentile(52.10234629246801);logisticRegression('l2','newton-cg',1000,1.3694740259624387,'None')	0.8648585927499906	6.354380130767822
minMaxScaler();varianceThreshold();maxAbsScaler();adaBoost(decisionTree('entropy',4,15,0.6565094403550146,18,'balanced'),76,0.7270645522714722,'SAMME')	0.8317879634880196	38.03768587112427
selectPercentile(69.30675691848333);kNN(27,'uniform',2)	0.8607537080507195	cached
qda(0.723127961069629)	0.8660817189904684	cached
selectFwe(0.008149243367439525);pca(0.9084404361409524,False);adaBoost(decisionTree('gini',29,12,0.7206772713715515,16,'None'),59,1.069293662410957,'SAMME')	0.8620421999575318	37.090362787246704
varianceThreshold();robustScaler(False,False);logisticRegression('l2','newton-cg',1000,1.3694740259624387,'None')	0.8642257426432401	11.325292348861694
robustScaler(False,False);maxAbsScaler();pca(0.7372197167801708,True);adaBoost(decisionTree('entropy',4,9,0.6565094403550146,18,'balanced'),76,0.7270645522714722,'SAMME')	0.8182287616948191	71.36236023902893
robustScaler(False,False);adaBoost(decisionTree('entropy',21,15,0.30821162151265635,8,'None'),59,1.069293662410957,'SAMME')	0.8502615244487988	70.86194634437561
selectPercentile(52.10234629246801);fastICA(13,'deflation','unit-variance','exp');pca(0.7372197167801708,True);adaBoost(decisionTree('gini',6,12,0.362974288108309,11,'None'),95,1.2247421483315755,'SAMME')	0.659463341833339	52.0365092754364
minMaxScaler();varianceThreshold();maxAbsScaler();adaBoost(decisionTree('gini',26,15,0.8183329433253732,8,'None'),74,0.4120210242378378,'SAMME')	0.8532375965487894	cached
minMaxScaler();varianceThreshold();maxAbsScaler();qda(0.578487114181612)	0.8020694331248025	cached
fastICA(77,'parallel','arbitrary-variance','exp');selectPercentile(69.30675691848333);selectFwe(0.008149243367439525);nystroem('poly',1.216917308719419,90,3,-0.9864930689772335);nystroem('poly',1.6930068580089659,27,4,-0.028849839434371916);mlpClassifier((46, 10),0.024750647479547503,0.6691597093972592,'adam','tanh')	invalid_ind (duplicated operator)	invalid_ind (duplicated operator)
adaBoost(decisionTree('gini',4,15,0.6565094403550146,18,'None'),74,1.0149772493231832,'SAMME')	0.8351781709359122	54.39184236526489
robustScaler(False,False);adaBoost(decisionTree('entropy',21,15,0.30821162151265635,8,'None'),59,1.069293662410957,'SAMME')	0.8502615244487988	cached
mlpClassifier((91, 2),0.08020475092476775,0.8461754890079691,'lbfgs','identity')	0.8636681095264436	91.5375406742096
selectPercentile(29.772747410294716);adaBoost(decisionTree('gini',29,19,0.362974288108309,11,'balanced'),43,1.2763399449117534,'SAMME')	0.8298704673499209	16.911898374557495
robustScaler(False,False);kNN(27,'uniform',2)	0.8542356282610953	2.3296139240264893
selectFwe(0.027459416423254036);selectPercentile(69.30675691848333);adaBoost(decisionTree('entropy',4,12,0.7206772713715515,16,'None'),74,0.4120210242378378,'SAMME')	0.8372088228930604	12.120872020721436
pca(0.9084404361409524,False);kNN(27,'uniform',2)	0.8587751817263983	2.9414522647857666
selectPercentile(62.59934772870515);maxAbsScaler();adaBoost(decisionTree('entropy',4,7,0.6565094403550146,5,'None'),74,0.4120210242378378,'SAMME')	0.8319322358550931	17.272743940353394
minMaxScaler();varianceThreshold();maxAbsScaler();adaBoost(decisionTree('entropy',4,15,0.6565094403550146,18,'balanced'),76,0.7270645522714722,'SAMME')	0.8317879634880196	30.670149326324463
kNN(27,'uniform',2)	0.8542356282610953	1.568876028060913
selectFwe(0.014432858569892583);varianceThreshold();adaBoost(decisionTree('entropy',15,11,0.7598879303654112,5,'None'),46,1.2217855465242842,'SAMME')	0.8531932045983612	19.789872407913208
pca(0.9084404361409524,False);selectPercentile(52.10234629246801);logisticRegression('l2','newton-cg',1000,1.3694740259624387,'None')	0.864281518996374	1.737389326095581
kNN(27,'uniform',2)	0.8542356282610953	cached
pca(0.9775814858833982,False);kNN(27,'uniform',2)	0.8539291388629933	cached
pca(0.9084404361409524,False);kNN(27,'uniform',2)	0.8587751817263983	cached
robustScaler(False,False);adaBoost(decisionTree('entropy',21,15,0.30821162151265635,8,'balanced'),43,1.2763399449117534,'SAMME')	0.841795558111863	cached
varianceThreshold();selectPercentile(52.10234629246801);logisticRegression('l2','newton-cg',1000,1.3694740259624387,'None')	0.8648585927499906	2.661027193069458
kNN(27,'uniform',2)	0.8542356282610953	4.57625412940979
qda(0.4904266657169225)	0.8592356944047644	4.82538366317749
fastICA(77,'parallel','arbitrary-variance','exp');selectPercentile(69.30675691848333);selectFwe(0.008149243367439525);nystroem('poly',1.216917308719419,90,3,-0.9864930689772335);nystroem('poly',1.6930068580089659,27,4,-0.028849839434371916);mlpClassifier((91, 2),0.08020475092476775,0.8461754890079691,'lbfgs','identity')	invalid_ind (duplicated operator)	invalid_ind (duplicated operator)
qda(0.1453539144752236)	0.8415067036743273	11.692603349685669
adaBoost(decisionTree('gini',4,15,0.6565094403550146,18,'None'),74,1.0149772493231832,'SAMME')	0.8351781709359122	cached
robustScaler(False,False);adaBoost(decisionTree('entropy',21,15,0.30821162151265635,8,'None'),59,1.069293662410957,'SAMME')	0.8502615244487988	cached
kNN(27,'uniform',2)	0.8542356282610953	cached
selectFwe(0.014432858569892583);pca(0.9084404361409524,False);kNN(27,'uniform',2)	0.8658907927856075	cached
qda(0.723127961069629)	0.8660817189904684	13.097002744674683
selectFwe(0.008149243367439525);pca(0.9084404361409524,False);adaBoost(decisionTree('gini',29,12,0.7206772713715515,16,'None'),59,1.069293662410957,'SAMME')	0.8620421999575318	cached
selectFwe(0.027459416423254036);selectPercentile(69.30675691848333);adaBoost(decisionTree('entropy',4,12,0.7206772713715515,16,'None'),74,0.4120210242378378,'SAMME')	0.8372088228930604	cached
varianceThreshold();robustScaler(False,False);logisticRegression('l2','newton-cg',1000,1.3694740259624387,'None')	0.8642257426432401	15.431342840194702
pca(0.9775814858833982,False);kNN(27,'uniform',2)	0.8539291388629933	8.577100992202759
robustScaler(False,False);mlpClassifier((46, 10),0.024750647479547503,0.6691597093972592,'adam','tanh')	0.38253275109170304	38.987956047058105
fastICA(77,'parallel','arbitrary-variance','exp');selectPercentile(69.30675691848333);selectFwe(0.008149243367439525);nystroem('poly',0.6217705753839841,90,3,-0.8908312079283887);nystroem('poly',1.6930068580089659,27,4,-0.028849839434371916);adaBoost(decisionTree('gini',8,14,0.8682125973954123,6,'balanced'),59,1.069293662410957,'SAMME')	invalid_ind (duplicated operator)	invalid_ind (duplicated operator)
qda(0.723127961069629)	0.8660817189904684	cached
qda(0.723127961069629)	0.8660817189904684	11.654783010482788
pca(0.8479325690237333,True);selectPercentile(52.10234629246801);logisticRegression('l2','newton-cg',1000,1.3694740259624387,'None')	0.8671272718322973	7.336507320404053
robustScaler(False,False);kNN(27,'uniform',2)	0.8542356282610953	8.700574398040771
robustScaler(False,False);adaBoost(decisionTree('entropy',21,15,0.30821162151265635,8,'None'),59,1.069293662410957,'SAMME')	0.8502615244487988	72.6010627746582
mlpClassifier((91, 2),0.08020475092476775,0.8461754890079691,'lbfgs','identity')	0.8636681095264436	93.63372778892517
robustScaler(False,False);adaBoost(decisionTree('entropy',21,15,0.30821162151265635,8,'None'),46,1.2217855465242842,'SAMME')	0.8341271281041529	54.276862382888794
selectPercentile(39.75859990419183);kNN(27,'uniform',2)	0.8602310209104245	3.1774520874023438
adaBoost(decisionTree('gini',3,19,0.9138502207508851,17,'None'),34,0.08513577936755311,'SAMME')	0.831518513771232	15.409343481063843
selectPercentile(62.59934772870515);kNN(27,'uniform',2)	0.8616489391052571	cached
robustScaler(False,False);kNN(27,'uniform',2)	0.8542356282610953	cached
selectFwe(0.014432858569892583);pca(0.9084404361409524,False);kNN(27,'uniform',2)	0.8658907927856075	cached
robustScaler(False,False);adaBoost(decisionTree('entropy',21,15,0.30821162151265635,8,'balanced'),43,1.2763399449117534,'SAMME')	0.841795558111863	cached
kNN(27,'uniform',2)	0.8542356282610953	cached
varianceThreshold();selectPercentile(52.10234629246801);logisticRegression('l2','newton-cg',1000,1.3694740259624387,'None')	0.8648585927499906	cached
adaBoost(decisionTree('gini',13,3,0.5523443245211016,6,'balanced'),82,0.7366989644252426,'SAMME')	0.850686272448183	94.61115407943726
pca(0.9149116798554349,True);adaBoost(decisionTree('entropy',21,15,0.30821162151265635,8,'None'),59,1.069293662410957,'SAMME')	0.8573337626789115	65.8632640838623
adaBoost(decisionTree('gini',18,16,0.4670528310262798,8,'balanced'),57,0.48313703438773076,'SAMME')	0.8563003906344558	47.04885721206665
selectFwe(0.008149243367439525);pca(0.9084404361409524,False);adaBoost(decisionTree('gini',29,12,0.7206772713715515,16,'None'),59,1.069293662410957,'SAMME')	0.8620421999575318	38.43074560165405
mlpClassifier((91, 2),0.08020475092476775,0.8461754890079691,'lbfgs','identity')	0.8636681095264436	70.31767678260803
qda(0.723127961069629)	0.8660817189904684	cached
varianceThreshold();selectPercentile(52.10234629246801);logisticRegression('l2','newton-cg',1000,1.3694740259624387,'None')	0.8648585927499906	cached
robustScaler(False,False);kNN(27,'uniform',2)	0.8542356282610953	cached
selectPercentile(36.97588914330109);kNN(27,'uniform',2)	0.8647904117155824	cached
selectFwe(0.008149243367439525);pca(0.9084404361409524,False);adaBoost(decisionTree('gini',29,12,0.7206772713715515,16,'None'),59,1.069293662410957,'SAMME')	0.8620421999575318	cached
pca(0.9084404361409524,False);kNN(27,'uniform',2)	0.8587751817263983	cached
qda(0.723127961069629)	0.8660817189904684	2.8597075939178467
pca(0.9775814858833982,False);kNN(27,'uniform',2)	0.8539291388629933	3.8479413986206055
qda(0.723127961069629)	0.8660817189904684	2.934891700744629
selectPercentile(39.75859990419183);adaBoost(decisionTree('gini',18,16,0.22655439035018266,19,'balanced'),75,1.717791565216122,'SAMME')	0.8402989458140471	11.674440383911133
kNN(27,'uniform',2)	0.8542356282610953	cached
selectPercentile(39.75859990419183);adaBoost(decisionTree('gini',29,12,0.7206772713715515,16,'None'),59,1.069293662410957,'SAMME')	0.8396485311577472	15.004934310913086
selectFwe(0.008149243367439525);pca(0.9047665334313975,False);adaBoost(decisionTree('gini',29,12,0.7206772713715515,16,'None'),59,1.069293662410957,'SAMME')	0.8580787529157125	17.37320899963379
selectFwe(0.008149243367439525);pca(0.9084404361409524,False);adaBoost(decisionTree('gini',29,12,0.7206772713715515,16,'None'),59,1.069293662410957,'SAMME')	0.8620421999575318	cached
robustScaler(False,False);kNN(27,'uniform',2)	0.8542356282610953	cached
selectFwe(0.014432858569892583);pca(0.9084404361409524,False);kNN(27,'uniform',2)	0.8658907927856075	cached
selectFwe(0.008149243367439525);pca(0.9084404361409524,False);kNN(2,'distance',2)	0.799776564362957	3.548082113265991
pca(0.9149116798554349,True);adaBoost(decisionTree('entropy',21,15,0.30821162151265635,8,'None'),59,1.069293662410957,'SAMME')	0.8573337626789115	cached
selectPercentile(36.97588914330109);adaBoost(decisionTree('gini',15,11,0.12053765138556405,5,'None'),21,0.9861435163821499,'SAMME')	0.8315070251284604	4.413753509521484
qda(0.723127961069629)	0.8660817189904684	3.3728442192077637
selectFwe(0.008149243367439525);pca(0.8479325690237333,False);adaBoost(decisionTree('gini',29,12,0.7206772713715515,16,'None'),59,1.069293662410957,'SAMME')	0.8562624857431389	14.782864809036255
robustScaler(False,False);selectPercentile(69.30675691848333);adaBoost(decisionTree('entropy',4,12,0.7206772713715515,16,'None'),74,0.4120210242378378,'SAMME')	0.841635771664414	22.118090391159058
pca(0.8479325690237333,True);selectPercentile(52.10234629246801);logisticRegression('l2','newton-cg',1000,1.3694740259624387,'None')	0.8671272718322973	3.6212756633758545
fastICA(77,'parallel','arbitrary-variance','exp');selectPercentile(69.30675691848333);selectFwe(0.008149243367439525);nystroem('poly',0.6217705753839841,90,3,-0.8908312079283887);nystroem('poly',1.6930068580089659,27,4,-0.028849839434371916);adaBoost(decisionTree('gini',8,14,0.8682125973954123,6,'balanced'),59,1.069293662410957,'SAMME')	invalid_ind (duplicated operator)	invalid_ind (duplicated operator)
mlpClassifier((91, 2),0.08020475092476775,0.8461754890079691,'lbfgs','identity')	0.8636681095264436	cached
mlpClassifier((91, 2),0.08020475092476775,0.8461754890079691,'lbfgs','identity')	0.8636681095264436	cached
varianceThreshold();robustScaler(True,False);logisticRegression('l2','liblinear',1000,1.3694740259624387,'None')	eval_error (The 'liblinear' solver does not support multiclass classification (n_classes >= 3). Either use another solver or wrap the estimator in a OneVsRestClassifier to keep applying a one-versus-rest scheme.)	eval_error (The 'liblinear' solver does not support multiclass classification (n_classes >= 3). Either use another solver or wrap the estimator in a OneVsRestClassifier to keep applying a one-versus-rest scheme.)
pca(0.9084404361409524,True);selectPercentile(52.10234629246801);logisticRegression('l2','newton-cg',1000,1.3694740259624387,'None')	0.8637091042290557	4.2309393882751465
varianceThreshold();selectFwe(0.027459416423254036);logisticRegression('l2','newton-cg',1000,1.3694740259624387,'None')	0.8645510682220154	3.843858003616333
qda(0.723127961069629)	0.8660817189904684	3.508070707321167
fastICA(77,'parallel','arbitrary-variance','exp');selectPercentile(69.30675691848333);selectFwe(0.008149243367439525);nystroem('poly',0.6217705753839841,90,3,-0.8908312079283887);nystroem('poly',1.6930068580089659,27,4,-0.028849839434371916);adaBoost(decisionTree('gini',8,14,0.8682125973954123,6,'balanced'),59,1.069293662410957,'SAMME')	invalid_ind (duplicated operator)	invalid_ind (duplicated operator)
adaBoost(decisionTree('gini',27,13,0.09964528944894857,18,'None'),87,0.14217664209839004,'SAMME')	0.8535109181973846	16.254451990127563
pca(0.9775814858833982,False);qda(0.723127961069629)	0.8655351784793046	8.206028938293457
pca(0.9149116798554349,True);adaBoost(decisionTree('gini',9,15,0.30821162151265635,8,'None'),59,1.069293662410957,'SAMME')	0.8478754021376218	30.424208641052246
kNN(27,'uniform',2)	0.8542356282610953	8.601951599121094
selectFwe(0.008149243367439525);pca(0.9084404361409524,False);adaBoost(decisionTree('gini',29,12,0.7206772713715515,16,'None'),59,1.069293662410957,'SAMME')	0.8620421999575318	32.47626519203186
robustScaler(False,False);adaBoost(decisionTree('entropy',21,15,0.30821162151265635,8,'None'),59,1.069293662410957,'SAMME')	0.8502615244487988	66.83650755882263
pca(0.9775814858833982,False);kNN(27,'uniform',2)	0.8539291388629933	13.671977996826172
mlpClassifier((91, 2),0.08020475092476775,0.8461754890079691,'lbfgs','identity')	0.8636681095264436	102.12595295906067
mlpClassifier((91, 2),0.08020475092476775,0.8461754890079691,'lbfgs','identity')	0.8636681095264436	93.41850066184998
qda(0.723127961069629)	0.8660817189904684	3.6870944499969482
pca(0.9149116798554349,False);qda(0.723127961069629)	0.8701100056671667	5.02517032623291
robustScaler(False,False);adaBoost(decisionTree('entropy',5,10,0.00904030768671693,16,'balanced'),93,1.4373041303856564,'SAMME')	0.8029061731600746	23.498233556747437
selectFwe(0.008149243367439525);pca(0.9047665334313975,False);adaBoost(decisionTree('gini',29,12,0.7206772713715515,16,'None'),59,1.069293662410957,'SAMME')	0.8580787529157125	38.44373559951782
qda(0.723127961069629)	0.8660817189904684	5.307629108428955
selectPercentile(32.95245135127311);minMaxScaler();maxAbsScaler();nystroem('sigmoid',7.13956909481622,27,4,-0.4348681108887058);varianceThreshold();nystroem('poly',1.6930068580089659,27,4,-0.028849839434371916);adaBoost(decisionTree('gini',29,14,0.7206772713715515,6,'None'),59,1.069293662410957,'SAMME')	invalid_ind (duplicated operator)	invalid_ind (duplicated operator)
pca(0.9775814858833982,False);mlpClassifier((91, 2),0.08020475092476775,0.8461754890079691,'lbfgs','identity')	0.8636657689363977	44.37100100517273
kNN(27,'uniform',2)	0.8542356282610953	3.1319591999053955
qda(0.3027085300594755)	0.8474897235871746	3.218719959259033
varianceThreshold();selectFwe(0.027459416423254036);adaBoost(decisionTree('entropy',7,13,0.901029793922114,13,'None'),37,0.4369080913201887,'SAMME')	0.8334589848668822	28.376511096954346
qda(0.723127961069629)	0.8660817189904684	cached
selectFwe(0.008149243367439525);pca(0.8479325690237333,False);adaBoost(decisionTree('gini',29,12,0.7206772713715515,16,'None'),59,1.069293662410957,'SAMME')	0.8562624857431389	cached
robustScaler(False,False);adaBoost(decisionTree('entropy',21,15,0.30821162151265635,8,'None'),59,1.069293662410957,'SAMME')	0.8502615244487988	50.733943939208984
varianceThreshold();selectPercentile(39.75859990419183);logisticRegression('l2','newton-cg',1000,1.3694740259624387,'None')	0.8625875555539333	2.6840081214904785
selectFwe(0.008149243367439525);pca(0.9084404361409524,False);adaBoost(decisionTree('gini',8,12,0.8682125973954123,16,'balanced'),59,1.069293662410957,'SAMME')	0.8513755296709296	18.656821727752686
pca(0.9775814858833982,True);adaBoost(decisionTree('entropy',21,15,0.30821162151265635,8,'None'),59,1.069293662410957,'SAMME')	0.8514220967870662	57.622830867767334
qda(0.723127961069629)	0.8660817189904684	cached
qda(0.723127961069629)	0.8660817189904684	cached
qda(0.723127961069629)	0.8660817189904684	2.962583065032959
pca(0.9084404361409524,True);selectPercentile(52.10234629246801);logisticRegression('l2','newton-cg',1000,1.3694740259624387,'None')	0.8637091042290557	3.8498353958129883
pca(0.9084404361409524,True);selectPercentile(52.10234629246801);logisticRegression('l2','newton-cg',1000,1.3694740259624387,'None')	0.8637091042290557	3.573192834854126
selectFwe(0.008149243367439525);pca(0.9084404361409524,False);adaBoost(decisionTree('gini',29,12,0.7206772713715515,16,'None'),59,1.069293662410957,'SAMME')	0.8620421999575318	18.530356645584106
qda(0.723127961069629)	0.8660817189904684	3.490402936935425
selectFwe(0.008149243367439525);varianceThreshold();adaBoost(decisionTree('gini',29,12,0.7206772713715515,16,'None'),59,1.069293662410957,'SAMME')	0.850644504587914	18.809052228927612
pca(0.8479325690237333,True);selectPercentile(52.10234629246801);logisticRegression('l2','newton-cg',1000,1.3694740259624387,'None')	0.8671272718322973	3.5307254791259766
qda(0.723127961069629)	0.8660817189904684	4.145559549331665
pca(0.9084404361409524,False);selectPercentile(52.10234629246801);logisticRegression('l2','newton-cg',1000,1.3694740259624387,'None')	0.864281518996374	4.069939374923706
selectFwe(0.008149243367439525);pca(0.9084404361409524,False);adaBoost(decisionTree('gini',29,12,0.7206772713715515,16,'None'),59,1.069293662410957,'SAMME')	0.8620421999575318	cached
pca(0.9084404361409524,True);selectPercentile(52.10234629246801);logisticRegression('l2','newton-cg',1000,1.3694740259624387,'None')	0.8637091042290557	cached
selectFwe(0.025243004211297156);extraTreesClassifier(54,'gini','sqrt',4,9,True,'balanced')	0.8539430459680372	5.472119569778442
qda(0.5748507710583229)	0.8623965629475375	4.159872770309448
qda(0.6078299321312564)	0.8620995779218019	3.523364543914795
kNN(27,'uniform',2)	0.8542356282610953	3.7196896076202393
selectPercentile(52.10234629246801);adaBoost(decisionTree('gini',29,12,0.7206772713715515,16,'None'),59,1.069293662410957,'SAMME')	0.8462969252445476	22.339328050613403
qda(0.723127961069629)	0.8660817189904684	4.842564105987549
pca(0.9149116798554349,True);adaBoost(decisionTree('gini',9,15,0.30821162151265635,8,'None'),59,1.069293662410957,'SAMME')	0.8478754021376218	37.917747020721436
selectFwe(0.008149243367439525);pca(0.9084404361409524,False);adaBoost(decisionTree('gini',29,12,0.7206772713715515,16,'None'),59,1.069293662410957,'SAMME')	0.8620421999575318	38.210808753967285
qda(0.723127961069629)	0.8660817189904684	7.4902403354644775
mlpClassifier((91, 2),0.08020475092476775,0.8461754890079691,'lbfgs','identity')	0.8636681095264436	70.49431204795837
pca(0.9149116798554349,True);adaBoost(decisionTree('entropy',21,15,0.30821162151265635,8,'None'),59,1.069293662410957,'SAMME')	0.8573337626789115	66.70596408843994
pca(0.9084404361409524,True);selectPercentile(52.10234629246801);logisticRegression('l2','newton-cg',1000,1.3694740259624387,'None')	0.8637091042290557	cached
pca(0.8479325690237333,True);selectPercentile(52.10234629246801);logisticRegression('l2','newton-cg',1000,1.3694740259624387,'None')	0.8671272718322973	cached
qda(0.723127961069629)	0.8660817189904684	cached
qda(0.723127961069629)	0.8660817189904684	cached
pca(0.9084404361409524,True);selectPercentile(52.10234629246801);logisticRegression('l2','newton-cg',1000,1.3694740259624387,'None')	0.8637091042290557	cached
pca(0.9084404361409524,False);pca(0.9756129837759503,True);logisticRegression('l2','newton-cg',1000,1.3694740259624387,'None')	invalid_ind (duplicated operator)	invalid_ind (duplicated operator)
pca(0.9084404361409524,True);selectPercentile(52.10234629246801);logisticRegression('l2','newton-cg',1000,1.3694740259624387,'None')	0.8637091042290557	cached
pca(0.9084404361409524,True);selectPercentile(52.10234629246801);logisticRegression('l2','newton-cg',1000,1.3694740259624387,'None')	0.8637091042290557	cached
qda(0.723127961069629)	0.8660817189904684	cached
qda(0.723127961069629)	0.8660817189904684	cached
pca(0.9084404361409524,False);selectPercentile(52.10234629246801);logisticRegression('l2','newton-cg',1000,1.3694740259624387,'None')	0.864281518996374	2.68631649017334
qda(0.9324508045928519)	0.8453090180860118	2.835523843765259
qda(0.723127961069629)	0.8660817189904684	cached
pca(0.9084404361409524,False);qda(0.723127961069629)	0.8707046883579194	3.87446665763855
varianceThreshold();selectPercentile(39.75859990419183);logisticRegression('l2','newton-cg',1000,1.3694740259624387,'None')	0.8625875555539333	3.0942001342773438
pca(0.9149116798554349,True);selectPercentile(52.10234629246801);logisticRegression('l2','newton-cg',1000,1.3694740259624387,'None')	0.8645726398115123	3.065232276916504
qda(0.723127961069629)	0.8660817189904684	cached
qda(0.723127961069629)	0.8660817189904684	cached
qda(0.723127961069629)	0.8660817189904684	3.375688314437866
qda(0.723127961069629)	0.8660817189904684	3.8750760555267334
qda(0.7486693508542523)	0.86611033315098	3.518052577972412
qda(0.723127961069629)	0.8660817189904684	cached
qda(0.723127961069629)	0.8660817189904684	cached
pca(0.9084404361409524,True);selectPercentile(52.10234629246801);logisticRegression('l2','newton-cg',1000,1.3694740259624387,'None')	0.8637091042290557	3.4300827980041504
adaBoost(decisionTree('gini',16,4,0.8481537457802272,7,'None'),17,1.4768820095119342,'SAMME')	0.8097075804051019	16.214162588119507
selectFwe(0.025243004211297156);extraTreesClassifier(38,'entropy','log2',15,5,True,'balanced')	0.8546871512042632	4.1113550662994385
qda(0.723127961069629)	0.8660817189904684	2.866774082183838
selectFwe(0.008149243367439525);pca(0.9084404361409524,False);adaBoost(decisionTree('gini',8,12,0.8682125973954123,16,'balanced'),59,1.069293662410957,'SAMME')	0.8513755296709296	20.974949598312378
qda(0.5748507710583229)	0.8623965629475375	2.816129684448242
pca(0.9084404361409524,False);selectPercentile(15.594328428562509);qda(0.3331816321529957)	0.8652593964222737	2.9126834869384766
logisticRegression('l2','newton-cg',1000,1.3694740259624387,'None')	0.8642257426432401	4.454343318939209
pca(0.9084404361409524,True);selectPercentile(52.10234629246801);logisticRegression('l2','newton-cg',1000,1.3694740259624387,'None')	0.8637091042290557	3.003955602645874
selectFwe(0.008149243367439525);pca(0.9149116798554349,False);adaBoost(decisionTree('gini',29,12,0.7206772713715515,16,'None'),59,1.069293662410957,'SAMME')	0.8620421999575318	18.04923105239868
selectFwe(0.008149243367439525);varianceThreshold();adaBoost(decisionTree('gini',29,12,0.7206772713715515,16,'None'),59,1.069293662410957,'SAMME')	0.850644504587914	19.96543550491333
qda(0.723127961069629)	0.8660817189904684	2.973320960998535
pca(0.9084404361409524,False);qda(0.723127961069629)	0.8707046883579194	3.400146722793579
pca(0.8790084768072555,True);adaBoost(decisionTree('entropy',21,15,0.30821162151265635,8,'None'),59,1.069293662410957,'SAMME')	0.8477776909982359	27.2290256023407
pca(0.9149116798554349,True);adaBoost(decisionTree('gini',21,15,0.30821162151265635,8,'None'),59,1.069293662410957,'SAMME')	0.8507269364719738	13.534731149673462
qda(0.30002418942791)	0.8474835030569364	1.6315817832946777
adaBoost(decisionTree('entropy',13,10,0.6639547113990658,10,'None'),75,1.6492704775671425,'SAMME')	0.842396666474689	52.55774283409119
qda(0.723127961069629)	0.8660817189904684	cached
qda(0.723127961069629)	0.8660817189904684	cached
qda(0.723127961069629)	0.8660817189904684	cached
qda(0.723127961069629)	0.8660817189904684	cached
qda(0.723127961069629)	0.8660817189904684	cached
pca(0.9084404361409524,True);selectPercentile(52.10234629246801);qda(0.723127961069629)	0.8531661156025876	2.304694414138794
pca(0.9149116798554349,True);selectPercentile(52.10234629246801);logisticRegression('l2','newton-cg',1000,1.3694740259624387,'None')	0.8645726398115123	2.4578230381011963
pca(0.9665333660527661,True);selectPercentile(52.10234629246801);logisticRegression('l2','newton-cg',1000,1.3694740259624387,'None')	0.8662822499399221	3.567831516265869
logisticRegression('l2','newton-cg',1000,1.3694740259624387,'None')	0.8642257426432401	cached
pca(0.9084404361409524,False);qda(0.723127961069629)	0.8707046883579194	2.7338788509368896
logisticRegression('l2','newton-cg',1000,1.3694740259624387,'None')	0.8642257426432401	4.091336965560913
varianceThreshold();selectPercentile(39.75859990419183);logisticRegression('l2','newton-cg',1000,1.3694740259624387,'None')	0.8625875555539333	3.033634901046753
pca(0.9084404361409524,False);selectPercentile(52.10234629246801);logisticRegression('l2','newton-cg',1000,1.3694740259624387,'None')	0.864281518996374	2.698099374771118
qda(0.723127961069629)	0.8660817189904684	2.604170560836792
pca(0.9149116798554349,False);qda(0.723127961069629)	0.8701100056671667	cached
adaBoost(decisionTree('gini',4,8,0.6829511271949694,2,'None'),33,0.543679806727913,'SAMME')	0.8324914896412888	10.626583814620972
pca(0.9149116798554349,True);selectPercentile(15.594328428562509);qda(0.3331816321529957)	0.8676834632235444	3.6568198204040527
selectFwe(0.04311050817676054);minMaxScaler();nystroem('sigmoid',1.6532836505712987,47,4,-0.38933274654799477);selectPercentile(52.10234629246801);logisticRegression('l2','newton-cg',1000,1.3694740259624387,'None')	0.34226097342102657	3.842794179916382
qda(0.7486693508542523)	0.86611033315098	4.095413684844971
qda(0.30002418942791)	0.8474835030569364	4.003532886505127
pca(0.9084404361409524,False);qda(0.723127961069629)	0.8707046883579194	4.008992671966553
qda(0.723127961069629)	0.8660817189904684	cached
qda(0.723127961069629)	0.8660817189904684	cached
pca(0.9084404361409524,False);qda(0.723127961069629)	0.8707046883579194	cached
qda(0.723127961069629)	0.8660817189904684	cached
pca(0.9149116798554349,True);selectPercentile(52.10234629246801);logisticRegression('l2','newton-cg',1000,1.3694740259624387,'None')	0.8645726398115123	4.312923908233643
qda(0.723127961069629)	0.8660817189904684	cached
qda(0.723127961069629)	0.8660817189904684	cached
pca(0.9084404361409524,False);selectPercentile(15.594328428562509);qda(0.723127961069629)	0.8661532039408627	3.723958969116211
pca(0.9084404361409524,True);selectPercentile(52.10234629246801);logisticRegression('l2','newton-cg',1000,1.3694740259624387,'None')	0.8637091042290557	3.789440631866455
selectFwe(0.022188560662807583);varianceThreshold();robustScaler(False,True);nystroem('sigmoid',0.10140939916746788,45,5,0.32271988032378096);maxAbsScaler();varianceThreshold();adaBoost(decisionTree('entropy',12,13,0.26552176460986476,8,'balanced'),80,0.1217633328528773,'SAMME')	invalid_ind (duplicated operator)	invalid_ind (duplicated operator)
selectFwe(0.008149243367439525);pca(0.9149116798554349,False);adaBoost(decisionTree('gini',29,12,0.7206772713715515,16,'None'),59,1.069293662410957,'SAMME')	0.8620421999575318	20.061575651168823
qda(0.3331816321529957)	0.8483435580135122	3.5922019481658936
varianceThreshold();selectPercentile(39.75859990419183);logisticRegression('l2','newton-cg',1000,1.3694740259624387,'None')	0.8625875555539333	3.005051374435425
selectFwe(0.025243004211297156);extraTreesClassifier(38,'entropy','log2',15,5,True,'balanced')	0.8546871512042632	3.406949758529663
qda(0.723127961069629)	0.8660817189904684	2.332184076309204
adaBoost(decisionTree('gini',29,12,0.7206772713715515,16,'None'),59,1.069293662410957,'SAMME')	0.8440737949451893	33.1742160320282
selectFwe(0.008149243367439525);pca(0.9084404361409524,False);qda(0.723127961069629)	0.8698610181975599	1.7137165069580078
adaBoost(decisionTree('gini',13,7,0.7473737641392016,9,'balanced'),47,1.3428111719747449,'SAMME')	0.8362157217962316	25.48342251777649
qda(0.723127961069629)	0.8660817189904684	cached
pca(0.9084404361409524,False);qda(0.723127961069629)	0.8707046883579194	cached
qda(0.723127961069629)	0.8660817189904684	cached
qda(0.723127961069629)	0.8660817189904684	cached
pca(0.9665333660527661,True);selectPercentile(52.10234629246801);logisticRegression('l2','newton-cg',1000,1.3694740259624387,'None')	0.8662822499399221	cached
pca(0.9665333660527661,True);selectPercentile(52.10234629246801);logisticRegression('l2','newton-cg',1000,1.3694740259624387,'None')	0.8662822499399221	cached
qda(0.8635623502848495)	0.8632822606788041	2.477874755859375
pca(0.9084404361409524,False);qda(0.723127961069629)	0.8707046883579194	2.911719560623169
pca(0.9149116798554349,True);selectPercentile(52.10234629246801);logisticRegression('l2','newton-cg',1000,1.3694740259624387,'None')	0.8645726398115123	2.886341094970703
qda(0.723127961069629)	0.8660817189904684	4.035058259963989
nystroem('rbf',6.413193858587433,50,5,0.7946052077697365);qda(0.723127961069629)	0.3333333333333333	4.826937913894653
qda(0.7486693508542523)	0.86611033315098	3.78787899017334
qda(0.723127961069629)	0.8660817189904684	3.8732199668884277
qda(0.723127961069629)	0.8660817189904684	4.399130821228027
selectFwe(0.008149243367439525);pca(0.9149116798554349,False);adaBoost(decisionTree('gini',29,12,0.7206772713715515,16,'None'),59,1.069293662410957,'SAMME')	0.8620421999575318	cached
pca(0.9149116798554349,True);selectPercentile(15.594328428562509);qda(0.3331816321529957)	0.8676834632235444	4.134233474731445
pca(0.9084404361409524,False);qda(0.723127961069629)	0.8707046883579194	cached
robustScaler(True,False);minMaxScaler();nystroem('rbf',5.641586670345818,31,5,0.30380574871444366);nystroem('poly',2.7859582793749422,25,5,0.1981435624017429);varianceThreshold();nystroem('cosine',3.0262162980535448,92,2,-0.5147558883756811);logisticRegression('l2','newton-cg',1000,1.3694740259624387,'None')	invalid_ind (duplicated operator)	invalid_ind (duplicated operator)
selectFwe(0.008149243367439525);pca(0.9084404361409524,False);qda(0.723127961069629)	0.8698610181975599	cached
selectFwe(0.008149243367439525);pca(0.9084404361409524,False);qda(0.723127961069629)	0.8698610181975599	cached
qda(0.723127961069629)	0.8660817189904684	4.028750896453857
qda(0.723127961069629)	0.8660817189904684	4.003374099731445
selectFwe(0.008149243367439525);pca(0.9084404361409524,False);qda(0.723127961069629)	0.8698610181975599	cached
selectFwe(0.008149243367439525);pca(0.9084404361409524,False);adaBoost(decisionTree('gini',29,12,0.7206772713715515,16,'None'),59,1.069293662410957,'SAMME')	0.8620421999575318	cached
pca(0.9665333660527661,True);selectPercentile(15.594328428562509);qda(0.3331816321529957)	0.8668150763665704	4.756919860839844
qda(0.9411678309044572)	0.839902408694873	4.953716993331909
qda(0.723127961069629)	0.8660817189904684	cached
pca(0.8479325690237333,True);selectPercentile(52.10234629246801);logisticRegression('l2','sag',1000,1.0085335492990755,'None')	0.8674246131776735	6.331736087799072
logisticRegression('l2','newton-cg',1000,1.3694740259624387,'None')	0.8642257426432401	6.612035512924194
pca(0.9149116798554349,True);selectPercentile(52.10234629246801);logisticRegression('l2','newton-cg',1000,1.3694740259624387,'None')	0.8645726398115123	5.221143484115601
qda(0.723127961069629)	0.8660817189904684	cached
qda(0.723127961069629)	0.8660817189904684	cached
pca(0.9084404361409524,False);qda(0.723127961069629)	0.8707046883579194	cached
qda(0.723127961069629)	0.8660817189904684	cached
qda(0.692462531979121)	0.8641000945578929	4.367095947265625
qda(0.723127961069629)	0.8660817189904684	cached
pca(0.8479325690237333,False);qda(0.723127961069629)	0.8673441334775841	4.357804298400879
adaBoost(decisionTree('gini',3,13,0.273998583128475,10,'None'),28,0.7296123385797295,'SAMME')	0.8233319855429169	8.316880464553833
pca(0.9084404361409524,False);qda(0.723127961069629)	0.8707046883579194	cached
pca(0.9084404361409524,True);selectPercentile(52.10234629246801);logisticRegression('l2','newton-cg',1000,1.3694740259624387,'None')	0.8637091042290557	2.171384334564209
pca(0.9149116798554349,False);adaBoost(decisionTree('gini',23,3,0.6614457856526278,20,'None'),68,0.5559780377899761,'SAMME')	0.8551043709134565	18.851683616638184
pca(0.9084404361409524,False);qda(0.723127961069629)	0.8707046883579194	cached
qda(0.723127961069629)	0.8660817189904684	cached
qda(0.5146586142679045)	0.8618015239371442	2.2658770084381104
pca(0.9084404361409524,True);selectPercentile(65.99199577364543);logisticRegression('l2','newton-cg',1000,1.3694740259624387,'None')	0.8662588022631545	2.520914316177368
pca(0.9149116798554349,True);selectPercentile(15.594328428562509);qda(0.3331816321529957)	0.8676834632235444	2.757730484008789
pca(0.5591434065928738,False);qda(0.23907998902043937)	0.8677569258288746	3.4916484355926514
pca(0.9084404361409524,False);selectPercentile(15.594328428562509);qda(0.22325883106927868)	0.8655019757435116	3.5459909439086914
pca(0.9084404361409524,False);qda(0.723127961069629)	0.8707046883579194	cached
pca(0.9084404361409524,False);qda(0.49899539101460233)	0.8663564459854112	3.1327707767486572
pca(0.9084404361409524,False);qda(0.723127961069629)	0.8707046883579194	cached
selectPercentile(12.541356068300518);pca(0.8479325690237333,False);qda(0.723127961069629)	0.7142243796394785	3.1568048000335693
pca(0.9149116798554349,True);qda(0.5421813333231316)	0.8253595478304124	3.108933925628662
pca(0.8479325690237333,True);selectFwe(0.016135794773004558);logisticRegression('l2','sag',1000,1.0085335492990755,'None')	0.868893437359947	3.4887752532958984
pca(0.9665333660527661,True);selectPercentile(52.10234629246801);adaBoost(decisionTree('entropy',21,12,0.09793136421839188,9,'None'),18,0.15058591042675398,'SAMME')	0.7864889598942636	4.84803032875061
qda(0.723127961069629)	0.8660817189904684	cached
pca(0.9084404361409524,False);qda(0.723127961069629)	0.8707046883579194	cached
pca(0.582575026574761,False);qda(0.47705106715643697)	0.868667905864067	3.6182641983032227
pca(0.8479325690237333,False);qda(0.723127961069629)	0.8673441334775841	3.6663033962249756
pca(0.9149116798554349,False);qda(0.723127961069629)	0.8701100056671667	3.929727554321289
selectFwe(0.008149243367439525);pca(0.9084404361409524,False);qda(0.7486693508542523)	0.8687153222345602	3.525939702987671
qda(0.723127961069629)	0.8660817189904684	3.9177253246307373
qda(0.723127961069629)	0.8660817189904684	3.996373176574707
pca(0.9084404361409524,False);qda(0.723127961069629)	0.8707046883579194	cached
pca(0.9084404361409524,False);qda(0.723127961069629)	0.8707046883579194	cached
pca(0.9084404361409524,True);selectPercentile(52.10234629246801);logisticRegression('l2','newton-cg',1000,1.3694740259624387,'None')	0.8637091042290557	cached
pca(0.9084404361409524,False);qda(0.723127961069629)	0.8707046883579194	cached
pca(0.9084404361409524,True);selectPercentile(52.10234629246801);logisticRegression('l2','sag',1000,1.0085335492990755,'None')	0.8634242039441554	5.726263523101807
pca(0.9084404361409524,True);selectPercentile(15.594328428562509);qda(0.3331816321529957)	0.8671581985006123	4.808339834213257
pca(0.8479325690237333,True);selectPercentile(52.10234629246801);logisticRegression('l2','sag',1000,1.0085335492990755,'None')	0.8674246131776735	cached
logisticRegression('l2','newton-cg',1000,1.3694740259624387,'None')	0.8642257426432401	cached
pca(0.8479325690237333,True);selectPercentile(52.10234629246801);logisticRegression('l2','newton-cg',1000,1.3694740259624387,'None')	0.8671272718322973	cached
logisticRegression('l2','newton-cg',1000,1.3694740259624387,'None')	0.8642257426432401	cached
qda(0.723127961069629)	0.8660817189904684	4.963365793228149
pca(0.9084404361409524,False);qda(0.7486693508542523)	0.8692580877114938	5.066635847091675
pca(0.9084404361409524,False);qda(0.723127961069629)	0.8707046883579194	4.435371160507202
logisticRegression('l2','newton-cg',1000,1.3694740259624387,'None')	0.8642257426432401	4.23313045501709
pca(0.9665333660527661,False);qda(0.723127961069629)	0.8666849628015048	3.920726776123047
pca(0.9139310070864506,True);qda(0.6066497300130115)	0.8336025255034981	3.380652666091919
pca(0.9665333660527661,True);selectPercentile(52.10234629246801);qda(0.723127961069629)	0.8454418466034326	2.619375705718994
pca(0.9084404361409524,True);selectPercentile(52.10234629246801);logisticRegression('l2','newton-cg',1000,1.3694740259624387,'None')	0.8637091042290557	2.8096766471862793
pca(0.8479325690237333,True);selectFwe(0.016135794773004558);logisticRegression('l2','sag',1000,1.0085335492990755,'None')	0.868893437359947	cached
pca(0.9084404361409524,False);qda(0.723127961069629)	0.8707046883579194	cached
qda(0.723127961069629)	0.8660817189904684	cached
pca(0.9084404361409524,False);qda(0.723127961069629)	0.8707046883579194	cached
pca(0.9084404361409524,False);qda(0.7486693508542523)	0.8692580877114938	cached
pca(0.5872503113473975,False);qda(0.2363639996894995)	0.8652243089249293	2.3563106060028076
pca(0.9084404361409524,True);qda(0.723127961069629)	0.8453241002308086	2.638601541519165
pca(0.9084404361409524,False);qda(0.723127961069629)	0.8707046883579194	3.6927061080932617
qda(0.723127961069629)	0.8660817189904684	3.7672290802001953
pca(0.5991501547410583,False);qda(0.320159280983876)	0.8669417838396857	3.6024134159088135
pca(0.5456886018983639,False);selectPercentile(15.594328428562509);qda(0.7917397310443928)	0.8678862799356407	3.6643354892730713
qda(0.723127961069629)	0.8660817189904684	3.2755517959594727
qda(0.5127929992288786)	0.8615202299849642	3.725430488586426
selectFwe(0.008149243367439525);pca(0.8479325690237333,False);qda(0.7486693508542523)	0.8704498574785926	3.5256686210632324
pca(0.582575026574761,True);selectPercentile(52.10234629246801);logisticRegression('l2','newton-cg',1000,1.3694740259624387,'None')	0.8688504408632248	4.140005588531494
pca(0.9084404361409524,True);selectPercentile(15.594328428562509);qda(0.8050707601731938)	0.8636987053460837	4.062263488769531
pca(0.8479325690237333,False);qda(0.723127961069629)	0.8673441334775841	cached
pca(0.9084404361409524,False);qda(0.723127961069629)	0.8707046883579194	4.773019075393677
pca(0.9084404361409524,False);qda(0.723127961069629)	0.8707046883579194	4.456480264663696
pca(0.8479325690237333,False);qda(0.13122838852812313)	0.8514434942779449	4.236631631851196
qda(0.723127961069629)	0.8660817189904684	cached
minMaxScaler();maxAbsScaler();minMaxScaler();pca(0.5255215266880687,True);minMaxScaler();varianceThreshold();nystroem('rbf',0.9331235995076733,18,4,-0.12529293418220067);qda(0.723127961069629)	invalid_ind (duplicated operator)	invalid_ind (duplicated operator)
pca(0.9084404361409524,True);selectPercentile(15.594328428562509);qda(0.3331816321529957)	0.8671581985006123	4.529394626617432
qda(0.723127961069629)	0.8660817189904684	4.38234543800354
pca(0.9084404361409524,True);selectPercentile(65.99199577364543);logisticRegression('l2','newton-cg',1000,1.3694740259624387,'None')	0.8662588022631545	cached
pca(0.9084404361409524,False);qda(0.723127961069629)	0.8707046883579194	cached
pca(0.582575026574761,False);qda(0.723127961069629)	0.869854902573284	4.168356895446777
pca(0.9816651022614753,False);qda(0.6703258911895847)	0.8632388168533133	4.475289821624756
pca(0.9084404361409524,False);qda(0.723127961069629)	0.8707046883579194	cached
pca(0.9149116798554349,False);qda(0.723127961069629)	0.8701100056671667	4.450489521026611
pca(0.9084404361409524,False);qda(0.49899539101460233)	0.8663564459854112	cached
pca(0.9084404361409524,False);qda(0.723127961069629)	0.8707046883579194	cached
pca(0.9084404361409524,False);qda(0.723127961069629)	0.8707046883579194	cached
pca(0.9665333660527661,False);qda(0.723127961069629)	0.8666849628015048	cached
pca(0.8479325690237333,False);qda(0.723127961069629)	0.8673441334775841	4.4885406494140625
pca(0.9084404361409524,False);adaBoost(decisionTree('gini',1,8,0.9335902004129779,7,'balanced'),91,0.6616503499567796,'SAMME')	0.8222449157102613	21.390191555023193
pca(0.9084404361409524,False);qda(0.47705106715643697)	0.8660747527189198	4.296098470687866
pca(0.9084404361409524,True);selectFwe(0.008149243367439525);logisticRegression('l2','sag',1000,1.0085335492990755,'None')	0.868893437359947	4.013428688049316
pca(0.9084404361409524,True);selectPercentile(52.10234629246801);logisticRegression('l2','newton-cg',1000,1.3694740259624387,'None')	0.8637091042290557	3.2028157711029053
selectFwe(0.016135794773004558);pca(0.8479325690237333,False);qda(0.7486693508542523)	0.8704498574785926	2.3812332153320312
minMaxScaler();varianceThreshold();varianceThreshold();minMaxScaler();qda(0.723127961069629)	invalid_ind (duplicated operator)	invalid_ind (duplicated operator)
maxAbsScaler();maxAbsScaler();fastICA(50,'parallel','unit-variance','logcosh');mlpClassifier((56, 2),0.09206735832851513,0.15551578037761354,'lbfgs','logistic')	invalid_ind (duplicated operator)	invalid_ind (duplicated operator)
pca(0.9084404361409524,False);qda(0.723127961069629)	0.8707046883579194	cached
pca(0.9149116798554349,False);qda(0.723127961069629)	0.8701100056671667	cached
pca(0.9084404361409524,False);qda(0.723127961069629)	0.8707046883579194	cached
pca(0.9084404361409524,False);qda(0.47705106715643697)	0.8660747527189198	cached
maxAbsScaler();varianceThreshold();maxAbsScaler();varianceThreshold();minMaxScaler();nystroem('rbf',1.644718247173794,21,2,0.7953666716346719);multinomialNB(1.7366345815367232,True)	invalid_ind (duplicated operator)	invalid_ind (duplicated operator)
pca(0.9084404361409524,True);selectPercentile(65.99199577364543);logisticRegression('l2','newton-cg',1000,1.3694740259624387,'None')	0.8662588022631545	cached
pca(0.9084404361409524,False);qda(0.723127961069629)	0.8707046883579194	cached
pca(0.9084404361409524,False);qda(0.723127961069629)	0.8707046883579194	cached
pca(0.582575026574761,False);qda(0.723127961069629)	0.869854902573284	cached
varianceThreshold();fastICA(84,'parallel','arbitrary-variance','cube');minMaxScaler();maxAbsScaler();pca(0.8098147396697215,False);minMaxScaler();adaBoost(decisionTree('entropy',26,7,0.5493897836797362,13,'balanced'),46,0.14522491444225913,'SAMME')	invalid_ind (duplicated operator)	invalid_ind (duplicated operator)
pca(0.9084404361409524,False);qda(0.723127961069629)	0.8707046883579194	cached
pca(0.9084404361409524,False);qda(0.723127961069629)	0.8707046883579194	cached
pca(0.9084404361409524,False);qda(0.723127961069629)	0.8707046883579194	cached
pca(0.9084404361409524,False);qda(0.723127961069629)	0.8707046883579194	cached
pca(0.8479325690237333,True);selectFwe(0.016135794773004558);logisticRegression('l2','sag',1000,1.0085335492990755,'None')	0.868893437359947	cached
pca(0.582575026574761,False);qda(0.723127961069629)	0.869854902573284	3.3461382389068604
pca(0.809043390588067,False);qda(0.44553837243455585)	0.8614979660657223	3.540803909301758
pca(0.8479325690237333,False);qda(0.723127961069629)	0.8673441334775841	4.226490020751953
pca(0.8479325690237333,False);qda(0.057588535820132125)	0.8488616603470394	4.5917580127716064
pca(0.9084404361409524,True);selectFwe(0.016135794773004558);logisticRegression('l2','sag',1000,1.0085335492990755,'None')	0.868893437359947	5.8249053955078125
pca(0.9084404361409524,False);qda(0.723127961069629)	0.8707046883579194	cached
pca(0.9084404361409524,True);selectPercentile(52.10234629246801);logisticRegression('l2','newton-cg',1000,1.3694740259624387,'None')	0.8637091042290557	6.304188013076782
pca(0.9084404361409524,False);qda(0.723127961069629)	0.8707046883579194	7.676892518997192
pca(0.9665333660527661,False);qda(0.723127961069629)	0.8666849628015048	cached
qda(0.723127961069629)	0.8660817189904684	cached
selectFwe(0.016135794773004558);pca(0.8543702022820145,False);qda(0.7486693508542523)	0.8704498574785926	8.786604642868042
pca(0.9084404361409524,False);qda(0.723127961069629)	0.8707046883579194	cached
pca(0.5108950893772631,False);qda(0.11233595358852111)	0.862329443968008	7.216924428939819
pca(0.9084404361409524,False);qda(0.723127961069629)	0.8707046883579194	4.926827907562256
pca(0.9084404361409524,False);qda(0.723127961069629)	0.8707046883579194	6.229034185409546
pca(0.8479325690237333,False);selectPercentile(15.594328428562509);qda(0.9790088747218236)	0.8202135438624408	7.539865016937256
pca(0.6754727889519452,False);qda(0.5302124293312842)	0.8663771067589586	6.457745790481567
pca(0.9084404361409524,False);qda(0.723127961069629)	0.8707046883579194	cached
pca(0.9149116798554349,False);qda(0.723127961069629)	0.8701100056671667	6.555222034454346
qda(0.723127961069629)	0.8660817189904684	7.718842029571533
pca(0.9084404361409524,True);qda(0.723127961069629)	0.8453241002308086	7.462738990783691
pca(0.9149116798554349,True);fastICA(38,'deflation','unit-variance','cube');qda(0.723127961069629)	0.8462678727792465	32.624955892562866
qda(0.3331816321529957)	0.8483435580135122	2.1527462005615234
pca(0.8479325690237333,True);selectPercentile(52.10234629246801);logisticRegression('l2','newton-cg',1000,1.3694740259624387,'None')	0.8671272718322973	cached
pca(0.9084404361409524,False);qda(0.723127961069629)	0.8707046883579194	cached
pca(0.9084404361409524,False);qda(0.723127961069629)	0.8707046883579194	cached
pca(0.9084404361409524,False);qda(0.723127961069629)	0.8707046883579194	cached
pca(0.9084404361409524,False);qda(0.723127961069629)	0.8707046883579194	cached
pca(0.8409295152315416,True);qda(0.723127961069629)	0.8543046437790742	2.726224422454834
pca(0.9084404361409524,False);qda(0.723127961069629)	0.8707046883579194	cached
pca(0.9084404361409524,False);qda(0.723127961069629)	0.8707046883579194	cached
pca(0.9084404361409524,True);selectPercentile(65.99199577364543);logisticRegression('l2','newton-cg',1000,1.3694740259624387,'None')	0.8662588022631545	cached
pca(0.9084404361409524,False);qda(0.723127961069629)	0.8707046883579194	cached
pca(0.9084404361409524,False);qda(0.16774521704713574)	0.8502346438720332	3.1850054264068604
pca(0.9084404361409524,True);selectFwe(0.016135794773004558);logisticRegression('l2','sag',1000,1.0085335492990755,'None')	0.868893437359947	4.371464490890503
pca(0.9149116798554349,False);qda(0.723127961069629)	0.8701100056671667	5.9525511264801025
nystroem('cosine',2.29901652954127,95,3,-0.279308971936443);qda(0.723127961069629)	0.7668832270024992	5.989393949508667
pca(0.9084404361409524,False);qda(0.723127961069629)	0.8707046883579194	cached
pca(0.9084404361409524,True);qda(0.7532063933971224)	0.8481897374054498	5.29141092300415
pca(0.9084404361409524,False);qda(0.723127961069629)	0.8707046883579194	cached
pca(0.582575026574761,False);selectPercentile(49.75346746045471);logisticRegression('l2','newton-cg',1000,2.445873708158078,'balanced')	0.8688724351791871	5.287423849105835
pca(0.8479325690237333,False);qda(0.723127961069629)	0.8673441334775841	5.453860759735107
pca(0.9084404361409524,False);qda(0.723127961069629)	0.8707046883579194	cached
pca(0.9084404361409524,False);qda(0.723127961069629)	0.8707046883579194	cached
pca(0.9084404361409524,False);qda(0.723127961069629)	0.8707046883579194	4.497346639633179
varianceThreshold();fastICA(84,'parallel','arbitrary-variance','cube');minMaxScaler();maxAbsScaler();pca(0.9084404361409524,False);minMaxScaler();adaBoost(decisionTree('entropy',26,7,0.5493897836797362,13,'balanced'),46,0.14522491444225913,'SAMME')	invalid_ind (duplicated operator)	invalid_ind (duplicated operator)
pca(0.596561333328775,False);qda(0.2665664110276157)	0.8652269231224471	4.734800100326538
pca(0.9084404361409524,False);qda(0.723127961069629)	0.8707046883579194	cached
pca(0.9084404361409524,False);qda(0.723127961069629)	0.8707046883579194	cached
pca(0.9084404361409524,False);qda(0.723127961069629)	0.8707046883579194	cached
pca(0.9084404361409524,False);qda(0.723127961069629)	0.8707046883579194	cached
pca(0.8098147396697215,False);qda(0.723127961069629)	0.8678854455937122	4.5265278816223145
selectFwe(0.04831556899923658);minMaxScaler();maxAbsScaler();pca(0.9084404361409524,False);minMaxScaler();adaBoost(decisionTree('entropy',26,7,0.5493897836797362,13,'balanced'),46,0.14522491444225913,'SAMME')	invalid_ind (duplicated operator)	invalid_ind (duplicated operator)
pca(0.9084404361409524,False);qda(0.35002726243830995)	0.855730759984526	5.375127792358398
pca(0.7138645101485932,True);qda(0.723127961069629)	0.8585163740093023	5.181212663650513
pca(0.9084404361409524,False);qda(0.723127961069629)	0.8707046883579194	cached
selectFwe(0.016135794773004558);pca(0.8543702022820145,False);qda(0.1581654336427767)	0.8646940093135415	4.346756219863892
pca(0.8098147396697215,True);selectPercentile(52.10234629246801);logisticRegression('l2','newton-cg',1000,1.3694740259624387,'None')	0.8665571976550247	4.938490867614746
pca(0.9149116798554349,False);qda(0.723127961069629)	0.8701100056671667	3.5989742279052734
maxAbsScaler();selectPercentile(36.02645678568337);kNN(8,'uniform',1)	0.8364912725692756	4.278309345245361
pca(0.9084404361409524,False);qda(0.723127961069629)	0.8707046883579194	cached
pca(0.9084404361409524,False);qda(0.723127961069629)	0.8707046883579194	2.8591954708099365
randomForest(64,'entropy','None',16,8,True,'balanced')	0.8327123453594754	19.46868586540222
pca(0.9084404361409524,False);qda(0.723127961069629)	0.8707046883579194	cached
pca(0.9084404361409524,False);qda(0.723127961069629)	0.8707046883579194	cached
pca(0.9084404361409524,False);qda(0.723127961069629)	0.8707046883579194	cached
pca(0.9084404361409524,False);qda(0.723127961069629)	0.8707046883579194	cached
pca(0.9084404361409524,False);qda(0.723127961069629)	0.8707046883579194	cached
qda(0.723127961069629)	0.8660817189904684	cached
pca(0.9084404361409524,True);selectFwe(0.016135794773004558);logisticRegression('l2','sag',1000,1.0085335492990755,'None')	0.868893437359947	cached
pca(0.9084404361409524,False);qda(0.723127961069629)	0.8707046883579194	cached
pca(0.8479325690237333,True);selectPercentile(52.10234629246801);logisticRegression('l2','newton-cg',1000,1.3694740259624387,'None')	0.8671272718322973	cached
pca(0.9084404361409524,False);qda(0.723127961069629)	0.8707046883579194	cached
pca(0.9084404361409524,True);qda(0.723127961069629)	0.8453241002308086	2.1829092502593994
pca(0.8098147396697215,False);qda(0.723127961069629)	0.8678854455937122	2.6894149780273438
pca(0.9084404361409524,False);qda(0.723127961069629)	0.8707046883579194	2.704700469970703
pca(0.9084404361409524,False);qda(0.723127961069629)	0.8707046883579194	3.815613269805908
pca(0.9084404361409524,False);selectPercentile(49.75346746045471);logisticRegression('l2','newton-cg',1000,2.445873708158078,'balanced')	0.8642900801166578	3.9742586612701416
pca(0.9084404361409524,False);qda(0.723127961069629)	0.8707046883579194	3.236093044281006
selectFwe(0.016135794773004558);pca(0.8543702022820145,False);qda(0.7486693508542523)	0.8704498574785926	cached
selectFwe(0.016135794773004558);pca(0.8543702022820145,False);qda(0.1581654336427767)	0.8646940093135415	cached
pca(0.9084404361409524,False);qda(0.723127961069629)	0.8707046883579194	cached
pca(0.9084404361409524,False);qda(0.723127961069629)	0.8707046883579194	cached
pca(0.7138645101485932,True);selectFwe(0.016135794773004558);logisticRegression('l2','sag',1000,1.0085335492990755,'None')	0.868893437359947	3.911482095718384
pca(0.9084404361409524,False);qda(0.723127961069629)	0.8707046883579194	cached
pca(0.9084404361409524,False);qda(0.723127961069629)	0.8707046883579194	cached
pca(0.9084404361409524,False);qda(0.723127961069629)	0.8707046883579194	cached
pca(0.9084404361409524,False);qda(0.723127961069629)	0.8707046883579194	cached
pca(0.8098147396697215,False);qda(0.723127961069629)	0.8678854455937122	3.3471620082855225
pca(0.9084404361409524,False);qda(0.723127961069629)	0.8707046883579194	cached
pca(0.9084404361409524,False);qda(0.723127961069629)	0.8707046883579194	cached
pca(0.8098147396697215,False);qda(0.723127961069629)	0.8678854455937122	3.5893054008483887
pca(0.582575026574761,False);qda(0.723127961069629)	0.869854902573284	3.633556604385376
pca(0.9084404361409524,False);qda(0.723127961069629)	0.8707046883579194	cached
pca(0.9084404361409524,False);qda(0.723127961069629)	0.8707046883579194	cached
pca(0.8543702022820145,False);qda(0.7120594913597401)	0.8667482280388276	2.998227834701538
pca(0.9808938527540076,False);qda(0.9665217869395836)	0.8279215374668748	3.099766492843628
pca(0.9084404361409524,False);qda(0.723127961069629)	0.8707046883579194	cached
selectFwe(0.016135794773004558);pca(0.9084404361409524,False);qda(0.7486693508542523)	0.8687153222345602	3.692554473876953
pca(0.9084404361409524,False);selectPercentile(49.75346746045471);logisticRegression('l2','newton-cg',1000,2.445873708158078,'balanced')	0.8642900801166578	3.3133742809295654
selectFwe(0.016135794773004558);pca(0.9084404361409524,False);qda(0.1581654336427767)	0.8598141858058806	3.012152671813965
pca(0.8543702022820145,False);qda(0.723127961069629)	0.8670371339707594	3.0474696159362793
pca(0.582575026574761,False);qda(0.723127961069629)	0.869854902573284	2.6734910011291504
robustScaler(False,False);minMaxScaler();minMaxScaler();selectFwe(0.035159064785289414);maxAbsScaler();maxAbsScaler();qda(0.723127961069629)	invalid_ind (duplicated operator)	invalid_ind (duplicated operator)
pca(0.9084404361409524,False);qda(0.723127961069629)	0.8707046883579194	cached
pca(0.9084404361409524,False);qda(0.723127961069629)	0.8707046883579194	cached
pca(0.9084404361409524,False);qda(0.723127961069629)	0.8707046883579194	cached
pca(0.9084404361409524,False);qda(0.723127961069629)	0.8707046883579194	cached
pca(0.9084404361409524,False);qda(0.723127961069629)	0.8707046883579194	cached
pca(0.9084404361409524,False);qda(0.723127961069629)	0.8707046883579194	cached
pca(0.9084404361409524,True);selectFwe(0.016135794773004558);logisticRegression('l2','sag',1000,1.0085335492990755,'None')	0.868893437359947	cached
pca(0.9084404361409524,False);qda(0.723127961069629)	0.8707046883579194	cached
pca(0.9084404361409524,False);qda(0.723127961069629)	0.8707046883579194	cached
pca(0.9084404361409524,False);qda(0.723127961069629)	0.8707046883579194	cached
pca(0.5360645705210558,False);qda(0.15968224928702413)	0.8651935847871733	2.5567591190338135
pca(0.9084404361409524,False);qda(0.723127961069629)	0.8707046883579194	cached
pca(0.9084404361409524,False);qda(0.723127961069629)	0.8707046883579194	cached
pca(0.9149116798554349,False);qda(0.723127961069629)	0.8701100056671667	cached
pca(0.9084404361409524,False);qda(0.723127961069629)	0.8707046883579194	cached
pca(0.9084404361409524,False);qda(0.7120594913597401)	0.8704036579676542	3.692281484603882
pca(0.6005418437245418,False);qda(0.9402814103027607)	0.8401959320113482	4.159027338027954
pca(0.9084404361409524,True);selectFwe(0.016135794773004558);logisticRegression('l2','lbfgs',1000,13.95242046373653,'None')	0.8700196053038696	4.757086515426636
pca(0.9084404361409524,False);qda(0.723127961069629)	0.8707046883579194	cached
pca(0.9084404361409524,False);qda(0.723127961069629)	0.8707046883579194	cached
pca(0.9084404361409524,False);qda(0.723127961069629)	0.8707046883579194	5.137582302093506
pca(0.8543702022820145,False);qda(0.723127961069629)	0.8670371339707594	4.484726905822754
pca(0.9084404361409524,False);qda(0.723127961069629)	0.8707046883579194	4.201701402664185
pca(0.9084404361409524,False);qda(0.723127961069629)	0.8707046883579194	4.633496522903442
pca(0.9084404361409524,False);qda(0.723127961069629)	0.8707046883579194	cached
pca(0.573785789797904,True);qda(0.723127961069629)	0.8708530466756829	3.7857797145843506
pca(0.9084404361409524,False);qda(0.723127961069629)	0.8707046883579194	cached
pca(0.9084404361409524,True);pca(0.7533536689995791,True);logisticRegression('l2','sag',1000,1.0085335492990755,'None')	invalid_ind (duplicated operator)	invalid_ind (duplicated operator)
pca(0.9084404361409524,False);qda(0.723127961069629)	0.8707046883579194	cached
pca(0.9084404361409524,False);qda(0.723127961069629)	0.8707046883579194	cached
pca(0.9084404361409524,False);qda(0.723127961069629)	0.8707046883579194	cached
pca(0.9084404361409524,False);qda(0.723127961069629)	0.8707046883579194	cached
pca(0.9084404361409524,False);qda(0.723127961069629)	0.8707046883579194	cached
pca(0.9084404361409524,False);qda(0.723127961069629)	0.8707046883579194	cached
pca(0.9149116798554349,False);qda(0.723127961069629)	0.8701100056671667	4.724984645843506
pca(0.9084404361409524,False);qda(0.723127961069629)	0.8707046883579194	4.1301398277282715
pca(0.582575026574761,False);qda(0.723127961069629)	0.869854902573284	4.120288372039795
pca(0.9084404361409524,False);qda(0.723127961069629)	0.8707046883579194	3.067196846008301
pca(0.9084404361409524,False);adaBoost(decisionTree('entropy',13,3,0.2240756161136479,7,'None'),57,0.669234611305344,'SAMME')	0.8490389402618355	14.686923265457153
pca(0.9084404361409524,False);qda(0.723127961069629)	0.8707046883579194	cached
pca(0.9084404361409524,False);qda(0.723127961069629)	0.8707046883579194	cached
pca(0.9084404361409524,False);qda(0.723127961069629)	0.8707046883579194	cached
pca(0.9084404361409524,False);qda(0.723127961069629)	0.8707046883579194	cached
pca(0.9084404361409524,False);qda(0.723127961069629)	0.8707046883579194	cached
pca(0.9084404361409524,False);qda(0.723127961069629)	0.8707046883579194	cached
pca(0.9084404361409524,False);qda(0.723127961069629)	0.8707046883579194	cached
pca(0.9084404361409524,False);qda(0.723127961069629)	0.8707046883579194	cached
pca(0.9084404361409524,False);qda(0.723127961069629)	0.8707046883579194	cached
pca(0.9084404361409524,False);qda(0.723127961069629)	0.8707046883579194	cached
pca(0.9084404361409524,False);qda(0.723127961069629)	0.8707046883579194	cached
pca(0.9084404361409524,False);qda(0.723127961069629)	0.8707046883579194	cached
pca(0.9084404361409524,False);qda(0.723127961069629)	0.8707046883579194	cached
pca(0.9084404361409524,False);qda(0.723127961069629)	0.8707046883579194	cached
pca(0.9084404361409524,False);qda(0.723127961069629)	0.8707046883579194	cached
pca(0.9084404361409524,False);qda(0.723127961069629)	0.8707046883579194	cached
pca(0.9084404361409524,False);qda(0.723127961069629)	0.8707046883579194	cached
pca(0.9084404361409524,False);qda(0.723127961069629)	0.8707046883579194	cached
pca(0.9084404361409524,False);qda(0.723127961069629)	0.8707046883579194	cached
pca(0.9084404361409524,False);qda(0.723127961069629)	0.8707046883579194	cached
pca(0.7985435019919704,False);qda(0.07899340455926207)	0.8554421746589291	2.4721086025238037
pca(0.9084404361409524,True);qda(0.723127961069629)	0.8453241002308086	2.447023868560791
pca(0.7219213943392688,True);qda(0.9688018798818454)	0.8631213787858727	2.5364315509796143
pca(0.9084404361409524,False);qda(0.723127961069629)	0.8707046883579194	cached
pca(0.573785789797904,True);qda(0.723127961069629)	0.8708530466756829	cached
pca(0.9084404361409524,False);qda(0.723127961069629)	0.8707046883579194	cached
pca(0.5788888733152884,True);qda(0.30022546972358444)	0.8731669331337256	3.32588267326355
pca(0.9084404361409524,False);qda(0.723127961069629)	0.8707046883579194	cached
pca(0.9084404361409524,True);selectFwe(0.016135794773004558);logisticRegression('l2','lbfgs',1000,13.95242046373653,'None')	0.8700196053038696	cached
pca(0.9368817445722524,False);qda(0.609553041131573)	0.8658075797966299	3.6834142208099365
selectPercentile(81.47108242623142);robustScaler(False,True);fastICA(78,'parallel','unit-variance','logcosh');robustScaler(True,False);logisticRegression('l2','saga',1000,1.8865451019321908,'None')	invalid_ind (duplicated operator)	invalid_ind (duplicated operator)
pca(0.9189181709327043,False);qda(0.03385895202972433)	0.8425834031776113	2.764094829559326
pca(0.9084404361409524,False);qda(0.723127961069629)	0.8707046883579194	cached
pca(0.9084404361409524,False);qda(0.723127961069629)	0.8707046883579194	cached
pca(0.573785789797904,False);qda(0.723127961069629)	0.869854902573284	3.291110038757324
pca(0.9084404361409524,False);qda(0.09169941940257786)	0.8436507148497464	3.9506757259368896
pca(0.9149116798554349,False);qda(0.723127961069629)	0.8701100056671667	3.397656202316284
pca(0.9084404361409524,False);qda(0.723127961069629)	0.8707046883579194	3.221514940261841
nystroem('cosine',7.80862251075598,69,4,0.8922654511679853);qda(0.723127961069629)	0.7668832270024992	3.4482836723327637
pca(0.9084404361409524,False);qda(0.723127961069629)	0.8707046883579194	2.657808780670166
pca(0.9084404361409524,False);qda(0.723127961069629)	0.8707046883579194	cached
pca(0.9084404361409524,False);qda(0.723127961069629)	0.8707046883579194	cached
pca(0.9084404361409524,False);qda(0.723127961069629)	0.8707046883579194	cached
pca(0.9084404361409524,False);qda(0.723127961069629)	0.8707046883579194	cached
pca(0.9084404361409524,False);qda(0.723127961069629)	0.8707046883579194	cached
pca(0.9084404361409524,False);qda(0.723127961069629)	0.8707046883579194	cached
pca(0.9084404361409524,False);qda(0.723127961069629)	0.8707046883579194	cached
pca(0.9084404361409524,False);qda(0.723127961069629)	0.8707046883579194	cached
pca(0.9084404361409524,False);qda(0.723127961069629)	0.8707046883579194	cached
pca(0.9084404361409524,False);qda(0.723127961069629)	0.8707046883579194	cached
pca(0.573785789797904,True);qda(0.723127961069629)	0.8708530466756829	cached
pca(0.9084404361409524,False);qda(0.723127961069629)	0.8707046883579194	cached
pca(0.9084404361409524,False);qda(0.723127961069629)	0.8707046883579194	cached
pca(0.9084404361409524,False);qda(0.723127961069629)	0.8707046883579194	cached
pca(0.9084404361409524,False);qda(0.723127961069629)	0.8707046883579194	cached
pca(0.9149116798554349,False);qda(0.723127961069629)	0.8701100056671667	3.4942586421966553
pca(0.8102915397887972,True);qda(0.10366972157345422)	0.8430543247732334	4.44747257232666
pca(0.7113984719638561,False);qda(0.9661014107884925)	0.8276513361203277	4.629746675491333
qda(0.723127961069629)	0.8660817189904684	cached
pca(0.9084404361409524,False);qda(0.30022546972358444)	0.854538780405503	5.622615575790405
pca(0.5788888733152884,True);qda(0.723127961069629)	0.8708530466756829	4.289088010787964
pca(0.7372284093653841,True);qda(0.723127961069629)	0.8605342715810043	5.576394557952881
maxAbsScaler();varianceThreshold();fastICA(5,'parallel','arbitrary-variance','cube');gaussianNB(0.0077891514520346565)	0.826061173360521	10.441210269927979
pca(0.9084404361409524,False);qda(0.723127961069629)	0.8707046883579194	7.006014347076416
pca(0.9084404361409524,False);qda(0.723127961069629)	0.8707046883579194	cached
pca(0.9084404361409524,False);qda(0.723127961069629)	0.8707046883579194	cached
pca(0.5788888733152884,True);qda(0.723127961069629)	0.8708530466756829	5.596602439880371
pca(0.9084404361409524,False);qda(0.723127961069629)	0.8707046883579194	cached
pca(0.9084404361409524,False);qda(0.723127961069629)	0.8707046883579194	cached
pca(0.9084404361409524,False);qda(0.723127961069629)	0.8707046883579194	cached
pca(0.9084404361409524,False);qda(0.30022546972358444)	0.854538780405503	4.422904968261719
pca(0.9084404361409524,False);qda(0.723127961069629)	0.8707046883579194	cached
pca(0.9084404361409524,False);qda(0.723127961069629)	0.8707046883579194	cached
pca(0.5788888733152884,True);qda(0.723127961069629)	0.8708530466756829	3.5084290504455566
pca(0.9368817445722524,False);qda(0.723127961069629)	0.8675578432204395	4.1855409145355225
pca(0.9084404361409524,False);qda(0.723127961069629)	0.8707046883579194	4.1461005210876465
pca(0.9084404361409524,False);qda(0.6232973764365076)	0.869230975794907	4.54017448425293
pca(0.9084404361409524,False);qda(0.30022546972358444)	0.854538780405503	3.5669898986816406
pca(0.573785789797904,True);qda(0.723127961069629)	0.8708530466756829	2.9682857990264893
pca(0.9084404361409524,False);qda(0.609553041131573)	0.8680897525929907	3.574112892150879
pca(0.9084404361409524,False);qda(0.723127961069629)	0.8707046883579194	cached
pca(0.9084404361409524,False);qda(0.723127961069629)	0.8707046883579194	cached
pca(0.9084404361409524,False);qda(0.723127961069629)	0.8707046883579194	cached
pca(0.9084404361409524,False);qda(0.723127961069629)	0.8707046883579194	cached
pca(0.9084404361409524,False);qda(0.723127961069629)	0.8707046883579194	cached
pca(0.9084404361409524,False);qda(0.723127961069629)	0.8707046883579194	cached
pca(0.5788888733152884,True);qda(0.723127961069629)	0.8708530466756829	cached
pca(0.9084404361409524,False);qda(0.723127961069629)	0.8707046883579194	cached
pca(0.6410684258621835,True);qda(0.32534883502378775)	0.8624950611414143	2.753528118133545
pca(0.5788888733152884,True);qda(0.723127961069629)	0.8708530466756829	2.723146677017212
pca(0.5788888733152884,False);qda(0.723127961069629)	0.869854902573284	3.680671453475952
pca(0.5788888733152884,False);qda(0.723127961069629)	0.869854902573284	3.971944570541382
pca(0.5788888733152884,False);qda(0.723127961069629)	0.869854902573284	4.406628608703613
pca(0.573785789797904,False);qda(0.723127961069629)	0.869854902573284	3.7113218307495117
pca(0.9084404361409524,False);qda(0.723127961069629)	0.8707046883579194	3.9963066577911377
pca(0.9084404361409524,False);qda(0.723127961069629)	0.8707046883579194	cached
pca(0.9084404361409524,True);qda(0.30022546972358444)	0.8164512937496127	4.346534967422485
pca(0.9084404361409524,False);qda(0.723127961069629)	0.8707046883579194	cached
pca(0.9084404361409524,False);qda(0.723127961069629)	0.8707046883579194	cached
pca(0.9084404361409524,False);qda(0.723127961069629)	0.8707046883579194	cached
pca(0.9084404361409524,False);qda(0.723127961069629)	0.8707046883579194	cached
pca(0.9084404361409524,True);qda(0.8358276474433984)	0.8536717298767759	4.297682285308838
pca(0.5788888733152884,True);qda(0.30022546972358444)	0.8731669331337256	cached
pca(0.9084404361409524,True);qda(0.723127961069629)	0.8453241002308086	4.519928932189941
pca(0.9084404361409524,False);qda(0.723127961069629)	0.8707046883579194	cached
pca(0.9084404361409524,False);qda(0.723127961069629)	0.8707046883579194	cached
pca(0.7050487840177837,False);qda(0.4681390098313829)	0.8666751028365173	3.778435468673706
pca(0.5788888733152884,False);qda(0.723127961069629)	0.869854902573284	4.592267036437988
pca(0.9084404361409524,False);qda(0.37522877903870777)	0.8580401554918844	4.343216180801392
pca(0.5788888733152884,False);qda(0.723127961069629)	0.869854902573284	4.855986833572388
pca(0.9084404361409524,False);qda(0.723127961069629)	0.8707046883579194	4.610303640365601
pca(0.9084404361409524,True);qda(0.723127961069629)	0.8453241002308086	4.65327787399292
pca(0.9084404361409524,True);qda(0.723127961069629)	0.8453241002308086	5.224905967712402
pca(0.573785789797904,True);qda(0.723127961069629)	0.8708530466756829	3.955000162124634
pca(0.9084404361409524,True);qda(0.46844707426124077)	0.8201178800796199	5.029996871948242
pca(0.9149116798554349,False);qda(0.9824543739567112)	0.817072197450296	5.055296897888184
pca(0.5788888733152884,False);qda(0.723127961069629)	0.869854902573284	3.7447097301483154
pca(0.573785789797904,True);qda(0.723127961069629)	0.8708530466756829	3.634800434112549
pca(0.9084404361409524,False);qda(0.723127961069629)	0.8707046883579194	3.038740396499634
pca(0.9084404361409524,False);qda(0.723127961069629)	0.8707046883579194	2.6440930366516113
pca(0.9084404361409524,False);qda(0.723127961069629)	0.8707046883579194	cached
pca(0.9084404361409524,False);qda(0.723127961069629)	0.8707046883579194	cached
pca(0.9084404361409524,False);qda(0.723127961069629)	0.8707046883579194	cached
pca(0.9084404361409524,True);selectFwe(0.016135794773004558);logisticRegression('l2','lbfgs',1000,13.95242046373653,'None')	0.8700196053038696	cached
pca(0.5788888733152884,False);qda(0.723127961069629)	0.869854902573284	2.376549243927002
pca(0.9084404361409524,False);qda(0.8358276474433984)	0.8635904680212041	2.5150115489959717
pca(0.7912733927948468,False);qda(0.3379384039734744)	0.8637551310342918	2.6659631729125977
pca(0.9084404361409524,True);qda(0.723127961069629)	0.8453241002308086	2.9150514602661133
pca(0.5788888733152884,False);qda(0.723127961069629)	0.869854902573284	2.7122232913970947
pca(0.9084404361409524,False);qda(0.723127961069629)	0.8707046883579194	cached
pca(0.9084404361409524,False);qda(0.723127961069629)	0.8707046883579194	cached
pca(0.9084404361409524,False);qda(0.723127961069629)	0.8707046883579194	cached
pca(0.9084404361409524,False);qda(0.723127961069629)	0.8707046883579194	cached
pca(0.9084404361409524,False);qda(0.723127961069629)	0.8707046883579194	cached
pca(0.9084404361409524,False);qda(0.723127961069629)	0.8707046883579194	cached
pca(0.9084404361409524,False);qda(0.37522877903870777)	0.8580401554918844	cached
pca(0.9084404361409524,True);qda(0.723127961069629)	0.8453241002308086	3.950634717941284
selectFwe(0.013269698805518015);nystroem('sigmoid',4.5435992374373395,65,4,0.7963781854839147);selectPercentile(89.16945662708589);adaBoost(decisionTree('entropy',16,11,0.36609553937565853,17,'balanced'),53,0.596780898890806,'SAMME')	0.3588708667520683	8.832336664199829
pca(0.9084404361409524,False);qda(0.723127961069629)	0.8707046883579194	cached
pca(0.541216490016946,True);qda(0.723127961069629)	0.8691105183271881	3.103173017501831
pca(0.9084404361409524,False);qda(0.723127961069629)	0.8707046883579194	cached
pca(0.9084404361409524,False);qda(0.72323035182293)	0.8707046883579194	4.075297832489014
pca(0.9084404361409524,False);qda(0.723127961069629)	0.8707046883579194	cached
pca(0.9084404361409524,True);qda(0.8147118780994924)	0.8542428789014196	3.9999425411224365
pca(0.9084404361409524,False);qda(0.723127961069629)	0.8707046883579194	cached
pca(0.9084404361409524,False);qda(0.723127961069629)	0.8707046883579194	cached
pca(0.5788888733152884,False);qda(0.723127961069629)	0.869854902573284	3.7334299087524414
selectFwe(0.012698166947869523);qda(0.723127961069629)	0.8684130261016204	4.446760416030884
pca(0.5591457252750082,False);qda(0.723127961069629)	0.8698745133045298	3.7079761028289795
pca(0.9084404361409524,False);qda(0.723127961069629)	0.8707046883579194	cached
pca(0.5644777305998162,False);qda(0.723127961069629)	0.8698745133045298	3.118638515472412
pca(0.9084404361409524,False);qda(0.723127961069629)	0.8707046883579194	cached
pca(0.9084404361409524,False);qda(0.723127961069629)	0.8707046883579194	cached
pca(0.5788888733152884,True);qda(0.30022546972358444)	0.8731669331337256	cached
pca(0.5788888733152884,True);qda(0.30022546972358444)	0.8731669331337256	cached
pca(0.9084404361409524,False);qda(0.8728837448527379)	0.8615665127323249	3.99853253364563
pca(0.9084404361409524,False);qda(0.2612328855054977)	0.8542402385059162	4.18359899520874
nystroem('sigmoid',2.497733551060856,75,3,0.9778142648602206);selectFwe(0.006948237571922582);qda(0.723127961069629)	0.3570687683828736	5.26677680015564
pca(0.9084404361409524,False);adaBoost(decisionTree('gini',3,10,0.3492690110037311,16,'balanced'),75,0.7950472973053548,'SAMME')	0.8296918015854855	18.57195520401001
pca(0.5788888733152884,True);qda(0.723127961069629)	0.8708530466756829	2.121642589569092
pca(0.9084404361409524,False);qda(0.723127961069629)	0.8707046883579194	cached
pca(0.9084404361409524,False);qda(0.72323035182293)	0.8707046883579194	cached
pca(0.9084404361409524,False);qda(0.723127961069629)	0.8707046883579194	cached
pca(0.9084404361409524,False);qda(0.37522877903870777)	0.8580401554918844	cached
pca(0.9084404361409524,False);qda(0.723127961069629)	0.8707046883579194	cached
pca(0.9084404361409524,False);qda(0.723127961069629)	0.8707046883579194	cached
pca(0.9084404361409524,False);qda(0.723127961069629)	0.8707046883579194	cached
pca(0.9084404361409524,False);qda(0.723127961069629)	0.8707046883579194	cached
pca(0.5788888733152884,True);qda(0.30022546972358444)	0.8731669331337256	cached
pca(0.9084404361409524,False);qda(0.723127961069629)	0.8707046883579194	cached
pca(0.9084404361409524,False);qda(0.2691172007303524)	0.8548151195701197	2.98337459564209
pca(0.9084404361409524,True);qda(0.723127961069629)	0.8453241002308086	3.2695746421813965
pca(0.7749545836250031,False);qda(0.723127961069629)	0.8692723046233667	3.5279698371887207
pca(0.9084404361409524,True);qda(0.8147118780994924)	0.8542428789014196	cached
pca(0.9084404361409524,False);qda(0.723127961069629)	0.8707046883579194	cached
pca(0.9084404361409524,False);qda(0.723127961069629)	0.8707046883579194	cached
pca(0.5788888733152884,True);qda(0.30022546972358444)	0.8731669331337256	cached
pca(0.9084404361409524,False);qda(0.723127961069629)	0.8707046883579194	cached
pca(0.9084404361409524,False);qda(0.723127961069629)	0.8707046883579194	cached
pca(0.9084404361409524,False);qda(0.723127961069629)	0.8707046883579194	cached
pca(0.9084404361409524,False);qda(0.723127961069629)	0.8707046883579194	3.7981832027435303
pca(0.573785789797904,True);qda(0.8147118780994924)	0.8697180440040044	3.4182851314544678
pca(0.9084404361409524,False);qda(0.723127961069629)	0.8707046883579194	3.7408580780029297
pca(0.5788888733152884,True);qda(0.894026857467171)	0.8679998505615177	3.6846354007720947
pca(0.5788888733152884,False);qda(0.723127961069629)	0.869854902573284	4.140054702758789
pca(0.5506296010532971,False);qda(0.723127961069629)	0.8695822954482271	2.859043836593628
pca(0.9084404361409524,False);qda(0.723127961069629)	0.8707046883579194	cached
pca(0.5788888733152884,True);qda(0.723127961069629)	0.8708530466756829	4.420928239822388
pca(0.9084404361409524,False);qda(0.30022546972358444)	0.854538780405503	4.317934513092041
pca(0.9084404361409524,False);qda(0.723127961069629)	0.8707046883579194	cached
pca(0.9084404361409524,False);qda(0.723127961069629)	0.8707046883579194	cached
pca(0.9084404361409524,False);qda(0.723127961069629)	0.8707046883579194	cached
pca(0.9084404361409524,False);qda(0.723127961069629)	0.8707046883579194	cached
pca(0.5788888733152884,True);qda(0.723127961069629)	0.8708530466756829	2.721869468688965
pca(0.541216490016946,False);qda(0.723127961069629)	0.8698537625374488	3.263624668121338
pca(0.9084404361409524,False);qda(0.30022546972358444)	0.854538780405503	3.0554442405700684
pca(0.9084404361409524,True);qda(0.723127961069629)	0.8453241002308086	3.300337791442871
pca(0.7712079859467937,False);varianceThreshold();selectPercentile(55.03876626311489);adaBoost(decisionTree('gini',19,10,0.6094922877656841,5,'None'),51,1.587275581091102,'SAMME')	0.8508407613026506	15.629406690597534
pca(0.9084404361409524,False);qda(0.723127961069629)	0.8707046883579194	cached
pca(0.9084404361409524,False);adaBoost(decisionTree('gini',13,13,0.7823675266572834,18,'None'),100,0.12711414151424827,'SAMME')	0.8600390202408035	36.3861083984375
