pipeline	fitness	fit_time
maxAbsScaler();minMaxScaler();selectPercentile(7.2061020126382);fastICA(28,'parallel','arbitrary-variance','logcosh');maxAbsScaler();adaBoost(decisionTree('gini',1,9,0.4247253517525911,4,'balanced'),25,1.3211979446777056,'SAMME')	invalid_ind (duplicated operator)	invalid_ind (duplicated operator)
varianceThreshold();maxAbsScaler();varianceThreshold();logisticRegression('l1','newton-cg',1000,10.032664434631641,'balanced')	invalid_ind (duplicated operator)	invalid_ind (duplicated operator)
maxAbsScaler();varianceThreshold();varianceThreshold();kNN(4,'distance',2)	invalid_ind (duplicated operator)	invalid_ind (duplicated operator)
robustScaler(True,True);selectPercentile(95.32767057046128);minMaxScaler();varianceThreshold();varianceThreshold();robustScaler(True,False);varianceThreshold();multinomialNB(0.42873060476695546,False)	invalid_ind (duplicated operator)	invalid_ind (duplicated operator)
selectFwe(0.046899980033885284);nystroem('cosine',1.2521113222428144,91,2,-0.5276936738867828);varianceThreshold();varianceThreshold();mlpClassifier((17, 9),0.04642527820958306,0.2449450790748945,'lbfgs','identity')	invalid_ind (duplicated operator)	invalid_ind (duplicated operator)
robustScaler(True,False);selectFwe(0.012163002326592412);varianceThreshold();robustScaler(False,True);selectFwe(0.007457410297155691);adaBoost(decisionTree('gini',30,13,0.4962045876091137,2,'None'),61,1.651823164329623,'SAMME')	invalid_ind (duplicated operator)	invalid_ind (duplicated operator)
selectPercentile(74.33240283821789);maxAbsScaler();pca(0.6868686123696752,True);maxAbsScaler();varianceThreshold();varianceThreshold();lda(0.46465693951176035,32,0.024582376768639332)	invalid_ind (duplicated operator)	invalid_ind (duplicated operator)
selectPercentile(3.8877919400668324);robustScaler(True,True);adaBoost(decisionTree('entropy',13,3,0.3250240541385535,6,'None'),79,0.039973464419253056,'SAMME')	0.4418463391680783	13.795624256134033
minMaxScaler();varianceThreshold();minMaxScaler();selectFwe(0.03589056197050693);adaBoost(decisionTree('gini',17,14,0.6491842034440893,13,'None'),85,0.752492413817372,'SAMME')	invalid_ind (duplicated operator)	invalid_ind (duplicated operator)
fastICA(27,'parallel','arbitrary-variance','exp');multinomialNB(14.494752527120905,False)	eval_error (Negative values in data passed to MultinomialNB (input X).)	eval_error (Negative values in data passed to MultinomialNB (input X).)
maxAbsScaler();varianceThreshold();varianceThreshold();adaBoost(decisionTree('entropy',3,14,0.2587898518517473,7,'None'),31,0.9578379007455896,'SAMME')	invalid_ind (duplicated operator)	invalid_ind (duplicated operator)
maxAbsScaler();maxAbsScaler();maxAbsScaler();varianceThreshold();minMaxScaler();bernoulliNB(1.1288570013372738,True)	invalid_ind (duplicated operator)	invalid_ind (duplicated operator)
minMaxScaler();varianceThreshold();minMaxScaler();minMaxScaler();adaBoost(decisionTree('entropy',29,11,0.7773725915958829,15,'balanced'),30,1.5048881313839355,'SAMME')	invalid_ind (duplicated operator)	invalid_ind (duplicated operator)
nystroem('sigmoid',0.37223529924043525,63,3,-0.6038006498643729);robustScaler(True,True);selectFwe(0.029644007305577133);multinomialNB(35.33463729356414,True)	eval_error (Negative values in data passed to MultinomialNB (input X).)	eval_error (Negative values in data passed to MultinomialNB (input X).)
maxAbsScaler();minMaxScaler();varianceThreshold();minMaxScaler();selectPercentile(68.81625512046341);multinomialNB(26.60698639580428,False)	invalid_ind (duplicated operator)	invalid_ind (duplicated operator)
minMaxScaler();pca(0.8380282929222216,True);varianceThreshold();varianceThreshold();minMaxScaler();minMaxScaler();adaBoost(decisionTree('gini',22,18,0.20481028476937235,4,'balanced'),37,0.4294534870103568,'SAMME')	invalid_ind (duplicated operator)	invalid_ind (duplicated operator)
selectFwe(0.010417986502861193);multinomialNB(7.654804674598834,False)	0.8313524750611705	7.060114622116089
maxAbsScaler();selectPercentile(33.20090690501258);randomForest(13,'gini',0.5024581652446669,13,3,False,'balanced')	0.7870138151703369	10.437735319137573
minMaxScaler();minMaxScaler();randomForest(24,'entropy',0.8720248274021358,12,15,True,'balanced')	invalid_ind (duplicated operator)	invalid_ind (duplicated operator)
varianceThreshold();extraTreesClassifier(59,'entropy','log2',6,8,False,'balanced')	0.8968985319028798	9.897216558456421
qda(0.4128264130129372)	eval_error (The covariance matrix of class 0 is not full rank. When using `solver='svd'` the number of samples in each class should be more than the number of features, but class 0 has 85 samples and 256 features. Try using `solver='eigen'` and setting the parameter `shrinkage` for regularization.)	eval_error (The covariance matrix of class 0 is not full rank. When using `solver='svd'` the number of samples in each class should be more than the number of features, but class 0 has 85 samples and 256 features. Try using `solver='eigen'` and setting the parameter `shrinkage` for regularization.)
maxAbsScaler();minMaxScaler();nystroem('poly',0.7510509465996393,16,4,-0.08622800954618004);selectPercentile(43.03037136995997);varianceThreshold();extraTreesClassifier(41,'gini','log2',7,14,False,'balanced')	0.4748576134010916	11.073999166488647
varianceThreshold();robustScaler(False,False);minMaxScaler();maxAbsScaler();adaBoost(decisionTree('entropy',10,16,0.5693536247611434,7,'None'),36,0.7519294267993886,'SAMME')	0.9059612083568604	19.776243209838867
pca(0.5234425306231045,False);varianceThreshold();minMaxScaler();adaBoost(decisionTree('entropy',12,8,0.8970335546151182,12,'None'),14,0.2037442869711426,'SAMME')	0.8142583286278938	60.6229453086853
fastICA(22,'parallel','unit-variance','cube');fastICA(26,'deflation','unit-variance','logcosh');minMaxScaler();lda(0.952513178381597,24,0.033638481988852255)	invalid_ind (duplicated operator)	invalid_ind (duplicated operator)
fastICA(86,'deflation','unit-variance','logcosh');selectPercentile(65.40864401732794);lda(0.07638246868413001,211,0.07713335683613869)	eval_timeout_error	eval_timeout_error
maxAbsScaler();bernoulliNB(3.3623379620454967,True)	0.8531335591944288	11.785281896591187
minMaxScaler();maxAbsScaler();bernoulliNB(24.992879653375397,False)	0.8237881046489741	13.822321653366089
pca(0.5756103647075721,True);minMaxScaler();maxAbsScaler();minMaxScaler();minMaxScaler();fastICA(90,'parallel','unit-variance','cube');maxAbsScaler();logisticRegression('l1','sag',1000,0.842966675074862,'None')	invalid_ind (duplicated operator)	invalid_ind (duplicated operator)
minMaxScaler();maxAbsScaler();minMaxScaler();multinomialNB(6.01276603716613,True)	invalid_ind (duplicated operator)	invalid_ind (duplicated operator)
pca(0.782559197242074,True);randomForest(67,'gini',0.5993860884982036,20,1,False,'None')	0.8177871635610767	106.71694874763489
robustScaler(True,False);minMaxScaler();gaussianNB(0.004637867869247067)	0.8376266892527763	13.640437364578247
fastICA(9,'parallel','arbitrary-variance','logcosh');minMaxScaler();selectPercentile(64.18140201945707);maxAbsScaler();selectFwe(0.03622754835119975);qda(0.18231769176790835)	0.6837677206851119	87.43281745910645
pca(0.8260321409365668,False);robustScaler(False,True);maxAbsScaler();selectPercentile(81.58317796188511);randomForest(52,'gini','sqrt',7,18,False,'balanced_subsample')	0.8446758516845474	97.98322892189026
gaussianNB(0.009086775342760546)	0.8410287220026351	13.18939208984375
varianceThreshold();minMaxScaler();maxAbsScaler();gaussianNB(0.0008912134623356117)	0.8339611518915866	10.85533618927002
varianceThreshold();pca(0.7829566284286574,False);robustScaler(False,True);adaBoost(decisionTree('gini',9,7,0.9861660981197825,20,'balanced'),11,0.0651394603475822,'SAMME')	0.7634822510822511	98.87859177589417
robustScaler(True,False);minMaxScaler();adaBoost(decisionTree('gini',21,10,0.951414059365631,2,'None'),87,0.06659688043728257,'SAMME')	0.9104941087897609	78.72862815856934
pca(0.7912579674065064,False);mlpClassifier((78, 4),0.08353092289333493,0.29809174374688663,'lbfgs','relu')	0.8840380952380951	178.80506491661072
fastICA(23,'deflation','arbitrary-variance','exp');maxAbsScaler();adaBoost(decisionTree('entropy',6,3,0.06654622774032215,6,'balanced'),65,0.7499976940070842,'SAMME')	0.7955669113495201	128.81378269195557
minMaxScaler();pca(0.8380282929222216,True);varianceThreshold();varianceThreshold();minMaxScaler();minMaxScaler();adaBoost(decisionTree('gini',22,18,0.20481028476937235,4,'balanced'),37,0.4294534870103568,'SAMME')	invalid_ind (duplicated operator)	invalid_ind (duplicated operator)
varianceThreshold();robustScaler(False,False);minMaxScaler();maxAbsScaler();adaBoost(decisionTree('entropy',10,16,0.5693536247611434,7,'None'),36,0.7519294267993886,'SAMME')	0.9059612083568604	cached
maxAbsScaler();maxAbsScaler();maxAbsScaler();varianceThreshold();minMaxScaler();bernoulliNB(1.1288570013372738,True)	invalid_ind (duplicated operator)	invalid_ind (duplicated operator)
selectPercentile(74.33240283821789);maxAbsScaler();pca(0.5756103647075721,True);maxAbsScaler();varianceThreshold();varianceThreshold();lda(0.46465693951176035,32,0.024582376768639332)	invalid_ind (duplicated operator)	invalid_ind (duplicated operator)
pca(0.6868686123696752,True);minMaxScaler();maxAbsScaler();minMaxScaler();minMaxScaler();fastICA(90,'parallel','unit-variance','cube');maxAbsScaler();logisticRegression('l1','sag',1000,0.842966675074862,'None')	invalid_ind (duplicated operator)	invalid_ind (duplicated operator)
robustScaler(True,False);selectFwe(0.012163002326592412);varianceThreshold();robustScaler(False,True);selectFwe(0.007457410297155691);mlpClassifier((78, 4),0.08353092289333493,0.29809174374688663,'lbfgs','relu')	invalid_ind (duplicated operator)	invalid_ind (duplicated operator)
maxAbsScaler();minMaxScaler();nystroem('poly',0.7510509465996393,16,4,-0.08622800954618004);minMaxScaler();varianceThreshold();extraTreesClassifier(41,'gini','log2',7,14,False,'balanced')	invalid_ind (duplicated operator)	invalid_ind (duplicated operator)
minMaxScaler();maxAbsScaler();selectPercentile(43.03037136995997);multinomialNB(6.01276603716613,True)	0.7906553547901375	3.165221929550171
minMaxScaler();maxAbsScaler();minMaxScaler();varianceThreshold();varianceThreshold();adaBoost(decisionTree('entropy',3,14,0.2587898518517473,7,'None'),31,0.9578379007455896,'SAMME')	invalid_ind (duplicated operator)	invalid_ind (duplicated operator)
minMaxScaler();randomForest(13,'gini',0.5024581652446669,13,3,False,'balanced')	0.8386192358366271	5.482553482055664
maxAbsScaler();multinomialNB(6.01276603716613,True)	0.834962563523433	7.93767237663269
varianceThreshold();minMaxScaler();maxAbsScaler();gaussianNB(0.0008912134623356117)	0.8339611518915866	cached
varianceThreshold();pca(0.7829566284286574,False);robustScaler(False,True);adaBoost(decisionTree('gini',9,7,0.9861660981197825,20,'balanced'),11,0.0651394603475822,'SAMME')	0.7634822510822511	cached
fastICA(27,'parallel','arbitrary-variance','exp');multinomialNB(14.494752527120905,False)	eval_error (Negative values in data passed to MultinomialNB (input X).)	eval_error (Negative values in data passed to MultinomialNB (input X).)
minMaxScaler();varianceThreshold();minMaxScaler();selectFwe(0.03589056197050693);adaBoost(decisionTree('gini',17,14,0.6491842034440893,13,'None'),85,0.752492413817372,'SAMME')	invalid_ind (duplicated operator)	invalid_ind (duplicated operator)
varianceThreshold();robustScaler(True,False);minMaxScaler();maxAbsScaler();adaBoost(decisionTree('entropy',10,16,0.5693536247611434,7,'None'),36,0.7519294267993886,'SAMME')	0.9059612083568604	13.819225311279297
maxAbsScaler();selectPercentile(33.20090690501258);varianceThreshold();minMaxScaler();selectFwe(0.03589056197050693);adaBoost(decisionTree('gini',17,14,0.6491842034440893,13,'None'),85,0.752492413817372,'SAMME')	0.864964596273292	13.964856386184692
nystroem('sigmoid',0.37223529924043525,63,3,-0.6038006498643729);robustScaler(False,True);selectFwe(0.029644007305577133);multinomialNB(35.33463729356414,True)	eval_error (Negative values in data passed to MultinomialNB (input X).)	eval_error (Negative values in data passed to MultinomialNB (input X).)
robustScaler(True,True);selectPercentile(95.32767057046128);minMaxScaler();varianceThreshold();varianceThreshold();robustScaler(True,False);varianceThreshold();multinomialNB(0.42873060476695546,False)	invalid_ind (duplicated operator)	invalid_ind (duplicated operator)
maxAbsScaler();selectPercentile(33.20090690501258);multinomialNB(7.654804674598834,False)	0.733814586862413	7.699885368347168
minMaxScaler();nystroem('rbf',4.251468434342298,70,5,-0.10914514399835862);randomForest(24,'entropy',0.8720248274021358,12,15,True,'balanced')	0.1	9.119228839874268
varianceThreshold();minMaxScaler();varianceThreshold();minMaxScaler();selectPercentile(68.81625512046341);multinomialNB(26.60698639580428,False)	invalid_ind (duplicated operator)	invalid_ind (duplicated operator)
maxAbsScaler();maxAbsScaler();varianceThreshold();logisticRegression('l1','newton-cg',1000,10.032664434631641,'balanced')	invalid_ind (duplicated operator)	invalid_ind (duplicated operator)
maxAbsScaler();maxAbsScaler();maxAbsScaler();varianceThreshold();minMaxScaler();bernoulliNB(1.1288570013372738,True)	invalid_ind (duplicated operator)	invalid_ind (duplicated operator)
maxAbsScaler();bernoulliNB(3.3623379620454967,True)	0.8531335591944288	cached
selectFwe(0.010417986502861193);randomForest(13,'gini',0.5024581652446669,13,3,False,'balanced')	0.8403445699228309	11.89722204208374
minMaxScaler();pca(0.8380282929222216,True);varianceThreshold();varianceThreshold();minMaxScaler();minMaxScaler();adaBoost(decisionTree('gini',22,18,0.20481028476937235,4,'balanced'),37,0.4294534870103568,'SAMME')	invalid_ind (duplicated operator)	invalid_ind (duplicated operator)
adaBoost(decisionTree('gini',4,14,0.6776130257750627,3,'None'),30,1.7860444807123907,'SAMME')	0.7904805571240352	15.160497426986694
maxAbsScaler();selectPercentile(33.20090690501258);randomForest(13,'gini',0.5024581652446669,13,3,False,'balanced')	0.7870138151703369	8.649959325790405
robustScaler(True,False);minMaxScaler();adaBoost(decisionTree('gini',21,10,0.951414059365631,2,'None'),87,0.06659688043728257,'SAMME')	0.9104941087897609	cached
nystroem('sigmoid',0.37223529924043525,63,3,-0.6038006498643729);robustScaler(True,True);selectFwe(0.029644007305577133);multinomialNB(35.33463729356414,True)	eval_error (Negative values in data passed to MultinomialNB (input X).)	eval_error (Negative values in data passed to MultinomialNB (input X).)
pca(0.7912579674065064,False);mlpClassifier((78, 4),0.08353092289333493,0.29809174374688663,'lbfgs','relu')	0.8840380952380951	cached
selectFwe(0.046899980033885284);nystroem('cosine',1.2521113222428144,91,2,-0.5276936738867828);varianceThreshold();varianceThreshold();mlpClassifier((17, 9),0.04642527820958306,0.2449450790748945,'lbfgs','identity')	invalid_ind (duplicated operator)	invalid_ind (duplicated operator)
fastICA(22,'parallel','unit-variance','cube');fastICA(26,'deflation','unit-variance','cube');minMaxScaler();lda(0.952513178381597,24,0.033638481988852255)	invalid_ind (duplicated operator)	invalid_ind (duplicated operator)
maxAbsScaler();bernoulliNB(3.3623379620454967,True)	0.8531335591944288	cached
pca(0.7912579674065064,False);adaBoost(decisionTree('gini',30,13,0.4962045876091137,2,'None'),61,1.651823164329623,'SAMME')	0.881516920760399	68.49729132652283
fastICA(86,'deflation','unit-variance','logcosh');selectFwe(0.029644007305577133);lda(0.07638246868413001,211,0.07713335683613869)	eval_timeout_error	eval_timeout_error
pca(0.782559197242074,True);randomForest(67,'gini',0.5993860884982036,20,1,False,'None')	0.8177871635610767	74.29495477676392
nystroem('sigmoid',0.37223529924043525,63,3,-0.6038006498643729);robustScaler(True,True);selectPercentile(65.40864401732794);multinomialNB(35.33463729356414,True)	eval_error (Negative values in data passed to MultinomialNB (input X).)	eval_error (Negative values in data passed to MultinomialNB (input X).)
robustScaler(True,False);minMaxScaler();adaBoost(decisionTree('gini',21,10,0.951414059365631,2,'None'),87,0.06659688043728257,'SAMME')	0.9104941087897609	42.40442180633545
varianceThreshold();robustScaler(False,False);minMaxScaler();maxAbsScaler();adaBoost(decisionTree('entropy',10,16,0.5693536247611434,7,'None'),36,0.7519294267993886,'SAMME')	0.9059612083568604	cached
maxAbsScaler();multinomialNB(6.01276603716613,True)	0.834962563523433	cached
minMaxScaler();maxAbsScaler();selectPercentile(43.03037136995997);multinomialNB(6.01276603716613,True)	0.7906553547901375	cached
varianceThreshold();maxAbsScaler();maxAbsScaler();varianceThreshold();minMaxScaler();bernoulliNB(1.1288570013372738,True)	invalid_ind (duplicated operator)	invalid_ind (duplicated operator)
minMaxScaler();maxAbsScaler();minMaxScaler();maxAbsScaler();varianceThreshold();adaBoost(decisionTree('entropy',3,14,0.2587898518517473,7,'None'),31,0.9578379007455896,'SAMME')	invalid_ind (duplicated operator)	invalid_ind (duplicated operator)
selectFwe(0.046899980033885284);nystroem('cosine',1.2521113222428144,91,2,-0.5276936738867828);varianceThreshold();varianceThreshold();mlpClassifier((17, 9),0.04642527820958306,0.2449450790748945,'lbfgs','identity')	invalid_ind (duplicated operator)	invalid_ind (duplicated operator)
robustScaler(True,True);selectPercentile(95.32767057046128);minMaxScaler();varianceThreshold();varianceThreshold();robustScaler(True,False);varianceThreshold();multinomialNB(1.716910913199302,False)	invalid_ind (duplicated operator)	invalid_ind (duplicated operator)
selectPercentile(74.33240283821789);maxAbsScaler();pca(0.5756103647075721,True);robustScaler(True,True);varianceThreshold();varianceThreshold();lda(0.46465693951176035,32,0.024582376768639332)	invalid_ind (duplicated operator)	invalid_ind (duplicated operator)
maxAbsScaler();selectPercentile(95.32767057046128);minMaxScaler();varianceThreshold();varianceThreshold();robustScaler(True,False);varianceThreshold();multinomialNB(0.42873060476695546,False)	invalid_ind (duplicated operator)	invalid_ind (duplicated operator)
varianceThreshold();minMaxScaler();varianceThreshold();minMaxScaler();selectPercentile(68.81625512046341);multinomialNB(26.60698639580428,False)	invalid_ind (duplicated operator)	invalid_ind (duplicated operator)
fastICA(22,'parallel','unit-variance','cube');fastICA(26,'deflation','unit-variance','cube');minMaxScaler();lda(0.952513178381597,24,0.033638481988852255)	invalid_ind (duplicated operator)	invalid_ind (duplicated operator)
nystroem('sigmoid',0.37223529924043525,63,3,-0.6038006498643729);robustScaler(False,True);selectFwe(0.029644007305577133);multinomialNB(35.33463729356414,True)	eval_error (Negative values in data passed to MultinomialNB (input X).)	eval_error (Negative values in data passed to MultinomialNB (input X).)
selectFwe(0.04276829593075054);bernoulliNB(4.257781635652832,True)	0.8496195369847543	3.1810760498046875
nystroem('sigmoid',0.37223529924043525,63,3,-0.6038006498643729);robustScaler(True,True);fastICA(90,'parallel','unit-variance','cube');multinomialNB(35.33463729356414,True)	eval_error (Negative values in data passed to MultinomialNB (input X).)	eval_error (Negative values in data passed to MultinomialNB (input X).)
pca(0.6868686123696752,True);minMaxScaler();maxAbsScaler();minMaxScaler();minMaxScaler();selectPercentile(65.40864401732794);maxAbsScaler();logisticRegression('l1','sag',1000,0.842966675074862,'None')	invalid_ind (duplicated operator)	invalid_ind (duplicated operator)
nystroem('sigmoid',0.37223529924043525,63,3,-0.6038006498643729);robustScaler(True,True);selectPercentile(65.40864401732794);multinomialNB(35.33463729356414,True)	eval_error (Negative values in data passed to MultinomialNB (input X).)	eval_error (Negative values in data passed to MultinomialNB (input X).)
varianceThreshold();robustScaler(True,False);minMaxScaler();maxAbsScaler();adaBoost(decisionTree('entropy',10,16,0.5693536247611434,7,'None'),36,0.7519294267993886,'SAMME')	0.9059612083568604	cached
maxAbsScaler();maxAbsScaler();varianceThreshold();logisticRegression('l1','newton-cg',1000,10.032664434631641,'balanced')	invalid_ind (duplicated operator)	invalid_ind (duplicated operator)
maxAbsScaler();randomForest(13,'gini',0.5024581652446669,13,3,False,'balanced')	0.8386192358366271	7.478922605514526
minMaxScaler();randomForest(13,'gini',0.5024581652446669,13,3,False,'balanced')	0.8386192358366271	6.248742341995239
selectFwe(0.010417986502861193);randomForest(13,'gini',0.5024581652446669,13,3,False,'balanced')	0.8403445699228309	5.332475185394287
nystroem('sigmoid',0.37223529924043525,63,3,-0.6038006498643729);robustScaler(True,True);selectFwe(0.029644007305577133);multinomialNB(35.33463729356414,True)	eval_error (Negative values in data passed to MultinomialNB (input X).)	eval_error (Negative values in data passed to MultinomialNB (input X).)
maxAbsScaler();minMaxScaler();extraTreesClassifier(86,'gini','sqrt',18,10,True,'balanced')	0.8674716544325239	6.494450807571411
fastICA(22,'parallel','unit-variance','cube');fastICA(26,'deflation','unit-variance','cube');minMaxScaler();lda(0.952513178381597,24,0.033638481988852255)	invalid_ind (duplicated operator)	invalid_ind (duplicated operator)
minMaxScaler();randomForest(13,'gini',0.5024581652446669,13,3,False,'balanced')	0.8386192358366271	6.144548654556274
varianceThreshold();pca(0.7829566284286574,False);varianceThreshold();adaBoost(decisionTree('gini',9,7,0.9861660981197825,20,'balanced'),11,0.0651394603475822,'SAMME')	invalid_ind (duplicated operator)	invalid_ind (duplicated operator)
maxAbsScaler();maxAbsScaler();robustScaler(False,True);logisticRegression('l1','newton-cg',1000,10.032664434631641,'balanced')	invalid_ind (duplicated operator)	invalid_ind (duplicated operator)
minMaxScaler();pca(0.8380282929222216,True);varianceThreshold();varianceThreshold();minMaxScaler();minMaxScaler();adaBoost(decisionTree('gini',22,18,0.20481028476937235,4,'balanced'),37,0.4294534870103568,'SAMME')	invalid_ind (duplicated operator)	invalid_ind (duplicated operator)
varianceThreshold();minMaxScaler();varianceThreshold();minMaxScaler();selectPercentile(68.81625512046341);multinomialNB(26.60698639580428,False)	invalid_ind (duplicated operator)	invalid_ind (duplicated operator)
minMaxScaler();randomForest(13,'gini',0.5024581652446669,13,3,False,'balanced')	0.8386192358366271	cached
selectPercentile(74.33240283821789);maxAbsScaler();pca(0.5756103647075721,True);maxAbsScaler();varianceThreshold();varianceThreshold();lda(0.46465693951176035,32,0.024582376768639332)	invalid_ind (duplicated operator)	invalid_ind (duplicated operator)
varianceThreshold();robustScaler(True,False);minMaxScaler();maxAbsScaler();adaBoost(decisionTree('entropy',10,16,0.5693536247611434,7,'None'),36,0.7519294267993886,'SAMME')	0.9059612083568604	10.369616031646729
nystroem('sigmoid',0.37223529924043525,63,3,-0.6038006498643729);robustScaler(True,True);selectPercentile(65.40864401732794);randomForest(67,'gini',0.5993860884982036,20,1,False,'None')	0.54234402409185	23.589126586914062
maxAbsScaler();bernoulliNB(3.3623379620454967,True)	0.8531335591944288	3.0293173789978027
minMaxScaler();maxAbsScaler();selectPercentile(43.03037136995997);multinomialNB(6.01276603716613,True)	0.7906553547901375	3.6728241443634033
pca(0.782559197242074,True);multinomialNB(35.33463729356414,True)	eval_error (Negative values in data passed to MultinomialNB (input X).)	eval_error (Negative values in data passed to MultinomialNB (input X).)
robustScaler(True,False);fastICA(22,'parallel','unit-variance','cube');adaBoost(decisionTree('gini',21,10,0.951414059365631,2,'None'),87,0.06659688043728257,'SAMME')	0.8543231695840392	63.15098786354065
minMaxScaler();fastICA(26,'deflation','unit-variance','cube');minMaxScaler();lda(0.952513178381597,24,0.033638481988852255)	invalid_ind (duplicated operator)	invalid_ind (duplicated operator)
fastICA(86,'deflation','unit-variance','logcosh');selectFwe(0.029644007305577133);lda(0.07638246868413001,211,0.07713335683613869)	eval_timeout_error	eval_timeout_error
robustScaler(True,False);selectFwe(0.012163002326592412);varianceThreshold();robustScaler(False,True);selectFwe(0.007457410297155691);mlpClassifier((78, 4),0.08353092289333493,0.29809174374688663,'lbfgs','relu')	invalid_ind (duplicated operator)	invalid_ind (duplicated operator)
maxAbsScaler();minMaxScaler();extraTreesClassifier(86,'gini','sqrt',18,10,True,'balanced')	0.8674716544325239	cached
maxAbsScaler();minMaxScaler();extraTreesClassifier(86,'gini','sqrt',18,10,True,'balanced')	0.8674716544325239	cached
pca(0.7912579674065064,False);adaBoost(decisionTree('gini',30,13,0.4962045876091137,2,'None'),61,1.651823164329623,'SAMME')	0.881516920760399	cached
selectPercentile(74.33240283821789);maxAbsScaler();pca(0.5756103647075721,True);robustScaler(True,True);varianceThreshold();varianceThreshold();lda(0.46465693951176035,32,0.024582376768639332)	invalid_ind (duplicated operator)	invalid_ind (duplicated operator)
minMaxScaler();maxAbsScaler();selectPercentile(43.03037136995997);multinomialNB(35.33463729356414,True)	0.7582434406173537	2.788177013397217
selectFwe(0.04276829593075054);bernoulliNB(4.257781635652832,True)	0.8496195369847543	3.3357629776000977
nystroem('sigmoid',0.37223529924043525,63,3,-0.6038006498643729);robustScaler(True,True);fastICA(90,'parallel','unit-variance','cube');multinomialNB(35.33463729356414,True)	eval_error (Negative values in data passed to MultinomialNB (input X).)	eval_error (Negative values in data passed to MultinomialNB (input X).)
maxAbsScaler();randomForest(13,'gini',0.5024581652446669,13,3,False,'balanced')	0.8386192358366271	5.54848837852478
minMaxScaler();fastICA(26,'deflation','unit-variance','cube');minMaxScaler();lda(0.952513178381597,24,0.033638481988852255)	invalid_ind (duplicated operator)	invalid_ind (duplicated operator)
pca(0.6868686123696752,True);minMaxScaler();maxAbsScaler();minMaxScaler();minMaxScaler();selectPercentile(65.40864401732794);maxAbsScaler();logisticRegression('l1','sag',1000,10.032664434631641,'balanced')	invalid_ind (duplicated operator)	invalid_ind (duplicated operator)
maxAbsScaler();maxAbsScaler();varianceThreshold();logisticRegression('l1','newton-cg',1000,0.842966675074862,'None')	invalid_ind (duplicated operator)	invalid_ind (duplicated operator)
nystroem('sigmoid',0.37223529924043525,63,3,-0.6038006498643729);robustScaler(True,True);selectFwe(0.029644007305577133);multinomialNB(6.01276603716613,True)	eval_error (Negative values in data passed to MultinomialNB (input X).)	eval_error (Negative values in data passed to MultinomialNB (input X).)
minMaxScaler();randomForest(43,'entropy',0.6530051513262005,14,17,True,'None')	0.7465169584039149	6.933070182800293
maxAbsScaler();maxAbsScaler();varianceThreshold();logisticRegression('l1','newton-cg',1000,10.032664434631641,'balanced')	invalid_ind (duplicated operator)	invalid_ind (duplicated operator)
minMaxScaler();fastICA(26,'deflation','unit-variance','cube');minMaxScaler();lda(0.952513178381597,24,0.033638481988852255)	invalid_ind (duplicated operator)	invalid_ind (duplicated operator)
maxAbsScaler();maxAbsScaler();varianceThreshold();logisticRegression('l1','newton-cg',1000,10.032664434631641,'balanced')	invalid_ind (duplicated operator)	invalid_ind (duplicated operator)
robustScaler(True,True);selectPercentile(95.32767057046128);minMaxScaler();varianceThreshold();varianceThreshold();robustScaler(True,False);maxAbsScaler();multinomialNB(1.716910913199302,False)	invalid_ind (duplicated operator)	invalid_ind (duplicated operator)
selectFwe(0.04276829593075054);lda(0.952513178381597,24,0.033638481988852255)	eval_error (n_components cannot be larger than min(n_features, n_classes - 1).)	eval_error (n_components cannot be larger than min(n_features, n_classes - 1).)
minMaxScaler();fastICA(26,'deflation','unit-variance','cube');minMaxScaler();bernoulliNB(4.257781635652832,True)	invalid_ind (duplicated operator)	invalid_ind (duplicated operator)
maxAbsScaler();logisticRegression('l1','newton-cg',1000,10.032664434631641,'balanced')	eval_error (Solver newton-cg supports only 'l2' or None penalties, got l1 penalty.)	eval_error (Solver newton-cg supports only 'l2' or None penalties, got l1 penalty.)
minMaxScaler();randomForest(13,'gini',0.5024581652446669,13,3,False,'balanced')	0.8386192358366271	5.160039186477661
fastICA(22,'parallel','unit-variance','cube');fastICA(26,'deflation','unit-variance','cube');minMaxScaler();lda(0.952513178381597,24,0.033638481988852255)	invalid_ind (duplicated operator)	invalid_ind (duplicated operator)
maxAbsScaler();multinomialNB(1.389196926401968,True)	0.8480218708827405	3.3073015213012695
varianceThreshold();bernoulliNB(3.3623379620454967,True)	0.8531335591944288	3.7764346599578857
varianceThreshold();minMaxScaler();minMaxScaler();minMaxScaler();selectPercentile(68.81625512046341);multinomialNB(26.60698639580428,False)	invalid_ind (duplicated operator)	invalid_ind (duplicated operator)
varianceThreshold();robustScaler(False,False);varianceThreshold();maxAbsScaler();adaBoost(decisionTree('entropy',10,16,0.5693536247611434,7,'None'),36,0.7519294267993886,'SAMME')	invalid_ind (duplicated operator)	invalid_ind (duplicated operator)
pca(0.7235594268662844,False);multinomialNB(6.01276603716613,True)	eval_error (Negative values in data passed to MultinomialNB (input X).)	eval_error (Negative values in data passed to MultinomialNB (input X).)
selectPercentile(74.33240283821789);maxAbsScaler();pca(0.5756103647075721,True);robustScaler(False,True);varianceThreshold();varianceThreshold();lda(0.46465693951176035,32,0.024582376768639332)	invalid_ind (duplicated operator)	invalid_ind (duplicated operator)
robustScaler(True,False);selectFwe(0.012163002326592412);varianceThreshold();maxAbsScaler();selectFwe(0.007457410297155691);mlpClassifier((78, 4),0.08353092289333493,0.29809174374688663,'lbfgs','relu')	invalid_ind (duplicated operator)	invalid_ind (duplicated operator)
selectFwe(0.04276829593075054);bernoulliNB(4.257781635652832,True)	0.8496195369847543	cached
maxAbsScaler();randomForest(13,'gini',0.5024581652446669,13,3,False,'balanced')	0.8386192358366271	cached
varianceThreshold();minMaxScaler();varianceThreshold();minMaxScaler();selectPercentile(68.81625512046341);randomForest(13,'gini',0.5024581652446669,13,3,False,'balanced')	invalid_ind (duplicated operator)	invalid_ind (duplicated operator)
varianceThreshold();robustScaler(True,False);minMaxScaler();maxAbsScaler();adaBoost(decisionTree('gini',21,8,0.5119146202064465,13,'balanced'),11,1.84336095309347,'SAMME')	0.7397880105401844	15.952632188796997
robustScaler(True,False);fastICA(22,'parallel','unit-variance','cube');multinomialNB(6.01276603716613,True)	eval_error (Negative values in data passed to MultinomialNB (input X).)	eval_error (Negative values in data passed to MultinomialNB (input X).)
selectFwe(0.010417986502861193);multinomialNB(26.60698639580428,False)	0.8184450781102954	9.177491426467896
minMaxScaler();maxAbsScaler();selectPercentile(43.03037136995997);adaBoost(decisionTree('entropy',21,10,0.9131695912270058,13,'None'),87,0.06659688043728257,'SAMME')	0.8494924712968193	11.571750402450562
varianceThreshold();robustScaler(False,False);fastICA(26,'deflation','unit-variance','cube');maxAbsScaler();adaBoost(decisionTree('entropy',10,16,0.5693536247611434,7,'None'),36,0.7519294267993886,'SAMME')	0.862211048371918	45.34947943687439
fastICA(80,'parallel','arbitrary-variance','exp');minMaxScaler();varianceThreshold();selectPercentile(58.79552970996706);minMaxScaler();minMaxScaler();lda(0.952513178381597,24,0.033638481988852255)	invalid_ind (duplicated operator)	invalid_ind (duplicated operator)
varianceThreshold();fastICA(74,'deflation','unit-variance','cube');minMaxScaler();maxAbsScaler();adaBoost(decisionTree('entropy',10,16,0.5693536247611434,7,'None'),36,0.7519294267993886,'SAMME')	0.6753386222473179	56.168264865875244
pca(0.7912579674065064,False);adaBoost(decisionTree('gini',30,13,0.4962045876091137,2,'None'),61,1.651823164329623,'SAMME')	0.881516920760399	cached
varianceThreshold();fastICA(74,'deflation','unit-variance','cube');minMaxScaler();maxAbsScaler();adaBoost(decisionTree('entropy',10,16,0.5693536247611434,7,'None'),36,0.7519294267993886,'SAMME')	0.6753386222473179	cached
maxAbsScaler();multinomialNB(1.389196926401968,True)	0.8480218708827405	cached
selectPercentile(74.33240283821789);maxAbsScaler();pca(0.5756103647075721,True);robustScaler(False,True);varianceThreshold();varianceThreshold();lda(0.46465693951176035,32,0.024582376768639332)	invalid_ind (duplicated operator)	invalid_ind (duplicated operator)
varianceThreshold();robustScaler(False,False);varianceThreshold();maxAbsScaler();adaBoost(decisionTree('entropy',10,16,0.5693536247611434,7,'None'),36,0.7519294267993886,'SAMME')	invalid_ind (duplicated operator)	invalid_ind (duplicated operator)
pca(0.7912579674065064,False);adaBoost(decisionTree('gini',30,13,0.4962045876091137,2,'None'),61,1.651823164329623,'SAMME')	0.881516920760399	cached
varianceThreshold();extraTreesClassifier(59,'entropy','log2',6,8,False,'balanced')	0.8968985319028798	cached
nystroem('poly',1.453238720938106,69,3,0.02964032550826734);fastICA(13,'deflation','unit-variance','cube');varianceThreshold();selectPercentile(38.78658065552431);selectPercentile(68.81625512046341);randomForest(13,'gini',0.5024581652446669,13,3,False,'balanced')	invalid_ind (duplicated operator)	invalid_ind (duplicated operator)
varianceThreshold();minMaxScaler();varianceThreshold();extraTreesClassifier(86,'gini','sqrt',18,10,True,'balanced')	invalid_ind (duplicated operator)	invalid_ind (duplicated operator)
varianceThreshold();minMaxScaler();minMaxScaler();minMaxScaler();selectPercentile(68.81625512046341);extraTreesClassifier(59,'entropy','log2',6,8,False,'balanced')	invalid_ind (duplicated operator)	invalid_ind (duplicated operator)
pca(0.7912579674065064,False);adaBoost(decisionTree('gini',30,13,0.4962045876091137,2,'None'),61,1.651823164329623,'SAMME')	0.881516920760399	cached
maxAbsScaler();randomForest(13,'gini',0.5024581652446669,13,3,False,'balanced')	0.8386192358366271	cached
fastICA(22,'parallel','unit-variance','cube');fastICA(26,'deflation','unit-variance','cube');maxAbsScaler();lda(0.952513178381597,24,0.033638481988852255)	invalid_ind (duplicated operator)	invalid_ind (duplicated operator)
minMaxScaler();minMaxScaler();extraTreesClassifier(86,'gini','sqrt',18,10,True,'balanced')	invalid_ind (duplicated operator)	invalid_ind (duplicated operator)
varianceThreshold();multinomialNB(26.60698639580428,False)	0.8165836062488235	2.101710796356201
fastICA(80,'parallel','arbitrary-variance','exp');minMaxScaler();varianceThreshold();selectPercentile(58.79552970996706);minMaxScaler();minMaxScaler();lda(0.952513178381597,24,0.033638481988852255)	invalid_ind (duplicated operator)	invalid_ind (duplicated operator)
minMaxScaler();fastICA(26,'deflation','unit-variance','cube');minMaxScaler();bernoulliNB(4.257781635652832,True)	invalid_ind (duplicated operator)	invalid_ind (duplicated operator)
varianceThreshold();robustScaler(False,False);selectPercentile(68.81625512046341);multinomialNB(26.60698639580428,False)	0.8188597026162243	3.6357245445251465
varianceThreshold();minMaxScaler();minMaxScaler();minMaxScaler();fastICA(26,'deflation','unit-variance','cube');maxAbsScaler();adaBoost(decisionTree('entropy',10,16,0.5693536247611434,7,'None'),36,0.7519294267993886,'SAMME')	invalid_ind (duplicated operator)	invalid_ind (duplicated operator)
maxAbsScaler();maxAbsScaler();varianceThreshold();multinomialNB(26.60698639580428,False)	invalid_ind (duplicated operator)	invalid_ind (duplicated operator)
varianceThreshold();minMaxScaler();minMaxScaler();minMaxScaler();selectPercentile(68.81625512046341);logisticRegression('l1','newton-cg',1000,10.032664434631641,'balanced')	invalid_ind (duplicated operator)	invalid_ind (duplicated operator)
fastICA(2,'deflation','unit-variance','exp');robustScaler(False,False);varianceThreshold();maxAbsScaler();multinomialNB(6.01276603716613,True)	eval_error (Negative values in data passed to MultinomialNB (input X).)	eval_error (Negative values in data passed to MultinomialNB (input X).)
pca(0.7912579674065064,False);multinomialNB(1.7531369731435333,True)	eval_error (Negative values in data passed to MultinomialNB (input X).)	eval_error (Negative values in data passed to MultinomialNB (input X).)
varianceThreshold();robustScaler(False,False);minMaxScaler();maxAbsScaler();adaBoost(decisionTree('entropy',10,16,0.5693536247611434,7,'None'),61,1.651823164329623,'SAMME')	0.9179924524750612	17.921025037765503
robustScaler(True,False);selectFwe(0.04276829593075054);adaBoost(decisionTree('gini',21,10,0.951414059365631,2,'None'),87,0.06659688043728257,'SAMME')	0.9101361001317525	33.54931592941284
minMaxScaler();bernoulliNB(8.440806390212236,False)	0.8373378881987577	6.813349485397339
robustScaler(True,False);selectFwe(0.012163002326592412);varianceThreshold();maxAbsScaler();selectFwe(0.007457410297155691);mlpClassifier((78, 4),0.08353092289333493,0.29809174374688663,'lbfgs','relu')	invalid_ind (duplicated operator)	invalid_ind (duplicated operator)
minMaxScaler();fastICA(26,'deflation','unit-variance','cube');minMaxScaler();lda(0.952513178381597,24,0.033638481988852255)	invalid_ind (duplicated operator)	invalid_ind (duplicated operator)
robustScaler(True,True);selectPercentile(95.32767057046128);minMaxScaler();varianceThreshold();varianceThreshold();fastICA(26,'deflation','unit-variance','cube');maxAbsScaler();multinomialNB(1.2759792510887598,True)	invalid_ind (duplicated operator)	invalid_ind (duplicated operator)
minMaxScaler();robustScaler(True,False);minMaxScaler();bernoulliNB(4.257781635652832,True)	invalid_ind (duplicated operator)	invalid_ind (duplicated operator)
fastICA(80,'parallel','arbitrary-variance','exp');minMaxScaler();pca(0.7912579674065064,False);selectPercentile(58.79552970996706);minMaxScaler();minMaxScaler();lda(0.952513178381597,24,0.033638481988852255)	invalid_ind (duplicated operator)	invalid_ind (duplicated operator)
pca(0.7912579674065064,False);adaBoost(decisionTree('gini',13,12,0.12955173623276917,18,'balanced'),36,0.7519294267993886,'SAMME')	0.8242696216826653	41.433565855026245
fastICA(80,'parallel','arbitrary-variance','exp');minMaxScaler();varianceThreshold();selectPercentile(58.79552970996706);varianceThreshold();minMaxScaler();lda(0.952513178381597,24,0.033638481988852255)	invalid_ind (duplicated operator)	invalid_ind (duplicated operator)
varianceThreshold();adaBoost(decisionTree('gini',30,13,0.4962045876091137,2,'None'),61,1.651823164329623,'SAMME')	0.9218494259363824	21.39139485359192
pca(0.6868686123696752,True);minMaxScaler();maxAbsScaler();minMaxScaler();minMaxScaler();selectPercentile(65.40864401732794);selectFwe(0.04276829593075054);logisticRegression('l1','sag',1000,10.032664434631641,'balanced')	invalid_ind (duplicated operator)	invalid_ind (duplicated operator)
minMaxScaler();extraTreesClassifier(59,'entropy','log2',6,8,False,'balanced')	0.8968985319028798	6.582655668258667
maxAbsScaler();bernoulliNB(4.257781635652832,True)	0.8477147750799924	6.719801425933838
pca(0.7235594268662844,False);adaBoost(decisionTree('entropy',10,16,0.5693536247611434,7,'None'),36,0.7519294267993886,'SAMME')	0.8826760963674006	64.08042883872986
pca(0.7235594268662844,False);adaBoost(decisionTree('gini',21,10,0.951414059365631,2,'None'),87,0.06659688043728257,'SAMME')	0.8883262375305853	75.37360882759094
robustScaler(True,False);minMaxScaler();multinomialNB(6.01276603716613,True)	0.834962563523433	1.8612720966339111
pca(0.8610865799420104,False);adaBoost(decisionTree('gini',30,13,0.4962045876091137,2,'None'),61,1.651823164329623,'SAMME')	0.8493516469038207	65.59202527999878
minMaxScaler();robustScaler(True,False);minMaxScaler();bernoulliNB(4.257781635652832,True)	invalid_ind (duplicated operator)	invalid_ind (duplicated operator)
maxAbsScaler();bernoulliNB(4.257781635652832,True)	0.8477147750799924	cached
pca(0.7912579674065064,False);adaBoost(decisionTree('gini',30,13,0.4962045876091137,2,'None'),61,1.651823164329623,'SAMME')	0.881516920760399	cached
varianceThreshold();robustScaler(False,False);selectPercentile(68.81625512046341);multinomialNB(26.60698639580428,False)	0.8188597026162243	cached
fastICA(80,'parallel','arbitrary-variance','cube');minMaxScaler();varianceThreshold();selectPercentile(70.99120915383075);varianceThreshold();minMaxScaler();lda(0.952513178381597,24,0.033638481988852255)	invalid_ind (duplicated operator)	invalid_ind (duplicated operator)
varianceThreshold();minMaxScaler();varianceThreshold();extraTreesClassifier(86,'gini','sqrt',18,10,True,'balanced')	invalid_ind (duplicated operator)	invalid_ind (duplicated operator)
robustScaler(True,False);selectFwe(0.04276829593075054);adaBoost(decisionTree('gini',21,10,0.951414059365631,2,'None'),87,0.06659688043728257,'SAMME')	0.9101361001317525	cached
fastICA(80,'parallel','arbitrary-variance','exp');minMaxScaler();varianceThreshold();selectPercentile(58.79552970996706);varianceThreshold();minMaxScaler();lda(0.952513178381597,24,0.033638481988852255)	invalid_ind (duplicated operator)	invalid_ind (duplicated operator)
fastICA(80,'parallel','arbitrary-variance','exp');minMaxScaler();varianceThreshold();selectPercentile(58.79552970996706);varianceThreshold();minMaxScaler();lda(0.952513178381597,24,0.033638481988852255)	invalid_ind (duplicated operator)	invalid_ind (duplicated operator)
fastICA(22,'parallel','unit-variance','cube');fastICA(26,'deflation','unit-variance','cube');maxAbsScaler();lda(0.952513178381597,24,0.033638481988852255)	invalid_ind (duplicated operator)	invalid_ind (duplicated operator)
varianceThreshold();robustScaler(False,False);minMaxScaler();maxAbsScaler();adaBoost(decisionTree('entropy',10,16,0.5693536247611434,7,'None'),61,1.651823164329623,'SAMME')	0.9179924524750612	cached
minMaxScaler();bernoulliNB(8.440806390212236,False)	0.8373378881987577	2.1668856143951416
minMaxScaler();minMaxScaler();extraTreesClassifier(86,'gini','sqrt',18,10,True,'balanced')	invalid_ind (duplicated operator)	invalid_ind (duplicated operator)
minMaxScaler();minMaxScaler();nystroem('cosine',0.9986156278973877,25,3,-0.8410729144409603);pca(0.7019765728816697,True);maxAbsScaler();adaBoost(decisionTree('entropy',10,16,0.5693536247611434,7,'None'),61,1.651823164329623,'SAMME')	invalid_ind (duplicated operator)	invalid_ind (duplicated operator)
varianceThreshold();extraTreesClassifier(59,'entropy','log2',6,8,False,'balanced')	0.8968985319028798	cached
gaussianNB(0.005766535828921995)	0.8376266892527763	2.54164719581604
robustScaler(True,True);selectPercentile(95.32767057046128);minMaxScaler();varianceThreshold();varianceThreshold();fastICA(92,'deflation','unit-variance','exp');maxAbsScaler();multinomialNB(42.08594381452381,False)	invalid_ind (duplicated operator)	invalid_ind (duplicated operator)
fastICA(80,'parallel','arbitrary-variance','exp');minMaxScaler();pca(0.7235594268662844,False);selectPercentile(58.79552970996706);minMaxScaler();minMaxScaler();lda(0.952513178381597,24,0.033638481988852255)	invalid_ind (duplicated operator)	invalid_ind (duplicated operator)
maxAbsScaler();adaBoost(decisionTree('gini',30,13,0.4962045876091137,2,'None'),61,1.651823164329623,'SAMME')	0.9218494259363824	25.261157751083374
maxAbsScaler();varianceThreshold();varianceThreshold();multinomialNB(26.60698639580428,False)	invalid_ind (duplicated operator)	invalid_ind (duplicated operator)
varianceThreshold();robustScaler(False,False);varianceThreshold();maxAbsScaler();adaBoost(decisionTree('entropy',10,16,0.5693536247611434,7,'None'),61,1.651823164329623,'SAMME')	invalid_ind (duplicated operator)	invalid_ind (duplicated operator)
minMaxScaler();minMaxScaler();varianceThreshold();extraTreesClassifier(86,'gini','sqrt',18,10,True,'balanced')	invalid_ind (duplicated operator)	invalid_ind (duplicated operator)
robustScaler(True,False);adaBoost(decisionTree('entropy',4,2,0.970959520414468,4,'balanced'),96,0.9476413986525776,'SAMME')	0.8904616412572934	33.82706570625305
minMaxScaler();minMaxScaler();adaBoost(decisionTree('gini',30,4,0.02231118308041724,2,'None'),76,0.6501874628603366,'SAMME')	invalid_ind (duplicated operator)	invalid_ind (duplicated operator)
fastICA(2,'deflation','unit-variance','exp');robustScaler(False,False);varianceThreshold();maxAbsScaler();multinomialNB(6.01276603716613,True)	eval_error (Negative values in data passed to MultinomialNB (input X).)	eval_error (Negative values in data passed to MultinomialNB (input X).)
minMaxScaler();minMaxScaler();extraTreesClassifier(86,'gini','sqrt',18,10,True,'balanced')	invalid_ind (duplicated operator)	invalid_ind (duplicated operator)
nystroem('poly',1.453238720938106,69,3,0.02964032550826734);maxAbsScaler();varianceThreshold();selectPercentile(38.78658065552431);selectPercentile(68.81625512046341);randomForest(13,'gini',0.5024581652446669,13,3,False,'balanced')	invalid_ind (duplicated operator)	invalid_ind (duplicated operator)
pca(0.7912579674065064,False);adaBoost(decisionTree('gini',30,13,0.4962045876091137,2,'None'),61,1.651823164329623,'SAMME')	0.881516920760399	88.82045245170593
pca(0.7912579674065064,False);adaBoost(decisionTree('gini',30,13,0.4962045876091137,2,'None'),61,1.651823164329623,'SAMME')	0.881516920760399	cached
maxAbsScaler();randomForest(13,'gini',0.5024581652446669,13,3,False,'balanced')	0.8386192358366271	cached
maxAbsScaler();multinomialNB(4.692744229303747,True)	0.8367049877658573	7.0487706661224365
varianceThreshold();fastICA(26,'deflation','unit-variance','cube');minMaxScaler();bernoulliNB(4.257781635652832,True)	0.10379627329192546	96.69097232818604
nystroem('sigmoid',2.7603714857642467,48,4,-0.35211954768260245);varianceThreshold();minMaxScaler();fastICA(58,'deflation','arbitrary-variance','logcosh');pca(0.5789921696196975,True);varianceThreshold();qda(0.30051310345834625)	invalid_ind (duplicated operator)	invalid_ind (duplicated operator)
robustScaler(True,False);selectFwe(0.04276829593075054);adaBoost(decisionTree('gini',21,10,0.951414059365631,2,'None'),87,0.06659688043728257,'SAMME')	0.9101361001317525	cached
minMaxScaler();robustScaler(True,False);minMaxScaler();bernoulliNB(4.257781635652832,True)	invalid_ind (duplicated operator)	invalid_ind (duplicated operator)
pca(0.778246283211847,False);adaBoost(decisionTree('gini',13,12,0.12955173623276917,18,'balanced'),36,1.8393747875423858,'SAMME')	0.7168518351214004	70.50176167488098
fastICA(80,'parallel','arbitrary-variance','exp');minMaxScaler();pca(0.7912579674065064,False);selectPercentile(58.79552970996706);minMaxScaler();minMaxScaler();lda(0.952513178381597,24,0.033638481988852255)	invalid_ind (duplicated operator)	invalid_ind (duplicated operator)
varianceThreshold();robustScaler(True,False);minMaxScaler();maxAbsScaler();adaBoost(decisionTree('entropy',10,16,0.5693536247611434,7,'None'),36,0.7519294267993886,'SAMME')	0.9059612083568604	12.193847179412842
pca(0.7912579674065064,False);adaBoost(decisionTree('entropy',10,16,0.5693536247611434,7,'None'),36,0.7519294267993886,'SAMME')	0.8804638434029739	106.73965239524841
varianceThreshold();robustScaler(True,False);minMaxScaler();fastICA(13,'deflation','unit-variance','cube');adaBoost(decisionTree('entropy',10,16,0.5693536247611434,7,'None'),36,0.7519294267993886,'SAMME')	0.8655658008658008	56.99814224243164
varianceThreshold();adaBoost(decisionTree('gini',30,13,0.4962045876091137,2,'None'),61,1.651823164329623,'SAMME')	0.9218494259363824	cached
varianceThreshold();robustScaler(True,False);minMaxScaler();maxAbsScaler();adaBoost(decisionTree('entropy',10,16,0.5693536247611434,7,'None'),36,0.7519294267993886,'SAMME')	0.9059612083568604	cached
robustScaler(True,False);selectFwe(0.04276829593075054);adaBoost(decisionTree('gini',21,10,0.951414059365631,2,'None'),87,0.06659688043728257,'SAMME')	0.9101361001317525	cached
varianceThreshold();fastICA(52,'parallel','unit-variance','exp');varianceThreshold();varianceThreshold();selectFwe(0.020172368318026053);adaBoost(decisionTree('gini',21,16,0.1090740550278495,14,'balanced'),47,1.4539918977015724,'SAMME')	invalid_ind (duplicated operator)	invalid_ind (duplicated operator)
selectFwe(0.02770551064442185);selectFwe(0.04276829593075054);adaBoost(decisionTree('entropy',10,16,0.5693536247611434,7,'None'),36,0.7519294267993886,'SAMME')	invalid_ind (duplicated operator)	invalid_ind (duplicated operator)
selectPercentile(80.77256781425727);minMaxScaler();varianceThreshold();varianceThreshold();selectPercentile(22.458386987571323);fastICA(21,'deflation','arbitrary-variance','exp');varianceThreshold();bernoulliNB(4.257781635652832,True)	invalid_ind (duplicated operator)	invalid_ind (duplicated operator)
minMaxScaler();minMaxScaler();nystroem('cosine',0.9986156278973877,25,3,-0.8410729144409603);pca(0.7019765728816697,True);fastICA(26,'deflation','unit-variance','cube');adaBoost(decisionTree('entropy',10,16,0.5693536247611434,7,'None'),61,1.651823164329623,'SAMME')	invalid_ind (duplicated operator)	invalid_ind (duplicated operator)
minMaxScaler();robustScaler(True,False);minMaxScaler();bernoulliNB(4.257781635652832,True)	invalid_ind (duplicated operator)	invalid_ind (duplicated operator)
varianceThreshold();fastICA(26,'deflation','unit-variance','cube');minMaxScaler();bernoulliNB(4.257781635652832,True)	0.10379627329192546	cached
fastICA(80,'parallel','arbitrary-variance','cube');maxAbsScaler();varianceThreshold();selectPercentile(70.99120915383075);varianceThreshold();minMaxScaler();lda(0.952513178381597,24,0.033638481988852255)	invalid_ind (duplicated operator)	invalid_ind (duplicated operator)
varianceThreshold();robustScaler(False,False);minMaxScaler();minMaxScaler();adaBoost(decisionTree('entropy',10,16,0.5693536247611434,7,'None'),61,1.651823164329623,'SAMME')	invalid_ind (duplicated operator)	invalid_ind (duplicated operator)
fastICA(80,'parallel','arbitrary-variance','exp');minMaxScaler();pca(0.7235594268662844,False);selectPercentile(58.79552970996706);minMaxScaler();minMaxScaler();lda(0.952513178381597,24,0.033638481988852255)	invalid_ind (duplicated operator)	invalid_ind (duplicated operator)
robustScaler(True,False);minMaxScaler();adaBoost(decisionTree('gini',21,10,0.951414059365631,2,'None'),87,0.06659688043728257,'SAMME')	0.9104941087897609	cached
minMaxScaler();robustScaler(True,False);minMaxScaler();bernoulliNB(4.257781635652832,True)	invalid_ind (duplicated operator)	invalid_ind (duplicated operator)
fastICA(80,'parallel','arbitrary-variance','cube');minMaxScaler();varianceThreshold();selectPercentile(70.99120915383075);varianceThreshold();minMaxScaler();lda(0.952513178381597,24,0.033638481988852255)	invalid_ind (duplicated operator)	invalid_ind (duplicated operator)
varianceThreshold();robustScaler(False,False);minMaxScaler();maxAbsScaler();adaBoost(decisionTree('entropy',10,16,0.5693536247611434,7,'None'),36,0.7519294267993886,'SAMME')	0.9059612083568604	6.022326946258545
maxAbsScaler();bernoulliNB(5.764620977043407,False)	0.8442471108601545	2.9015936851501465
maxAbsScaler();randomForest(13,'gini',0.5024581652446669,13,3,False,'balanced')	0.8386192358366271	cached
maxAbsScaler();adaBoost(decisionTree('gini',30,13,0.4962045876091137,2,'None'),61,1.651823164329623,'SAMME')	0.9218494259363824	9.463306188583374
minMaxScaler();minMaxScaler();varianceThreshold();extraTreesClassifier(86,'gini','sqrt',18,10,True,'balanced')	invalid_ind (duplicated operator)	invalid_ind (duplicated operator)
varianceThreshold();adaBoost(decisionTree('gini',30,13,0.4962045876091137,2,'None'),61,1.651823164329623,'SAMME')	0.9218494259363824	cached
fastICA(80,'parallel','arbitrary-variance','exp');minMaxScaler();pca(0.7235594268662844,False);varianceThreshold();minMaxScaler();minMaxScaler();lda(0.952513178381597,24,0.033638481988852255)	invalid_ind (duplicated operator)	invalid_ind (duplicated operator)
varianceThreshold();adaBoost(decisionTree('gini',26,9,0.8169555943413084,20,'balanced'),61,1.651823164329623,'SAMME')	0.8869491812535291	9.783763885498047
maxAbsScaler();adaBoost(decisionTree('gini',30,13,0.4962045876091137,2,'None'),61,1.651823164329623,'SAMME')	0.9218494259363824	11.427220582962036
robustScaler(True,False);selectFwe(0.04276829593075054);adaBoost(decisionTree('entropy',10,10,0.5693536247611434,2,'None'),61,1.651823164329623,'SAMME')	0.916000809335592	14.64218783378601
varianceThreshold();robustScaler(False,False);varianceThreshold();maxAbsScaler();adaBoost(decisionTree('gini',21,16,0.951414059365631,7,'None'),87,0.06659688043728257,'SAMME')	invalid_ind (duplicated operator)	invalid_ind (duplicated operator)
varianceThreshold();extraTreesClassifier(59,'entropy','log2',6,8,False,'balanced')	0.8968985319028798	5.175547122955322
varianceThreshold();minMaxScaler();varianceThreshold();extraTreesClassifier(86,'gini','sqrt',18,10,True,'balanced')	invalid_ind (duplicated operator)	invalid_ind (duplicated operator)
robustScaler(True,True);selectPercentile(95.32767057046128);minMaxScaler();varianceThreshold();varianceThreshold();fastICA(92,'deflation','unit-variance','exp');maxAbsScaler();multinomialNB(42.08594381452381,False)	invalid_ind (duplicated operator)	invalid_ind (duplicated operator)
fastICA(80,'parallel','arbitrary-variance','exp');minMaxScaler();pca(0.7235594268662844,False);selectPercentile(58.79552970996706);minMaxScaler();minMaxScaler();lda(0.952513178381597,24,0.033638481988852255)	invalid_ind (duplicated operator)	invalid_ind (duplicated operator)
robustScaler(True,True);selectPercentile(95.32767057046128);minMaxScaler();varianceThreshold();varianceThreshold();fastICA(92,'deflation','unit-variance','exp');maxAbsScaler();multinomialNB(42.08594381452381,False)	invalid_ind (duplicated operator)	invalid_ind (duplicated operator)
minMaxScaler();bernoulliNB(8.440806390212236,False)	0.8373378881987577	cached
fastICA(80,'parallel','arbitrary-variance','exp');minMaxScaler();varianceThreshold();selectPercentile(58.79552970996706);varianceThreshold();minMaxScaler();lda(0.952513178381597,24,0.033638481988852255)	invalid_ind (duplicated operator)	invalid_ind (duplicated operator)
varianceThreshold();robustScaler(False,True);selectPercentile(58.79552970996706);maxAbsScaler();adaBoost(decisionTree('entropy',9,16,0.5693536247611434,7,'None'),61,1.651823164329623,'SAMME')	0.900200809335592	11.064375638961792
selectPercentile(58.79552970996706);minMaxScaler();varianceThreshold();extraTreesClassifier(86,'gini','sqrt',18,10,True,'balanced')	0.8428455110107282	6.175737142562866
fastICA(80,'parallel','arbitrary-variance','exp');minMaxScaler();varianceThreshold();varianceThreshold();varianceThreshold();minMaxScaler();lda(0.952513178381597,24,0.033638481988852255)	invalid_ind (duplicated operator)	invalid_ind (duplicated operator)
pca(0.7912579674065064,False);adaBoost(decisionTree('gini',27,12,0.7451822332249048,2,'None'),15,0.09612508566668759,'SAMME')	0.8341553547901374	15.210946321487427
varianceThreshold();robustScaler(True,False);minMaxScaler();maxAbsScaler();adaBoost(decisionTree('entropy',10,16,0.5693536247611434,7,'None'),36,0.7519294267993886,'SAMME')	0.9059612083568604	cached
robustScaler(True,False);adaBoost(decisionTree('gini',21,2,0.951414059365631,4,'None'),87,0.06659688043728257,'SAMME')	0.9098651421042726	17.89667844772339
robustScaler(True,False);minMaxScaler();adaBoost(decisionTree('entropy',4,10,0.970959520414468,2,'balanced'),96,0.9476413986525776,'SAMME')	0.8860738942217201	7.059396982192993
fastICA(80,'parallel','arbitrary-variance','exp');minMaxScaler();pca(0.7235594268662844,False);selectPercentile(58.79552970996706);minMaxScaler();minMaxScaler();lda(0.952513178381597,24,0.033638481988852255)	invalid_ind (duplicated operator)	invalid_ind (duplicated operator)
varianceThreshold();adaBoost(decisionTree('gini',26,9,0.8169555943413084,20,'balanced'),61,1.651823164329623,'SAMME')	0.8869491812535291	cached
varianceThreshold();minMaxScaler();varianceThreshold();extraTreesClassifier(86,'gini','sqrt',18,10,True,'balanced')	invalid_ind (duplicated operator)	invalid_ind (duplicated operator)
varianceThreshold();maxAbsScaler();selectPercentile(58.79552970996706);maxAbsScaler();adaBoost(decisionTree('entropy',9,16,0.5693536247611434,7,'None'),61,1.651823164329623,'SAMME')	invalid_ind (duplicated operator)	invalid_ind (duplicated operator)
varianceThreshold();robustScaler(False,True);varianceThreshold();maxAbsScaler();adaBoost(decisionTree('gini',21,16,0.4815488675397148,7,'None'),61,1.651823164329623,'SAMME')	invalid_ind (duplicated operator)	invalid_ind (duplicated operator)
minMaxScaler();robustScaler(True,False);minMaxScaler();bernoulliNB(4.257781635652832,True)	invalid_ind (duplicated operator)	invalid_ind (duplicated operator)
robustScaler(True,False);minMaxScaler();adaBoost(decisionTree('gini',21,10,0.951414059365631,2,'None'),87,0.06659688043728257,'SAMME')	0.9104941087897609	cached
robustScaler(False,True);bernoulliNB(5.764620977043407,False)	0.8442471108601545	3.6829640865325928
fastICA(80,'parallel','arbitrary-variance','exp');maxAbsScaler();pca(0.7235594268662844,False);varianceThreshold();minMaxScaler();minMaxScaler();lda(0.952513178381597,24,0.033638481988852255)	invalid_ind (duplicated operator)	invalid_ind (duplicated operator)
varianceThreshold();adaBoost(decisionTree('gini',30,13,0.4962045876091137,2,'None'),61,1.651823164329623,'SAMME')	0.9218494259363824	13.53489065170288
varianceThreshold();adaBoost(decisionTree('gini',30,13,0.4962045876091137,2,'None'),61,1.651823164329623,'SAMME')	0.9218494259363824	cached
varianceThreshold();robustScaler(False,True);selectPercentile(58.79552970996706);maxAbsScaler();adaBoost(decisionTree('entropy',9,16,0.5693536247611434,7,'None'),61,1.651823164329623,'SAMME')	0.900200809335592	cached
varianceThreshold();adaBoost(decisionTree('gini',30,13,0.4962045876091137,2,'None'),87,0.06659688043728257,'SAMME')	0.9208515527950312	18.452638387680054
fastICA(80,'parallel','arbitrary-variance','exp');minMaxScaler();pca(0.7235594268662844,False);varianceThreshold();minMaxScaler();minMaxScaler();adaBoost(decisionTree('gini',21,10,0.951414059365631,2,'None'),87,0.06659688043728257,'SAMME')	invalid_ind (duplicated operator)	invalid_ind (duplicated operator)
varianceThreshold();adaBoost(decisionTree('gini',30,13,0.4962045876091137,2,'None'),87,0.06659688043728257,'SAMME')	0.9208515527950312	18.817267179489136
minMaxScaler();adaBoost(decisionTree('gini',30,13,0.4962045876091137,2,'None'),61,1.651823164329623,'SAMME')	0.9218494259363824	17.937492847442627
maxAbsScaler();adaBoost(decisionTree('gini',30,13,0.4962045876091137,2,'None'),61,1.651823164329623,'SAMME')	0.9218494259363824	cached
fastICA(80,'parallel','arbitrary-variance','exp');minMaxScaler();varianceThreshold();varianceThreshold();varianceThreshold();minMaxScaler();lda(0.952513178381597,24,0.033638481988852255)	invalid_ind (duplicated operator)	invalid_ind (duplicated operator)
robustScaler(True,True);selectPercentile(95.32767057046128);minMaxScaler();varianceThreshold();varianceThreshold();fastICA(92,'deflation','unit-variance','exp');maxAbsScaler();multinomialNB(42.08594381452381,False)	invalid_ind (duplicated operator)	invalid_ind (duplicated operator)
robustScaler(True,False);selectFwe(0.04276829593075054);adaBoost(decisionTree('entropy',10,10,0.5693536247611434,2,'None'),61,1.651823164329623,'SAMME')	0.916000809335592	cached
robustScaler(True,False);selectFwe(0.04276829593075054);lda(0.952513178381597,24,0.033638481988852255)	eval_error (n_components cannot be larger than min(n_features, n_classes - 1).)	eval_error (n_components cannot be larger than min(n_features, n_classes - 1).)
fastICA(80,'parallel','arbitrary-variance','exp');minMaxScaler();pca(0.7235594268662844,False);selectPercentile(58.79552970996706);minMaxScaler();minMaxScaler();lda(0.952513178381597,24,0.033638481988852255)	invalid_ind (duplicated operator)	invalid_ind (duplicated operator)
maxAbsScaler();adaBoost(decisionTree('gini',30,7,0.34462765886209623,18,'balanced'),61,1.651823164329623,'SAMME')	0.8946167890080934	23.374338388442993
fastICA(38,'deflation','arbitrary-variance','exp');robustScaler(False,False);minMaxScaler();bernoulliNB(4.257781635652832,True)	0.10281385281385283	53.274824380874634
varianceThreshold();robustScaler(True,False);minMaxScaler();minMaxScaler();adaBoost(decisionTree('entropy',10,16,0.5693536247611434,7,'None'),61,1.651823164329623,'SAMME')	invalid_ind (duplicated operator)	invalid_ind (duplicated operator)
minMaxScaler();minMaxScaler();nystroem('cosine',0.9986156278973877,25,3,-0.8410729144409603);pca(0.7019765728816697,True);fastICA(26,'parallel','unit-variance','exp');adaBoost(decisionTree('entropy',10,16,0.5693536247611434,7,'None'),61,1.651823164329623,'SAMME')	invalid_ind (duplicated operator)	invalid_ind (duplicated operator)
fastICA(80,'deflation','arbitrary-variance','cube');minMaxScaler();pca(0.7235594268662844,False);selectPercentile(58.79552970996706);minMaxScaler();minMaxScaler();lda(0.952513178381597,24,0.033638481988852255)	invalid_ind (duplicated operator)	invalid_ind (duplicated operator)
robustScaler(True,False);bernoulliNB(5.764620977043407,False)	0.8366888386975344	7.063016653060913
robustScaler(True,False);minMaxScaler();adaBoost(decisionTree('gini',21,10,0.951414059365631,2,'None'),61,1.651823164329623,'SAMME')	0.9350129681912291	46.08507251739502
varianceThreshold();adaBoost(decisionTree('gini',30,13,0.4962045876091137,2,'None'),61,1.651823164329623,'SAMME')	0.9218494259363824	cached
maxAbsScaler();adaBoost(decisionTree('gini',30,13,0.4962045876091137,2,'None'),61,1.651823164329623,'SAMME')	0.9218494259363824	cached
robustScaler(True,False);adaBoost(decisionTree('entropy',3,8,0.7918718381487699,11,'balanced'),36,0.7519294267993886,'SAMME')	0.7950717485413137	13.799663305282593
selectFwe(0.02770551064442185);selectFwe(0.04276829593075054);adaBoost(decisionTree('gini',21,16,0.5693536247611434,7,'None'),87,0.06659688043728257,'SAMME')	invalid_ind (duplicated operator)	invalid_ind (duplicated operator)
fastICA(80,'parallel','arbitrary-variance','cube');maxAbsScaler();robustScaler(True,False);selectPercentile(70.99120915383075);varianceThreshold();minMaxScaler();lda(0.952513178381597,24,0.033638481988852255)	eval_error (n_components cannot be larger than min(n_features, n_classes - 1).)	eval_error (n_components cannot be larger than min(n_features, n_classes - 1).)
varianceThreshold();varianceThreshold();minMaxScaler();maxAbsScaler();adaBoost(decisionTree('entropy',10,16,0.5693536247611434,7,'None'),36,0.7519294267993886,'SAMME')	invalid_ind (duplicated operator)	invalid_ind (duplicated operator)
varianceThreshold();fastICA(26,'deflation','unit-variance','cube');minMaxScaler();bernoulliNB(4.257781635652832,True)	0.10379627329192546	75.75644659996033
minMaxScaler();minMaxScaler();varianceThreshold();extraTreesClassifier(86,'gini','sqrt',18,10,True,'balanced')	invalid_ind (duplicated operator)	invalid_ind (duplicated operator)
maxAbsScaler();adaBoost(decisionTree('gini',21,2,0.951414059365631,4,'None'),87,0.06659688043728257,'SAMME')	0.9098651421042726	36.29882550239563
pca(0.6341136411148405,True);adaBoost(decisionTree('entropy',27,12,0.7451822332249048,2,'None'),61,1.651823164329623,'SAMME')	0.8976433276868059	76.84118938446045
varianceThreshold();robustScaler(False,False);minMaxScaler();minMaxScaler();adaBoost(decisionTree('gini',10,16,0.5693536247611434,7,'None'),15,0.09612508566668759,'SAMME')	invalid_ind (duplicated operator)	invalid_ind (duplicated operator)
varianceThreshold();robustScaler(True,False);minMaxScaler();minMaxScaler();adaBoost(decisionTree('entropy',10,16,0.5693536247611434,7,'None'),61,1.651823164329623,'SAMME')	invalid_ind (duplicated operator)	invalid_ind (duplicated operator)
varianceThreshold();varianceThreshold();minMaxScaler();maxAbsScaler();adaBoost(decisionTree('entropy',10,16,0.5693536247611434,7,'None'),36,0.7519294267993886,'SAMME')	invalid_ind (duplicated operator)	invalid_ind (duplicated operator)
varianceThreshold();adaBoost(decisionTree('gini',30,13,0.4962045876091137,2,'None'),87,0.06659688043728257,'SAMME')	0.9208515527950312	cached
maxAbsScaler();adaBoost(decisionTree('gini',30,13,0.4962045876091137,2,'None'),61,1.651823164329623,'SAMME')	0.9218494259363824	cached
robustScaler(True,True);selectPercentile(95.32767057046128);minMaxScaler();varianceThreshold();varianceThreshold();fastICA(92,'deflation','unit-variance','exp');maxAbsScaler();multinomialNB(42.08594381452381,False)	invalid_ind (duplicated operator)	invalid_ind (duplicated operator)
fastICA(80,'parallel','arbitrary-variance','exp');minMaxScaler();pca(0.7235594268662844,False);robustScaler(True,False);minMaxScaler();minMaxScaler();adaBoost(decisionTree('gini',21,10,0.951414059365631,2,'None'),87,0.06659688043728257,'SAMME')	invalid_ind (duplicated operator)	invalid_ind (duplicated operator)
minMaxScaler();varianceThreshold();minMaxScaler();bernoulliNB(4.257781635652832,True)	invalid_ind (duplicated operator)	invalid_ind (duplicated operator)
varianceThreshold();robustScaler(True,False);minMaxScaler();minMaxScaler();adaBoost(decisionTree('gini',10,16,0.5693536247611434,7,'None'),15,0.09612508566668759,'SAMME')	invalid_ind (duplicated operator)	invalid_ind (duplicated operator)
varianceThreshold();robustScaler(True,False);minMaxScaler();minMaxScaler();adaBoost(decisionTree('entropy',15,16,0.9418174950077157,7,'None'),61,1.651823164329623,'SAMME')	invalid_ind (duplicated operator)	invalid_ind (duplicated operator)
robustScaler(False,True);bernoulliNB(5.764620977043407,False)	0.8442471108601545	cached
fastICA(80,'parallel','arbitrary-variance','exp');minMaxScaler();pca(0.7235594268662844,False);varianceThreshold();minMaxScaler();minMaxScaler();adaBoost(decisionTree('gini',21,10,0.951414059365631,2,'None'),87,0.06659688043728257,'SAMME')	invalid_ind (duplicated operator)	invalid_ind (duplicated operator)
fastICA(80,'deflation','arbitrary-variance','exp');minMaxScaler();varianceThreshold();varianceThreshold();varianceThreshold();minMaxScaler();lda(0.952513178381597,24,0.033638481988852255)	invalid_ind (duplicated operator)	invalid_ind (duplicated operator)
robustScaler(True,True);selectPercentile(95.32767057046128);minMaxScaler();varianceThreshold();varianceThreshold();fastICA(92,'parallel','unit-variance','exp');maxAbsScaler();multinomialNB(42.08594381452381,False)	invalid_ind (duplicated operator)	invalid_ind (duplicated operator)
fastICA(80,'parallel','arbitrary-variance','cube');maxAbsScaler();minMaxScaler();selectPercentile(70.99120915383075);varianceThreshold();minMaxScaler();lda(0.952513178381597,24,0.033638481988852255)	invalid_ind (duplicated operator)	invalid_ind (duplicated operator)
robustScaler(False,False);bernoulliNB(5.764620977043407,False)	0.8442471108601545	2.009150505065918
robustScaler(True,False);selectFwe(0.04276829593075054);lda(0.952513178381597,24,0.033638481988852255)	eval_error (n_components cannot be larger than min(n_features, n_classes - 1).)	eval_error (n_components cannot be larger than min(n_features, n_classes - 1).)
fastICA(80,'parallel','arbitrary-variance','exp');minMaxScaler();pca(0.7235594268662844,False);varianceThreshold();minMaxScaler();minMaxScaler();adaBoost(decisionTree('entropy',24,6,0.9427239647016219,3,'balanced'),87,0.06659688043728257,'SAMME')	invalid_ind (duplicated operator)	invalid_ind (duplicated operator)
fastICA(80,'parallel','arbitrary-variance','exp');minMaxScaler();pca(0.7235594268662844,False);varianceThreshold();minMaxScaler();minMaxScaler();adaBoost(decisionTree('gini',21,10,0.951414059365631,2,'None'),87,0.06659688043728257,'SAMME')	invalid_ind (duplicated operator)	invalid_ind (duplicated operator)
robustScaler(True,False);selectFwe(0.04276829593075054);lda(0.952513178381597,24,0.033638481988852255)	eval_error (n_components cannot be larger than min(n_features, n_classes - 1).)	eval_error (n_components cannot be larger than min(n_features, n_classes - 1).)
robustScaler(True,False);minMaxScaler();adaBoost(decisionTree('gini',21,10,0.951414059365631,2,'None'),87,0.06659688043728257,'SAMME')	0.9104941087897609	cached
fastICA(80,'parallel','arbitrary-variance','exp');minMaxScaler();varianceThreshold();varianceThreshold();varianceThreshold();minMaxScaler();lda(0.952513178381597,24,0.033638481988852255)	invalid_ind (duplicated operator)	invalid_ind (duplicated operator)
maxAbsScaler();robustScaler(True,False);minMaxScaler();bernoulliNB(4.257781635652832,True)	0.8477147750799924	2.9860544204711914
robustScaler(True,False);minMaxScaler();varianceThreshold();extraTreesClassifier(86,'gini','sqrt',18,10,True,'balanced')	0.8674716544325239	3.9665019512176514
selectFwe(0.02770551064442185);selectFwe(0.04276829593075054);adaBoost(decisionTree('entropy',10,16,0.5693536247611434,7,'None'),36,0.7519294267993886,'SAMME')	invalid_ind (duplicated operator)	invalid_ind (duplicated operator)
varianceThreshold();varianceThreshold();minMaxScaler();maxAbsScaler();adaBoost(decisionTree('gini',21,16,0.5693536247611434,7,'None'),87,0.06659688043728257,'SAMME')	invalid_ind (duplicated operator)	invalid_ind (duplicated operator)
minMaxScaler();robustScaler(True,False);minMaxScaler();bernoulliNB(4.257781635652832,True)	invalid_ind (duplicated operator)	invalid_ind (duplicated operator)
varianceThreshold();maxAbsScaler();selectPercentile(58.79552970996706);maxAbsScaler();adaBoost(decisionTree('entropy',9,16,0.5693536247611434,7,'None'),61,1.651823164329623,'SAMME')	invalid_ind (duplicated operator)	invalid_ind (duplicated operator)
robustScaler(True,False);selectFwe(0.04276829593075054);lda(0.952513178381597,24,0.033638481988852255)	eval_error (n_components cannot be larger than min(n_features, n_classes - 1).)	eval_error (n_components cannot be larger than min(n_features, n_classes - 1).)
varianceThreshold();maxAbsScaler();selectPercentile(58.79552970996706);maxAbsScaler();adaBoost(decisionTree('entropy',9,16,0.5693536247611434,7,'None'),61,1.651823164329623,'SAMME')	invalid_ind (duplicated operator)	invalid_ind (duplicated operator)
varianceThreshold();robustScaler(False,False);minMaxScaler();minMaxScaler();adaBoost(decisionTree('gini',10,16,0.5693536247611434,7,'None'),15,0.09612508566668759,'SAMME')	invalid_ind (duplicated operator)	invalid_ind (duplicated operator)
robustScaler(True,False);selectFwe(0.04276829593075054);adaBoost(decisionTree('entropy',10,10,0.5693536247611434,2,'None'),61,1.651823164329623,'SAMME')	0.916000809335592	cached
maxAbsScaler();minMaxScaler();pca(0.7235594268662844,False);selectPercentile(58.79552970996706);minMaxScaler();minMaxScaler();lda(0.952513178381597,24,0.033638481988852255)	invalid_ind (duplicated operator)	invalid_ind (duplicated operator)
minMaxScaler();adaBoost(decisionTree('gini',30,7,0.34462765886209623,18,'balanced'),61,1.651823164329623,'SAMME')	0.8946167890080934	9.16806674003601
robustScaler(True,False);selectFwe(0.04276829593075054);adaBoost(decisionTree('gini',30,7,0.34462765886209623,18,'balanced'),61,1.651823164329623,'SAMME')	0.8857975343497083	8.78031873703003
minMaxScaler();adaBoost(decisionTree('gini',30,13,0.4962045876091137,2,'None'),61,1.651823164329623,'SAMME')	0.9218494259363824	12.093092679977417
fastICA(80,'parallel','arbitrary-variance','cube');maxAbsScaler();robustScaler(True,False);selectPercentile(70.99120915383075);varianceThreshold();varianceThreshold();lda(0.952513178381597,24,0.033638481988852255)	invalid_ind (duplicated operator)	invalid_ind (duplicated operator)
maxAbsScaler();lda(0.952513178381597,24,0.033638481988852255)	eval_error (n_components cannot be larger than min(n_features, n_classes - 1).)	eval_error (n_components cannot be larger than min(n_features, n_classes - 1).)
robustScaler(True,False);minMaxScaler();adaBoost(decisionTree('gini',21,10,0.951414059365631,2,'None'),61,1.651823164329623,'SAMME')	0.9350129681912291	17.66505241394043
fastICA(80,'deflation','arbitrary-variance','cube');adaBoost(decisionTree('gini',30,7,0.34462765886209623,18,'balanced'),61,1.651823164329623,'SAMME')	0.6462458309806136	35.27940893173218
pca(0.6341136411148405,True);adaBoost(decisionTree('entropy',27,12,0.7451822332249048,2,'None'),87,0.06659688043728257,'SAMME')	0.8760976661020139	31.433594226837158
varianceThreshold();robustScaler(True,False);minMaxScaler();minMaxScaler();adaBoost(decisionTree('gini',10,16,0.5693536247611434,7,'None'),15,0.09612508566668759,'SAMME')	invalid_ind (duplicated operator)	invalid_ind (duplicated operator)
varianceThreshold();robustScaler(True,False);minMaxScaler();minMaxScaler();adaBoost(decisionTree('entropy',10,16,0.5693536247611434,2,'None'),61,1.651823164329623,'SAMME')	invalid_ind (duplicated operator)	invalid_ind (duplicated operator)
minMaxScaler();adaBoost(decisionTree('gini',30,13,0.4962045876091137,2,'None'),61,1.651823164329623,'SAMME')	0.9218494259363824	cached
minMaxScaler();varianceThreshold();minMaxScaler();bernoulliNB(4.257781635652832,True)	invalid_ind (duplicated operator)	invalid_ind (duplicated operator)
minMaxScaler();robustScaler(True,False);minMaxScaler();adaBoost(decisionTree('gini',30,13,0.4962045876091137,2,'None'),61,1.651823164329623,'SAMME')	invalid_ind (duplicated operator)	invalid_ind (duplicated operator)
varianceThreshold();bernoulliNB(4.257781635652832,True)	0.8477147750799924	2.291592836380005
pca(0.6341136411148405,True);adaBoost(decisionTree('entropy',27,12,0.7451822332249048,2,'None'),87,0.06659688043728257,'SAMME')	0.8760976661020139	cached
fastICA(80,'parallel','arbitrary-variance','exp');minMaxScaler();pca(0.7235594268662844,False);varianceThreshold();minMaxScaler();minMaxScaler();adaBoost(decisionTree('entropy',24,6,0.9427239647016219,3,'balanced'),87,0.06659688043728257,'SAMME')	invalid_ind (duplicated operator)	invalid_ind (duplicated operator)
minMaxScaler();robustScaler(True,False);minMaxScaler();bernoulliNB(3.49151578901124,False)	invalid_ind (duplicated operator)	invalid_ind (duplicated operator)
varianceThreshold();varianceThreshold();minMaxScaler();maxAbsScaler();adaBoost(decisionTree('gini',21,16,0.5693536247611434,7,'None'),87,0.06659688043728257,'SAMME')	invalid_ind (duplicated operator)	invalid_ind (duplicated operator)
fastICA(80,'parallel','arbitrary-variance','exp');minMaxScaler();varianceThreshold();varianceThreshold();varianceThreshold();minMaxScaler();lda(0.952513178381597,24,0.033638481988852255)	invalid_ind (duplicated operator)	invalid_ind (duplicated operator)
fastICA(80,'parallel','arbitrary-variance','exp');minMaxScaler();pca(0.7235594268662844,False);varianceThreshold();minMaxScaler();minMaxScaler();adaBoost(decisionTree('gini',21,10,0.951414059365631,2,'None'),87,0.06659688043728257,'SAMME')	invalid_ind (duplicated operator)	invalid_ind (duplicated operator)
robustScaler(False,False);selectFwe(0.04276829593075054);lda(0.952513178381597,24,0.033638481988852255)	eval_error (n_components cannot be larger than min(n_features, n_classes - 1).)	eval_error (n_components cannot be larger than min(n_features, n_classes - 1).)
varianceThreshold();maxAbsScaler();selectPercentile(58.79552970996706);maxAbsScaler();lda(0.952513178381597,24,0.033638481988852255)	invalid_ind (duplicated operator)	invalid_ind (duplicated operator)
fastICA(80,'parallel','arbitrary-variance','exp');minMaxScaler();varianceThreshold();varianceThreshold();varianceThreshold();minMaxScaler();adaBoost(decisionTree('entropy',9,16,0.5693536247611434,7,'None'),61,1.651823164329623,'SAMME')	invalid_ind (duplicated operator)	invalid_ind (duplicated operator)
maxAbsScaler();minMaxScaler();pca(0.7235594268662844,False);selectPercentile(58.79552970996706);minMaxScaler();minMaxScaler();lda(0.952513178381597,24,0.033638481988852255)	invalid_ind (duplicated operator)	invalid_ind (duplicated operator)
robustScaler(True,False);selectFwe(0.04276829593075054);adaBoost(decisionTree('entropy',17,5,0.7378004827130198,9,'balanced'),61,1.651823164329623,'SAMME')	0.9209869188782231	15.119927167892456
fastICA(80,'parallel','arbitrary-variance','exp');minMaxScaler();pca(0.7235594268662844,False);varianceThreshold();minMaxScaler();minMaxScaler();adaBoost(decisionTree('gini',21,10,0.951414059365631,2,'None'),87,0.06659688043728257,'SAMME')	invalid_ind (duplicated operator)	invalid_ind (duplicated operator)
varianceThreshold();varianceThreshold();minMaxScaler();maxAbsScaler();adaBoost(decisionTree('entropy',10,16,0.5693536247611434,7,'None'),36,0.7519294267993886,'SAMME')	invalid_ind (duplicated operator)	invalid_ind (duplicated operator)
fastICA(80,'parallel','arbitrary-variance','cube');maxAbsScaler();minMaxScaler();selectPercentile(70.99120915383075);varianceThreshold();minMaxScaler();lda(0.952513178381597,24,0.033638481988852255)	invalid_ind (duplicated operator)	invalid_ind (duplicated operator)
fastICA(80,'parallel','unit-variance','exp');minMaxScaler();pca(0.7235594268662844,False);robustScaler(True,False);minMaxScaler();minMaxScaler();adaBoost(decisionTree('gini',12,6,0.6569545685340064,18,'None'),15,0.06659688043728257,'SAMME')	invalid_ind (duplicated operator)	invalid_ind (duplicated operator)
minMaxScaler();adaBoost(decisionTree('gini',30,13,0.4962045876091137,2,'None'),61,1.651823164329623,'SAMME')	0.9218494259363824	14.982192277908325
maxAbsScaler();minMaxScaler();pca(0.7235594268662844,False);selectPercentile(58.79552970996706);minMaxScaler();minMaxScaler();lda(0.952513178381597,24,0.033638481988852255)	invalid_ind (duplicated operator)	invalid_ind (duplicated operator)
fastICA(80,'parallel','arbitrary-variance','exp');minMaxScaler();pca(0.7235594268662844,False);varianceThreshold();minMaxScaler();minMaxScaler();adaBoost(decisionTree('gini',21,10,0.951414059365631,2,'None'),87,0.06659688043728257,'SAMME')	invalid_ind (duplicated operator)	invalid_ind (duplicated operator)
varianceThreshold();selectFwe(0.029121705197763574);lda(0.952513178381597,24,0.01316202793541747)	eval_error (n_components cannot be larger than min(n_features, n_classes - 1).)	eval_error (n_components cannot be larger than min(n_features, n_classes - 1).)
minMaxScaler();adaBoost(decisionTree('gini',30,7,0.34462765886209623,18,'balanced'),61,1.651823164329623,'SAMME')	0.8946167890080934	cached
robustScaler(True,False);selectFwe(0.04276829593075054);adaBoost(decisionTree('entropy',15,10,0.9418174950077157,7,'None'),61,1.651823164329623,'SAMME')	0.9184650479954828	21.035422563552856
fastICA(80,'parallel','arbitrary-variance','exp');minMaxScaler();pca(0.7235594268662844,False);varianceThreshold();minMaxScaler();minMaxScaler();adaBoost(decisionTree('gini',21,10,0.951414059365631,2,'None'),87,0.06659688043728257,'SAMME')	invalid_ind (duplicated operator)	invalid_ind (duplicated operator)
fastICA(80,'parallel','arbitrary-variance','exp');minMaxScaler();pca(0.7235594268662844,False);varianceThreshold();minMaxScaler();minMaxScaler();adaBoost(decisionTree('entropy',24,6,0.9427239647016219,3,'balanced'),87,0.06659688043728257,'SAMME')	invalid_ind (duplicated operator)	invalid_ind (duplicated operator)
fastICA(19,'parallel','arbitrary-variance','exp');minMaxScaler();pca(0.7235594268662844,False);varianceThreshold();minMaxScaler();minMaxScaler();adaBoost(decisionTree('entropy',9,10,0.7522827363908612,2,'None'),61,1.651823164329623,'SAMME')	invalid_ind (duplicated operator)	invalid_ind (duplicated operator)
varianceThreshold();maxAbsScaler();selectPercentile(58.79552970996706);maxAbsScaler();adaBoost(decisionTree('gini',21,16,0.951414059365631,7,'None'),87,0.06659688043728257,'SAMME')	invalid_ind (duplicated operator)	invalid_ind (duplicated operator)
fastICA(80,'parallel','arbitrary-variance','cube');maxAbsScaler();robustScaler(True,False);selectPercentile(70.99120915383075);varianceThreshold();varianceThreshold();lda(0.952513178381597,24,0.033638481988852255)	invalid_ind (duplicated operator)	invalid_ind (duplicated operator)
varianceThreshold();robustScaler(False,False);minMaxScaler();minMaxScaler();adaBoost(decisionTree('gini',10,16,0.5693536247611434,7,'None'),15,0.09612508566668759,'SAMME')	invalid_ind (duplicated operator)	invalid_ind (duplicated operator)
robustScaler(True,False);selectFwe(0.0021797247468544312);lda(0.952513178381597,24,0.04280357253329357)	eval_error (n_components cannot be larger than min(n_features, n_classes - 1).)	eval_error (n_components cannot be larger than min(n_features, n_classes - 1).)
selectPercentile(30.933996340324313);minMaxScaler();fastICA(30,'parallel','arbitrary-variance','logcosh');adaBoost(decisionTree('gini',30,13,0.4962045876091137,2,'None'),61,1.651823164329623,'SAMME')	0.7605215697346133	22.95427656173706
maxAbsScaler();minMaxScaler();pca(0.7235594268662844,False);selectPercentile(58.79552970996706);minMaxScaler();minMaxScaler();lda(0.952513178381597,24,0.033638481988852255)	invalid_ind (duplicated operator)	invalid_ind (duplicated operator)
varianceThreshold();robustScaler(True,False);minMaxScaler();maxAbsScaler();adaBoost(decisionTree('gini',21,10,0.951414059365631,2,'None'),87,0.06659688043728257,'SAMME')	0.9104941087897609	20.83382272720337
robustScaler(False,False);selectFwe(0.04276829593075054);adaBoost(decisionTree('entropy',10,10,0.5693536247611434,2,'None'),61,1.651823164329623,'SAMME')	0.916000809335592	9.973303079605103
robustScaler(True,False);selectFwe(0.04276829593075054);lda(0.952513178381597,24,0.033638481988852255)	eval_error (n_components cannot be larger than min(n_features, n_classes - 1).)	eval_error (n_components cannot be larger than min(n_features, n_classes - 1).)
robustScaler(False,False);minMaxScaler();adaBoost(decisionTree('entropy',10,16,0.5693536247611434,7,'None'),61,1.651823164329623,'SAMME')	0.9179924524750612	6.1082682609558105
minMaxScaler();robustScaler(True,True);minMaxScaler();bernoulliNB(3.49151578901124,False)	invalid_ind (duplicated operator)	invalid_ind (duplicated operator)
fastICA(80,'parallel','arbitrary-variance','exp');minMaxScaler();pca(0.7235594268662844,False);varianceThreshold();minMaxScaler();minMaxScaler();adaBoost(decisionTree('gini',21,10,0.951414059365631,2,'None'),87,0.06659688043728257,'SAMME')	invalid_ind (duplicated operator)	invalid_ind (duplicated operator)
maxAbsScaler();minMaxScaler();pca(0.7235594268662844,False);selectPercentile(58.79552970996706);robustScaler(True,False);minMaxScaler();lda(0.952513178381597,24,0.033638481988852255)	invalid_ind (duplicated operator)	invalid_ind (duplicated operator)
minMaxScaler();qda(0.2695087856642857)	eval_error (The covariance matrix of class 0 is not full rank. When using `solver='svd'` the number of samples in each class should be more than the number of features, but class 0 has 85 samples and 256 features. Try using `solver='eigen'` and setting the parameter `shrinkage` for regularization.)	eval_error (The covariance matrix of class 0 is not full rank. When using `solver='svd'` the number of samples in each class should be more than the number of features, but class 0 has 85 samples and 256 features. Try using `solver='eigen'` and setting the parameter `shrinkage` for regularization.)
maxAbsScaler();adaBoost(decisionTree('gini',30,13,0.4962045876091137,2,'None'),61,1.651823164329623,'SAMME')	0.9218494259363824	cached
maxAbsScaler();adaBoost(decisionTree('gini',30,13,0.34462765886209623,18,'balanced'),61,1.651823164329623,'SAMME')	0.8946167890080934	8.381804704666138
varianceThreshold();robustScaler(False,False);minMaxScaler();maxAbsScaler();adaBoost(decisionTree('entropy',10,16,0.5693536247611434,7,'None'),87,0.06659688043728257,'SAMME')	0.8939959721437983	17.063178300857544
selectFwe(0.010014168769791582);varianceThreshold();fastICA(9,'deflation','arbitrary-variance','exp');varianceThreshold();minMaxScaler();minMaxScaler();adaBoost(decisionTree('entropy',24,6,0.9427239647016219,3,'balanced'),61,1.651823164329623,'SAMME')	invalid_ind (duplicated operator)	invalid_ind (duplicated operator)
maxAbsScaler();minMaxScaler();pca(0.7235594268662844,False);selectPercentile(58.79552970996706);minMaxScaler();minMaxScaler();lda(0.952513178381597,24,0.033638481988852255)	invalid_ind (duplicated operator)	invalid_ind (duplicated operator)
fastICA(19,'parallel','arbitrary-variance','exp');minMaxScaler();pca(0.7235594268662844,False);varianceThreshold();minMaxScaler();minMaxScaler();adaBoost(decisionTree('entropy',9,10,0.7522827363908612,2,'None'),61,1.651823164329623,'SAMME')	invalid_ind (duplicated operator)	invalid_ind (duplicated operator)
robustScaler(False,False);minMaxScaler();adaBoost(decisionTree('entropy',10,16,0.5693536247611434,7,'None'),61,1.651823164329623,'SAMME')	0.9179924524750612	cached
minMaxScaler();adaBoost(decisionTree('gini',30,7,0.34462765886209623,18,'balanced'),61,1.651823164329623,'SAMME')	0.8946167890080934	cached
varianceThreshold();adaBoost(decisionTree('gini',30,13,0.4962045876091137,2,'None'),87,0.06659688043728257,'SAMME')	0.9208515527950312	cached
fastICA(80,'parallel','arbitrary-variance','exp');minMaxScaler();pca(0.7235594268662844,False);varianceThreshold();minMaxScaler();minMaxScaler();adaBoost(decisionTree('gini',21,10,0.951414059365631,2,'None'),87,0.06659688043728257,'SAMME')	invalid_ind (duplicated operator)	invalid_ind (duplicated operator)
minMaxScaler();selectFwe(0.04276829593075054);adaBoost(decisionTree('entropy',15,10,0.9418174950077157,7,'None'),61,1.651823164329623,'SAMME')	0.9184650479954828	18.094687461853027
robustScaler(True,False);selectFwe(0.03582812836125254);adaBoost(decisionTree('entropy',15,10,0.9418174950077157,7,'None'),61,1.651823164329623,'SAMME')	0.9184650479954828	21.05340075492859
minMaxScaler();adaBoost(decisionTree('gini',30,7,0.4962045876091137,2,'None'),61,1.651823164329623,'SAMME')	0.9253189911537738	16.26970148086548
varianceThreshold();robustScaler(True,False);minMaxScaler();maxAbsScaler();adaBoost(decisionTree('gini',21,10,0.951414059365631,6,'None'),30,0.06659688043728257,'SAMME')	0.8756784867306606	15.471782684326172
fastICA(80,'parallel','arbitrary-variance','exp');minMaxScaler();pca(0.7235594268662844,False);varianceThreshold();minMaxScaler();minMaxScaler();adaBoost(decisionTree('gini',21,10,0.951414059365631,2,'None'),87,0.06659688043728257,'SAMME')	invalid_ind (duplicated operator)	invalid_ind (duplicated operator)
minMaxScaler();robustScaler(True,False);minMaxScaler();lda(0.952513178381597,24,0.01316202793541747)	invalid_ind (duplicated operator)	invalid_ind (duplicated operator)
selectFwe(0.0021797247468544312);adaBoost(decisionTree('gini',30,13,0.4962045876091137,2,'None'),61,1.651823164329623,'SAMME')	0.9251931865236213	18.16270637512207
varianceThreshold();selectFwe(0.020585420681070186);bernoulliNB(2.715870343111866,False)	0.8566616977225674	4.601316928863525
fastICA(19,'parallel','arbitrary-variance','cube');minMaxScaler();varianceThreshold();varianceThreshold();varianceThreshold();minMaxScaler();lda(0.16600707336905973,24,0.033638481988852255)	invalid_ind (duplicated operator)	invalid_ind (duplicated operator)
robustScaler(True,False);maxAbsScaler();lda(0.952513178381597,24,0.04280357253329357)	eval_error (n_components cannot be larger than min(n_features, n_classes - 1).)	eval_error (n_components cannot be larger than min(n_features, n_classes - 1).)
robustScaler(True,True);varianceThreshold();fastICA(30,'parallel','arbitrary-variance','logcosh');adaBoost(decisionTree('gini',30,13,0.4962045876091137,2,'None'),61,1.651823164329623,'SAMME')	0.858593355919443	43.35634231567383
fastICA(80,'parallel','arbitrary-variance','exp');minMaxScaler();pca(0.7235594268662844,False);varianceThreshold();minMaxScaler();minMaxScaler();adaBoost(decisionTree('gini',21,10,0.951414059365631,2,'None'),87,0.06659688043728257,'SAMME')	invalid_ind (duplicated operator)	invalid_ind (duplicated operator)
maxAbsScaler();adaBoost(decisionTree('gini',30,13,0.4962045876091137,2,'None'),61,1.651823164329623,'SAMME')	0.9218494259363824	cached
robustScaler(True,False);minMaxScaler();adaBoost(decisionTree('gini',21,10,0.951414059365631,2,'None'),61,1.651823164329623,'SAMME')	0.9350129681912291	cached
fastICA(80,'parallel','arbitrary-variance','exp');selectFwe(0.029121705197763574);varianceThreshold();varianceThreshold();varianceThreshold();minMaxScaler();adaBoost(decisionTree('entropy',9,16,0.5693536247611434,7,'None'),61,1.651823164329623,'SAMME')	invalid_ind (duplicated operator)	invalid_ind (duplicated operator)
robustScaler(True,False);selectFwe(0.04276829593075054);adaBoost(decisionTree('entropy',25,8,0.8769186435300445,13,'balanced'),69,0.3419331512787989,'SAMME')	0.903763843402974	22.56539797782898
fastICA(80,'parallel','unit-variance','exp');minMaxScaler();pca(0.7235594268662844,False);robustScaler(True,False);minMaxScaler();minMaxScaler();adaBoost(decisionTree('entropy',28,17,0.4720634009574828,9,'None'),15,0.06659688043728257,'SAMME')	invalid_ind (duplicated operator)	invalid_ind (duplicated operator)
fastICA(80,'parallel','arbitrary-variance','cube');maxAbsScaler();minMaxScaler();selectPercentile(70.99120915383075);varianceThreshold();minMaxScaler();lda(0.952513178381597,24,0.033638481988852255)	invalid_ind (duplicated operator)	invalid_ind (duplicated operator)
fastICA(80,'parallel','arbitrary-variance','exp');minMaxScaler();varianceThreshold();varianceThreshold();varianceThreshold();minMaxScaler();lda(0.952513178381597,24,0.033638481988852255)	invalid_ind (duplicated operator)	invalid_ind (duplicated operator)
maxAbsScaler();robustScaler(False,False);minMaxScaler();maxAbsScaler();adaBoost(decisionTree('entropy',10,16,0.5693536247611434,7,'None'),61,1.651823164329623,'SAMME')	invalid_ind (duplicated operator)	invalid_ind (duplicated operator)
varianceThreshold();minMaxScaler();lda(0.952513178381597,24,0.01316202793541747)	eval_error (n_components cannot be larger than min(n_features, n_classes - 1).)	eval_error (n_components cannot be larger than min(n_features, n_classes - 1).)
varianceThreshold();adaBoost(decisionTree('gini',30,13,0.4962045876091137,2,'None'),61,1.651823164329623,'SAMME')	0.9218494259363824	9.718361616134644
robustScaler(True,False);selectFwe(0.04276829593075054);adaBoost(decisionTree('entropy',15,10,0.9418174950077157,7,'None'),61,1.651823164329623,'SAMME')	0.9184650479954828	14.77458643913269
robustScaler(False,False);selectFwe(0.04276829593075054);adaBoost(decisionTree('entropy',10,10,0.5693536247611434,2,'None'),87,0.06659688043728257,'SAMME')	0.9128470543948805	8.524876356124878
pca(0.7235594268662844,False);adaBoost(decisionTree('entropy',27,12,0.7451822332249048,2,'None'),87,0.06659688043728257,'SAMME')	0.8867183135704874	45.563079595565796
maxAbsScaler();minMaxScaler();pca(0.6341136411148405,False);selectPercentile(58.79552970996706);minMaxScaler();minMaxScaler();lda(0.952513178381597,24,0.033638481988852255)	invalid_ind (duplicated operator)	invalid_ind (duplicated operator)
maxAbsScaler();minMaxScaler();pca(0.7235594268662844,False);selectPercentile(58.79552970996706);minMaxScaler();minMaxScaler();lda(0.952513178381597,24,0.033638481988852255)	invalid_ind (duplicated operator)	invalid_ind (duplicated operator)
fastICA(80,'parallel','arbitrary-variance','exp');minMaxScaler();varianceThreshold();varianceThreshold();varianceThreshold();minMaxScaler();lda(0.952513178381597,24,0.033638481988852255)	invalid_ind (duplicated operator)	invalid_ind (duplicated operator)
minMaxScaler();adaBoost(decisionTree('gini',30,7,0.4962045876091137,2,'None'),61,1.651823164329623,'SAMME')	0.9253189911537738	cached
maxAbsScaler();minMaxScaler();pca(0.6341136411148405,False);selectPercentile(58.79552970996706);minMaxScaler();minMaxScaler();lda(0.952513178381597,24,0.033638481988852255)	invalid_ind (duplicated operator)	invalid_ind (duplicated operator)
robustScaler(True,False);maxAbsScaler();lda(0.952513178381597,24,0.04280357253329357)	eval_error (n_components cannot be larger than min(n_features, n_classes - 1).)	eval_error (n_components cannot be larger than min(n_features, n_classes - 1).)
robustScaler(True,False);pca(0.7235594268662844,False);robustScaler(True,False);minMaxScaler();minMaxScaler();adaBoost(decisionTree('entropy',28,17,0.4720634009574828,9,'None'),15,0.06659688043728257,'SAMME')	invalid_ind (duplicated operator)	invalid_ind (duplicated operator)
maxAbsScaler();adaBoost(decisionTree('gini',30,13,0.34462765886209623,18,'balanced'),61,1.651823164329623,'SAMME')	0.8946167890080934	5.071833610534668
varianceThreshold();adaBoost(decisionTree('entropy',28,13,0.4720634009574828,9,'None'),15,0.06659688043728257,'SAMME')	0.8450642010163749	3.747081995010376
fastICA(80,'parallel','unit-variance','exp');minMaxScaler();pca(0.7235594268662844,False);robustScaler(True,False);minMaxScaler();minMaxScaler();adaBoost(decisionTree('gini',30,17,0.4962045876091137,2,'None'),61,1.651823164329623,'SAMME')	invalid_ind (duplicated operator)	invalid_ind (duplicated operator)
maxAbsScaler();minMaxScaler();pca(0.7235594268662844,False);selectPercentile(51.2258753634654);minMaxScaler();minMaxScaler();adaBoost(decisionTree('gini',30,13,0.4962045876091137,2,'None'),61,1.651823164329623,'SAMME')	invalid_ind (duplicated operator)	invalid_ind (duplicated operator)
minMaxScaler();adaBoost(decisionTree('entropy',30,7,0.4962045876091137,2,'None'),61,1.651823164329623,'SAMME')	0.9296862601166949	8.580735445022583
fastICA(19,'parallel','arbitrary-variance','exp');minMaxScaler();pca(0.7235594268662844,False);varianceThreshold();minMaxScaler();minMaxScaler();adaBoost(decisionTree('gini',9,10,0.7522827363908612,2,'None'),61,1.651823164329623,'SAMME')	invalid_ind (duplicated operator)	invalid_ind (duplicated operator)
robustScaler(True,False);minMaxScaler();adaBoost(decisionTree('gini',21,10,0.951414059365631,2,'None'),61,1.651823164329623,'SAMME')	0.9350129681912291	cached
fastICA(80,'parallel','arbitrary-variance','exp');minMaxScaler();pca(0.7235594268662844,False);varianceThreshold();minMaxScaler();minMaxScaler();adaBoost(decisionTree('gini',21,10,0.951414059365631,2,'None'),87,0.06659688043728257,'SAMME')	invalid_ind (duplicated operator)	invalid_ind (duplicated operator)
maxAbsScaler();bernoulliNB(15.861713302014309,False)	0.8346026915113871	2.42923641204834
maxAbsScaler();minMaxScaler();pca(0.7235594268662844,False);robustScaler(False,False);minMaxScaler();minMaxScaler();lda(0.952513178381597,24,0.033638481988852255)	invalid_ind (duplicated operator)	invalid_ind (duplicated operator)
robustScaler(False,False);selectFwe(0.04276829593075054);adaBoost(decisionTree('entropy',10,10,0.5693536247611434,2,'None'),87,0.06659688043728257,'SAMME')	0.9128470543948805	cached
maxAbsScaler();minMaxScaler();pca(0.7235594268662844,False);selectPercentile(58.79552970996706);robustScaler(True,True);minMaxScaler();lda(0.952513178381597,24,0.05837449137473523)	invalid_ind (duplicated operator)	invalid_ind (duplicated operator)
maxAbsScaler();minMaxScaler();pca(0.6341136411148405,False);selectPercentile(58.79552970996706);minMaxScaler();minMaxScaler();lda(0.952513178381597,24,0.033638481988852255)	invalid_ind (duplicated operator)	invalid_ind (duplicated operator)
minMaxScaler();minMaxScaler();maxAbsScaler();varianceThreshold();adaBoost(decisionTree('gini',30,7,0.4962045876091137,2,'None'),61,1.651823164329623,'SAMME')	invalid_ind (duplicated operator)	invalid_ind (duplicated operator)
maxAbsScaler();minMaxScaler();pca(0.6600853638290398,False);selectFwe(0.04276829593075054);robustScaler(True,False);minMaxScaler();lda(0.952513178381597,24,0.025191188253762573)	invalid_ind (duplicated operator)	invalid_ind (duplicated operator)
maxAbsScaler();adaBoost(decisionTree('gini',30,13,0.4962045876091137,2,'None'),61,1.651823164329623,'SAMME')	0.9218494259363824	9.378154754638672
fastICA(80,'parallel','arbitrary-variance','exp');minMaxScaler();varianceThreshold();varianceThreshold();varianceThreshold();minMaxScaler();lda(0.952513178381597,24,0.033638481988852255)	invalid_ind (duplicated operator)	invalid_ind (duplicated operator)
robustScaler(True,False);selectFwe(0.03582812836125254);adaBoost(decisionTree('entropy',15,10,0.9418174950077157,7,'None'),61,0.06659688043728257,'SAMME')	0.8757776209297947	10.654208183288574
fastICA(80,'parallel','arbitrary-variance','exp');minMaxScaler();pca(0.7235594268662844,False);varianceThreshold();minMaxScaler();minMaxScaler();adaBoost(decisionTree('gini',21,10,0.951414059365631,2,'None'),87,1.651823164329623,'SAMME')	invalid_ind (duplicated operator)	invalid_ind (duplicated operator)
varianceThreshold();selectPercentile(58.79552970996706);minMaxScaler();maxAbsScaler();adaBoost(decisionTree('entropy',10,16,0.5693536247611434,7,'None'),61,1.651823164329623,'SAMME')	0.911945661584792	13.863224267959595
maxAbsScaler();adaBoost(decisionTree('gini',21,13,0.4962045876091137,2,'None'),87,0.06659688043728257,'SAMME')	0.9208515527950312	18.860955238342285
fastICA(80,'parallel','arbitrary-variance','exp');minMaxScaler();pca(0.7235594268662844,False);varianceThreshold();minMaxScaler();minMaxScaler();adaBoost(decisionTree('gini',30,10,0.951414059365631,2,'None'),61,1.651823164329623,'SAMME')	invalid_ind (duplicated operator)	invalid_ind (duplicated operator)
selectFwe(0.0021797247468544312);adaBoost(decisionTree('gini',30,13,0.4962045876091137,2,'None'),61,1.651823164329623,'SAMME')	0.9251931865236213	cached
maxAbsScaler();adaBoost(decisionTree('gini',30,13,0.4962045876091137,2,'None'),61,1.651823164329623,'SAMME')	0.9218494259363824	cached
fastICA(19,'parallel','arbitrary-variance','exp');minMaxScaler();pca(0.7235594268662844,False);varianceThreshold();minMaxScaler();minMaxScaler();adaBoost(decisionTree('entropy',9,16,0.5693536247611434,7,'None'),61,1.651823164329623,'SAMME')	invalid_ind (duplicated operator)	invalid_ind (duplicated operator)
fastICA(80,'parallel','arbitrary-variance','exp');selectFwe(0.029121705197763574);varianceThreshold();varianceThreshold();varianceThreshold();minMaxScaler();adaBoost(decisionTree('entropy',9,10,0.7522827363908612,2,'None'),61,1.651823164329623,'SAMME')	invalid_ind (duplicated operator)	invalid_ind (duplicated operator)
robustScaler(True,False);fastICA(80,'parallel','arbitrary-variance','exp');lda(0.952513178381597,24,0.04280357253329357)	eval_error (n_components cannot be larger than min(n_features, n_classes - 1).)	eval_error (n_components cannot be larger than min(n_features, n_classes - 1).)
maxAbsScaler();minMaxScaler();pca(0.7235594268662844,False);varianceThreshold();minMaxScaler();minMaxScaler();adaBoost(decisionTree('gini',21,10,0.951414059365631,2,'None'),87,0.06659688043728257,'SAMME')	invalid_ind (duplicated operator)	invalid_ind (duplicated operator)
minMaxScaler();selectPercentile(58.79552970996706);adaBoost(decisionTree('entropy',15,10,0.9418174950077157,7,'None'),61,1.651823164329623,'SAMME')	0.8971495576886882	18.670149564743042
robustScaler(True,False);maxAbsScaler();lda(0.952513178381597,24,0.021718748961925327)	eval_error (n_components cannot be larger than min(n_features, n_classes - 1).)	eval_error (n_components cannot be larger than min(n_features, n_classes - 1).)
selectFwe(0.0021797247468544312);adaBoost(decisionTree('gini',30,13,0.4962045876091137,2,'None'),61,1.651823164329623,'SAMME')	0.9251931865236213	cached
robustScaler(False,True);selectFwe(0.04276829593075054);adaBoost(decisionTree('entropy',25,8,0.8769186435300445,13,'balanced'),69,0.3419331512787989,'SAMME')	0.903763843402974	20.830706119537354
varianceThreshold();minMaxScaler();adaBoost(decisionTree('entropy',27,12,0.7451822332249048,2,'None'),87,0.06659688043728257,'SAMME')	0.9079232825145869	11.711226463317871
pca(0.7235594268662844,False);lda(0.952513178381597,24,0.01316202793541747)	eval_error (n_components cannot be larger than min(n_features, n_classes - 1).)	eval_error (n_components cannot be larger than min(n_features, n_classes - 1).)
robustScaler(True,False);minMaxScaler();adaBoost(decisionTree('gini',21,10,0.951414059365631,2,'None'),61,1.651823164329623,'SAMME')	0.9350129681912291	cached
fastICA(80,'parallel','unit-variance','exp');minMaxScaler();pca(0.7235594268662844,False);robustScaler(True,False);minMaxScaler();minMaxScaler();adaBoost(decisionTree('gini',30,17,0.4962045876091137,2,'None'),61,1.651823164329623,'SAMME')	invalid_ind (duplicated operator)	invalid_ind (duplicated operator)
maxAbsScaler();adaBoost(decisionTree('gini',21,13,0.4962045876091137,2,'None'),87,0.06659688043728257,'SAMME')	0.9208515527950312	cached
varianceThreshold();adaBoost(decisionTree('gini',30,13,0.4962045876091137,2,'None'),61,1.651823164329623,'SAMME')	0.9218494259363824	cached
maxAbsScaler();minMaxScaler();pca(0.7235594268662844,False);selectPercentile(58.79552970996706);robustScaler(True,True);minMaxScaler();lda(0.952513178381597,24,0.05837449137473523)	invalid_ind (duplicated operator)	invalid_ind (duplicated operator)
fastICA(19,'parallel','arbitrary-variance','exp');minMaxScaler();pca(0.7235594268662844,False);varianceThreshold();minMaxScaler();minMaxScaler();adaBoost(decisionTree('entropy',9,16,0.5693536247611434,7,'None'),61,1.651823164329623,'SAMME')	invalid_ind (duplicated operator)	invalid_ind (duplicated operator)
varianceThreshold();adaBoost(decisionTree('gini',30,13,0.4962045876091137,2,'None'),61,1.651823164329623,'SAMME')	0.9218494259363824	cached
maxAbsScaler();minMaxScaler();pca(0.7235594268662844,False);selectPercentile(51.2258753634654);minMaxScaler();minMaxScaler();adaBoost(decisionTree('gini',30,13,0.4962045876091137,2,'None'),61,1.651823164329623,'SAMME')	invalid_ind (duplicated operator)	invalid_ind (duplicated operator)
selectFwe(0.0021797247468544312);adaBoost(decisionTree('gini',30,13,0.4962045876091137,2,'None'),61,1.651823164329623,'SAMME')	0.9251931865236213	cached
fastICA(19,'parallel','arbitrary-variance','exp');minMaxScaler();pca(0.7235594268662844,False);varianceThreshold();minMaxScaler();minMaxScaler();adaBoost(decisionTree('entropy',9,16,0.5693536247611434,7,'None'),61,1.651823164329623,'SAMME')	invalid_ind (duplicated operator)	invalid_ind (duplicated operator)
varianceThreshold();adaBoost(decisionTree('gini',30,13,0.4962045876091137,2,'None'),61,1.651823164329623,'SAMME')	0.9218494259363824	cached
robustScaler(True,False);maxAbsScaler();lda(0.952513178381597,24,0.04280357253329357)	eval_error (n_components cannot be larger than min(n_features, n_classes - 1).)	eval_error (n_components cannot be larger than min(n_features, n_classes - 1).)
fastICA(80,'parallel','arbitrary-variance','exp');minMaxScaler();varianceThreshold();nystroem('poly',1.8720141340704117,97,3,-0.9904300074675187);varianceThreshold();minMaxScaler();lda(0.952513178381597,24,0.033638481988852255)	invalid_ind (duplicated operator)	invalid_ind (duplicated operator)
robustScaler(True,False);minMaxScaler();adaBoost(decisionTree('gini',21,10,0.951414059365631,2,'None'),61,1.651823164329623,'SAMME')	0.9350129681912291	cached
robustScaler(True,False);minMaxScaler();adaBoost(decisionTree('gini',21,10,0.951414059365631,2,'None'),61,1.651823164329623,'SAMME')	0.9350129681912291	cached
varianceThreshold();robustScaler(False,False);minMaxScaler();maxAbsScaler();adaBoost(decisionTree('entropy',10,16,0.5693536247611434,7,'None'),61,1.651823164329623,'SAMME')	0.9179924524750612	cached
varianceThreshold();selectPercentile(58.79552970996706);minMaxScaler();maxAbsScaler();adaBoost(decisionTree('entropy',10,16,0.5693536247611434,7,'None'),61,1.651823164329623,'SAMME')	0.911945661584792	cached
robustScaler(True,False);pca(0.7235594268662844,False);robustScaler(True,False);minMaxScaler();minMaxScaler();adaBoost(decisionTree('gini',30,10,0.951414059365631,2,'None'),61,1.651823164329623,'SAMME')	invalid_ind (duplicated operator)	invalid_ind (duplicated operator)
fastICA(80,'parallel','arbitrary-variance','exp');robustScaler(False,True);pca(0.7235594268662844,False);varianceThreshold();minMaxScaler();minMaxScaler();adaBoost(decisionTree('entropy',28,17,0.4720634009574828,9,'None'),15,0.06659688043728257,'SAMME')	invalid_ind (duplicated operator)	invalid_ind (duplicated operator)
minMaxScaler();maxAbsScaler();lda(0.952513178381597,24,0.021718748961925327)	eval_error (n_components cannot be larger than min(n_features, n_classes - 1).)	eval_error (n_components cannot be larger than min(n_features, n_classes - 1).)
varianceThreshold();robustScaler(False,False);minMaxScaler();maxAbsScaler();adaBoost(decisionTree('gini',13,12,0.6684845662631415,13,'None'),61,1.651823164329623,'SAMME')	0.8921336344814608	7.333177328109741
selectFwe(0.0021797247468544312);adaBoost(decisionTree('gini',30,13,0.4962045876091137,2,'None'),61,1.651823164329623,'SAMME')	0.9251931865236213	cached
robustScaler(True,False);adaBoost(decisionTree('gini',30,7,0.4962045876091137,2,'None'),61,1.651823164329623,'SAMME')	0.9253189911537738	7.630827188491821
fastICA(19,'parallel','arbitrary-variance','exp');minMaxScaler();pca(0.7235594268662844,False);varianceThreshold();minMaxScaler();minMaxScaler();adaBoost(decisionTree('gini',30,16,0.4962045876091137,7,'None'),61,1.651823164329623,'SAMME')	invalid_ind (duplicated operator)	invalid_ind (duplicated operator)
minMaxScaler();minMaxScaler();maxAbsScaler();varianceThreshold();adaBoost(decisionTree('entropy',9,7,0.5693536247611434,2,'None'),61,1.651823164329623,'SAMME')	invalid_ind (duplicated operator)	invalid_ind (duplicated operator)
robustScaler(True,False);selectFwe(0.038650497479920276);adaBoost(decisionTree('gini',15,10,0.9418174950077157,7,'None'),61,0.06659688043728257,'SAMME')	0.8937757575757577	11.31244969367981
varianceThreshold();minMaxScaler();adaBoost(decisionTree('entropy',27,12,0.7451822332249048,2,'None'),61,1.651823164329623,'SAMME')	0.9290784679089027	13.73626160621643
minMaxScaler();bernoulliNB(15.861713302014309,False)	0.8346026915113871	6.309596300125122
maxAbsScaler();minMaxScaler();maxAbsScaler();varianceThreshold();adaBoost(decisionTree('gini',30,7,0.4962045876091137,2,'None'),61,1.651823164329623,'SAMME')	invalid_ind (duplicated operator)	invalid_ind (duplicated operator)
maxAbsScaler();minMaxScaler();pca(0.7235594268662844,False);selectPercentile(58.79552970996706);minMaxScaler();minMaxScaler();lda(0.952513178381597,24,0.05837449137473523)	invalid_ind (duplicated operator)	invalid_ind (duplicated operator)
maxAbsScaler();minMaxScaler();pca(0.6341136411148405,False);selectPercentile(58.79552970996706);robustScaler(True,True);minMaxScaler();lda(0.952513178381597,24,0.033638481988852255)	invalid_ind (duplicated operator)	invalid_ind (duplicated operator)
robustScaler(False,False);selectFwe(0.04276829593075054);adaBoost(decisionTree('entropy',10,10,0.5693536247611434,2,'None'),87,1.651823164329623,'SAMME')	0.9264337097684925	22.788381338119507
robustScaler(True,False);fastICA(80,'parallel','arbitrary-variance','exp');lda(0.952513178381597,24,0.04280357253329357)	eval_error (n_components cannot be larger than min(n_features, n_classes - 1).)	eval_error (n_components cannot be larger than min(n_features, n_classes - 1).)
robustScaler(True,False);selectPercentile(58.79552970996706);adaBoost(decisionTree('entropy',15,10,0.9418174950077157,7,'None'),61,1.651823164329623,'SAMME')	0.8971495576886882	18.99346661567688
minMaxScaler();maxAbsScaler();lda(0.952513178381597,24,0.04280357253329357)	eval_error (n_components cannot be larger than min(n_features, n_classes - 1).)	eval_error (n_components cannot be larger than min(n_features, n_classes - 1).)
maxAbsScaler();adaBoost(decisionTree('gini',30,13,0.4962045876091137,2,'balanced'),61,1.651823164329623,'SAMME')	0.9180202145680407	16.394525051116943
varianceThreshold();robustScaler(False,True);minMaxScaler();maxAbsScaler();adaBoost(decisionTree('entropy',10,16,0.5693536247611434,7,'None'),87,1.90917947237685,'SAMME')	0.9240719744024093	21.694541454315186
minMaxScaler();adaBoost(decisionTree('gini',30,7,0.4962045876091137,2,'None'),61,0.06659688043728257,'SAMME')	0.9161700357613402	10.954819440841675
robustScaler(True,True);selectFwe(0.03294412833025521);adaBoost(decisionTree('entropy',15,10,0.9418174950077157,7,'None'),61,0.06659688043728257,'SAMME')	0.8757776209297947	11.070560455322266
maxAbsScaler();adaBoost(decisionTree('gini',21,13,0.34462765886209623,18,'None'),87,0.06659688043728257,'SAMME')	0.9009731978166761	6.001696586608887
varianceThreshold();robustScaler(False,False);minMaxScaler();maxAbsScaler();adaBoost(decisionTree('entropy',10,16,0.5693536247611434,7,'None'),61,1.651823164329623,'SAMME')	0.9179924524750612	cached
minMaxScaler();adaBoost(decisionTree('entropy',30,7,0.4962045876091137,2,'None'),61,1.651823164329623,'SAMME')	0.9296862601166949	cached
fastICA(80,'parallel','arbitrary-variance','exp');minMaxScaler();varianceThreshold();nystroem('poly',1.8720141340704117,97,3,-0.9904300074675187);varianceThreshold();minMaxScaler();lda(0.952513178381597,24,0.033638481988852255)	invalid_ind (duplicated operator)	invalid_ind (duplicated operator)
varianceThreshold();adaBoost(decisionTree('gini',30,13,0.4962045876091137,2,'None'),61,1.651823164329623,'SAMME')	0.9218494259363824	cached
robustScaler(True,False);minMaxScaler();adaBoost(decisionTree('gini',21,10,0.951414059365631,2,'None'),61,1.651823164329623,'SAMME')	0.9350129681912291	cached
minMaxScaler();bernoulliNB(15.861713302014309,False)	0.8346026915113871	2.717164993286133
varianceThreshold();selectPercentile(58.79552970996706);minMaxScaler();maxAbsScaler();adaBoost(decisionTree('gini',21,16,0.4962045876091137,7,'None'),87,0.06659688043728257,'SAMME')	0.8953112930547714	14.185546159744263
minMaxScaler();adaBoost(decisionTree('gini',30,7,0.4962045876091137,2,'None'),61,1.651823164329623,'SAMME')	0.9253189911537738	19.54857635498047
robustScaler(True,False);fastICA(80,'parallel','arbitrary-variance','exp');lda(0.952513178381597,24,0.04280357253329357)	eval_error (n_components cannot be larger than min(n_features, n_classes - 1).)	eval_error (n_components cannot be larger than min(n_features, n_classes - 1).)
robustScaler(True,False);pca(0.7235594268662844,False);robustScaler(True,False);minMaxScaler();minMaxScaler();adaBoost(decisionTree('gini',30,10,0.951414059365631,2,'None'),61,1.651823164329623,'SAMME')	invalid_ind (duplicated operator)	invalid_ind (duplicated operator)
fastICA(80,'parallel','arbitrary-variance','exp');minMaxScaler();varianceThreshold();nystroem('poly',1.8720141340704117,97,3,-0.9904300074675187);varianceThreshold();minMaxScaler();lda(0.952513178381597,24,0.033638481988852255)	invalid_ind (duplicated operator)	invalid_ind (duplicated operator)
varianceThreshold();maxAbsScaler();adaBoost(decisionTree('entropy',27,12,0.7451822332249048,2,'None'),61,1.651823164329623,'SAMME')	0.9290784679089027	23.580408096313477
minMaxScaler();minMaxScaler();pca(0.7235594268662844,False);selectPercentile(58.79552970996706);robustScaler(True,True);minMaxScaler();lda(0.952513178381597,24,0.05837449137473523)	invalid_ind (duplicated operator)	invalid_ind (duplicated operator)
robustScaler(True,False);minMaxScaler();adaBoost(decisionTree('gini',21,10,0.951414059365631,2,'None'),61,1.651823164329623,'SAMME')	0.9350129681912291	cached
robustScaler(True,False);minMaxScaler();adaBoost(decisionTree('gini',21,10,0.951414059365631,2,'None'),61,1.651823164329623,'SAMME')	0.9350129681912291	cached
minMaxScaler();bernoulliNB(15.861713302014309,False)	0.8346026915113871	3.14096736907959
fastICA(19,'parallel','arbitrary-variance','exp');minMaxScaler();pca(0.7235594268662844,False);varianceThreshold();minMaxScaler();minMaxScaler();adaBoost(decisionTree('entropy',9,16,0.5693536247611434,7,'None'),61,1.651823164329623,'SAMME')	invalid_ind (duplicated operator)	invalid_ind (duplicated operator)
minMaxScaler();adaBoost(decisionTree('gini',30,7,0.4962045876091137,2,'None'),61,0.06659688043728257,'SAMME')	0.9161700357613402	cached
minMaxScaler();adaBoost(decisionTree('entropy',30,7,0.4962045876091137,2,'None'),61,1.651823164329623,'SAMME')	0.9296862601166949	22.693564891815186
robustScaler(False,False);selectFwe(0.04276829593075054);adaBoost(decisionTree('entropy',4,16,0.47535181371839474,12,'None'),23,0.35185438045636963,'SAMME')	0.8242808394504048	4.3186469078063965
maxAbsScaler();minMaxScaler();pca(0.7235594268662844,False);selectPercentile(58.79552970996706);robustScaler(True,True);minMaxScaler();lda(0.952513178381597,24,0.05837449137473523)	invalid_ind (duplicated operator)	invalid_ind (duplicated operator)
robustScaler(True,False);minMaxScaler();adaBoost(decisionTree('gini',21,10,0.951414059365631,2,'None'),61,1.651823164329623,'SAMME')	0.9350129681912291	cached
fastICA(19,'parallel','arbitrary-variance','exp');minMaxScaler();pca(0.7235594268662844,False);varianceThreshold();minMaxScaler();minMaxScaler();adaBoost(decisionTree('entropy',9,16,0.5693536247611434,7,'None'),61,1.651823164329623,'SAMME')	invalid_ind (duplicated operator)	invalid_ind (duplicated operator)
maxAbsScaler();minMaxScaler();pca(0.7235594268662844,False);selectPercentile(58.79552970996706);robustScaler(True,True);minMaxScaler();lda(0.952513178381597,24,0.05837449137473523)	invalid_ind (duplicated operator)	invalid_ind (duplicated operator)
selectFwe(0.0021797247468544312);adaBoost(decisionTree('gini',30,13,0.4962045876091137,2,'None'),61,1.651823164329623,'SAMME')	0.9251931865236213	cached
minMaxScaler();bernoulliNB(15.861713302014309,False)	0.8346026915113871	cached
maxAbsScaler();adaBoost(decisionTree('entropy',10,13,0.5693536247611434,2,'None'),61,1.651823164329623,'SAMME')	0.9341837944664032	15.604712724685669
minMaxScaler();adaBoost(decisionTree('gini',30,7,0.4962045876091137,2,'None'),61,0.06659688043728257,'SAMME')	0.9161700357613402	10.787414073944092
fastICA(19,'parallel','arbitrary-variance','exp');minMaxScaler();pca(0.7235594268662844,False);varianceThreshold();minMaxScaler();minMaxScaler();adaBoost(decisionTree('entropy',9,16,0.5693536247611434,7,'None'),61,1.651823164329623,'SAMME')	invalid_ind (duplicated operator)	invalid_ind (duplicated operator)
robustScaler(True,False);adaBoost(decisionTree('gini',30,7,0.4962045876091137,2,'None'),61,1.651823164329623,'SAMME')	0.9253189911537738	cached
robustScaler(True,False);minMaxScaler();adaBoost(decisionTree('gini',21,10,0.951414059365631,2,'None'),61,1.651823164329623,'SAMME')	0.9350129681912291	cached
minMaxScaler();minMaxScaler();maxAbsScaler();varianceThreshold();adaBoost(decisionTree('entropy',9,7,0.5693536247611434,2,'None'),61,1.6874824543562952,'SAMME')	invalid_ind (duplicated operator)	invalid_ind (duplicated operator)
varianceThreshold();selectPercentile(58.79552970996706);minMaxScaler();maxAbsScaler();adaBoost(decisionTree('gini',30,16,0.951414059365631,2,'None'),61,1.651823164329623,'SAMME')	0.9080877470355733	9.545000553131104
robustScaler(True,False);pca(0.7235594268662844,False);robustScaler(True,False);minMaxScaler();minMaxScaler();adaBoost(decisionTree('entropy',10,10,0.5693536247611434,7,'None'),61,1.651823164329623,'SAMME')	invalid_ind (duplicated operator)	invalid_ind (duplicated operator)
robustScaler(True,False);selectPercentile(58.79552970996706);adaBoost(decisionTree('entropy',15,10,0.9418174950077157,7,'None'),61,1.651823164329623,'SAMME')	0.8971495576886882	9.37515640258789
minMaxScaler();maxAbsScaler();lda(0.952513178381597,24,0.021718748961925327)	eval_error (n_components cannot be larger than min(n_features, n_classes - 1).)	eval_error (n_components cannot be larger than min(n_features, n_classes - 1).)
minMaxScaler();adaBoost(decisionTree('gini',30,7,0.4962045876091137,2,'None'),61,1.651823164329623,'SAMME')	0.9253189911537738	8.901002883911133
maxAbsScaler();minMaxScaler();adaBoost(decisionTree('gini',30,10,0.4962045876091137,2,'None'),61,1.651823164329623,'SAMME')	0.931530321852061	8.146900653839111
minMaxScaler();adaBoost(decisionTree('gini',30,7,0.4962045876091137,2,'None'),61,0.06659688043728257,'SAMME')	0.9161700357613402	5.512091875076294
selectFwe(0.0021797247468544312);adaBoost(decisionTree('gini',21,13,0.951414059365631,2,'None'),61,1.651823164329623,'SAMME')	0.9255617165443253	7.559363603591919
selectFwe(0.0021797247468544312);adaBoost(decisionTree('gini',21,13,0.951414059365631,2,'None'),61,1.651823164329623,'SAMME')	0.9255617165443253	cached
selectFwe(0.0021797247468544312);adaBoost(decisionTree('gini',21,13,0.951414059365631,2,'None'),61,1.651823164329623,'SAMME')	0.9255617165443253	cached
selectFwe(0.0021797247468544312);adaBoost(decisionTree('gini',30,13,0.4962045876091137,2,'None'),61,1.651823164329623,'SAMME')	0.9251931865236213	cached
fastICA(80,'parallel','arbitrary-variance','exp');minMaxScaler();varianceThreshold();nystroem('poly',1.8720141340704117,97,3,-0.9904300074675187);varianceThreshold();minMaxScaler();lda(0.952513178381597,24,0.033638481988852255)	invalid_ind (duplicated operator)	invalid_ind (duplicated operator)
robustScaler(True,False);minMaxScaler();adaBoost(decisionTree('gini',21,10,0.951414059365631,2,'None'),61,1.651823164329623,'SAMME')	0.9350129681912291	cached
fastICA(80,'parallel','arbitrary-variance','exp');minMaxScaler();varianceThreshold();nystroem('poly',1.8720141340704117,97,3,-0.9904300074675187);varianceThreshold();minMaxScaler();lda(0.952513178381597,24,0.033638481988852255)	invalid_ind (duplicated operator)	invalid_ind (duplicated operator)
fastICA(19,'parallel','arbitrary-variance','exp');minMaxScaler();pca(0.7235594268662844,False);varianceThreshold();minMaxScaler();minMaxScaler();adaBoost(decisionTree('gini',30,16,0.4962045876091137,7,'None'),61,1.651823164329623,'SAMME')	invalid_ind (duplicated operator)	invalid_ind (duplicated operator)
varianceThreshold();pca(0.7235594268662844,False);selectPercentile(58.79552970996706);robustScaler(True,True);minMaxScaler();lda(0.952513178381597,24,0.05837449137473523)	eval_error (n_components cannot be larger than min(n_features, n_classes - 1).)	eval_error (n_components cannot be larger than min(n_features, n_classes - 1).)
robustScaler(True,False);minMaxScaler();adaBoost(decisionTree('gini',21,10,0.951414059365631,2,'None'),61,1.651823164329623,'SAMME')	0.9350129681912291	cached
minMaxScaler();adaBoost(decisionTree('gini',30,7,0.4962045876091137,2,'None'),61,1.651823164329623,'SAMME')	0.9253189911537738	cached
maxAbsScaler();minMaxScaler();adaBoost(decisionTree('gini',30,10,0.4962045876091137,2,'None'),61,1.651823164329623,'SAMME')	0.931530321852061	cached
fastICA(19,'parallel','arbitrary-variance','exp');minMaxScaler();pca(0.7235594268662844,False);varianceThreshold();minMaxScaler();minMaxScaler();adaBoost(decisionTree('entropy',9,16,0.5693536247611434,7,'None'),61,1.651823164329623,'SAMME')	invalid_ind (duplicated operator)	invalid_ind (duplicated operator)
minMaxScaler();adaBoost(decisionTree('entropy',30,7,0.4962045876091137,2,'None'),61,1.651823164329623,'SAMME')	0.9296862601166949	cached
robustScaler(True,False);minMaxScaler();adaBoost(decisionTree('gini',21,10,0.951414059365631,2,'None'),61,1.651823164329623,'SAMME')	0.9350129681912291	cached
robustScaler(True,False);pca(0.7235594268662844,False);robustScaler(True,False);minMaxScaler();minMaxScaler();adaBoost(decisionTree('entropy',10,10,0.5693536247611434,7,'None'),61,1.651823164329623,'SAMME')	invalid_ind (duplicated operator)	invalid_ind (duplicated operator)
maxAbsScaler();adaBoost(decisionTree('entropy',10,13,0.5693536247611434,2,'None'),61,1.651823164329623,'SAMME')	0.9341837944664032	cached
selectFwe(0.0021797247468544312);adaBoost(decisionTree('gini',26,10,0.12356428864435998,16,'balanced'),53,0.9360043503544043,'SAMME')	0.8988262751741012	5.882551431655884
maxAbsScaler();minMaxScaler();adaBoost(decisionTree('gini',30,10,0.4962045876091137,2,'None'),61,1.651823164329623,'SAMME')	0.931530321852061	cached
fastICA(19,'parallel','arbitrary-variance','exp');minMaxScaler();pca(0.7235594268662844,False);varianceThreshold();minMaxScaler();minMaxScaler();adaBoost(decisionTree('gini',30,16,0.4962045876091137,2,'None'),61,1.651823164329623,'SAMME')	invalid_ind (duplicated operator)	invalid_ind (duplicated operator)
robustScaler(True,False);adaBoost(decisionTree('gini',30,7,0.4962045876091137,2,'None'),61,1.651823164329623,'SAMME')	0.9253189911537738	11.689909219741821
robustScaler(True,False);adaBoost(decisionTree('entropy',9,7,0.5693536247611434,2,'None'),61,1.651823164329623,'SAMME')	0.9191159608507433	12.93069577217102
robustScaler(True,False);minMaxScaler();adaBoost(decisionTree('gini',21,10,0.951414059365631,2,'None'),61,1.651823164329623,'SAMME')	0.9350129681912291	cached
varianceThreshold();maxAbsScaler();adaBoost(decisionTree('entropy',27,12,0.7451822332249048,2,'None'),61,1.651823164329623,'SAMME')	0.9290784679089027	cached
varianceThreshold();adaBoost(decisionTree('entropy',9,13,0.5693536247611434,7,'None'),61,1.651823164329623,'SAMME')	0.9089474308300394	10.256712436676025
robustScaler(True,False);minMaxScaler();adaBoost(decisionTree('entropy',10,10,0.951414059365631,2,'None'),61,1.651823164329623,'SAMME')	0.9281790325616412	17.139241218566895
minMaxScaler();adaBoost(decisionTree('gini',21,10,0.951414059365631,2,'None'),61,1.651823164329623,'SAMME')	0.9350129681912291	14.56991982460022
robustScaler(True,True);minMaxScaler();bernoulliNB(15.861713302014309,True)	0.8346026915113871	2.971205234527588
robustScaler(True,False);minMaxScaler();adaBoost(decisionTree('gini',30,10,0.4962045876091137,2,'None'),61,1.651823164329623,'SAMME')	0.931530321852061	10.187514781951904
robustScaler(True,True);minMaxScaler();adaBoost(decisionTree('gini',30,10,0.4962045876091137,2,'None'),61,0.06659688043728257,'SAMME')	0.9194691699604742	10.37457275390625
maxAbsScaler();adaBoost(decisionTree('gini',21,13,0.5693536247611434,2,'None'),61,1.651823164329623,'SAMME')	0.9223783926218708	10.400841474533081
minMaxScaler();adaBoost(decisionTree('gini',30,7,0.4962045876091137,2,'None'),61,0.06659688043728257,'SAMME')	0.9161700357613402	cached
minMaxScaler();adaBoost(decisionTree('gini',30,7,0.4962045876091137,2,'None'),61,0.06659688043728257,'SAMME')	0.9161700357613402	cached
maxAbsScaler();minMaxScaler();pca(0.7235594268662844,False);selectPercentile(58.79552970996706);minMaxScaler();adaBoost(decisionTree('gini',30,10,0.4962045876091137,2,'None'),61,1.651823164329623,'SAMME')	invalid_ind (duplicated operator)	invalid_ind (duplicated operator)
minMaxScaler();adaBoost(decisionTree('entropy',15,7,0.9418174950077157,7,'None'),61,1.651823164329623,'SAMME')	0.9225243553547902	15.8701913356781
maxAbsScaler();robustScaler(True,True);minMaxScaler();lda(0.952513178381597,24,0.05837449137473523)	eval_error (n_components cannot be larger than min(n_features, n_classes - 1).)	eval_error (n_components cannot be larger than min(n_features, n_classes - 1).)
minMaxScaler();adaBoost(decisionTree('gini',13,15,0.6543494906962242,15,'balanced'),61,0.06659688043728257,'SAMME')	0.8974430265386786	12.245935440063477
robustScaler(True,False);pca(0.7235594268662844,False);robustScaler(True,False);minMaxScaler();minMaxScaler();adaBoost(decisionTree('entropy',10,10,0.5693536247611434,7,'None'),61,1.651823164329623,'SAMME')	invalid_ind (duplicated operator)	invalid_ind (duplicated operator)
minMaxScaler();adaBoost(decisionTree('gini',21,7,0.951414059365631,2,'None'),61,1.651823164329623,'SAMME')	0.9256686805947675	16.05609130859375
minMaxScaler();adaBoost(decisionTree('gini',21,7,0.951414059365631,2,'None'),61,1.651823164329623,'SAMME')	0.9256686805947675	15.669841527938843
robustScaler(True,False);fastICA(37,'parallel','arbitrary-variance','logcosh');adaBoost(decisionTree('entropy',30,10,0.4962045876091137,2,'None'),61,1.651823164329623,'SAMME')	0.8066624882364012	29.36841630935669
fastICA(19,'parallel','arbitrary-variance','exp');minMaxScaler();pca(0.7235594268662844,False);varianceThreshold();minMaxScaler();minMaxScaler();adaBoost(decisionTree('gini',30,16,0.4962045876091137,2,'None'),61,1.651823164329623,'SAMME')	invalid_ind (duplicated operator)	invalid_ind (duplicated operator)
robustScaler(True,False);minMaxScaler();adaBoost(decisionTree('gini',21,10,0.951414059365631,2,'None'),61,1.651823164329623,'SAMME')	0.9350129681912291	cached
robustScaler(True,False);adaBoost(decisionTree('gini',30,7,0.4962045876091137,2,'None'),61,1.651823164329623,'SAMME')	0.9253189911537738	cached
minMaxScaler();adaBoost(decisionTree('gini',21,7,0.951414059365631,2,'None'),61,1.651823164329623,'SAMME')	0.9256686805947675	cached
robustScaler(True,False);minMaxScaler();adaBoost(decisionTree('gini',21,10,0.951414059365631,2,'None'),61,1.651823164329623,'SAMME')	0.9350129681912291	cached
robustScaler(True,False);minMaxScaler();adaBoost(decisionTree('gini',21,10,0.951414059365631,2,'None'),61,1.651823164329623,'SAMME')	0.9350129681912291	cached
robustScaler(True,False);minMaxScaler();adaBoost(decisionTree('gini',21,10,0.951414059365631,2,'None'),61,1.651823164329623,'SAMME')	0.9350129681912291	cached
varianceThreshold();pca(0.7235594268662844,False);selectPercentile(58.79552970996706);robustScaler(True,True);minMaxScaler();lda(0.952513178381597,24,0.05837449137473523)	eval_error (n_components cannot be larger than min(n_features, n_classes - 1).)	eval_error (n_components cannot be larger than min(n_features, n_classes - 1).)
fastICA(19,'parallel','arbitrary-variance','exp');minMaxScaler();pca(0.7235594268662844,False);varianceThreshold();minMaxScaler();minMaxScaler();adaBoost(decisionTree('entropy',9,16,0.5693536247611434,7,'None'),61,1.651823164329623,'SAMME')	invalid_ind (duplicated operator)	invalid_ind (duplicated operator)
varianceThreshold();minMaxScaler();adaBoost(decisionTree('entropy',27,12,0.7451822332249048,2,'None'),61,1.651823164329623,'SAMME')	0.9290784679089027	cached
varianceThreshold();maxAbsScaler();adaBoost(decisionTree('entropy',27,12,0.7451822332249048,2,'None'),61,1.651823164329623,'SAMME')	0.9290784679089027	cached
minMaxScaler();adaBoost(decisionTree('gini',30,7,0.4962045876091137,2,'None'),61,1.651823164329623,'SAMME')	0.9253189911537738	cached
robustScaler(True,False);minMaxScaler();adaBoost(decisionTree('gini',21,10,0.951414059365631,2,'None'),61,1.651823164329623,'SAMME')	0.9350129681912291	cached
robustScaler(True,False);adaBoost(decisionTree('gini',30,7,0.4962045876091137,2,'None'),61,1.651823164329623,'SAMME')	0.9253189911537738	cached
fastICA(80,'parallel','arbitrary-variance','exp');minMaxScaler();varianceThreshold();nystroem('poly',1.8720141340704117,97,3,-0.9904300074675187);varianceThreshold();minMaxScaler();lda(0.952513178381597,24,0.033638481988852255)	invalid_ind (duplicated operator)	invalid_ind (duplicated operator)
varianceThreshold();pca(0.7235594268662844,False);selectPercentile(58.79552970996706);robustScaler(True,True);minMaxScaler();lda(0.952513178381597,24,0.05837449137473523)	eval_error (n_components cannot be larger than min(n_features, n_classes - 1).)	eval_error (n_components cannot be larger than min(n_features, n_classes - 1).)
robustScaler(True,False);minMaxScaler();adaBoost(decisionTree('gini',21,10,0.951414059365631,2,'None'),61,1.651823164329623,'SAMME')	0.9350129681912291	cached
varianceThreshold();pca(0.7235594268662844,False);selectPercentile(58.79552970996706);robustScaler(True,True);minMaxScaler();lda(0.952513178381597,24,0.05837449137473523)	eval_error (n_components cannot be larger than min(n_features, n_classes - 1).)	eval_error (n_components cannot be larger than min(n_features, n_classes - 1).)
maxAbsScaler();minMaxScaler();pca(0.7235594268662844,False);selectPercentile(58.79552970996706);minMaxScaler();adaBoost(decisionTree('gini',30,10,0.4962045876091137,2,'None'),61,1.651823164329623,'SAMME')	invalid_ind (duplicated operator)	invalid_ind (duplicated operator)
robustScaler(True,False);minMaxScaler();adaBoost(decisionTree('gini',21,10,0.951414059365631,2,'None'),61,1.651823164329623,'SAMME')	0.9350129681912291	cached
robustScaler(True,False);adaBoost(decisionTree('gini',30,7,0.4962045876091137,2,'None'),61,1.651823164329623,'SAMME')	0.9253189911537738	cached
fastICA(19,'parallel','arbitrary-variance','exp');minMaxScaler();pca(0.7235594268662844,False);varianceThreshold();minMaxScaler();minMaxScaler();adaBoost(decisionTree('gini',30,16,0.4962045876091137,2,'None'),61,1.651823164329623,'SAMME')	invalid_ind (duplicated operator)	invalid_ind (duplicated operator)
minMaxScaler();adaBoost(decisionTree('gini',30,7,0.4962045876091137,2,'None'),61,1.651823164329623,'SAMME')	0.9253189911537738	12.430098056793213
selectFwe(0.0021797247468544312);adaBoost(decisionTree('gini',30,13,0.4962045876091137,2,'None'),61,1.651823164329623,'SAMME')	0.9251931865236213	12.529078960418701
maxAbsScaler();minMaxScaler();adaBoost(decisionTree('entropy',20,15,0.8648112568003132,19,'balanced'),61,1.651823164329623,'SAMME')	0.8847453227931489	12.059704303741455
selectFwe(0.0021797247468544312);adaBoost(decisionTree('gini',21,13,0.951414059365631,2,'None'),61,1.651823164329623,'SAMME')	0.9255617165443253	cached
fastICA(19,'parallel','arbitrary-variance','exp');minMaxScaler();pca(0.7235594268662844,False);varianceThreshold();minMaxScaler();minMaxScaler();adaBoost(decisionTree('gini',30,16,0.4962045876091137,2,'None'),61,1.651823164329623,'SAMME')	invalid_ind (duplicated operator)	invalid_ind (duplicated operator)
minMaxScaler();adaBoost(decisionTree('entropy',30,7,0.4962045876091137,2,'None'),61,1.651823164329623,'SAMME')	0.9296862601166949	cached
maxAbsScaler();minMaxScaler();adaBoost(decisionTree('gini',30,10,0.4962045876091137,2,'None'),61,1.651823164329623,'SAMME')	0.931530321852061	cached
selectFwe(0.0021797247468544312);adaBoost(decisionTree('gini',21,13,0.951414059365631,2,'None'),61,1.651823164329623,'SAMME')	0.9255617165443253	cached
minMaxScaler();adaBoost(decisionTree('entropy',15,7,0.9418174950077157,7,'None'),61,1.651823164329623,'SAMME')	0.9225243553547902	cached
maxAbsScaler();minMaxScaler();pca(0.7235594268662844,False);selectPercentile(58.79552970996706);minMaxScaler();adaBoost(decisionTree('gini',30,10,0.4962045876091137,2,'None'),61,1.651823164329623,'SAMME')	invalid_ind (duplicated operator)	invalid_ind (duplicated operator)
fastICA(19,'parallel','arbitrary-variance','logcosh');minMaxScaler();pca(0.7235594268662844,False);varianceThreshold();minMaxScaler();minMaxScaler();adaBoost(decisionTree('entropy',10,10,0.5693536247611434,7,'None'),61,1.651823164329623,'SAMME')	invalid_ind (duplicated operator)	invalid_ind (duplicated operator)
robustScaler(True,False);pca(0.6155803166249475,False);robustScaler(True,False);minMaxScaler();minMaxScaler();adaBoost(decisionTree('entropy',9,16,0.5693536247611434,7,'None'),61,1.651823164329623,'SAMME')	invalid_ind (duplicated operator)	invalid_ind (duplicated operator)
robustScaler(True,False);minMaxScaler();adaBoost(decisionTree('gini',21,10,0.951414059365631,2,'balanced'),53,0.9360043503544043,'SAMME')	0.9380249200075287	18.634504318237305
varianceThreshold();gaussianNB(0.007174753075663598)	0.8393691134952004	2.276611804962158
varianceThreshold();minMaxScaler();adaBoost(decisionTree('gini',30,12,0.4962045876091137,2,'None'),61,1.651823164329623,'SAMME')	0.9314518915866742	9.577330112457275
robustScaler(True,False);minMaxScaler();adaBoost(decisionTree('gini',21,10,0.951414059365631,2,'None'),61,0.06659688043728257,'SAMME')	0.9079587427065687	12.069421529769897
robustScaler(True,True);adaBoost(decisionTree('gini',21,7,0.951414059365631,2,'None'),61,1.651823164329623,'SAMME')	0.9256686805947675	12.998242855072021
robustScaler(True,False);minMaxScaler();adaBoost(decisionTree('entropy',27,10,0.7451822332249048,2,'None'),61,1.651823164329623,'SAMME')	0.9252419725202333	8.50330138206482
robustScaler(True,False);adaBoost(decisionTree('gini',30,7,0.4962045876091137,2,'None'),61,1.651823164329623,'SAMME')	0.9253189911537738	cached
robustScaler(True,False);minMaxScaler();adaBoost(decisionTree('gini',21,10,0.951414059365631,2,'None'),61,1.651823164329623,'SAMME')	0.9350129681912291	cached
robustScaler(True,False);adaBoost(decisionTree('gini',30,7,0.4962045876091137,2,'None'),61,1.651823164329623,'SAMME')	0.9253189911537738	cached
robustScaler(True,False);minMaxScaler();adaBoost(decisionTree('gini',21,10,0.951414059365631,2,'None'),61,1.651823164329623,'SAMME')	0.9350129681912291	cached
robustScaler(True,False);adaBoost(decisionTree('gini',30,7,0.4962045876091137,2,'None'),61,1.651823164329623,'SAMME')	0.9253189911537738	cached
robustScaler(True,False);minMaxScaler();adaBoost(decisionTree('gini',21,10,0.951414059365631,2,'None'),61,1.651823164329623,'SAMME')	0.9350129681912291	cached
varianceThreshold();minMaxScaler();adaBoost(decisionTree('gini',30,12,0.4962045876091137,2,'None'),61,1.651823164329623,'SAMME')	0.9314518915866742	cached
fastICA(19,'parallel','arbitrary-variance','logcosh');minMaxScaler();pca(0.7235594268662844,False);varianceThreshold();minMaxScaler();minMaxScaler();adaBoost(decisionTree('entropy',10,10,0.5693536247611434,7,'None'),61,1.651823164329623,'SAMME')	invalid_ind (duplicated operator)	invalid_ind (duplicated operator)
robustScaler(True,False);minMaxScaler();adaBoost(decisionTree('gini',21,10,0.951414059365631,2,'None'),61,1.651823164329623,'SAMME')	0.9350129681912291	cached
maxAbsScaler();minMaxScaler();adaBoost(decisionTree('entropy',20,15,0.8648112568003132,19,'balanced'),61,1.651823164329623,'SAMME')	0.8847453227931489	cached
robustScaler(True,False);minMaxScaler();adaBoost(decisionTree('gini',21,10,0.951414059365631,2,'None'),61,1.651823164329623,'SAMME')	0.9350129681912291	cached
selectFwe(0.0021797247468544312);adaBoost(decisionTree('gini',21,13,0.951414059365631,2,'None'),61,1.651823164329623,'SAMME')	0.9255617165443253	cached
fastICA(19,'parallel','arbitrary-variance','exp');minMaxScaler();pca(0.7235594268662844,False);varianceThreshold();minMaxScaler();minMaxScaler();adaBoost(decisionTree('gini',30,16,0.4962045876091137,2,'None'),61,1.651823164329623,'SAMME')	invalid_ind (duplicated operator)	invalid_ind (duplicated operator)
robustScaler(True,False);minMaxScaler();adaBoost(decisionTree('gini',21,10,0.951414059365631,2,'None'),61,1.651823164329623,'SAMME')	0.9350129681912291	cached
varianceThreshold();pca(0.7235594268662844,False);selectPercentile(58.79552970996706);robustScaler(True,True);minMaxScaler();lda(0.6723774487432702,29,0.06345260820683472)	eval_error (n_components cannot be larger than min(n_features, n_classes - 1).)	eval_error (n_components cannot be larger than min(n_features, n_classes - 1).)
robustScaler(True,False);pca(0.6155803166249475,False);robustScaler(True,False);minMaxScaler();minMaxScaler();adaBoost(decisionTree('entropy',9,16,0.5693536247611434,7,'None'),61,1.651823164329623,'SAMME')	invalid_ind (duplicated operator)	invalid_ind (duplicated operator)
robustScaler(True,False);minMaxScaler();adaBoost(decisionTree('gini',21,10,0.951414059365631,2,'None'),61,1.651823164329623,'SAMME')	0.9350129681912291	cached
robustScaler(True,False);minMaxScaler();adaBoost(decisionTree('gini',30,10,0.4962045876091137,2,'None'),61,1.651823164329623,'SAMME')	0.931530321852061	cached
minMaxScaler();adaBoost(decisionTree('entropy',30,7,0.4962045876091137,2,'None'),61,1.651823164329623,'SAMME')	0.9296862601166949	cached
maxAbsScaler();minMaxScaler();adaBoost(decisionTree('gini',30,10,0.4962045876091137,2,'None'),61,1.651823164329623,'SAMME')	0.931530321852061	cached
minMaxScaler();adaBoost(decisionTree('gini',21,10,0.951414059365631,2,'None'),61,1.651823164329623,'SAMME')	0.9350129681912291	cached
robustScaler(True,False);minMaxScaler();adaBoost(decisionTree('gini',21,10,0.951414059365631,2,'None'),61,1.651823164329623,'SAMME')	0.9350129681912291	cached
minMaxScaler();adaBoost(decisionTree('gini',30,7,0.4962045876091137,2,'None'),61,1.651823164329623,'SAMME')	0.9253189911537738	cached
fastICA(19,'parallel','arbitrary-variance','exp');minMaxScaler();pca(0.7235594268662844,False);varianceThreshold();minMaxScaler();minMaxScaler();adaBoost(decisionTree('gini',30,16,0.4962045876091137,2,'None'),61,1.651823164329623,'SAMME')	invalid_ind (duplicated operator)	invalid_ind (duplicated operator)
robustScaler(True,False);minMaxScaler();adaBoost(decisionTree('gini',21,10,0.951414059365631,2,'None'),61,1.651823164329623,'SAMME')	0.9350129681912291	cached
maxAbsScaler();adaBoost(decisionTree('entropy',10,13,0.5693536247611434,2,'None'),61,1.651823164329623,'SAMME')	0.9341837944664032	cached
robustScaler(True,False);minMaxScaler();adaBoost(decisionTree('gini',21,10,0.951414059365631,2,'balanced'),61,1.651823164329623,'SAMME')	0.9199951816299643	15.379038333892822
selectFwe(0.0021797247468544312);adaBoost(decisionTree('gini',21,13,0.951414059365631,2,'None'),61,1.651823164329623,'SAMME')	0.9255617165443253	cached
minMaxScaler();adaBoost(decisionTree('entropy',30,7,0.4962045876091137,2,'None'),61,1.651823164329623,'SAMME')	0.9296862601166949	cached
selectFwe(0.01189253621316529);selectPercentile(61.442043688531584);selectFwe(0.041967673951836044);varianceThreshold();minMaxScaler();minMaxScaler();adaBoost(decisionTree('gini',30,16,0.4962045876091137,2,'None'),61,1.651823164329623,'SAMME')	invalid_ind (duplicated operator)	invalid_ind (duplicated operator)
minMaxScaler();adaBoost(decisionTree('gini',30,7,0.4962045876091137,2,'None'),61,1.651823164329623,'SAMME')	0.9253189911537738	10.72226858139038
varianceThreshold();maxAbsScaler();adaBoost(decisionTree('entropy',27,4,0.7451822332249048,2,'None'),61,1.651823164329623,'SAMME')	0.9163330133634482	16.16563105583191
robustScaler(True,False);minMaxScaler();adaBoost(decisionTree('gini',21,10,0.951414059365631,2,'None'),61,1.651823164329623,'SAMME')	0.9350129681912291	16.21699595451355
minMaxScaler();adaBoost(decisionTree('gini',14,8,0.31735419942165244,18,'None'),61,1.651823164329623,'SAMME')	0.8919089591567853	6.48905873298645
varianceThreshold();maxAbsScaler();adaBoost(decisionTree('entropy',27,12,0.7451822332249048,2,'None'),61,1.651823164329623,'SAMME')	0.9290784679089027	cached
selectFwe(0.0021797247468544312);adaBoost(decisionTree('gini',21,13,0.951414059365631,2,'None'),61,1.651823164329623,'SAMME')	0.9255617165443253	cached
minMaxScaler();adaBoost(decisionTree('entropy',30,7,0.4962045876091137,2,'None'),61,1.651823164329623,'SAMME')	0.9296862601166949	11.463216066360474
varianceThreshold();minMaxScaler();adaBoost(decisionTree('entropy',27,12,0.7451822332249048,2,'None'),61,1.6193247640049946,'SAMME')	0.9267314135140221	12.543334484100342
minMaxScaler();adaBoost(decisionTree('gini',21,7,0.7408092993967276,2,'balanced'),53,0.9360043503544043,'SAMME')	0.9414839638622248	11.71389102935791
robustScaler(True,False);nystroem('poly',4.161728325186383,95,2,-0.2553078160917792);adaBoost(decisionTree('gini',21,10,0.951414059365631,2,'None'),61,1.651823164329623,'SAMME')	0.8781013363448146	36.66347360610962
fastICA(19,'parallel','arbitrary-variance','exp');minMaxScaler();pca(0.7235594268662844,False);varianceThreshold();minMaxScaler();minMaxScaler();adaBoost(decisionTree('gini',30,16,0.4962045876091137,2,'None'),61,1.651823164329623,'SAMME')	invalid_ind (duplicated operator)	invalid_ind (duplicated operator)
minMaxScaler();adaBoost(decisionTree('entropy',30,7,0.4962045876091137,2,'None'),61,1.651823164329623,'SAMME')	0.9296862601166949	cached
maxAbsScaler();minMaxScaler();adaBoost(decisionTree('gini',30,10,0.4962045876091137,2,'None'),61,1.651823164329623,'SAMME')	0.931530321852061	cached
robustScaler(True,False);minMaxScaler();adaBoost(decisionTree('gini',21,10,0.951414059365631,2,'None'),61,1.651823164329623,'SAMME')	0.9350129681912291	cached
robustScaler(True,False);minMaxScaler();adaBoost(decisionTree('gini',21,10,0.951414059365631,2,'None'),61,1.651823164329623,'SAMME')	0.9350129681912291	cached
maxAbsScaler();minMaxScaler();adaBoost(decisionTree('entropy',20,15,0.8648112568003132,19,'balanced'),61,1.651823164329623,'SAMME')	0.8847453227931489	cached
minMaxScaler();adaBoost(decisionTree('gini',21,7,0.7408092993967276,2,'balanced'),53,0.9360043503544043,'SAMME')	0.9414839638622248	cached
minMaxScaler();adaBoost(decisionTree('gini',21,10,0.951414059365631,2,'None'),61,1.651823164329623,'SAMME')	0.9350129681912291	cached
selectFwe(0.01189253621316529);selectPercentile(61.442043688531584);selectFwe(0.041967673951836044);varianceThreshold();minMaxScaler();minMaxScaler();adaBoost(decisionTree('gini',30,16,0.4962045876091137,2,'None'),61,1.651823164329623,'SAMME')	invalid_ind (duplicated operator)	invalid_ind (duplicated operator)
maxAbsScaler();adaBoost(decisionTree('entropy',10,13,0.5693536247611434,2,'None'),61,1.651823164329623,'SAMME')	0.9341837944664032	cached
robustScaler(True,False);minMaxScaler();adaBoost(decisionTree('gini',21,10,0.951414059365631,2,'None'),61,1.651823164329623,'SAMME')	0.9350129681912291	cached
robustScaler(True,False);minMaxScaler();bernoulliNB(4.7922992862519695,True)	0.8477843402973837	2.0854876041412354
robustScaler(True,False);minMaxScaler();adaBoost(decisionTree('gini',21,10,0.951414059365631,2,'None'),61,1.651823164329623,'SAMME')	0.9350129681912291	cached
fastICA(19,'parallel','arbitrary-variance','exp');minMaxScaler();pca(0.7235594268662844,False);varianceThreshold();minMaxScaler();minMaxScaler();adaBoost(decisionTree('gini',30,16,0.4962045876091137,2,'balanced'),53,0.9360043503544043,'SAMME')	invalid_ind (duplicated operator)	invalid_ind (duplicated operator)
maxAbsScaler();selectPercentile(49.76974063863268);varianceThreshold();varianceThreshold();pca(0.7475205666228655,True);minMaxScaler();adaBoost(decisionTree('gini',21,10,0.951414059365631,2,'None'),61,1.651823164329623,'SAMME')	invalid_ind (duplicated operator)	invalid_ind (duplicated operator)
robustScaler(True,False);minMaxScaler();adaBoost(decisionTree('gini',21,10,0.951414059365631,2,'None'),61,1.651823164329623,'SAMME')	0.9350129681912291	cached
robustScaler(True,False);minMaxScaler();adaBoost(decisionTree('entropy',3,15,0.1537512922857326,15,'None'),15,1.1391409386763787,'SAMME')	0.6796860342555995	2.175391674041748
robustScaler(True,False);minMaxScaler();adaBoost(decisionTree('gini',21,10,0.951414059365631,2,'None'),61,1.651823164329623,'SAMME')	0.9350129681912291	cached
robustScaler(True,False);adaBoost(decisionTree('gini',30,7,0.4962045876091137,2,'None'),61,1.651823164329623,'SAMME')	0.9253189911537738	cached
robustScaler(True,False);minMaxScaler();adaBoost(decisionTree('gini',21,10,0.951414059365631,2,'None'),61,1.651823164329623,'SAMME')	0.9350129681912291	cached
varianceThreshold();maxAbsScaler();adaBoost(decisionTree('entropy',27,12,0.7451822332249048,2,'None'),61,1.651823164329623,'SAMME')	0.9290784679089027	cached
minMaxScaler();adaBoost(decisionTree('gini',30,7,0.4962045876091137,2,'None'),61,1.651823164329623,'SAMME')	0.9253189911537738	cached
fastICA(19,'parallel','arbitrary-variance','exp');minMaxScaler();pca(0.7235594268662844,False);varianceThreshold();minMaxScaler();minMaxScaler();adaBoost(decisionTree('gini',30,16,0.4962045876091137,2,'None'),61,1.651823164329623,'SAMME')	invalid_ind (duplicated operator)	invalid_ind (duplicated operator)
selectFwe(0.0021797247468544312);adaBoost(decisionTree('gini',21,13,0.951414059365631,2,'None'),61,1.651823164329623,'SAMME')	0.9255617165443253	cached
robustScaler(True,False);minMaxScaler();adaBoost(decisionTree('gini',21,10,0.951414059365631,2,'None'),61,1.651823164329623,'SAMME')	0.9350129681912291	cached
minMaxScaler();adaBoost(decisionTree('entropy',30,7,0.4962045876091137,2,'None'),61,1.651823164329623,'SAMME')	0.9296862601166949	cached
robustScaler(True,False);minMaxScaler();adaBoost(decisionTree('gini',21,10,0.951414059365631,2,'None'),61,1.651823164329623,'SAMME')	0.9350129681912291	cached
robustScaler(True,False);minMaxScaler();adaBoost(decisionTree('gini',21,10,0.7408092993967276,2,'balanced'),53,0.9360043503544043,'SAMME')	0.936298814229249	8.11996865272522
minMaxScaler();adaBoost(decisionTree('entropy',30,7,0.4962045876091137,2,'None'),52,1.651823164329623,'SAMME')	0.9213482966309053	8.956915140151978
robustScaler(True,False);minMaxScaler();adaBoost(decisionTree('gini',21,10,0.951414059365631,2,'None'),61,1.651823164329623,'SAMME')	0.9350129681912291	cached
minMaxScaler();adaBoost(decisionTree('entropy',30,7,0.4962045876091137,2,'None'),61,1.651823164329623,'SAMME')	0.9296862601166949	cached
minMaxScaler();adaBoost(decisionTree('gini',21,7,0.7408092993967276,2,'balanced'),53,0.9360043503544043,'SAMME')	0.9414839638622248	cached
varianceThreshold();minMaxScaler();adaBoost(decisionTree('entropy',27,12,0.7451822332249048,2,'None'),61,0.9360043503544043,'SAMME')	0.9244989083380387	11.232773542404175
robustScaler(True,False);minMaxScaler();adaBoost(decisionTree('entropy',30,10,0.4962045876091137,2,'None'),61,1.651823164329623,'SAMME')	0.9228127987954075	9.206427812576294
robustScaler(True,True);minMaxScaler();adaBoost(decisionTree('gini',21,10,0.951414059365631,2,'None'),61,1.651823164329623,'SAMME')	0.9350129681912291	14.65873122215271
maxAbsScaler();adaBoost(decisionTree('gini',21,7,0.951414059365631,2,'None'),61,1.651823164329623,'SAMME')	0.9256686805947675	13.852098941802979
minMaxScaler();adaBoost(decisionTree('gini',21,7,0.7408092993967276,2,'balanced'),53,1.6193247640049946,'SAMME')	0.9267771315640883	11.147848129272461
robustScaler(True,False);minMaxScaler();adaBoost(decisionTree('entropy',21,10,0.951414059365631,2,'None'),61,1.651823164329623,'SAMME')	0.9073162243553548	14.56427526473999
minMaxScaler();adaBoost(decisionTree('gini',21,7,0.951414059365631,2,'balanced'),53,0.9360043503544043,'SAMME')	0.9252127987954074	11.934083461761475
minMaxScaler();adaBoost(decisionTree('gini',30,7,0.4962045876091137,2,'None'),61,1.651823164329623,'SAMME')	0.9253189911537738	5.915892601013184
minMaxScaler();adaBoost(decisionTree('gini',21,7,0.7408092993967276,2,'balanced'),53,1.6193247640049946,'SAMME')	0.9267771315640883	cached
minMaxScaler();adaBoost(decisionTree('entropy',30,7,0.4962045876091137,2,'None'),61,1.651823164329623,'SAMME')	0.9296862601166949	cached
robustScaler(True,False);minMaxScaler();adaBoost(decisionTree('gini',21,10,0.951414059365631,2,'None'),61,1.651823164329623,'SAMME')	0.9350129681912291	cached
robustScaler(True,False);minMaxScaler();adaBoost(decisionTree('gini',21,10,0.951414059365631,2,'balanced'),53,0.9360043503544043,'SAMME')	0.9380249200075287	cached
robustScaler(True,False);minMaxScaler();adaBoost(decisionTree('gini',21,10,0.7408092993967276,2,'balanced'),53,0.9360043503544043,'SAMME')	0.936298814229249	cached
robustScaler(True,True);minMaxScaler();adaBoost(decisionTree('gini',21,10,0.951414059365631,2,'None'),61,1.651823164329623,'SAMME')	0.9350129681912291	cached
robustScaler(True,True);minMaxScaler();adaBoost(decisionTree('gini',18,11,0.4962045876091137,2,'balanced'),53,0.9360043503544043,'SAMME')	0.9195525503482027	9.416442155838013
fastICA(19,'parallel','arbitrary-variance','exp');minMaxScaler();pca(0.7235594268662844,False);varianceThreshold();minMaxScaler();minMaxScaler();adaBoost(decisionTree('gini',21,16,0.951414059365631,2,'None'),61,1.651823164329623,'SAMME')	invalid_ind (duplicated operator)	invalid_ind (duplicated operator)
minMaxScaler();adaBoost(decisionTree('entropy',30,7,0.4962045876091137,2,'None'),61,1.651823164329623,'SAMME')	0.9296862601166949	cached
fastICA(19,'parallel','arbitrary-variance','exp');minMaxScaler();pca(0.7235594268662844,False);varianceThreshold();minMaxScaler();minMaxScaler();adaBoost(decisionTree('gini',30,16,0.4962045876091137,2,'None'),61,1.651823164329623,'SAMME')	invalid_ind (duplicated operator)	invalid_ind (duplicated operator)
robustScaler(True,False);adaBoost(decisionTree('gini',21,7,0.951414059365631,2,'None'),61,1.651823164329623,'SAMME')	0.9256686805947675	10.746301651000977
robustScaler(True,False);adaBoost(decisionTree('gini',21,7,0.951414059365631,2,'None'),61,1.651823164329623,'SAMME')	0.9256686805947675	11.647634506225586
maxAbsScaler();robustScaler(False,False);minMaxScaler();adaBoost(decisionTree('gini',21,10,0.951414059365631,2,'None'),61,1.651823164329623,'SAMME')	0.9350129681912291	12.08191704750061
robustScaler(True,False);minMaxScaler();adaBoost(decisionTree('entropy',15,11,0.3335125468037192,6,'balanced'),42,1.7249980563293759,'SAMME')	0.8920991341991342	6.391178846359253
minMaxScaler();adaBoost(decisionTree('gini',21,10,0.951414059365631,2,'None'),61,1.651823164329623,'SAMME')	0.9350129681912291	cached
robustScaler(True,False);minMaxScaler();adaBoost(decisionTree('gini',21,10,0.951414059365631,2,'None'),61,1.651823164329623,'SAMME')	0.9350129681912291	cached
maxAbsScaler();selectPercentile(49.76974063863268);varianceThreshold();varianceThreshold();pca(0.7475205666228655,True);minMaxScaler();adaBoost(decisionTree('gini',21,10,0.951414059365631,2,'None'),61,1.651823164329623,'SAMME')	invalid_ind (duplicated operator)	invalid_ind (duplicated operator)
minMaxScaler();adaBoost(decisionTree('gini',30,10,0.4962045876091137,2,'None'),61,1.651823164329623,'SAMME')	0.931530321852061	8.965640783309937
robustScaler(True,False);minMaxScaler();adaBoost(decisionTree('gini',21,10,0.951414059365631,2,'None'),61,1.651823164329623,'SAMME')	0.9350129681912291	cached
robustScaler(True,False);minMaxScaler();adaBoost(decisionTree('gini',21,10,0.951414059365631,2,'None'),61,1.651823164329623,'SAMME')	0.9350129681912291	cached
fastICA(19,'parallel','arbitrary-variance','exp');minMaxScaler();pca(0.7235594268662844,False);varianceThreshold();minMaxScaler();minMaxScaler();adaBoost(decisionTree('gini',21,16,0.4962045876091137,2,'balanced'),53,1.6193247640049946,'SAMME')	invalid_ind (duplicated operator)	invalid_ind (duplicated operator)
maxAbsScaler();minMaxScaler();adaBoost(decisionTree('gini',21,10,0.7408092993967276,2,'balanced'),53,0.9360043503544043,'SAMME')	0.936298814229249	11.37250566482544
robustScaler(True,False);minMaxScaler();adaBoost(decisionTree('gini',30,10,0.4962045876091137,2,'None'),61,1.651823164329623,'SAMME')	0.931530321852061	10.222079515457153
minMaxScaler();adaBoost(decisionTree('gini',21,7,0.7408092993967276,2,'balanced'),53,0.9360043503544043,'SAMME')	0.9414839638622248	cached
minMaxScaler();adaBoost(decisionTree('entropy',30,7,0.4962045876091137,2,'None'),61,1.651823164329623,'SAMME')	0.9296862601166949	cached
minMaxScaler();adaBoost(decisionTree('entropy',30,7,0.4962045876091137,2,'None'),61,1.651823164329623,'SAMME')	0.9296862601166949	cached
selectFwe(0.01189253621316529);selectPercentile(61.442043688531584);selectFwe(0.041967673951836044);varianceThreshold();minMaxScaler();minMaxScaler();adaBoost(decisionTree('gini',30,16,0.4962045876091137,2,'None'),61,1.651823164329623,'SAMME')	invalid_ind (duplicated operator)	invalid_ind (duplicated operator)
selectFwe(0.0021797247468544312);adaBoost(decisionTree('gini',21,13,0.951414059365631,2,'None'),61,1.651823164329623,'SAMME')	0.9255617165443253	cached
fastICA(19,'parallel','arbitrary-variance','exp');minMaxScaler();pca(0.7235594268662844,False);varianceThreshold();minMaxScaler();minMaxScaler();adaBoost(decisionTree('gini',30,16,0.4962045876091137,2,'balanced'),53,0.9360043503544043,'SAMME')	invalid_ind (duplicated operator)	invalid_ind (duplicated operator)
minMaxScaler();adaBoost(decisionTree('gini',30,7,0.4962045876091137,2,'balanced'),53,0.9360043503544043,'SAMME')	0.9262342744212309	17.17159414291382
minMaxScaler();adaBoost(decisionTree('gini',30,7,0.4962045876091137,2,'None'),61,1.651823164329623,'SAMME')	0.9253189911537738	18.95346760749817
fastICA(19,'parallel','arbitrary-variance','exp');minMaxScaler();pca(0.9751362864377625,False);varianceThreshold();minMaxScaler();minMaxScaler();adaBoost(decisionTree('gini',30,16,0.4962045876091137,2,'None'),61,1.651823164329623,'SAMME')	invalid_ind (duplicated operator)	invalid_ind (duplicated operator)
minMaxScaler();adaBoost(decisionTree('gini',30,7,0.7408092993967276,2,'None'),61,1.651823164329623,'SAMME')	0.9178821946169773	20.45919394493103
robustScaler(True,False);minMaxScaler();adaBoost(decisionTree('gini',21,10,0.951414059365631,2,'None'),61,1.651823164329623,'SAMME')	0.9350129681912291	cached
robustScaler(True,False);minMaxScaler();adaBoost(decisionTree('gini',21,10,0.951414059365631,2,'None'),61,1.651823164329623,'SAMME')	0.9350129681912291	cached
nystroem('cosine',0.8270279678849435,81,5,0.7924488753878098);minMaxScaler();adaBoost(decisionTree('gini',21,10,0.951414059365631,2,'None'),61,1.651823164329623,'SAMME')	0.8847833615659703	44.04970717430115
minMaxScaler();adaBoost(decisionTree('gini',30,7,0.4962045876091137,2,'balanced'),53,0.9360043503544043,'SAMME')	0.9262342744212309	18.774872541427612
robustScaler(True,False);minMaxScaler();adaBoost(decisionTree('gini',21,10,0.951414059365631,2,'None'),61,1.651823164329623,'SAMME')	0.9350129681912291	28.32300066947937
fastICA(75,'deflation','unit-variance','logcosh');nystroem('cosine',0.380761598769382,41,3,0.019046173505316233);robustScaler(True,False);minMaxScaler();adaBoost(decisionTree('gini',30,10,0.4962045876091137,2,'None'),61,1.651823164329623,'SAMME')	eval_timeout_error	eval_timeout_error
selectFwe(0.01189253621316529);selectPercentile(61.442043688531584);selectFwe(0.041967673951836044);varianceThreshold();minMaxScaler();minMaxScaler();adaBoost(decisionTree('gini',21,16,0.951414059365631,2,'None'),61,1.651823164329623,'SAMME')	invalid_ind (duplicated operator)	invalid_ind (duplicated operator)
minMaxScaler();adaBoost(decisionTree('gini',30,10,0.4962045876091137,2,'None'),61,1.651823164329623,'SAMME')	0.931530321852061	cached
minMaxScaler();adaBoost(decisionTree('gini',21,7,0.7408092993967276,2,'balanced'),53,0.9360043503544043,'SAMME')	0.9414839638622248	cached
fastICA(19,'parallel','arbitrary-variance','exp');minMaxScaler();pca(0.9751362864377625,False);varianceThreshold();minMaxScaler();minMaxScaler();adaBoost(decisionTree('gini',30,16,0.4962045876091137,2,'None'),61,1.651823164329623,'SAMME')	invalid_ind (duplicated operator)	invalid_ind (duplicated operator)
maxAbsScaler();minMaxScaler();adaBoost(decisionTree('gini',21,10,0.7408092993967276,2,'balanced'),53,0.9360043503544043,'SAMME')	0.936298814229249	cached
robustScaler(True,False);minMaxScaler();adaBoost(decisionTree('gini',21,10,0.951414059365631,2,'balanced'),53,0.9360043503544043,'SAMME')	0.9380249200075287	cached
robustScaler(True,True);minMaxScaler();adaBoost(decisionTree('gini',18,11,0.4962045876091137,2,'balanced'),53,0.9360043503544043,'SAMME')	0.9195525503482027	cached
minMaxScaler();adaBoost(decisionTree('gini',30,7,0.7408092993967276,2,'None'),61,1.651823164329623,'SAMME')	0.9178821946169773	cached
robustScaler(True,False);minMaxScaler();adaBoost(decisionTree('gini',21,10,0.951414059365631,2,'None'),61,1.651823164329623,'SAMME')	0.9350129681912291	cached
minMaxScaler();adaBoost(decisionTree('entropy',30,7,0.4962045876091137,2,'None'),61,1.651823164329623,'SAMME')	0.9296862601166949	cached
robustScaler(True,False);minMaxScaler();adaBoost(decisionTree('gini',21,10,0.7408092993967276,2,'balanced'),53,0.9360043503544043,'SAMME')	0.936298814229249	cached
minMaxScaler();adaBoost(decisionTree('gini',21,7,0.7408092993967276,2,'balanced'),53,0.9360043503544043,'SAMME')	0.9414839638622248	cached
minMaxScaler();varianceThreshold();bernoulliNB(8.681363018435128,False)	0.8373378881987577	3.277305841445923
robustScaler(True,True);minMaxScaler();adaBoost(decisionTree('gini',18,11,0.4962045876091137,2,'balanced'),53,0.9360043503544043,'SAMME')	0.9195525503482027	cached
robustScaler(True,False);minMaxScaler();adaBoost(decisionTree('gini',30,10,0.4962045876091137,8,'None'),61,1.651823164329623,'SAMME')	0.9184800301148128	13.033854484558105
minMaxScaler();adaBoost(decisionTree('gini',21,10,0.951414059365631,2,'None'),51,1.651823164329623,'SAMME')	0.9313300207039337	23.511486768722534
maxAbsScaler();minMaxScaler();adaBoost(decisionTree('gini',21,10,0.7408092993967276,2,'balanced'),53,0.9360043503544043,'SAMME')	0.936298814229249	cached
robustScaler(True,False);minMaxScaler();adaBoost(decisionTree('gini',21,10,0.951414059365631,2,'None'),61,1.651823164329623,'SAMME')	0.9350129681912291	27.24968123435974
fastICA(19,'parallel','arbitrary-variance','exp');minMaxScaler();pca(0.7235594268662844,False);varianceThreshold();minMaxScaler();minMaxScaler();adaBoost(decisionTree('gini',30,16,0.4962045876091137,2,'None'),61,1.651823164329623,'SAMME')	invalid_ind (duplicated operator)	invalid_ind (duplicated operator)
minMaxScaler();adaBoost(decisionTree('gini',30,10,0.4962045876091137,2,'None'),61,1.651823164329623,'SAMME')	0.931530321852061	cached
minMaxScaler();adaBoost(decisionTree('gini',30,7,0.4962045876091137,2,'balanced'),53,0.9360043503544043,'SAMME')	0.9262342744212309	cached
robustScaler(True,True);minMaxScaler();adaBoost(decisionTree('gini',18,11,0.4962045876091137,2,'balanced'),53,0.9360043503544043,'SAMME')	0.9195525503482027	cached
minMaxScaler();adaBoost(decisionTree('entropy',30,7,0.4962045876091137,2,'None'),61,1.651823164329623,'SAMME')	0.9296862601166949	cached
maxAbsScaler();minMaxScaler();adaBoost(decisionTree('gini',21,10,0.7408092993967276,2,'balanced'),53,0.9360043503544043,'SAMME')	0.936298814229249	cached
minMaxScaler();adaBoost(decisionTree('gini',21,7,0.7408092993967276,2,'balanced'),53,1.6193247640049946,'SAMME')	0.9267771315640883	cached
selectFwe(0.01189253621316529);selectPercentile(61.442043688531584);selectFwe(0.041967673951836044);varianceThreshold();minMaxScaler();minMaxScaler();adaBoost(decisionTree('gini',30,16,0.4962045876091137,2,'None'),61,1.651823164329623,'SAMME')	invalid_ind (duplicated operator)	invalid_ind (duplicated operator)
robustScaler(True,False);minMaxScaler();adaBoost(decisionTree('gini',21,10,0.7408092993967276,2,'balanced'),53,1.651823164329623,'SAMME')	0.9325729719555806	25.68097758293152
robustScaler(True,False);minMaxScaler();adaBoost(decisionTree('gini',1,4,0.6519545249568582,9,'None'),71,0.017285386246946963,'SAMME')	0.20109128552606811	11.675856113433838
minMaxScaler();adaBoost(decisionTree('gini',21,7,0.7408092993967276,2,'None'),61,1.651823164329623,'SAMME')	0.9205374741200828	30.59242033958435
minMaxScaler();adaBoost(decisionTree('entropy',30,7,0.4962045876091137,2,'None'),53,0.9360043503544043,'SAMME')	0.9255476002258611	24.767876625061035
maxAbsScaler();adaBoost(decisionTree('entropy',10,13,0.5693536247611434,2,'None'),61,0.9360043503544043,'SAMME')	0.9373951816299642	28.953951120376587
maxAbsScaler();selectPercentile(49.76974063863268);varianceThreshold();varianceThreshold();pca(0.7475205666228655,True);minMaxScaler();adaBoost(decisionTree('gini',21,10,0.951414059365631,2,'None'),61,1.651823164329623,'SAMME')	invalid_ind (duplicated operator)	invalid_ind (duplicated operator)
minMaxScaler();adaBoost(decisionTree('entropy',30,7,0.4962045876091137,2,'None'),61,1.651823164329623,'SAMME')	0.9296862601166949	cached
maxAbsScaler();selectPercentile(49.76974063863268);varianceThreshold();varianceThreshold();pca(0.7475205666228655,True);minMaxScaler();adaBoost(decisionTree('gini',21,10,0.951414059365631,2,'None'),61,1.651823164329623,'SAMME')	invalid_ind (duplicated operator)	invalid_ind (duplicated operator)
robustScaler(True,False);minMaxScaler();adaBoost(decisionTree('gini',21,10,0.951414059365631,2,'None'),61,1.651823164329623,'SAMME')	0.9350129681912291	cached
fastICA(75,'deflation','unit-variance','logcosh');nystroem('cosine',0.380761598769382,41,3,0.019046173505316233);robustScaler(True,False);minMaxScaler();adaBoost(decisionTree('gini',30,10,0.4962045876091137,2,'balanced'),53,1.6193247640049946,'SAMME')	eval_timeout_error	eval_timeout_error
fastICA(19,'parallel','arbitrary-variance','exp');minMaxScaler();pca(0.7235594268662844,False);varianceThreshold();minMaxScaler();minMaxScaler();adaBoost(decisionTree('gini',21,16,0.4962045876091137,2,'None'),61,1.651823164329623,'SAMME')	invalid_ind (duplicated operator)	invalid_ind (duplicated operator)
robustScaler(True,False);minMaxScaler();adaBoost(decisionTree('gini',21,10,0.951414059365631,2,'balanced'),53,0.9360043503544043,'SAMME')	0.9380249200075287	41.87419843673706
robustScaler(True,False);minMaxScaler();adaBoost(decisionTree('gini',21,10,0.7408092993967276,2,'balanced'),61,1.651823164329623,'SAMME')	0.9352415019762846	37.40130424499512
fastICA(75,'deflation','unit-variance','logcosh');nystroem('cosine',0.380761598769382,41,3,0.019046173505316233);robustScaler(True,False);minMaxScaler();adaBoost(decisionTree('gini',30,10,0.4962045876091137,2,'balanced'),53,0.9360043503544043,'SAMME')	eval_timeout_error	eval_timeout_error
robustScaler(True,False);minMaxScaler();adaBoost(decisionTree('gini',21,10,0.7408092993967276,2,'None'),61,1.651823164329623,'SAMME')	0.9283595520421608	35.70580530166626
minMaxScaler();adaBoost(decisionTree('gini',21,7,0.7408092993967276,2,'balanced'),53,1.6193247640049946,'SAMME')	0.9267771315640883	cached
minMaxScaler();adaBoost(decisionTree('gini',21,7,0.7408092993967276,2,'balanced'),53,0.9360043503544043,'SAMME')	0.9414839638622248	cached
minMaxScaler();adaBoost(decisionTree('gini',21,7,0.7408092993967276,2,'balanced'),53,0.9360043503544043,'SAMME')	0.9414839638622248	cached
robustScaler(True,False);minMaxScaler();adaBoost(decisionTree('gini',21,10,0.7408092993967276,2,'None'),61,1.651823164329623,'SAMME')	0.9283595520421608	cached
robustScaler(True,False);minMaxScaler();adaBoost(decisionTree('gini',21,10,0.951414059365631,2,'None'),61,1.651823164329623,'SAMME')	0.9350129681912291	cached
fastICA(19,'parallel','arbitrary-variance','exp');minMaxScaler();pca(0.9751362864377625,False);varianceThreshold();minMaxScaler();minMaxScaler();adaBoost(decisionTree('gini',30,16,0.4962045876091137,2,'None'),61,1.651823164329623,'SAMME')	invalid_ind (duplicated operator)	invalid_ind (duplicated operator)
fastICA(19,'parallel','arbitrary-variance','exp');minMaxScaler();pca(0.7235594268662844,False);varianceThreshold();minMaxScaler();minMaxScaler();adaBoost(decisionTree('gini',21,16,0.4962045876091137,2,'balanced'),53,1.6193247640049946,'SAMME')	invalid_ind (duplicated operator)	invalid_ind (duplicated operator)
minMaxScaler();adaBoost(decisionTree('gini',21,7,0.7408092993967276,2,'balanced'),53,1.6193247640049946,'SAMME')	0.9267771315640883	cached
minMaxScaler();adaBoost(decisionTree('gini',6,5,0.0825378590933481,4,'balanced'),53,0.9360043503544043,'SAMME')	0.8991501599849426	9.582394361495972
robustScaler(True,False);minMaxScaler();adaBoost(decisionTree('gini',21,10,0.7408092993967276,2,'balanced'),53,0.9360043503544043,'SAMME')	0.936298814229249	cached
maxAbsScaler();adaBoost(decisionTree('entropy',10,13,0.5693536247611434,2,'None'),61,1.651823164329623,'SAMME')	0.9341837944664032	29.62746238708496
minMaxScaler();adaBoost(decisionTree('gini',30,10,0.4962045876091137,2,'None'),61,0.9360043503544043,'SAMME')	0.93056461509505	37.14277219772339
robustScaler(True,False);minMaxScaler();adaBoost(decisionTree('entropy',21,10,0.951414059365631,2,'None'),61,0.9360043503544043,'SAMME')	0.9275709392057218	57.92204737663269
fastICA(75,'deflation','unit-variance','logcosh');nystroem('cosine',0.380761598769382,41,3,0.019046173505316233);robustScaler(True,False);minMaxScaler();adaBoost(decisionTree('gini',21,10,0.4962045876091137,2,'None'),61,1.651823164329623,'SAMME')	eval_timeout_error	eval_timeout_error
maxAbsScaler();selectPercentile(49.76974063863268);varianceThreshold();varianceThreshold();pca(0.7475205666228655,True);minMaxScaler();adaBoost(decisionTree('gini',30,10,0.951414059365631,2,'balanced'),53,1.6193247640049946,'SAMME')	invalid_ind (duplicated operator)	invalid_ind (duplicated operator)
fastICA(75,'deflation','unit-variance','logcosh');nystroem('cosine',0.380761598769382,41,3,0.019046173505316233);robustScaler(True,False);minMaxScaler();adaBoost(decisionTree('gini',30,10,0.4962045876091137,2,'None'),61,1.651823164329623,'SAMME')	eval_timeout_error	eval_timeout_error
fastICA(75,'deflation','unit-variance','logcosh');nystroem('cosine',0.380761598769382,41,3,0.019046173505316233);robustScaler(True,False);minMaxScaler();adaBoost(decisionTree('gini',30,10,0.4962045876091137,2,'balanced'),53,1.6193247640049946,'SAMME')	eval_timeout_error	eval_timeout_error
minMaxScaler();adaBoost(decisionTree('gini',21,10,0.951414059365631,2,'None'),51,1.651823164329623,'SAMME')	0.9313300207039337	cached
selectFwe(0.01189253621316529);selectPercentile(61.442043688531584);selectFwe(0.041967673951836044);varianceThreshold();minMaxScaler();minMaxScaler();adaBoost(decisionTree('gini',30,16,0.4962045876091137,2,'None'),61,1.651823164329623,'SAMME')	invalid_ind (duplicated operator)	invalid_ind (duplicated operator)
maxAbsScaler();minMaxScaler();adaBoost(decisionTree('gini',21,10,0.7408092993967276,2,'balanced'),53,0.9360043503544043,'SAMME')	0.936298814229249	cached
robustScaler(True,False);minMaxScaler();adaBoost(decisionTree('gini',21,10,0.951414059365631,2,'balanced'),53,0.9360043503544043,'SAMME')	0.9380249200075287	cached
maxAbsScaler();adaBoost(decisionTree('gini',10,13,0.5693536247611434,2,'balanced'),53,0.9360043503544043,'SAMME')	0.932694918125353	46.115299463272095
minMaxScaler();adaBoost(decisionTree('gini',30,7,0.4962045876091137,2,'None'),61,1.651823164329623,'SAMME')	0.9253189911537738	46.60986518859863
minMaxScaler();adaBoost(decisionTree('entropy',30,7,0.4962045876091137,2,'None'),61,1.651823164329623,'SAMME')	0.9296862601166949	54.08150839805603
robustScaler(True,False);minMaxScaler();adaBoost(decisionTree('gini',21,10,0.951414059365631,2,'balanced'),53,1.651823164329623,'SAMME')	0.9191185582533409	57.92687678337097
selectFwe(0.01189253621316529);selectPercentile(61.442043688531584);selectFwe(0.041967673951836044);varianceThreshold();minMaxScaler();minMaxScaler();adaBoost(decisionTree('gini',30,16,0.4962045876091137,2,'None'),61,0.9360043503544043,'SAMME')	invalid_ind (duplicated operator)	invalid_ind (duplicated operator)
fastICA(75,'deflation','unit-variance','logcosh');nystroem('cosine',0.380761598769382,41,3,0.019046173505316233);robustScaler(True,False);minMaxScaler();adaBoost(decisionTree('gini',21,10,0.7408092993967276,2,'balanced'),53,0.9360043503544043,'SAMME')	eval_timeout_error	eval_timeout_error
minMaxScaler();adaBoost(decisionTree('gini',30,7,0.4962045876091137,2,'balanced'),53,0.9360043503544043,'SAMME')	0.9262342744212309	39.71226501464844
minMaxScaler();adaBoost(decisionTree('gini',16,8,0.5738188674353303,10,'balanced'),53,0.2020573958224694,'SAMME')	0.9155602860907208	37.63604187965393
robustScaler(True,False);minMaxScaler();adaBoost(decisionTree('gini',30,10,0.4962045876091137,8,'None'),61,1.651823164329623,'SAMME')	0.9184800301148128	cached
maxAbsScaler();adaBoost(decisionTree('entropy',10,13,0.5693536247611434,2,'None'),61,0.9360043503544043,'SAMME')	0.9373951816299642	cached
minMaxScaler();adaBoost(decisionTree('entropy',30,10,0.4962045876091137,2,'None'),61,1.651823164329623,'SAMME')	0.9228127987954075	52.43051242828369
minMaxScaler();adaBoost(decisionTree('gini',21,7,0.7408092993967276,2,'balanced'),53,0.9360043503544043,'SAMME')	0.9414839638622248	cached
maxAbsScaler();minMaxScaler();adaBoost(decisionTree('gini',21,10,0.7408092993967276,2,'balanced'),53,0.9360043503544043,'SAMME')	0.936298814229249	cached
minMaxScaler();adaBoost(decisionTree('gini',21,9,0.7408092993967276,2,'balanced'),53,0.9360043503544043,'SAMME')	0.9338960474308301	52.43081068992615
robustScaler(True,False);minMaxScaler();adaBoost(decisionTree('gini',1,4,0.6519545249568582,9,'None'),71,0.017285386246946963,'SAMME')	0.20109128552606811	cached
minMaxScaler();adaBoost(decisionTree('gini',30,7,0.4962045876091137,2,'balanced'),53,0.9360043503544043,'SAMME')	0.9262342744212309	47.511924505233765
robustScaler(True,False);minMaxScaler();adaBoost(decisionTree('entropy',10,10,0.5693536247611434,2,'None'),61,0.9360043503544043,'SAMME')	0.9296237530585356	59.76216173171997
fastICA(75,'deflation','unit-variance','logcosh');nystroem('cosine',0.380761598769382,41,3,0.019046173505316233);robustScaler(True,False);minMaxScaler();adaBoost(decisionTree('entropy',30,10,0.4962045876091137,2,'None'),53,0.9360043503544043,'SAMME')	eval_timeout_error	eval_timeout_error
maxAbsScaler();adaBoost(decisionTree('gini',21,13,0.951414059365631,2,'None'),61,1.651823164329623,'SAMME')	0.9284390739695088	64.44060254096985
