pipeline	fitness	fit_time
maxAbsScaler();pca(0.7444043365463215,False);maxAbsScaler();varianceThreshold();maxAbsScaler();selectFwe(0.014150298781154145);qda(0.853943007184872)	invalid_ind (duplicated operator)	invalid_ind (duplicated operator)
varianceThreshold();selectPercentile(13.523139146780435);maxAbsScaler();bernoulliNB(2.1620983813503516,True)	0.5	1.830857753753662
kNN(11,'uniform',2)	0.5123611111111112	1.9851388931274414
pca(0.9797696201249317,False);selectFwe(0.04794462400370385);fastICA(60,'parallel','unit-variance','logcosh');selectFwe(0.03130884067310971);kNN(10,'uniform',1)	invalid_ind (duplicated operator)	invalid_ind (duplicated operator)
kNN(1,'uniform',2)	0.573070987654321	2.8467905521392822
nystroem('cosine',1.0430271987927875,27,4,0.997367136385104);maxAbsScaler();maxAbsScaler();maxAbsScaler();fastICA(59,'parallel','arbitrary-variance','cube');kNN(9,'distance',2)	invalid_ind (duplicated operator)	invalid_ind (duplicated operator)
varianceThreshold();bernoulliNB(14.729175296293572,True)	0.5	2.48402738571167
varianceThreshold();varianceThreshold();gaussianNB(0.004561456779964369)	invalid_ind (duplicated operator)	invalid_ind (duplicated operator)
varianceThreshold();fastICA(80,'parallel','unit-variance','logcosh');maxAbsScaler();maxAbsScaler();pca(0.8051269959643266,False);qda(0.8713710182669668)	invalid_ind (duplicated operator)	invalid_ind (duplicated operator)
maxAbsScaler();selectFwe(0.017915467040969437);selectFwe(0.04857105558504968);minMaxScaler();nystroem('cosine',3.612332936527493,79,2,-0.903311741357937);minMaxScaler();maxAbsScaler();bernoulliNB(11.150363387439373,False)	invalid_ind (duplicated operator)	invalid_ind (duplicated operator)
varianceThreshold();selectPercentile(83.92932750754994);qda(0.5505997883745034)	0.5285030864197531	3.003406524658203
varianceThreshold();maxAbsScaler();minMaxScaler();maxAbsScaler();minMaxScaler();varianceThreshold();extraTreesClassifier(93,'entropy','sqrt',19,11,False,'None')	invalid_ind (duplicated operator)	invalid_ind (duplicated operator)
nystroem('poly',3.1719914632542565,22,2,-0.19415663267329997);varianceThreshold();minMaxScaler();maxAbsScaler();adaBoost(decisionTree('entropy',16,10,0.5134412166930334,6,'None'),36,1.9111547321302806,'SAMME')	0.6883179012345678	4.084583759307861
robustScaler(True,True);kNN(2,'uniform',1)	0.5223456790123456	2.774656295776367
minMaxScaler();minMaxScaler();pca(0.6061488435853455,False);pca(0.8512515473204645,False);adaBoost(decisionTree('gini',21,19,0.9169715656822659,3,'None'),90,0.38765645026086604,'SAMME')	invalid_ind (duplicated operator)	invalid_ind (duplicated operator)
varianceThreshold();robustScaler(False,False);pca(0.6878132207637606,False);minMaxScaler();selectFwe(0.012429958422472279);minMaxScaler();decisionTree('entropy',19,14,0.5239835411813897,8,'balanced')	invalid_ind (duplicated operator)	invalid_ind (duplicated operator)
selectPercentile(70.29140150695602);robustScaler(True,True);fastICA(30,'deflation','unit-variance','logcosh');robustScaler(True,False);pca(0.7789217756933196,False);maxAbsScaler();logisticRegression('l1','saga',1000,2.181224406521431,'None')	invalid_ind (duplicated operator)	invalid_ind (duplicated operator)
randomForest(23,'gini','None',16,15,False,'None')	0.4889351851851852	9.984728813171387
fastICA(80,'deflation','arbitrary-variance','cube');maxAbsScaler();selectPercentile(83.3799453376464);maxAbsScaler();minMaxScaler();bernoulliNB(2.741451119704649,False)	invalid_ind (duplicated operator)	invalid_ind (duplicated operator)
minMaxScaler();selectFwe(0.026567377838832073);minMaxScaler();extraTreesClassifier(83,'gini','log2',15,20,True,'None')	invalid_ind (duplicated operator)	invalid_ind (duplicated operator)
varianceThreshold();maxAbsScaler();pca(0.9862611172454252,True);minMaxScaler();varianceThreshold();robustScaler(False,True);decisionTree('entropy',14,5,0.5053767165880478,8,'None')	invalid_ind (duplicated operator)	invalid_ind (duplicated operator)
nystroem('cosine',0.05784056402101239,53,5,0.6755675022784686);randomForest(94,'gini',0.7143067956693883,9,6,False,'None')	0.920787037037037	56.3695592880249
minMaxScaler();varianceThreshold();nystroem('rbf',2.8895609644236675,70,2,0.44703655996625935);adaBoost(decisionTree('entropy',30,17,0.836005573572394,10,'None'),39,0.19747663730920903,'SAMME')	0.6311728395061729	72.0646059513092
varianceThreshold();maxAbsScaler();robustScaler(True,True);fastICA(34,'parallel','unit-variance','exp');maxAbsScaler();nystroem('poly',1.636350974258943,13,5,0.7636350354068464);varianceThreshold();bernoulliNB(25.00796952126551,False)	invalid_ind (duplicated operator)	invalid_ind (duplicated operator)
lda(0.968375215281766,145,0.07800645740759034)	eval_error (n_components cannot be larger than min(n_features, n_classes - 1).)	eval_error (n_components cannot be larger than min(n_features, n_classes - 1).)
multinomialNB(3.080566357882891,True)	0.7573765432098766	8.793370246887207
maxAbsScaler();pca(0.7553587729148059,False);varianceThreshold();maxAbsScaler();fastICA(64,'parallel','unit-variance','logcosh');mlpClassifier((91, 7),0.07322284167260698,0.20917883329237077,'adam','identity')	invalid_ind (duplicated operator)	invalid_ind (duplicated operator)
fastICA(93,'deflation','arbitrary-variance','logcosh');extraTreesClassifier(73,'gini','log2',10,11,True,'balanced_subsample')	eval_timeout_error	eval_timeout_error
minMaxScaler();maxAbsScaler();nystroem('poly',2.9052982609008846,40,5,0.7701512589223529);minMaxScaler();lda(0.40579673259262883,167,0.08931558179033042)	invalid_ind (duplicated operator)	invalid_ind (duplicated operator)
selectPercentile(19.607198242253464);selectPercentile(16.154445984138384);selectFwe(0.026063302936226426);maxAbsScaler();adaBoost(decisionTree('entropy',17,15,0.5747328526438223,11,'balanced'),82,0.01869762844210748,'SAMME')	invalid_ind (duplicated operator)	invalid_ind (duplicated operator)
minMaxScaler();maxAbsScaler();kNN(3,'distance',1)	0.5359259259259259	12.129709243774414
varianceThreshold();maxAbsScaler();minMaxScaler();varianceThreshold();pca(0.8372724127499088,False);adaBoost(decisionTree('entropy',4,14,0.01824293705279667,4,'None'),55,0.8474705316254194,'SAMME')	invalid_ind (duplicated operator)	invalid_ind (duplicated operator)
selectFwe(0.0015382798768397298);pca(0.7109527512982751,True);selectFwe(0.021257819713225292);decisionTree('entropy',7,20,0.7585504020651886,16,'None')	invalid_ind (duplicated operator)	invalid_ind (duplicated operator)
varianceThreshold();maxAbsScaler();varianceThreshold();maxAbsScaler();adaBoost(decisionTree('gini',19,9,0.04717086416499705,8,'balanced'),89,1.6958996055481452,'SAMME')	invalid_ind (duplicated operator)	invalid_ind (duplicated operator)
pca(0.9327789797556615,False);fastICA(88,'parallel','unit-variance','cube');selectPercentile(30.651032930779156);nystroem('cosine',2.5300884533946255,39,4,0.10260084685970172);minMaxScaler();logisticRegression('l1','sag',1000,0.8875305659718458,'None')	eval_error (Found array with 0 feature(s) (shape=(646, 0)) while a minimum of 1 is required by Nystroem.)	eval_error (Found array with 0 feature(s) (shape=(646, 0)) while a minimum of 1 is required by Nystroem.)
randomForest(69,'gini','log2',4,9,False,'balanced_subsample')	0.5271913580246913	23.143903017044067
robustScaler(True,False);pca(0.577675494583219,True);selectFwe(0.004433434348235422);fastICA(19,'deflation','unit-variance','exp');fastICA(4,'deflation','unit-variance','cube');varianceThreshold();randomForest(55,'entropy',0.6485318394888302,6,4,False,'balanced')	invalid_ind (duplicated operator)	invalid_ind (duplicated operator)
robustScaler(False,True);maxAbsScaler();mlpClassifier((60, 19),0.05140653258230293,0.897258844864606,'lbfgs','relu')	0.783503086419753	107.75134873390198
varianceThreshold();minMaxScaler();bernoulliNB(15.385814491801957,True)	0.49874999999999997	5.934652328491211
selectPercentile(74.52506113033547);fastICA(94,'parallel','unit-variance','logcosh');robustScaler(False,True);minMaxScaler();randomForest(96,'entropy',0.8245326211057018,17,18,True,'balanced_subsample')	0.564429012345679	114.51479959487915
varianceThreshold();robustScaler(False,False);pca(0.6878132207637606,False);minMaxScaler();selectFwe(0.012429958422472279);minMaxScaler();decisionTree('gini',19,14,0.5239835411813897,8,'balanced')	invalid_ind (duplicated operator)	invalid_ind (duplicated operator)
varianceThreshold();maxAbsScaler();varianceThreshold();maxAbsScaler();adaBoost(decisionTree('entropy',19,9,0.04717086416499705,8,'balanced'),89,1.6958996055481452,'SAMME')	invalid_ind (duplicated operator)	invalid_ind (duplicated operator)
varianceThreshold();maxAbsScaler();pca(0.9862611172454252,True);minMaxScaler();varianceThreshold();maxAbsScaler();decisionTree('entropy',14,5,0.5053767165880478,8,'None')	invalid_ind (duplicated operator)	invalid_ind (duplicated operator)
varianceThreshold();robustScaler(False,True);minMaxScaler();maxAbsScaler();minMaxScaler();varianceThreshold();extraTreesClassifier(93,'entropy','sqrt',19,11,False,'None')	invalid_ind (duplicated operator)	invalid_ind (duplicated operator)
varianceThreshold();selectPercentile(83.92932750754994);fastICA(34,'parallel','unit-variance','exp');maxAbsScaler();nystroem('poly',1.636350974258943,13,5,0.7636350354068464);varianceThreshold();bernoulliNB(25.00796952126551,False)	invalid_ind (duplicated operator)	invalid_ind (duplicated operator)
multinomialNB(3.080566357882891,True)	0.7573765432098766	cached
varianceThreshold();maxAbsScaler();varianceThreshold();maxAbsScaler();adaBoost(decisionTree('gini',19,9,0.04717086416499705,8,'balanced'),89,1.6958996055481452,'SAMME')	invalid_ind (duplicated operator)	invalid_ind (duplicated operator)
maxAbsScaler();minMaxScaler();minMaxScaler();multinomialNB(41.76472703294746,True)	invalid_ind (duplicated operator)	invalid_ind (duplicated operator)
lda(0.968375215281766,145,0.07800645740759034)	eval_error (n_components cannot be larger than min(n_features, n_classes - 1).)	eval_error (n_components cannot be larger than min(n_features, n_classes - 1).)
varianceThreshold();varianceThreshold();gaussianNB(0.004561456779964369)	invalid_ind (duplicated operator)	invalid_ind (duplicated operator)
varianceThreshold();minMaxScaler();bernoulliNB(14.729175296293572,True)	0.49874999999999997	3.2278332710266113
varianceThreshold();fastICA(80,'parallel','unit-variance','logcosh');maxAbsScaler();maxAbsScaler();pca(0.8051269959643266,False);qda(0.8713710182669668)	invalid_ind (duplicated operator)	invalid_ind (duplicated operator)
varianceThreshold();maxAbsScaler();minMaxScaler();varianceThreshold();pca(0.8372724127499088,False);adaBoost(decisionTree('entropy',4,14,0.01824293705279667,4,'None'),55,0.8474705316254194,'SAMME')	invalid_ind (duplicated operator)	invalid_ind (duplicated operator)
varianceThreshold();maxAbsScaler();robustScaler(True,True);qda(0.5505997883745034)	0.5356172839506173	4.73771333694458
kNN(6,'uniform',2)	0.5211111111111112	4.952419996261597
minMaxScaler();varianceThreshold();nystroem('rbf',2.8895609644236675,70,2,0.44703655996625935);adaBoost(decisionTree('entropy',30,17,0.836005573572394,10,'None'),39,0.19747663730920903,'SAMME')	0.6311728395061729	cached
nystroem('cosine',1.0430271987927875,27,4,0.997367136385104);maxAbsScaler();maxAbsScaler();maxAbsScaler();fastICA(59,'parallel','arbitrary-variance','cube');kNN(9,'distance',2)	invalid_ind (duplicated operator)	invalid_ind (duplicated operator)
minMaxScaler();minMaxScaler();pca(0.6061488435853455,False);pca(0.8512515473204645,False);adaBoost(decisionTree('gini',21,19,0.9169715656822659,3,'None'),90,0.38765645026086604,'SAMME')	invalid_ind (duplicated operator)	invalid_ind (duplicated operator)
pca(0.9797696201249317,False);selectFwe(0.04794462400370385);fastICA(60,'parallel','unit-variance','logcosh');selectFwe(0.03130884067310971);kNN(10,'uniform',1)	invalid_ind (duplicated operator)	invalid_ind (duplicated operator)
kNN(11,'uniform',2)	0.5123611111111112	cached
maxAbsScaler();selectFwe(0.017915467040969437);selectFwe(0.04857105558504968);minMaxScaler();nystroem('cosine',3.612332936527493,79,2,-0.19415663267329997);minMaxScaler();maxAbsScaler();bernoulliNB(11.150363387439373,False)	invalid_ind (duplicated operator)	invalid_ind (duplicated operator)
varianceThreshold();bernoulliNB(15.385814491801957,True)	0.5	4.76081395149231
selectPercentile(19.607198242253464);selectPercentile(16.154445984138384);selectFwe(0.026063302936226426);robustScaler(True,False);adaBoost(decisionTree('entropy',25,15,0.5747328526438223,11,'None'),30,0.01869762844210748,'SAMME')	invalid_ind (duplicated operator)	invalid_ind (duplicated operator)
maxAbsScaler();pca(0.577675494583219,True);selectFwe(0.004433434348235422);fastICA(19,'deflation','unit-variance','exp');fastICA(4,'deflation','unit-variance','cube');varianceThreshold();randomForest(55,'entropy',0.6485318394888302,6,4,False,'balanced')	invalid_ind (duplicated operator)	invalid_ind (duplicated operator)
lda(0.968375215281766,145,0.07800645740759034)	eval_error (n_components cannot be larger than min(n_features, n_classes - 1).)	eval_error (n_components cannot be larger than min(n_features, n_classes - 1).)
varianceThreshold();selectPercentile(13.523139146780435);maxAbsScaler();bernoulliNB(2.1620983813503516,True)	0.5	cached
nystroem('poly',3.1719914632542565,22,2,-0.903311741357937);varianceThreshold();minMaxScaler();maxAbsScaler();adaBoost(decisionTree('entropy',16,10,0.5134412166930334,6,'None'),36,1.9111547321302806,'SAMME')	0.6696141975308642	7.9107935428619385
varianceThreshold();maxAbsScaler();minMaxScaler();maxAbsScaler();minMaxScaler();varianceThreshold();extraTreesClassifier(93,'entropy','sqrt',19,11,False,'None')	invalid_ind (duplicated operator)	invalid_ind (duplicated operator)
varianceThreshold();selectPercentile(13.523139146780435);maxAbsScaler();bernoulliNB(2.1620983813503516,True)	0.5	4.7101523876190186
pca(0.9327789797556615,False);fastICA(88,'parallel','unit-variance','cube');selectPercentile(30.651032930779156);nystroem('cosine',2.5300884533946255,39,4,0.10260084685970172);minMaxScaler();logisticRegression('l1','sag',1000,0.8875305659718458,'None')	eval_error (Found array with 0 feature(s) (shape=(646, 0)) while a minimum of 1 is required by Nystroem.)	eval_error (Found array with 0 feature(s) (shape=(646, 0)) while a minimum of 1 is required by Nystroem.)
nystroem('cosine',0.05784056402101239,53,5,0.6755675022784686);randomForest(94,'gini',0.7143067956693883,9,6,False,'None')	0.920787037037037	32.15923738479614
selectFwe(0.0015382798768397298);pca(0.7109527512982751,True);selectFwe(0.021257819713225292);decisionTree('entropy',7,20,0.7585504020651886,16,'None')	invalid_ind (duplicated operator)	invalid_ind (duplicated operator)
fastICA(80,'deflation','arbitrary-variance','cube');maxAbsScaler();selectPercentile(83.3799453376464);maxAbsScaler();minMaxScaler();bernoulliNB(2.741451119704649,False)	invalid_ind (duplicated operator)	invalid_ind (duplicated operator)
minMaxScaler();maxAbsScaler();kNN(3,'distance',1)	0.5359259259259259	8.11623501777649
selectPercentile(74.52506113033547);fastICA(60,'parallel','unit-variance','logcosh');robustScaler(False,True);minMaxScaler();randomForest(96,'entropy',0.8245326211057018,17,18,True,'balanced_subsample')	0.5668981481481481	52.736438512802124
minMaxScaler();varianceThreshold();nystroem('rbf',2.8895609644236675,70,2,-0.903311741357937);adaBoost(decisionTree('entropy',30,17,0.836005573572394,10,'None'),39,0.19747663730920903,'SAMME')	0.6311728395061729	66.14504647254944
maxAbsScaler();selectFwe(0.017915467040969437);selectFwe(0.04857105558504968);minMaxScaler();nystroem('cosine',3.612332936527493,79,2,0.44703655996625935);minMaxScaler();maxAbsScaler();bernoulliNB(11.150363387439373,False)	invalid_ind (duplicated operator)	invalid_ind (duplicated operator)
minMaxScaler();varianceThreshold();nystroem('rbf',2.8895609644236675,70,2,0.44703655996625935);adaBoost(decisionTree('entropy',30,17,0.836005573572394,10,'None'),39,0.19747663730920903,'SAMME')	0.6311728395061729	67.73024153709412
robustScaler(False,True);minMaxScaler();mlpClassifier((60, 19),0.05140653258230293,0.897258844864606,'lbfgs','relu')	0.7834722222222223	70.01377153396606
selectPercentile(35.22025621818212);varianceThreshold();nystroem('rbf',0.27638589193057783,96,4,-0.6387373814002522);varianceThreshold();pca(0.8372724127499088,False);adaBoost(decisionTree('entropy',4,14,0.01824293705279667,4,'None'),55,0.8474705316254194,'SAMME')	invalid_ind (duplicated operator)	invalid_ind (duplicated operator)
selectFwe(0.0015382798768397298);pca(0.7109527512982751,True);selectFwe(0.021257819713225292);decisionTree('entropy',7,20,0.7585504020651886,16,'None')	invalid_ind (duplicated operator)	invalid_ind (duplicated operator)
nystroem('poly',3.1719914632542565,22,2,-0.903311741357937);varianceThreshold();minMaxScaler();maxAbsScaler();adaBoost(decisionTree('entropy',16,10,0.5134412166930334,6,'None'),36,1.9111547321302806,'SAMME')	0.6696141975308642	cached
maxAbsScaler();pca(0.577675494583219,True);selectFwe(0.004433434348235422);fastICA(19,'deflation','unit-variance','exp');fastICA(4,'deflation','unit-variance','cube');varianceThreshold();randomForest(55,'entropy',0.6485318394888302,6,4,False,'balanced')	invalid_ind (duplicated operator)	invalid_ind (duplicated operator)
varianceThreshold();maxAbsScaler();varianceThreshold();maxAbsScaler();adaBoost(decisionTree('entropy',19,9,0.04717086416499705,8,'balanced'),89,1.6958996055481452,'SAMME')	invalid_ind (duplicated operator)	invalid_ind (duplicated operator)
minMaxScaler();varianceThreshold();nystroem('rbf',2.8895609644236675,70,2,-0.903311741357937);adaBoost(decisionTree('entropy',30,17,0.836005573572394,10,'None'),39,0.19747663730920903,'SAMME')	0.6311728395061729	cached
maxAbsScaler();selectFwe(0.017915467040969437);selectFwe(0.04857105558504968);minMaxScaler();nystroem('cosine',3.612332936527493,79,2,0.44703655996625935);minMaxScaler();maxAbsScaler();bernoulliNB(11.150363387439373,False)	invalid_ind (duplicated operator)	invalid_ind (duplicated operator)
minMaxScaler();varianceThreshold();nystroem('rbf',2.8895609644236675,70,2,0.44703655996625935);adaBoost(decisionTree('entropy',30,17,0.836005573572394,10,'None'),39,0.19747663730920903,'SAMME')	0.6311728395061729	cached
maxAbsScaler();selectFwe(0.017915467040969437);selectFwe(0.04857105558504968);minMaxScaler();nystroem('cosine',3.612332936527493,79,2,-0.19415663267329997);minMaxScaler();maxAbsScaler();bernoulliNB(11.150363387439373,False)	invalid_ind (duplicated operator)	invalid_ind (duplicated operator)
minMaxScaler();varianceThreshold();selectPercentile(83.92932750754994);fastICA(34,'parallel','unit-variance','exp');maxAbsScaler();nystroem('poly',1.636350974258943,13,5,0.7636350354068464);varianceThreshold();bernoulliNB(25.00796952126551,False)	invalid_ind (duplicated operator)	invalid_ind (duplicated operator)
kNN(11,'uniform',2)	0.5123611111111112	cached
maxAbsScaler();lda(0.5839603898566129,120,0.09142559301773456)	eval_error (n_components cannot be larger than min(n_features, n_classes - 1).)	eval_error (n_components cannot be larger than min(n_features, n_classes - 1).)
minMaxScaler();varianceThreshold();nystroem('rbf',2.8895609644236675,70,2,0.44703655996625935);adaBoost(decisionTree('entropy',30,17,0.836005573572394,10,'None'),39,0.19747663730920903,'SAMME')	0.6311728395061729	cached
selectPercentile(19.607198242253464);selectPercentile(16.154445984138384);selectFwe(0.026063302936226426);robustScaler(True,False);adaBoost(decisionTree('entropy',25,15,0.5747328526438223,11,'None'),30,0.01869762844210748,'SAMME')	invalid_ind (duplicated operator)	invalid_ind (duplicated operator)
lda(0.968375215281766,145,0.07800645740759034)	eval_error (n_components cannot be larger than min(n_features, n_classes - 1).)	eval_error (n_components cannot be larger than min(n_features, n_classes - 1).)
varianceThreshold();minMaxScaler();bernoulliNB(3.1150895904601605,False)	0.4975154320987654	3.0457911491394043
selectFwe(0.0015382798768397298);pca(0.7109527512982751,True);selectFwe(0.021257819713225292);decisionTree('gini',7,20,0.7585504020651886,16,'balanced')	invalid_ind (duplicated operator)	invalid_ind (duplicated operator)
varianceThreshold();maxAbsScaler();varianceThreshold();maxAbsScaler();adaBoost(decisionTree('entropy',19,9,0.04717086416499705,8,'None'),89,1.6958996055481452,'SAMME')	invalid_ind (duplicated operator)	invalid_ind (duplicated operator)
selectFwe(0.0015382798768397298);pca(0.7109527512982751,True);selectFwe(0.021257819713225292);decisionTree('entropy',7,20,0.7585504020651886,16,'None')	invalid_ind (duplicated operator)	invalid_ind (duplicated operator)
varianceThreshold();selectPercentile(13.523139146780435);maxAbsScaler();bernoulliNB(2.1620983813503516,True)	0.5	cached
robustScaler(False,True);minMaxScaler();bernoulliNB(11.150363387439373,False)	0.49874999999999997	3.156829833984375
maxAbsScaler();selectFwe(0.017915467040969437);selectFwe(0.04857105558504968);minMaxScaler();nystroem('cosine',3.612332936527493,79,2,-0.19415663267329997);minMaxScaler();maxAbsScaler();mlpClassifier((60, 19),0.05140653258230293,0.897258844864606,'lbfgs','relu')	invalid_ind (duplicated operator)	invalid_ind (duplicated operator)
varianceThreshold();robustScaler(False,True);minMaxScaler();maxAbsScaler();minMaxScaler();varianceThreshold();extraTreesClassifier(93,'entropy','sqrt',19,11,False,'None')	invalid_ind (duplicated operator)	invalid_ind (duplicated operator)
varianceThreshold();maxAbsScaler();bernoulliNB(14.729175296293572,True)	0.5	2.7935898303985596
pca(0.9797696201249317,False);selectFwe(0.04794462400370385);fastICA(60,'parallel','unit-variance','logcosh');maxAbsScaler();kNN(10,'uniform',1)	eval_error (Found array with 0 feature(s) (shape=(646, 0)) while a minimum of 1 is required by FastICA.)	eval_error (Found array with 0 feature(s) (shape=(646, 0)) while a minimum of 1 is required by FastICA.)
varianceThreshold();selectPercentile(5.587569797420948);maxAbsScaler();bernoulliNB(2.1620983813503516,False)	0.5	3.6632766723632812
maxAbsScaler();selectFwe(0.017915467040969437);selectFwe(0.04857105558504968);minMaxScaler();nystroem('cosine',3.612332936527493,79,2,-0.903311741357937);minMaxScaler();maxAbsScaler();bernoulliNB(11.150363387439373,False)	invalid_ind (duplicated operator)	invalid_ind (duplicated operator)
nystroem('poly',3.1719914632542565,22,2,-0.903311741357937);varianceThreshold();minMaxScaler();maxAbsScaler();adaBoost(decisionTree('entropy',16,10,0.5134412166930334,6,'None'),36,1.9111547321302806,'SAMME')	0.6696141975308642	5.8777406215667725
nystroem('cosine',1.0430271987927875,27,4,0.997367136385104);maxAbsScaler();maxAbsScaler();maxAbsScaler();fastICA(59,'parallel','arbitrary-variance','cube');multinomialNB(3.080566357882891,True)	invalid_ind (duplicated operator)	invalid_ind (duplicated operator)
nystroem('poly',3.1719914632542565,22,2,-0.19415663267329997);varianceThreshold();minMaxScaler();selectFwe(0.03130884067310971);adaBoost(decisionTree('entropy',16,10,0.5134412166930334,6,'None'),36,1.9111547321302806,'SAMME')	eval_error (Found array with 0 feature(s) (shape=(646, 0)) while a minimum of 1 is required by AdaBoostClassifier.)	eval_error (Found array with 0 feature(s) (shape=(646, 0)) while a minimum of 1 is required by AdaBoostClassifier.)
kNN(9,'distance',2)	0.5222839506172839	7.051491737365723
varianceThreshold();bernoulliNB(11.150363387439373,True)	0.5	7.460571527481079
maxAbsScaler();selectFwe(0.017915467040969437);selectFwe(0.04857105558504968);minMaxScaler();nystroem('cosine',3.612332936527493,79,2,0.44703655996625935);minMaxScaler();maxAbsScaler();bernoulliNB(15.385814491801957,False)	invalid_ind (duplicated operator)	invalid_ind (duplicated operator)
maxAbsScaler();minMaxScaler();minMaxScaler();multinomialNB(41.76472703294746,True)	invalid_ind (duplicated operator)	invalid_ind (duplicated operator)
fastICA(4,'deflation','unit-variance','cube');minMaxScaler();bernoulliNB(14.729175296293572,True)	0.5012345679012346	19.406803607940674
maxAbsScaler();pca(0.577675494583219,True);selectFwe(0.004433434348235422);fastICA(19,'deflation','unit-variance','exp');varianceThreshold();varianceThreshold();randomForest(55,'entropy',0.6485318394888302,6,4,False,'balanced')	invalid_ind (duplicated operator)	invalid_ind (duplicated operator)
nystroem('cosine',0.05784056402101239,53,5,0.6755675022784686);randomForest(94,'gini',0.7143067956693883,9,6,False,'None')	0.920787037037037	37.61310863494873
minMaxScaler();varianceThreshold();nystroem('rbf',2.8895609644236675,70,2,-0.19415663267329997);adaBoost(decisionTree('entropy',30,17,0.836005573572394,10,'None'),39,0.19747663730920903,'SAMME')	0.6311728395061729	95.38209462165833
robustScaler(True,False);minMaxScaler();mlpClassifier((60, 19),0.05140653258230293,0.897258844864606,'lbfgs','relu')	0.781033950617284	103.46675300598145
minMaxScaler();varianceThreshold();nystroem('rbf',2.8895609644236675,70,2,0.44703655996625935);adaBoost(decisionTree('entropy',30,17,0.836005573572394,10,'None'),39,0.19747663730920903,'SAMME')	0.6311728395061729	94.9379494190216
robustScaler(False,True);minMaxScaler();mlpClassifier((60, 19),0.05140653258230293,0.897258844864606,'lbfgs','relu')	0.7834722222222223	90.33437752723694
maxAbsScaler();selectFwe(0.017915467040969437);selectFwe(0.04857105558504968);minMaxScaler();nystroem('cosine',3.612332936527493,79,2,-0.903311741357937);minMaxScaler();maxAbsScaler();bernoulliNB(11.150363387439373,False)	invalid_ind (duplicated operator)	invalid_ind (duplicated operator)
nystroem('poly',3.1719914632542565,22,2,-0.903311741357937);varianceThreshold();minMaxScaler();maxAbsScaler();adaBoost(decisionTree('entropy',16,10,0.5134412166930334,6,'None'),36,1.9111547321302806,'SAMME')	0.6696141975308642	cached
robustScaler(False,True);minMaxScaler();nystroem('cosine',3.612332936527493,79,2,-0.19415663267329997);minMaxScaler();maxAbsScaler();bernoulliNB(11.150363387439373,False)	invalid_ind (duplicated operator)	invalid_ind (duplicated operator)
maxAbsScaler();selectFwe(0.017915467040969437);selectFwe(0.04857105558504968);maxAbsScaler();mlpClassifier((60, 19),0.05140653258230293,0.897258844864606,'lbfgs','relu')	invalid_ind (duplicated operator)	invalid_ind (duplicated operator)
maxAbsScaler();selectFwe(0.017915467040969437);selectFwe(0.04857105558504968);minMaxScaler();nystroem('cosine',3.612332936527493,79,2,-0.19415663267329997);minMaxScaler();maxAbsScaler();bernoulliNB(11.150363387439373,False)	invalid_ind (duplicated operator)	invalid_ind (duplicated operator)
maxAbsScaler();selectFwe(0.017915467040969437);selectFwe(0.04857105558504968);minMaxScaler();nystroem('cosine',3.612332936527493,79,2,0.44703655996625935);minMaxScaler();maxAbsScaler();mlpClassifier((60, 19),0.05140653258230293,0.897258844864606,'lbfgs','relu')	invalid_ind (duplicated operator)	invalid_ind (duplicated operator)
maxAbsScaler();selectFwe(0.017915467040969437);selectFwe(0.04857105558504968);minMaxScaler();nystroem('cosine',3.612332936527493,79,2,-0.903311741357937);minMaxScaler();maxAbsScaler();bernoulliNB(11.150363387439373,False)	invalid_ind (duplicated operator)	invalid_ind (duplicated operator)
minMaxScaler();varianceThreshold();nystroem('rbf',2.8895609644236675,70,2,-0.903311741357937);adaBoost(decisionTree('entropy',30,17,0.836005573572394,10,'None'),39,0.19747663730920903,'SAMME')	0.6311728395061729	cached
maxAbsScaler();selectFwe(0.017915467040969437);selectFwe(0.04857105558504968);minMaxScaler();nystroem('cosine',3.612332936527493,79,2,-0.19415663267329997);minMaxScaler();maxAbsScaler();bernoulliNB(11.150363387439373,False)	invalid_ind (duplicated operator)	invalid_ind (duplicated operator)
maxAbsScaler();selectFwe(0.017915467040969437);selectFwe(0.04857105558504968);minMaxScaler();nystroem('cosine',3.612332936527493,79,2,0.44703655996625935);minMaxScaler();maxAbsScaler();mlpClassifier((60, 19),0.05140653258230293,0.897258844864606,'lbfgs','relu')	invalid_ind (duplicated operator)	invalid_ind (duplicated operator)
multinomialNB(3.080566357882891,True)	0.7573765432098766	cached
selectPercentile(19.607198242253464);selectPercentile(16.154445984138384);selectFwe(0.026063302936226426);robustScaler(True,False);adaBoost(decisionTree('entropy',25,15,0.5747328526438223,11,'None'),30,0.01869762844210748,'SAMME')	invalid_ind (duplicated operator)	invalid_ind (duplicated operator)
varianceThreshold();minMaxScaler();bernoulliNB(3.1150895904601605,False)	0.4975154320987654	3.3285694122314453
fastICA(4,'deflation','unit-variance','cube');minMaxScaler();bernoulliNB(14.729175296293572,True)	0.5012345679012346	8.704711437225342
adaBoost(decisionTree('gini',12,13,0.2204908300431373,1,'balanced'),54,0.569067941454376,'SAMME')	0.5717283950617285	11.392596960067749
adaBoost(decisionTree('entropy',3,4,0.809807909853507,16,'balanced'),33,1.4751565842172234,'SAMME')	0.5160030864197531	13.698696613311768
maxAbsScaler();selectFwe(0.017915467040969437);selectFwe(0.04857105558504968);minMaxScaler();nystroem('cosine',3.612332936527493,79,2,-0.903311741357937);minMaxScaler();maxAbsScaler();bernoulliNB(11.150363387439373,False)	invalid_ind (duplicated operator)	invalid_ind (duplicated operator)
varianceThreshold();minMaxScaler();bernoulliNB(3.1150895904601605,False)	0.4975154320987654	2.925156831741333
maxAbsScaler();pca(0.577675494583219,True);selectFwe(0.004433434348235422);fastICA(19,'deflation','unit-variance','exp');minMaxScaler();varianceThreshold();randomForest(55,'entropy',0.6485318394888302,6,4,False,'balanced')	eval_error (Found array with 0 feature(s) (shape=(646, 0)) while a minimum of 1 is required by FastICA.)	eval_error (Found array with 0 feature(s) (shape=(646, 0)) while a minimum of 1 is required by FastICA.)
varianceThreshold();varianceThreshold();nystroem('rbf',2.8895609644236675,70,2,-0.903311741357937);adaBoost(decisionTree('entropy',30,17,0.836005573572394,10,'None'),39,0.19747663730920903,'SAMME')	invalid_ind (duplicated operator)	invalid_ind (duplicated operator)
maxAbsScaler();selectFwe(0.017915467040969437);selectFwe(0.04857105558504968);minMaxScaler();nystroem('cosine',3.612332936527493,79,2,0.44703655996625935);minMaxScaler();maxAbsScaler();bernoulliNB(15.385814491801957,False)	invalid_ind (duplicated operator)	invalid_ind (duplicated operator)
varianceThreshold();robustScaler(False,True);minMaxScaler();maxAbsScaler();minMaxScaler();varianceThreshold();extraTreesClassifier(93,'entropy','sqrt',19,11,False,'None')	invalid_ind (duplicated operator)	invalid_ind (duplicated operator)
maxAbsScaler();adaBoost(decisionTree('entropy',25,15,0.5747328526438223,11,'None'),30,0.01869762844210748,'SAMME')	0.512361111111111	20.857990741729736
selectPercentile(45.138282213394945);selectPercentile(16.154445984138384);selectFwe(0.04099284654645592);robustScaler(True,False);lda(0.5839603898566129,120,0.09142559301773456)	invalid_ind (duplicated operator)	invalid_ind (duplicated operator)
maxAbsScaler();selectFwe(0.017915467040969437);selectFwe(0.04857105558504968);minMaxScaler();nystroem('cosine',2.8895609644236675,79,2,0.44703655996625935);minMaxScaler();maxAbsScaler();bernoulliNB(11.150363387439373,False)	invalid_ind (duplicated operator)	invalid_ind (duplicated operator)
robustScaler(False,True);minMaxScaler();bernoulliNB(2.1620983813503516,False)	0.4975154320987654	2.3561012744903564
nystroem('cosine',0.05784056402101239,53,5,0.6755675022784686);randomForest(94,'gini',0.7143067956693883,9,6,False,'None')	0.920787037037037	21.924386739730835
selectFwe(0.0015382798768397298);pca(0.7109527512982751,True);selectFwe(0.021257819713225292);decisionTree('entropy',7,20,0.7585504020651886,16,'None')	invalid_ind (duplicated operator)	invalid_ind (duplicated operator)
nystroem('cosine',1.0430271987927875,27,4,0.997367136385104);nystroem('sigmoid',3.255217524234969,20,3,-0.39152484290934053);maxAbsScaler();maxAbsScaler();fastICA(59,'parallel','arbitrary-variance','cube');multinomialNB(3.080566357882891,True)	invalid_ind (duplicated operator)	invalid_ind (duplicated operator)
varianceThreshold();maxAbsScaler();varianceThreshold();maxAbsScaler();adaBoost(decisionTree('entropy',19,9,0.04717086416499705,8,'None'),39,0.19747663730920903,'SAMME')	invalid_ind (duplicated operator)	invalid_ind (duplicated operator)
minMaxScaler();varianceThreshold();nystroem('rbf',2.8895609644236675,70,2,-0.903311741357937);adaBoost(decisionTree('entropy',30,17,0.836005573572394,10,'None'),39,0.19747663730920903,'SAMME')	0.6311728395061729	44.60446238517761
adaBoost(decisionTree('entropy',25,15,0.5747328526438223,11,'None'),30,0.01869762844210748,'SAMME')	0.5160802469135802	38.10066890716553
selectPercentile(19.607198242253464);selectPercentile(16.154445984138384);selectFwe(0.026063302936226426);robustScaler(True,False);multinomialNB(3.080566357882891,True)	invalid_ind (duplicated operator)	invalid_ind (duplicated operator)
selectFwe(0.03638821368887098);varianceThreshold();nystroem('rbf',2.8895609644236675,70,2,0.44703655996625935);adaBoost(decisionTree('entropy',30,17,0.836005573572394,10,'None'),39,0.19747663730920903,'SAMME')	eval_error (Found array with 0 feature(s) (shape=(646, 0)) while a minimum of 1 is required by VarianceThreshold.)	eval_error (Found array with 0 feature(s) (shape=(646, 0)) while a minimum of 1 is required by VarianceThreshold.)
minMaxScaler();varianceThreshold();nystroem('rbf',2.8895609644236675,70,2,0.44703655996625935);adaBoost(decisionTree('entropy',14,17,0.1060688364802288,10,'None'),39,0.060797711540367574,'SAMME')	0.6039814814814815	17.43305253982544
maxAbsScaler();lda(0.5839603898566129,120,0.09142559301773456)	eval_error (n_components cannot be larger than min(n_features, n_classes - 1).)	eval_error (n_components cannot be larger than min(n_features, n_classes - 1).)
varianceThreshold();selectPercentile(5.587569797420948);maxAbsScaler();mlpClassifier((60, 19),0.05140653258230293,0.897258844864606,'lbfgs','relu')	0.5287962962962963	66.38947749137878
minMaxScaler();varianceThreshold();nystroem('rbf',3.612332936527493,70,2,-0.19415663267329997);adaBoost(decisionTree('entropy',30,17,0.836005573572394,10,'None'),39,0.19747663730920903,'SAMME')	0.6386574074074074	67.36814975738525
minMaxScaler();varianceThreshold();nystroem('rbf',2.8895609644236675,70,2,-0.19415663267329997);adaBoost(decisionTree('entropy',30,17,0.836005573572394,10,'None'),89,1.6958996055481452,'SAMME')	0.6212654320987655	80.21605801582336
robustScaler(False,True);maxAbsScaler();adaBoost(decisionTree('entropy',24,8,0.651125117420867,18,'None'),97,1.8487079629610885,'SAMME')	0.5531327160493827	60.9373574256897
minMaxScaler();varianceThreshold();nystroem('rbf',3.612332936527493,70,2,-0.19415663267329997);adaBoost(decisionTree('entropy',30,17,0.836005573572394,10,'None'),39,0.19747663730920903,'SAMME')	0.6386574074074074	cached
minMaxScaler();varianceThreshold();nystroem('rbf',2.8895609644236675,70,2,-0.903311741357937);adaBoost(decisionTree('entropy',30,17,0.836005573572394,10,'None'),39,0.19747663730920903,'SAMME')	0.6311728395061729	cached
selectFwe(0.0015382798768397298);pca(0.7109527512982751,True);selectFwe(0.021257819713225292);decisionTree('entropy',7,20,0.7585504020651886,16,'None')	invalid_ind (duplicated operator)	invalid_ind (duplicated operator)
selectPercentile(83.58882507133649);selectPercentile(93.1028047840106);selectFwe(0.026063302936226426);robustScaler(False,False);adaBoost(decisionTree('entropy',25,15,0.5747328526438223,11,'None'),30,0.2815624034703389,'SAMME')	invalid_ind (duplicated operator)	invalid_ind (duplicated operator)
selectFwe(0.031139738084721796);adaBoost(decisionTree('entropy',24,8,0.651125117420867,18,'None'),97,1.8487079629610885,'SAMME')	eval_error (Found array with 0 feature(s) (shape=(646, 0)) while a minimum of 1 is required by AdaBoostClassifier.)	eval_error (Found array with 0 feature(s) (shape=(646, 0)) while a minimum of 1 is required by AdaBoostClassifier.)
maxAbsScaler();selectFwe(0.017915467040969437);selectFwe(0.04857105558504968);minMaxScaler();nystroem('cosine',3.612332936527493,79,2,0.44703655996625935);minMaxScaler();maxAbsScaler();mlpClassifier((60, 19),0.05140653258230293,0.897258844864606,'lbfgs','relu')	invalid_ind (duplicated operator)	invalid_ind (duplicated operator)
minMaxScaler();varianceThreshold();maxAbsScaler();minMaxScaler();selectFwe(0.03254719833030575);maxAbsScaler();bernoulliNB(11.150363387439373,False)	invalid_ind (duplicated operator)	invalid_ind (duplicated operator)
nystroem('cosine',3.612332936527493,27,2,-0.19415663267329997);nystroem('sigmoid',3.255217524234969,20,3,-0.39152484290934053);maxAbsScaler();maxAbsScaler();fastICA(59,'parallel','arbitrary-variance','cube');multinomialNB(3.080566357882891,True)	invalid_ind (duplicated operator)	invalid_ind (duplicated operator)
maxAbsScaler();selectFwe(0.017915467040969437);selectFwe(0.04857105558504968);minMaxScaler();nystroem('cosine',3.612332936527493,79,2,-0.19415663267329997);minMaxScaler();maxAbsScaler();bernoulliNB(11.150363387439373,False)	invalid_ind (duplicated operator)	invalid_ind (duplicated operator)
adaBoost(decisionTree('gini',12,13,0.2204908300431373,1,'balanced'),54,0.569067941454376,'SAMME')	0.5717283950617285	cached
maxAbsScaler();lda(0.5839603898566129,120,0.09142559301773456)	eval_error (n_components cannot be larger than min(n_features, n_classes - 1).)	eval_error (n_components cannot be larger than min(n_features, n_classes - 1).)
fastICA(4,'deflation','unit-variance','cube');maxAbsScaler();bernoulliNB(14.729175296293572,True)	0.5543209876543209	6.68567681312561
varianceThreshold();maxAbsScaler();varianceThreshold();minMaxScaler();adaBoost(decisionTree('entropy',19,9,0.04717086416499705,8,'None'),39,0.19747663730920903,'SAMME')	invalid_ind (duplicated operator)	invalid_ind (duplicated operator)
varianceThreshold();robustScaler(False,True);minMaxScaler();maxAbsScaler();minMaxScaler();varianceThreshold();extraTreesClassifier(93,'entropy','sqrt',19,11,False,'None')	invalid_ind (duplicated operator)	invalid_ind (duplicated operator)
minMaxScaler();varianceThreshold();nystroem('rbf',2.8895609644236675,70,2,-0.903311741357937);adaBoost(decisionTree('entropy',30,17,0.836005573572394,10,'None'),39,0.19747663730920903,'SAMME')	0.6311728395061729	cached
nystroem('cosine',1.0430271987927875,27,4,0.997367136385104);nystroem('sigmoid',3.255217524234969,20,3,-0.39152484290934053);maxAbsScaler();robustScaler(True,False);fastICA(59,'parallel','arbitrary-variance','cube');multinomialNB(3.080566357882891,True)	invalid_ind (duplicated operator)	invalid_ind (duplicated operator)
minMaxScaler();varianceThreshold();nystroem('rbf',2.8895609644236675,70,2,0.44703655996625935);adaBoost(decisionTree('entropy',14,17,0.1060688364802288,10,'None'),39,0.060797711540367574,'SAMME')	0.6039814814814815	9.204212665557861
maxAbsScaler();selectFwe(0.017915467040969437);selectFwe(0.04857105558504968);minMaxScaler();nystroem('cosine',3.612332936527493,79,2,0.44703655996625935);minMaxScaler();maxAbsScaler();bernoulliNB(15.385814491801957,False)	invalid_ind (duplicated operator)	invalid_ind (duplicated operator)
varianceThreshold();pca(0.9962891348519631,False);minMaxScaler();maxAbsScaler();minMaxScaler();varianceThreshold();extraTreesClassifier(93,'entropy','sqrt',19,11,False,'None')	invalid_ind (duplicated operator)	invalid_ind (duplicated operator)
maxAbsScaler();selectFwe(0.017915467040969437);selectFwe(0.04857105558504968);minMaxScaler();nystroem('cosine',3.612332936527493,79,2,0.44703655996625935);minMaxScaler();maxAbsScaler();mlpClassifier((60, 19),0.05140653258230293,0.897258844864606,'lbfgs','relu')	invalid_ind (duplicated operator)	invalid_ind (duplicated operator)
maxAbsScaler();selectFwe(0.017915467040969437);selectFwe(0.04857105558504968);minMaxScaler();nystroem('cosine',2.8895609644236675,79,2,0.44703655996625935);minMaxScaler();maxAbsScaler();bernoulliNB(11.150363387439373,False)	invalid_ind (duplicated operator)	invalid_ind (duplicated operator)
maxAbsScaler();selectFwe(0.03638821368887098);selectFwe(0.04857105558504968);minMaxScaler();nystroem('cosine',2.8895609644236675,79,2,0.44703655996625935);minMaxScaler();maxAbsScaler();bernoulliNB(11.150363387439373,False)	invalid_ind (duplicated operator)	invalid_ind (duplicated operator)
selectFwe(0.017915467040969437);varianceThreshold();nystroem('rbf',2.8895609644236675,70,2,0.44703655996625935);adaBoost(decisionTree('entropy',30,17,0.836005573572394,10,'None'),39,0.19747663730920903,'SAMME')	eval_error (Found array with 0 feature(s) (shape=(646, 0)) while a minimum of 1 is required by VarianceThreshold.)	eval_error (Found array with 0 feature(s) (shape=(646, 0)) while a minimum of 1 is required by VarianceThreshold.)
maxAbsScaler();adaBoost(decisionTree('entropy',25,15,0.5747328526438223,11,'None'),30,0.01869762844210748,'SAMME')	0.512361111111111	30.677785634994507
maxAbsScaler();lda(0.5839603898566129,120,0.09142559301773456)	eval_error (n_components cannot be larger than min(n_features, n_classes - 1).)	eval_error (n_components cannot be larger than min(n_features, n_classes - 1).)
maxAbsScaler();selectFwe(0.017915467040969437);selectFwe(0.04857105558504968);minMaxScaler();nystroem('cosine',3.612332936527493,79,2,0.44703655996625935);minMaxScaler();maxAbsScaler();bernoulliNB(15.385814491801957,False)	invalid_ind (duplicated operator)	invalid_ind (duplicated operator)
multinomialNB(3.080566357882891,True)	0.7573765432098766	5.017782211303711
minMaxScaler();varianceThreshold();selectPercentile(97.38767647870736);adaBoost(decisionTree('entropy',30,17,0.836005573572394,10,'None'),39,0.19747663730920903,'SAMME')	0.572824074074074	74.01953911781311
maxAbsScaler();lda(0.5839603898566129,120,0.09142559301773456)	eval_error (n_components cannot be larger than min(n_features, n_classes - 1).)	eval_error (n_components cannot be larger than min(n_features, n_classes - 1).)
maxAbsScaler();fastICA(11,'deflation','unit-variance','exp');selectFwe(0.043031638546417644);maxAbsScaler();bernoulliNB(11.150363387439373,False)	invalid_ind (duplicated operator)	invalid_ind (duplicated operator)
minMaxScaler();varianceThreshold();nystroem('rbf',2.8895609644236675,70,2,-0.903311741357937);adaBoost(decisionTree('entropy',30,17,0.836005573572394,10,'None'),39,0.19747663730920903,'SAMME')	0.6311728395061729	cached
varianceThreshold();maxAbsScaler();varianceThreshold();maxAbsScaler();adaBoost(decisionTree('entropy',19,9,0.04717086416499705,8,'None'),39,0.19747663730920903,'SAMME')	invalid_ind (duplicated operator)	invalid_ind (duplicated operator)
nystroem('cosine',0.05784056402101239,53,5,-0.19415663267329997);randomForest(94,'gini',0.7143067956693883,9,6,False,'None')	0.920787037037037	40.137203216552734
robustScaler(False,True);minMaxScaler();nystroem('cosine',3.612332936527493,79,2,0.6755675022784686);minMaxScaler();maxAbsScaler();bernoulliNB(11.150363387439373,False)	invalid_ind (duplicated operator)	invalid_ind (duplicated operator)
maxAbsScaler();minMaxScaler();mlpClassifier((60, 19),0.05140653258230293,0.897258844864606,'lbfgs','relu')	0.7896913580246914	80.11830735206604
varianceThreshold();minMaxScaler();bernoulliNB(3.1150895904601605,False)	0.4975154320987654	7.1558191776275635
minMaxScaler();varianceThreshold();nystroem('rbf',3.612332936527493,70,2,-0.19415663267329997);adaBoost(decisionTree('entropy',30,17,0.836005573572394,10,'None'),89,1.6958996055481452,'SAMME')	0.6100308641975308	97.59395742416382
maxAbsScaler();selectFwe(0.017915467040969437);selectFwe(0.04857105558504968);minMaxScaler();nystroem('cosine',2.8895609644236675,79,2,-0.19415663267329997);minMaxScaler();maxAbsScaler();bernoulliNB(11.150363387439373,False)	invalid_ind (duplicated operator)	invalid_ind (duplicated operator)
robustScaler(False,True);maxAbsScaler();adaBoost(decisionTree('entropy',24,8,0.651125117420867,18,'None'),97,1.8487079629610885,'SAMME')	0.5531327160493827	88.02993083000183
maxAbsScaler();selectFwe(0.017915467040969437);selectFwe(0.04857105558504968);maxAbsScaler();mlpClassifier((60, 19),0.05140653258230293,0.897258844864606,'lbfgs','relu')	invalid_ind (duplicated operator)	invalid_ind (duplicated operator)
nystroem('cosine',3.612332936527493,27,2,-0.19415663267329997);nystroem('sigmoid',3.255217524234969,20,3,-0.39152484290934053);maxAbsScaler();maxAbsScaler();fastICA(59,'parallel','arbitrary-variance','cube');multinomialNB(3.080566357882891,True)	invalid_ind (duplicated operator)	invalid_ind (duplicated operator)
minMaxScaler();varianceThreshold();nystroem('rbf',3.612332936527493,70,2,-0.19415663267329997);adaBoost(decisionTree('entropy',30,17,0.836005573572394,10,'None'),89,1.6958996055481452,'SAMME')	0.6100308641975308	cached
nystroem('cosine',3.612332936527493,27,2,-0.19415663267329997);nystroem('sigmoid',3.255217524234969,20,3,-0.39152484290934053);maxAbsScaler();maxAbsScaler();fastICA(59,'parallel','arbitrary-variance','cube');multinomialNB(3.080566357882891,True)	invalid_ind (duplicated operator)	invalid_ind (duplicated operator)
maxAbsScaler();nystroem('cosine',0.05784056402101239,53,5,0.6755675022784686);selectFwe(0.043031638546417644);maxAbsScaler();bernoulliNB(11.150363387439373,False)	invalid_ind (duplicated operator)	invalid_ind (duplicated operator)
maxAbsScaler();selectFwe(0.017915467040969437);selectFwe(0.04857105558504968);maxAbsScaler();mlpClassifier((60, 19),0.05140653258230293,0.897258844864606,'lbfgs','relu')	invalid_ind (duplicated operator)	invalid_ind (duplicated operator)
nystroem('cosine',3.612332936527493,27,2,-0.19415663267329997);nystroem('sigmoid',3.255217524234969,20,3,-0.39152484290934053);maxAbsScaler();maxAbsScaler();fastICA(59,'parallel','arbitrary-variance','cube');multinomialNB(3.080566357882891,True)	invalid_ind (duplicated operator)	invalid_ind (duplicated operator)
minMaxScaler();varianceThreshold();maxAbsScaler();minMaxScaler();selectFwe(0.03254719833030575);maxAbsScaler();bernoulliNB(15.385814491801957,False)	invalid_ind (duplicated operator)	invalid_ind (duplicated operator)
maxAbsScaler();selectFwe(0.017915467040969437);selectFwe(0.04857105558504968);minMaxScaler();nystroem('cosine',3.612332936527493,79,2,0.44703655996625935);minMaxScaler();maxAbsScaler();bernoulliNB(11.150363387439373,False)	invalid_ind (duplicated operator)	invalid_ind (duplicated operator)
maxAbsScaler();selectFwe(0.017915467040969437);selectFwe(0.04857105558504968);minMaxScaler();nystroem('cosine',3.612332936527493,79,2,0.6755675022784686);minMaxScaler();maxAbsScaler();bernoulliNB(11.150363387439373,False)	invalid_ind (duplicated operator)	invalid_ind (duplicated operator)
robustScaler(False,True);minMaxScaler();nystroem('cosine',3.612332936527493,79,2,0.44703655996625935);minMaxScaler();maxAbsScaler();bernoulliNB(15.385814491801957,False)	invalid_ind (duplicated operator)	invalid_ind (duplicated operator)
nystroem('cosine',1.0430271987927875,27,4,0.997367136385104);nystroem('sigmoid',3.255217524234969,20,3,-0.39152484290934053);maxAbsScaler();robustScaler(True,False);fastICA(59,'parallel','arbitrary-variance','cube');multinomialNB(3.080566357882891,True)	invalid_ind (duplicated operator)	invalid_ind (duplicated operator)
maxAbsScaler();lda(0.5839603898566129,120,0.09142559301773456)	eval_error (n_components cannot be larger than min(n_features, n_classes - 1).)	eval_error (n_components cannot be larger than min(n_features, n_classes - 1).)
maxAbsScaler();selectFwe(0.017915467040969437);selectFwe(0.04857105558504968);minMaxScaler();nystroem('cosine',3.612332936527493,79,2,0.44703655996625935);minMaxScaler();maxAbsScaler();bernoulliNB(11.150363387439373,False)	invalid_ind (duplicated operator)	invalid_ind (duplicated operator)
maxAbsScaler();fastICA(11,'deflation','unit-variance','exp');selectFwe(0.043031638546417644);maxAbsScaler();bernoulliNB(15.385814491801957,False)	invalid_ind (duplicated operator)	invalid_ind (duplicated operator)
maxAbsScaler();lda(0.5839603898566129,120,0.09142559301773456)	eval_error (n_components cannot be larger than min(n_features, n_classes - 1).)	eval_error (n_components cannot be larger than min(n_features, n_classes - 1).)
minMaxScaler();varianceThreshold();nystroem('rbf',2.8895609644236675,70,2,-0.903311741357937);adaBoost(decisionTree('entropy',30,17,0.836005573572394,10,'None'),39,0.19747663730920903,'SAMME')	0.6311728395061729	cached
robustScaler(False,True);minMaxScaler();mlpClassifier((60, 19),0.00048030945681064714,0.8520370777245284,'adam','tanh')	0.5	14.444596767425537
robustScaler(False,True);maxAbsScaler();adaBoost(decisionTree('entropy',24,8,0.651125117420867,18,'None'),97,1.8487079629610885,'SAMME')	0.5531327160493827	cached
adaBoost(decisionTree('gini',12,13,0.2204908300431373,1,'balanced'),54,0.569067941454376,'SAMME')	0.5717283950617285	16.603818655014038
minMaxScaler();varianceThreshold();selectPercentile(97.38767647870736);adaBoost(decisionTree('entropy',30,17,0.836005573572394,10,'None'),39,0.19747663730920903,'SAMME')	0.572824074074074	cached
nystroem('cosine',1.0430271987927875,27,4,0.997367136385104);nystroem('sigmoid',3.255217524234969,20,3,-0.39152484290934053);maxAbsScaler();robustScaler(True,False);fastICA(59,'parallel','arbitrary-variance','cube');multinomialNB(3.080566357882891,True)	invalid_ind (duplicated operator)	invalid_ind (duplicated operator)
minMaxScaler();varianceThreshold();nystroem('rbf',3.612332936527493,70,2,-0.19415663267329997);adaBoost(decisionTree('entropy',30,17,0.836005573572394,10,'None'),39,0.19747663730920903,'SAMME')	0.6386574074074074	cached
minMaxScaler();varianceThreshold();nystroem('rbf',2.8895609644236675,70,2,-0.903311741357937);adaBoost(decisionTree('entropy',30,17,0.836005573572394,10,'None'),39,0.19747663730920903,'SAMME')	0.6311728395061729	cached
maxAbsScaler();selectFwe(0.017915467040969437);selectFwe(0.04857105558504968);minMaxScaler();nystroem('cosine',2.8895609644236675,79,2,0.44703655996625935);minMaxScaler();maxAbsScaler();bernoulliNB(11.150363387439373,False)	invalid_ind (duplicated operator)	invalid_ind (duplicated operator)
varianceThreshold();robustScaler(False,True);minMaxScaler();maxAbsScaler();minMaxScaler();varianceThreshold();extraTreesClassifier(93,'entropy','sqrt',19,11,False,'None')	invalid_ind (duplicated operator)	invalid_ind (duplicated operator)
minMaxScaler();varianceThreshold();nystroem('rbf',2.8895609644236675,70,2,0.44703655996625935);adaBoost(decisionTree('entropy',14,17,0.1060688364802288,10,'None'),39,0.060797711540367574,'SAMME')	0.6039814814814815	cached
maxAbsScaler();selectFwe(0.017915467040969437);selectFwe(0.04857105558504968);minMaxScaler();nystroem('cosine',3.612332936527493,79,2,0.44703655996625935);minMaxScaler();maxAbsScaler();mlpClassifier((60, 19),0.05140653258230293,0.897258844864606,'lbfgs','relu')	invalid_ind (duplicated operator)	invalid_ind (duplicated operator)
fastICA(11,'deflation','unit-variance','exp');randomForest(94,'gini',0.7143067956693883,9,6,False,'None')	0.803287037037037	16.90226697921753
maxAbsScaler();selectFwe(0.03638821368887098);selectFwe(0.04857105558504968);minMaxScaler();minMaxScaler();minMaxScaler();maxAbsScaler();bernoulliNB(11.150363387439373,False)	invalid_ind (duplicated operator)	invalid_ind (duplicated operator)
minMaxScaler();varianceThreshold();nystroem('poly',4.707041671762015,35,2,-0.19415663267329997);adaBoost(decisionTree('entropy',30,17,0.836005573572394,10,'None'),39,0.19747663730920903,'SAMME')	0.6559876543209877	20.63216257095337
nystroem('cosine',2.8895609644236675,79,2,0.44703655996625935);varianceThreshold();selectPercentile(97.38767647870736);adaBoost(decisionTree('entropy',30,17,0.836005573572394,10,'None'),39,0.19747663730920903,'SAMME')	0.9653858024691357	20.5847384929657
nystroem('cosine',0.05784056402101239,53,2,0.6755675022784686);lda(0.5839603898566129,120,0.09142559301773456)	eval_error (n_components cannot be larger than min(n_features, n_classes - 1).)	eval_error (n_components cannot be larger than min(n_features, n_classes - 1).)
minMaxScaler();varianceThreshold();nystroem('rbf',2.8895609644236675,70,2,-0.903311741357937);adaBoost(decisionTree('entropy',11,7,0.45205941597726307,13,'balanced'),39,0.19747663730920903,'SAMME')	0.6149691358024691	12.786712408065796
minMaxScaler();varianceThreshold();nystroem('rbf',5.95686072694444,70,2,-0.26255944419334876);adaBoost(decisionTree('entropy',30,17,0.836005573572394,10,'None'),39,0.19747663730920903,'SAMME')	0.6275462962962963	26.898189783096313
robustScaler(False,True);minMaxScaler();nystroem('cosine',3.612332936527493,79,2,-0.903311741357937);minMaxScaler();maxAbsScaler();bernoulliNB(11.150363387439373,False)	invalid_ind (duplicated operator)	invalid_ind (duplicated operator)
maxAbsScaler();fastICA(11,'deflation','unit-variance','exp');selectFwe(0.043031638546417644);nystroem('rbf',3.612332936527493,70,2,-0.19415663267329997);adaBoost(decisionTree('entropy',30,17,0.836005573572394,10,'None'),89,1.6958996055481452,'SAMME')	0.6531172839506173	58.17417788505554
minMaxScaler();varianceThreshold();maxAbsScaler();bernoulliNB(11.150363387439373,False)	0.49874999999999997	1.6796200275421143
minMaxScaler();varianceThreshold();nystroem('rbf',3.612332936527493,70,2,-0.19415663267329997);adaBoost(decisionTree('entropy',30,17,0.836005573572394,10,'None'),89,1.6958996055481452,'SAMME')	0.6100308641975308	46.716070890426636
maxAbsScaler();selectFwe(0.017915467040969437);selectFwe(0.04857105558504968);maxAbsScaler();mlpClassifier((60, 19),0.05140653258230293,0.897258844864606,'lbfgs','relu')	invalid_ind (duplicated operator)	invalid_ind (duplicated operator)
maxAbsScaler();randomForest(94,'gini',0.7143067956693883,9,6,False,'None')	0.529645061728395	27.217679023742676
robustScaler(True,False);minMaxScaler();mlpClassifier((60, 19),0.05140653258230293,0.897258844864606,'lbfgs','relu')	0.781033950617284	cached
minMaxScaler();varianceThreshold();selectPercentile(97.38767647870736);adaBoost(decisionTree('entropy',30,17,0.836005573572394,10,'None'),39,0.19747663730920903,'SAMME')	0.572824074074074	cached
minMaxScaler();varianceThreshold();maxAbsScaler();minMaxScaler();selectFwe(0.03254719833030575);maxAbsScaler();bernoulliNB(15.385814491801957,False)	invalid_ind (duplicated operator)	invalid_ind (duplicated operator)
maxAbsScaler();selectFwe(0.017915467040969437);selectFwe(0.04857105558504968);minMaxScaler();nystroem('cosine',2.8895609644236675,79,2,0.44703655996625935);minMaxScaler();maxAbsScaler();bernoulliNB(11.150363387439373,False)	invalid_ind (duplicated operator)	invalid_ind (duplicated operator)
robustScaler(False,True);minMaxScaler();mlpClassifier((60, 19),0.05140653258230293,0.897258844864606,'lbfgs','relu')	0.7834722222222223	cached
nystroem('cosine',1.0430271987927875,27,4,-0.4985708206708115);nystroem('sigmoid',3.255217524234969,20,3,-0.39152484290934053);maxAbsScaler();robustScaler(True,False);fastICA(59,'parallel','arbitrary-variance','cube');multinomialNB(0.7854218265303383,True)	invalid_ind (duplicated operator)	invalid_ind (duplicated operator)
maxAbsScaler();selectFwe(0.017915467040969437);selectFwe(0.04857105558504968);minMaxScaler();nystroem('cosine',3.612332936527493,79,2,0.997367136385104);minMaxScaler();maxAbsScaler();mlpClassifier((60, 19),0.05140653258230293,0.897258844864606,'lbfgs','relu')	invalid_ind (duplicated operator)	invalid_ind (duplicated operator)
minMaxScaler();varianceThreshold();nystroem('rbf',3.612332936527493,70,2,-0.19415663267329997);adaBoost(decisionTree('entropy',30,17,0.836005573572394,10,'None'),39,0.19747663730920903,'SAMME')	0.6386574074074074	cached
minMaxScaler();varianceThreshold();nystroem('rbf',2.8895609644236675,70,2,-0.903311741357937);adaBoost(decisionTree('entropy',30,17,0.836005573572394,10,'None'),39,0.19747663730920903,'SAMME')	0.6311728395061729	cached
nystroem('cosine',3.612332936527493,27,2,0.6755675022784686);nystroem('sigmoid',3.255217524234969,20,3,-0.39152484290934053);maxAbsScaler();maxAbsScaler();fastICA(59,'parallel','arbitrary-variance','cube');multinomialNB(3.080566357882891,True)	invalid_ind (duplicated operator)	invalid_ind (duplicated operator)
maxAbsScaler();selectFwe(0.017915467040969437);selectFwe(0.04857105558504968);minMaxScaler();nystroem('cosine',3.612332936527493,79,2,-0.19415663267329997);minMaxScaler();maxAbsScaler();bernoulliNB(11.150363387439373,False)	invalid_ind (duplicated operator)	invalid_ind (duplicated operator)
maxAbsScaler();selectFwe(0.017915467040969437);nystroem('cosine',0.05784056402101239,53,5,0.6755675022784686);maxAbsScaler();mlpClassifier((60, 19),0.05140653258230293,0.897258844864606,'lbfgs','relu')	invalid_ind (duplicated operator)	invalid_ind (duplicated operator)
robustScaler(False,True);lda(0.5839603898566129,120,0.09142559301773456)	eval_error (n_components cannot be larger than min(n_features, n_classes - 1).)	eval_error (n_components cannot be larger than min(n_features, n_classes - 1).)
nystroem('cosine',1.0430271987927875,27,4,0.997367136385104);nystroem('sigmoid',3.255217524234969,20,3,-0.39152484290934053);maxAbsScaler();robustScaler(True,False);fastICA(59,'parallel','arbitrary-variance','cube');multinomialNB(3.080566357882891,True)	invalid_ind (duplicated operator)	invalid_ind (duplicated operator)
minMaxScaler();varianceThreshold();nystroem('poly',4.707041671762015,35,2,-0.19415663267329997);adaBoost(decisionTree('entropy',30,17,0.836005573572394,10,'None'),39,0.19747663730920903,'SAMME')	0.6559876543209877	cached
nystroem('cosine',0.05784056402101239,53,5,0.6755675022784686);randomForest(94,'gini',0.7143067956693883,9,6,False,'None')	0.920787037037037	cached
nystroem('cosine',1.0430271987927875,27,4,0.997367136385104);nystroem('sigmoid',3.255217524234969,20,3,-0.39152484290934053);maxAbsScaler();robustScaler(True,False);fastICA(59,'parallel','arbitrary-variance','cube');multinomialNB(3.080566357882891,True)	invalid_ind (duplicated operator)	invalid_ind (duplicated operator)
robustScaler(True,False);minMaxScaler();mlpClassifier((60, 19),0.05140653258230293,0.897258844864606,'lbfgs','relu')	0.781033950617284	cached
minMaxScaler();varianceThreshold();nystroem('poly',4.707041671762015,35,2,-0.19415663267329997);adaBoost(decisionTree('entropy',30,17,0.836005573572394,10,'None'),39,0.19747663730920903,'SAMME')	0.6559876543209877	cached
maxAbsScaler();selectFwe(0.03638821368887098);selectFwe(0.04857105558504968);minMaxScaler();minMaxScaler();minMaxScaler();maxAbsScaler();bernoulliNB(6.855552732283416,False)	invalid_ind (duplicated operator)	invalid_ind (duplicated operator)
maxAbsScaler();selectFwe(0.008113165830907008);selectFwe(0.04857105558504968);minMaxScaler();nystroem('cosine',0.3162454257237629,79,2,0.44703655996625935);minMaxScaler();maxAbsScaler();bernoulliNB(11.150363387439373,False)	invalid_ind (duplicated operator)	invalid_ind (duplicated operator)
selectFwe(0.04857105558504968);randomForest(94,'gini',0.7143067956693883,9,6,False,'None')	eval_error (Found array with 0 feature(s) (shape=(646, 0)) while a minimum of 1 is required by RandomForestClassifier.)	eval_error (Found array with 0 feature(s) (shape=(646, 0)) while a minimum of 1 is required by RandomForestClassifier.)
maxAbsScaler();selectFwe(0.017915467040969437);selectFwe(0.04857105558504968);minMaxScaler();nystroem('cosine',3.612332936527493,79,2,0.44703655996625935);minMaxScaler();maxAbsScaler();mlpClassifier((60, 19),0.05140653258230293,0.897258844864606,'lbfgs','relu')	invalid_ind (duplicated operator)	invalid_ind (duplicated operator)
robustScaler(False,True);maxAbsScaler();mlpClassifier((60, 19),0.05140653258230293,0.897258844864606,'lbfgs','relu')	0.783503086419753	cached
nystroem('cosine',0.05784056402101239,53,5,-0.903311741357937);randomForest(94,'gini',0.7143067956693883,9,6,False,'None')	0.920787037037037	51.815306663513184
maxAbsScaler();fastICA(11,'deflation','unit-variance','exp');selectFwe(0.043031638546417644);nystroem('rbf',3.612332936527493,70,2,-0.19415663267329997);adaBoost(decisionTree('entropy',28,8,0.670420431158556,9,'balanced'),39,0.19747663730920903,'SAMME')	0.6618981481481482	73.71674609184265
minMaxScaler();varianceThreshold();nystroem('rbf',2.8895609644236675,70,2,0.6755675022784686);adaBoost(decisionTree('entropy',11,7,0.45205941597726307,13,'balanced'),39,0.19747663730920903,'SAMME')	0.6149691358024691	47.35810089111328
minMaxScaler();varianceThreshold();nystroem('rbf',0.05784056402101239,70,5,-0.19415663267329997);adaBoost(decisionTree('entropy',30,17,0.836005573572394,10,'None'),39,0.19747663730920903,'SAMME')	0.6696141975308642	104.45503783226013
robustScaler(False,True);minMaxScaler();mlpClassifier((60, 19),0.05140653258230293,0.897258844864606,'lbfgs','relu')	0.7834722222222223	132.3501374721527
robustScaler(True,False);minMaxScaler();mlpClassifier((60, 19),0.05140653258230293,0.897258844864606,'lbfgs','relu')	0.781033950617284	131.54936981201172
maxAbsScaler();selectFwe(0.017915467040969437);selectFwe(0.04857105558504968);minMaxScaler();nystroem('cosine',2.8895609644236675,79,2,0.44703655996625935);minMaxScaler();maxAbsScaler();bernoulliNB(11.150363387439373,False)	invalid_ind (duplicated operator)	invalid_ind (duplicated operator)
maxAbsScaler();lda(0.5839603898566129,120,0.09142559301773456)	eval_error (n_components cannot be larger than min(n_features, n_classes - 1).)	eval_error (n_components cannot be larger than min(n_features, n_classes - 1).)
robustScaler(True,False);minMaxScaler();mlpClassifier((60, 19),0.05140653258230293,0.897258844864606,'lbfgs','relu')	0.781033950617284	cached
robustScaler(True,False);minMaxScaler();mlpClassifier((60, 19),0.05140653258230293,0.897258844864606,'lbfgs','relu')	0.781033950617284	cached
nystroem('cosine',2.8895609644236675,90,2,0.44703655996625935);varianceThreshold();selectPercentile(97.38767647870736);bernoulliNB(6.575718929548756,False)	0.5	10.032494306564331
maxAbsScaler();fastICA(11,'deflation','unit-variance','exp');selectFwe(0.043031638546417644);maxAbsScaler();adaBoost(decisionTree('entropy',30,17,0.836005573572394,10,'None'),39,0.19747663730920903,'SAMME')	invalid_ind (duplicated operator)	invalid_ind (duplicated operator)
nystroem('cosine',5.95686072694444,53,2,-0.26255944419334876);randomForest(94,'gini',0.7143067956693883,9,6,False,'None')	0.920787037037037	48.8488609790802
minMaxScaler();varianceThreshold();nystroem('rbf',5.95686072694444,70,2,-0.26255944419334876);adaBoost(decisionTree('gini',27,18,0.7928694037010396,9,'None'),62,1.525408431245706,'SAMME')	0.6348302469135803	92.2221748828888
fastICA(19,'parallel','unit-variance','logcosh');maxAbsScaler();mlpClassifier((60, 19),0.05140653258230293,0.897258844864606,'lbfgs','relu')	0.7563271604938272	84.68468070030212
maxAbsScaler();selectFwe(0.017915467040969437);selectFwe(0.04857105558504968);minMaxScaler();nystroem('cosine',3.612332936527493,79,2,0.6755675022784686);minMaxScaler();maxAbsScaler();bernoulliNB(11.150363387439373,False)	invalid_ind (duplicated operator)	invalid_ind (duplicated operator)
nystroem('cosine',2.8895609644236675,79,2,0.44703655996625935);varianceThreshold();selectPercentile(97.38767647870736);adaBoost(decisionTree('entropy',30,17,0.836005573572394,10,'None'),39,0.19747663730920903,'SAMME')	0.9653858024691357	cached
minMaxScaler();varianceThreshold();nystroem('rbf',0.05784056402101239,70,5,-0.19415663267329997);adaBoost(decisionTree('entropy',30,17,0.836005573572394,10,'None'),39,0.19747663730920903,'SAMME')	0.6696141975308642	cached
nystroem('cosine',1.0430271987927875,27,4,0.997367136385104);nystroem('sigmoid',3.255217524234969,20,3,-0.39152484290934053);maxAbsScaler();robustScaler(True,False);fastICA(59,'parallel','arbitrary-variance','cube');multinomialNB(20.61894176917363,True)	invalid_ind (duplicated operator)	invalid_ind (duplicated operator)
maxAbsScaler();fastICA(11,'deflation','unit-variance','exp');selectFwe(0.043031638546417644);robustScaler(False,True);adaBoost(decisionTree('entropy',28,8,0.670420431158556,9,'balanced'),39,0.19747663730920903,'SAMME')	0.6593672839506173	24.66616153717041
maxAbsScaler();adaBoost(decisionTree('entropy',23,10,0.3004819676355428,10,'None'),40,0.18451650541900705,'SAMME')	0.5668209876543211	46.852789640426636
nystroem('cosine',3.612332936527493,53,2,0.6755675022784686);randomForest(94,'gini',0.7143067956693883,9,6,False,'None')	0.920787037037037	48.81134366989136
maxAbsScaler();selectFwe(0.017915467040969437);selectFwe(0.04857105558504968);minMaxScaler();nystroem('cosine',0.05784056402101239,79,5,-0.903311741357937);minMaxScaler();maxAbsScaler();bernoulliNB(11.150363387439373,False)	invalid_ind (duplicated operator)	invalid_ind (duplicated operator)
nystroem('cosine',2.8895609644236675,79,2,0.44703655996625935);varianceThreshold();selectPercentile(97.38767647870736);adaBoost(decisionTree('entropy',30,17,0.836005573572394,10,'None'),39,0.19747663730920903,'SAMME')	0.9653858024691357	cached
maxAbsScaler();selectFwe(0.017915467040969437);selectFwe(0.04857105558504968);minMaxScaler();nystroem('cosine',2.8895609644236675,79,2,0.44703655996625935);minMaxScaler();maxAbsScaler();bernoulliNB(11.150363387439373,False)	invalid_ind (duplicated operator)	invalid_ind (duplicated operator)
minMaxScaler();varianceThreshold();nystroem('rbf',2.8895609644236675,70,2,0.44703655996625935);adaBoost(decisionTree('entropy',30,17,0.836005573572394,10,'None'),39,0.19747663730920903,'SAMME')	0.6311728395061729	109.52821946144104
maxAbsScaler();selectFwe(0.017915467040969437);selectFwe(0.04857105558504968);minMaxScaler();nystroem('cosine',0.05784056402101239,79,5,-0.19415663267329997);minMaxScaler();maxAbsScaler();bernoulliNB(11.150363387439373,False)	invalid_ind (duplicated operator)	invalid_ind (duplicated operator)
robustScaler(False,True);maxAbsScaler();mlpClassifier((60, 19),0.05140653258230293,0.897258844864606,'lbfgs','relu')	0.783503086419753	cached
robustScaler(True,False);minMaxScaler();mlpClassifier((60, 19),0.05140653258230293,0.897258844864606,'lbfgs','relu')	0.781033950617284	cached
robustScaler(True,False);minMaxScaler();mlpClassifier((60, 19),0.05140653258230293,0.897258844864606,'lbfgs','relu')	0.781033950617284	132.68362379074097
nystroem('rbf',3.612332936527493,70,2,-0.19415663267329997);minMaxScaler();mlpClassifier((60, 19),0.05140653258230293,0.897258844864606,'lbfgs','relu')	0.49874999999999997	115.2996141910553
maxAbsScaler();lda(0.5839603898566129,120,0.09142559301773456)	eval_error (n_components cannot be larger than min(n_features, n_classes - 1).)	eval_error (n_components cannot be larger than min(n_features, n_classes - 1).)
robustScaler(False,True);minMaxScaler();mlpClassifier((60, 19),0.05140653258230293,0.897258844864606,'lbfgs','relu')	0.7834722222222223	cached
robustScaler(False,True);minMaxScaler();mlpClassifier((60, 19),0.05140653258230293,0.897258844864606,'lbfgs','relu')	0.7834722222222223	cached
minMaxScaler();varianceThreshold();nystroem('rbf',3.612332936527493,70,2,-0.19415663267329997);adaBoost(decisionTree('entropy',30,17,0.836005573572394,10,'None'),39,0.19747663730920903,'SAMME')	0.6386574074074074	135.7959406375885
robustScaler(False,True);lda(0.5839603898566129,120,0.09142559301773456)	eval_error (n_components cannot be larger than min(n_features, n_classes - 1).)	eval_error (n_components cannot be larger than min(n_features, n_classes - 1).)
maxAbsScaler();selectFwe(0.017915467040969437);selectFwe(0.04857105558504968);minMaxScaler();nystroem('cosine',2.8895609644236675,79,2,0.44703655996625935);minMaxScaler();maxAbsScaler();bernoulliNB(11.150363387439373,False)	invalid_ind (duplicated operator)	invalid_ind (duplicated operator)
maxAbsScaler();selectFwe(0.017915467040969437);selectFwe(0.04857105558504968);minMaxScaler();nystroem('cosine',2.8895609644236675,79,2,0.44703655996625935);minMaxScaler();maxAbsScaler();bernoulliNB(11.150363387439373,False)	invalid_ind (duplicated operator)	invalid_ind (duplicated operator)
robustScaler(False,True);maxAbsScaler();mlpClassifier((60, 19),0.05140653258230293,0.897258844864606,'lbfgs','relu')	0.783503086419753	150.6661262512207
maxAbsScaler();selectFwe(0.017915467040969437);selectFwe(0.04857105558504968);minMaxScaler();nystroem('cosine',3.612332936527493,79,2,0.6755675022784686);minMaxScaler();minMaxScaler();bernoulliNB(11.150363387439373,False)	invalid_ind (duplicated operator)	invalid_ind (duplicated operator)
nystroem('cosine',3.612332936527493,27,2,0.44703655996625935);nystroem('sigmoid',3.255217524234969,20,3,-0.39152484290934053);maxAbsScaler();maxAbsScaler();fastICA(59,'parallel','arbitrary-variance','cube');multinomialNB(3.080566357882891,True)	invalid_ind (duplicated operator)	invalid_ind (duplicated operator)
maxAbsScaler();selectFwe(0.008113165830907008);selectFwe(0.04857105558504968);minMaxScaler();nystroem('cosine',0.3162454257237629,79,2,0.6755675022784686);minMaxScaler();maxAbsScaler();bernoulliNB(11.150363387439373,False)	invalid_ind (duplicated operator)	invalid_ind (duplicated operator)
nystroem('cosine',2.8895609644236675,53,2,0.44703655996625935);randomForest(94,'gini',0.7143067956693883,9,6,False,'None')	0.920787037037037	68.82334566116333
nystroem('sigmoid',5.95686072694444,53,2,-0.26255944419334876);randomForest(90,'gini',0.7143067956693883,9,6,False,'None')	0.5	15.72777795791626
nystroem('rbf',3.124078353185455,90,2,-0.26255944419334876);varianceThreshold();selectPercentile(97.38767647870736);adaBoost(decisionTree('entropy',30,17,0.836005573572394,10,'None'),39,0.19747663730920903,'SAMME')	0.4925617283950617	18.509325742721558
minMaxScaler();varianceThreshold();nystroem('poly',4.707041671762015,35,2,-0.19415663267329997);mlpClassifier((60, 19),0.05140653258230293,0.897258844864606,'lbfgs','relu')	0.6078858024691357	151.98497033119202
nystroem('cosine',0.05784056402101239,53,5,-0.19415663267329997);randomForest(94,'gini',0.7143067956693883,7,16,False,'None')	0.9109413580246913	67.61121368408203
robustScaler(False,True);lda(0.5839603898566129,120,0.09142559301773456)	eval_error (n_components cannot be larger than min(n_features, n_classes - 1).)	eval_error (n_components cannot be larger than min(n_features, n_classes - 1).)
pca(0.6790245883158894,True);minMaxScaler();adaBoost(decisionTree('entropy',30,17,0.836005573572394,10,'None'),39,0.19747663730920903,'SAMME')	0.4888734567901235	51.0451774597168
nystroem('rbf',0.05784056402101239,53,5,-0.19415663267329997);randomForest(94,'gini',0.7143067956693883,9,6,False,'None')	0.4951543209876543	37.28908920288086
fastICA(11,'deflation','unit-variance','exp');mlpClassifier((60, 19),0.05140653258230293,0.897258844864606,'lbfgs','relu')	0.8590432098765431	182.08372688293457
robustScaler(True,False);minMaxScaler();mlpClassifier((60, 19),0.05140653258230293,0.897258844864606,'lbfgs','relu')	0.781033950617284	150.1310703754425
robustScaler(True,False);minMaxScaler();mlpClassifier((60, 19),0.05140653258230293,0.897258844864606,'lbfgs','relu')	0.781033950617284	145.43047642707825
minMaxScaler();varianceThreshold();nystroem('cosine',0.05784056402101239,70,5,-0.903311741357937);adaBoost(decisionTree('entropy',30,17,0.836005573572394,10,'None'),39,0.19747663730920903,'SAMME')	0.9467746913580248	58.02040076255798
nystroem('cosine',0.05784056402101239,53,5,0.6755675022784686);randomForest(94,'gini',0.7143067956693883,9,6,False,'None')	0.920787037037037	9.860334396362305
robustScaler(True,False);minMaxScaler();randomForest(94,'gini',0.7143067956693883,9,6,False,'None')	0.5308796296296296	65.60582137107849
kNN(9,'distance',1)	0.5321913580246914	2.4105751514434814
nystroem('cosine',2.8895609644236675,79,2,0.44703655996625935);varianceThreshold();selectPercentile(97.38767647870736);qda(0.8125745458795525)	0.7049382716049383	4.0966081619262695
maxAbsScaler();selectFwe(0.017915467040969437);selectFwe(0.04857105558504968);minMaxScaler();nystroem('cosine',2.8895609644236675,79,2,0.44703655996625935);minMaxScaler();maxAbsScaler();bernoulliNB(11.150363387439373,False)	invalid_ind (duplicated operator)	invalid_ind (duplicated operator)
maxAbsScaler();selectFwe(0.017915467040969437);selectFwe(0.04857105558504968);minMaxScaler();nystroem('cosine',2.8895609644236675,79,2,0.44703655996625935);minMaxScaler();minMaxScaler();bernoulliNB(11.150363387439373,False)	invalid_ind (duplicated operator)	invalid_ind (duplicated operator)
robustScaler(False,True);lda(0.5839603898566129,120,0.09142559301773456)	eval_error (n_components cannot be larger than min(n_features, n_classes - 1).)	eval_error (n_components cannot be larger than min(n_features, n_classes - 1).)
robustScaler(True,False);nystroem('cosine',0.3162454257237629,79,2,0.6755675022784686);minMaxScaler();maxAbsScaler();bernoulliNB(11.150363387439373,False)	0.5073456790123456	9.640007495880127
maxAbsScaler();selectFwe(0.008113165830907008);selectFwe(0.04857105558504968);minMaxScaler();minMaxScaler();mlpClassifier((60, 19),0.05140653258230293,0.897258844864606,'lbfgs','relu')	invalid_ind (duplicated operator)	invalid_ind (duplicated operator)
nystroem('cosine',0.05784056402101239,53,5,-0.19415663267329997);randomForest(94,'gini',0.7143067956693883,9,6,False,'None')	0.920787037037037	46.60885167121887
nystroem('cosine',5.95686072694444,79,2,-0.26255944419334876);varianceThreshold();selectPercentile(97.38767647870736);adaBoost(decisionTree('entropy',30,17,0.836005573572394,10,'None'),39,0.19747663730920903,'SAMME')	0.9653858024691357	51.675373792648315
robustScaler(False,True);lda(0.5839603898566129,120,0.09142559301773456)	eval_error (n_components cannot be larger than min(n_features, n_classes - 1).)	eval_error (n_components cannot be larger than min(n_features, n_classes - 1).)
robustScaler(True,False);minMaxScaler();mlpClassifier((60, 19),0.05140653258230293,0.897258844864606,'lbfgs','relu')	0.781033950617284	cached
robustScaler(True,False);minMaxScaler();mlpClassifier((60, 19),0.05140653258230293,0.897258844864606,'lbfgs','relu')	0.781033950617284	cached
robustScaler(False,True);minMaxScaler();mlpClassifier((60, 19),0.05140653258230293,0.897258844864606,'lbfgs','relu')	0.7834722222222223	cached
robustScaler(False,True);lda(0.5839603898566129,120,0.09142559301773456)	eval_error (n_components cannot be larger than min(n_features, n_classes - 1).)	eval_error (n_components cannot be larger than min(n_features, n_classes - 1).)
nystroem('cosine',3.612332936527493,79,2,0.6755675022784686);varianceThreshold();selectPercentile(97.38767647870736);adaBoost(decisionTree('entropy',30,17,0.836005573572394,10,'None'),39,0.19747663730920903,'SAMME')	0.9653858024691357	68.59806752204895
nystroem('cosine',2.8895609644236675,53,2,0.44703655996625935);randomForest(94,'gini',0.7143067956693883,9,6,False,'None')	0.920787037037037	67.37180352210999
nystroem('cosine',0.05784056402101239,53,5,-0.903311741357937);randomForest(90,'gini',0.7143067956693883,9,6,False,'None')	0.9232870370370371	70.32860064506531
robustScaler(False,True);nystroem('cosine',0.05784056402101239,53,5,-0.19415663267329997);mlpClassifier((60, 19),0.05140653258230293,0.897258844864606,'lbfgs','relu')	0.946820987654321	135.4266173839569
nystroem('sigmoid',5.95686072694444,53,2,-0.26255944419334876);randomForest(94,'entropy',0.7143067956693883,3,12,True,'None')	0.5	17.332237720489502
nystroem('cosine',3.612332936527493,53,2,0.6755675022784686);mlpClassifier((60, 19),0.05140653258230293,0.897258844864606,'lbfgs','relu')	0.9554629629629631	137.46479654312134
robustScaler(True,False);pca(0.5296431219981069,True);mlpClassifier((60, 19),0.05140653258230293,0.897258844864606,'lbfgs','relu')	0.5296759259259259	112.50575757026672
nystroem('cosine',0.05784056402101239,53,5,0.6755675022784686);randomForest(94,'gini',0.7143067956693883,9,6,False,'None')	0.920787037037037	37.79711151123047
minMaxScaler();varianceThreshold();nystroem('rbf',3.612332936527493,70,2,0.44703655996625935);adaBoost(decisionTree('entropy',30,17,0.836005573572394,10,'None'),39,0.19747663730920903,'SAMME')	0.6386574074074074	72.23979139328003
maxAbsScaler();selectFwe(0.017915467040969437);selectFwe(0.04857105558504968);minMaxScaler();nystroem('cosine',2.8895609644236675,79,2,-0.19415663267329997);minMaxScaler();maxAbsScaler();bernoulliNB(11.150363387439373,False)	invalid_ind (duplicated operator)	invalid_ind (duplicated operator)
nystroem('cosine',2.8895609644236675,79,2,0.44703655996625935);varianceThreshold();selectPercentile(97.38767647870736);adaBoost(decisionTree('entropy',30,17,0.836005573572394,10,'None'),39,0.19747663730920903,'SAMME')	0.9653858024691357	cached
robustScaler(True,False);minMaxScaler();randomForest(94,'gini',0.7143067956693883,9,6,False,'None')	0.5308796296296296	cached
nystroem('cosine',0.05784056402101239,53,5,-0.903311741357937);randomForest(94,'gini',0.7143067956693883,9,6,False,'None')	0.920787037037037	16.063409566879272
selectPercentile(90.25011640385291);randomForest(94,'gini',0.7143067956693883,9,6,False,'None')	0.515925925925926	72.33751702308655
nystroem('cosine',0.05784056402101239,53,5,-0.19415663267329997);randomForest(94,'gini',0.7143067956693883,9,6,False,'None')	0.920787037037037	16.56394600868225
nystroem('cosine',5.95686072694444,100,2,-0.26255944419334876);randomForest(94,'gini',0.7143067956693883,9,6,False,'None')	0.8626697530864197	30.088785409927368
maxAbsScaler();selectFwe(0.008113165830907008);selectFwe(0.04857105558504968);minMaxScaler();nystroem('cosine',0.3162454257237629,79,2,0.6755675022784686);minMaxScaler();maxAbsScaler();bernoulliNB(11.150363387439373,False)	invalid_ind (duplicated operator)	invalid_ind (duplicated operator)
robustScaler(False,True);maxAbsScaler();randomForest(94,'gini',0.7143067956693883,9,6,False,'None')	0.529645061728395	62.46652317047119
robustScaler(False,True);lda(0.5839603898566129,120,0.09142559301773456)	eval_error (n_components cannot be larger than min(n_features, n_classes - 1).)	eval_error (n_components cannot be larger than min(n_features, n_classes - 1).)
robustScaler(False,True);minMaxScaler();maxAbsScaler();bernoulliNB(11.150363387439373,False)	0.49874999999999997	2.5018208026885986
maxAbsScaler();selectFwe(0.017915467040969437);selectFwe(0.04857105558504968);minMaxScaler();nystroem('cosine',2.8895609644236675,79,2,0.44703655996625935);lda(0.5839603898566129,120,0.09142559301773456)	invalid_ind (duplicated operator)	invalid_ind (duplicated operator)
nystroem('cosine',5.95686072694444,53,2,-0.26255944419334876);randomForest(94,'gini',0.7143067956693883,9,6,False,'None')	0.920787037037037	16.03982400894165
nystroem('cosine',0.05784056402101239,53,5,-0.903311741357937);adaBoost(decisionTree('entropy',7,5,0.989456397846815,14,'None'),67,1.9265524732544348,'SAMME')	0.9839197530864198	19.97798490524292
minMaxScaler();varianceThreshold();nystroem('sigmoid',3.612332936527493,70,2,0.44703655996625935);adaBoost(decisionTree('entropy',30,17,0.836005573572394,10,'None'),39,0.19747663730920903,'SAMME')	0.6237191358024691	23.506869316101074
nystroem('rbf',3.612332936527493,27,2,-0.19415663267329997);nystroem('sigmoid',3.255217524234969,20,3,-0.39152484290934053);maxAbsScaler();maxAbsScaler();fastICA(59,'parallel','arbitrary-variance','cube');multinomialNB(3.080566357882891,True)	invalid_ind (duplicated operator)	invalid_ind (duplicated operator)
robustScaler(False,True);minMaxScaler();randomForest(94,'gini',0.7143067956693883,9,6,False,'None')	0.5308796296296296	23.25228714942932
maxAbsScaler();selectFwe(0.008113165830907008);selectFwe(0.04857105558504968);minMaxScaler();minMaxScaler();mlpClassifier((60, 19),0.05140653258230293,0.897258844864606,'lbfgs','relu')	invalid_ind (duplicated operator)	invalid_ind (duplicated operator)
nystroem('cosine',0.05784056402101239,53,5,-0.19415663267329997);randomForest(94,'gini',0.7143067956693883,9,6,False,'None')	0.920787037037037	cached
maxAbsScaler();selectFwe(0.017915467040969437);selectFwe(0.04857105558504968);minMaxScaler();nystroem('cosine',2.8895609644236675,79,2,0.44703655996625935);lda(0.5839603898566129,120,0.09142559301773456)	invalid_ind (duplicated operator)	invalid_ind (duplicated operator)
nystroem('cosine',0.05784056402101239,53,5,-0.903311741357937);randomForest(90,'gini',0.7143067956693883,9,6,False,'None')	0.9232870370370371	cached
maxAbsScaler();selectFwe(0.008113165830907008);selectFwe(0.04857105558504968);minMaxScaler();nystroem('cosine',0.3162454257237629,79,2,0.6755675022784686);minMaxScaler();maxAbsScaler();bernoulliNB(11.150363387439373,False)	invalid_ind (duplicated operator)	invalid_ind (duplicated operator)
nystroem('cosine',0.05784056402101239,27,5,-0.19415663267329997);nystroem('sigmoid',3.255217524234969,20,3,-0.39152484290934053);maxAbsScaler();maxAbsScaler();fastICA(59,'parallel','arbitrary-variance','cube');multinomialNB(3.080566357882891,True)	invalid_ind (duplicated operator)	invalid_ind (duplicated operator)
robustScaler(False,True);lda(0.5839603898566129,120,0.09142559301773456)	eval_error (n_components cannot be larger than min(n_features, n_classes - 1).)	eval_error (n_components cannot be larger than min(n_features, n_classes - 1).)
robustScaler(False,True);nystroem('cosine',0.05784056402101239,53,5,-0.19415663267329997);mlpClassifier((60, 19),0.05140653258230293,0.897258844864606,'lbfgs','relu')	0.946820987654321	cached
robustScaler(True,False);pca(0.5296431219981069,True);mlpClassifier((60, 19),0.05140653258230293,0.897258844864606,'lbfgs','relu')	0.5296759259259259	cached
robustScaler(True,False);minMaxScaler();randomForest(94,'gini',0.7143067956693883,9,6,False,'None')	0.5308796296296296	cached
nystroem('cosine',0.05784056402101239,53,5,-0.903311741357937);randomForest(90,'gini',0.7143067956693883,9,6,False,'None')	0.9232870370370371	cached
nystroem('cosine',5.95686072694444,79,2,-0.26255944419334876);varianceThreshold();selectPercentile(97.38767647870736);adaBoost(decisionTree('entropy',30,17,0.836005573572394,10,'None'),39,0.19747663730920903,'SAMME')	0.9653858024691357	cached
minMaxScaler();adaBoost(decisionTree('gini',9,18,0.008283529830375835,12,'balanced'),23,1.6516331505696331,'SAMME')	0.5198611111111111	2.9461374282836914
robustScaler(False,True);lda(0.5839603898566129,120,0.09142559301773456)	eval_error (n_components cannot be larger than min(n_features, n_classes - 1).)	eval_error (n_components cannot be larger than min(n_features, n_classes - 1).)
nystroem('rbf',3.612332936527493,53,2,-0.19415663267329997);randomForest(94,'gini',0.7143067956693883,9,6,False,'None')	0.49503086419753084	4.681283950805664
nystroem('cosine',2.8895609644236675,53,2,0.44703655996625935);randomForest(94,'gini',0.7143067956693883,9,6,False,'None')	0.920787037037037	14.70761775970459
nystroem('cosine',2.8895609644236675,53,2,-0.19415663267329997);randomForest(94,'gini',0.7143067956693883,9,6,False,'None')	0.920787037037037	17.292829036712646
maxAbsScaler();selectFwe(0.017915467040969437);selectFwe(0.04857105558504968);minMaxScaler();nystroem('cosine',0.05784056402101239,79,5,-0.19415663267329997);minMaxScaler();maxAbsScaler();bernoulliNB(11.150363387439373,False)	invalid_ind (duplicated operator)	invalid_ind (duplicated operator)
nystroem('cosine',2.8895609644236675,79,2,0.44703655996625935);varianceThreshold();selectPercentile(97.38767647870736);adaBoost(decisionTree('entropy',30,17,0.836005573572394,10,'None'),39,0.19747663730920903,'SAMME')	0.9653858024691357	cached
nystroem('cosine',0.05784056402101239,53,5,0.6755675022784686);randomForest(94,'gini',0.7143067956693883,9,6,False,'None')	0.920787037037037	cached
lda(0.5839603898566129,120,0.09142559301773456)	eval_error (n_components cannot be larger than min(n_features, n_classes - 1).)	eval_error (n_components cannot be larger than min(n_features, n_classes - 1).)
robustScaler(False,True);kNN(9,'distance',1)	0.5334259259259259	2.9390370845794678
nystroem('cosine',5.95686072694444,53,2,-0.26255944419334876);randomForest(94,'gini',0.7143067956693883,9,6,False,'None')	0.920787037037037	18.328572511672974
nystroem('cosine',3.612332936527493,79,2,0.6755675022784686);varianceThreshold();selectPercentile(97.38767647870736);adaBoost(decisionTree('entropy',30,17,0.836005573572394,10,'None'),39,0.19747663730920903,'SAMME')	0.9653858024691357	18.563435316085815
robustScaler(False,True);varianceThreshold();nystroem('rbf',3.612332936527493,70,2,0.44703655996625935);adaBoost(decisionTree('entropy',30,17,0.836005573572394,10,'None'),39,0.19747663730920903,'SAMME')	0.5842592592592594	21.25341558456421
maxAbsScaler();selectFwe(0.008113165830907008);selectFwe(0.04857105558504968);minMaxScaler();minMaxScaler();randomForest(94,'gini',0.7143067956693883,9,6,False,'None')	invalid_ind (duplicated operator)	invalid_ind (duplicated operator)
nystroem('cosine',0.05784056402101239,100,5,-0.903311741357937);randomForest(29,'entropy','sqrt',16,17,True,'None')	0.9233024691358025	10.082831621170044
nystroem('cosine',0.05784056402101239,53,5,-0.903311741357937);randomForest(94,'gini',0.7143067956693883,9,6,False,'None')	0.920787037037037	36.39196491241455
nystroem('cosine',5.95686072694444,79,2,-0.26255944419334876);varianceThreshold();selectPercentile(97.38767647870736);adaBoost(decisionTree('entropy',30,17,0.836005573572394,10,'None'),39,0.19747663730920903,'SAMME')	0.9653858024691357	cached
nystroem('cosine',0.05784056402101239,53,5,-0.19415663267329997);randomForest(94,'gini',0.7143067956693883,9,6,False,'None')	0.920787037037037	cached
nystroem('cosine',0.05784056402101239,79,5,-0.19415663267329997);varianceThreshold();selectPercentile(97.38767647870736);adaBoost(decisionTree('entropy',30,17,0.836005573572394,10,'None'),39,0.19747663730920903,'SAMME')	0.9653858024691357	58.364747524261475
robustScaler(False,True);lda(0.5839603898566129,120,0.09142559301773456)	eval_error (n_components cannot be larger than min(n_features, n_classes - 1).)	eval_error (n_components cannot be larger than min(n_features, n_classes - 1).)
minMaxScaler();varianceThreshold();nystroem('cosine',5.95686072694444,70,2,-0.26255944419334876);adaBoost(decisionTree('entropy',30,17,0.836005573572394,10,'None'),39,0.19747663730920903,'SAMME')	0.9467746913580248	64.18588924407959
robustScaler(False,True);lda(0.5839603898566129,158,0.09142559301773456)	eval_error (n_components cannot be larger than min(n_features, n_classes - 1).)	eval_error (n_components cannot be larger than min(n_features, n_classes - 1).)
nystroem('cosine',2.8895609644236675,53,2,0.44703655996625935);randomForest(94,'gini',0.7143067956693883,9,6,False,'None')	0.920787037037037	64.30966973304749
nystroem('cosine',2.8895609644236675,53,2,0.44703655996625935);mlpClassifier((60, 19),0.05140653258230293,0.897258844864606,'lbfgs','relu')	0.9554629629629631	113.35050201416016
nystroem('cosine',5.95686072694444,26,2,-0.26255944419334876);mlpClassifier((60, 19),0.05140653258230293,0.897258844864606,'lbfgs','relu')	0.9145987654320988	120.13802313804626
nystroem('cosine',0.05784056402101239,53,5,-0.19415663267329997);randomForest(94,'gini',0.7143067956693883,9,6,False,'None')	0.920787037037037	33.5017192363739
robustScaler(True,True);minMaxScaler();randomForest(94,'gini',0.7143067956693883,9,6,False,'None')	0.5308796296296296	64.24137139320374
nystroem('cosine',0.05784056402101239,53,5,0.6755675022784686);mlpClassifier((60, 19),0.05140653258230293,0.897258844864606,'lbfgs','relu')	0.9554629629629631	45.81108498573303
nystroem('cosine',3.612332936527493,79,2,0.6755675022784686);varianceThreshold();selectPercentile(97.38767647870736);adaBoost(decisionTree('entropy',30,17,0.836005573572394,10,'None'),39,0.19747663730920903,'SAMME')	0.9653858024691357	cached
robustScaler(False,True);lda(0.5839603898566129,120,0.09142559301773456)	eval_error (n_components cannot be larger than min(n_features, n_classes - 1).)	eval_error (n_components cannot be larger than min(n_features, n_classes - 1).)
nystroem('sigmoid',1.5990410520948735,91,4,-0.595430840092386);varianceThreshold();selectPercentile(97.38767647870736);adaBoost(decisionTree('entropy',30,17,0.836005573572394,10,'None'),39,0.19747663730920903,'SAMME')	eval_error (No feature in X meets the variance threshold 0.00000)	eval_error (No feature in X meets the variance threshold 0.00000)
robustScaler(False,True);lda(0.5839603898566129,178,0.09142559301773456)	eval_error (n_components cannot be larger than min(n_features, n_classes - 1).)	eval_error (n_components cannot be larger than min(n_features, n_classes - 1).)
nystroem('cosine',0.05784056402101239,100,5,-0.903311741357937);randomForest(29,'entropy','sqrt',16,17,True,'None')	0.9233024691358025	16.932491064071655
nystroem('cosine',0.3162454257237629,53,2,0.6755675022784686);randomForest(63,'gini',0.5646592604404695,8,13,False,'None')	0.920817901234568	20.489330291748047
maxAbsScaler();selectFwe(0.008113165830907008);selectFwe(0.04857105558504968);minMaxScaler();nystroem('cosine',0.05784056402101239,79,5,-0.903311741357937);minMaxScaler();maxAbsScaler();bernoulliNB(98.90885247840457,False)	invalid_ind (duplicated operator)	invalid_ind (duplicated operator)
robustScaler(False,True);kNN(9,'distance',1)	0.5334259259259259	cached
robustScaler(False,True);nystroem('cosine',0.05784056402101239,53,5,-0.19415663267329997);mlpClassifier((60, 19),0.05140653258230293,0.897258844864606,'lbfgs','relu')	0.946820987654321	cached
nystroem('sigmoid',2.8895609644236675,53,2,0.44703655996625935);mlpClassifier((60, 19),0.0700836025035464,0.897258844864606,'lbfgs','relu')	0.5	15.41127610206604
maxAbsScaler();selectFwe(0.017915467040969437);selectFwe(0.04857105558504968);minMaxScaler();nystroem('cosine',2.8895609644236675,79,2,0.44703655996625935);lda(0.5839603898566129,120,0.09142559301773456)	invalid_ind (duplicated operator)	invalid_ind (duplicated operator)
robustScaler(True,True);minMaxScaler();randomForest(94,'gini',0.7143067956693883,9,6,False,'None')	0.5308796296296296	cached
nystroem('cosine',0.05784056402101239,53,5,-0.19415663267329997);randomForest(94,'gini',0.7143067956693883,9,6,False,'None')	0.920787037037037	cached
nystroem('poly',2.297869639152085,59,2,-0.018706872574346);randomForest(94,'gini',0.7143067956693883,9,6,False,'None')	0.7910185185185183	40.452232360839844
nystroem('cosine',0.05784056402101239,27,5,-0.19415663267329997);nystroem('sigmoid',3.255217524234969,20,3,-0.39152484290934053);maxAbsScaler();maxAbsScaler();fastICA(59,'parallel','arbitrary-variance','cube');multinomialNB(3.080566357882891,True)	invalid_ind (duplicated operator)	invalid_ind (duplicated operator)
nystroem('cosine',3.612332936527493,79,2,0.6755675022784686);varianceThreshold();selectPercentile(97.38767647870736);adaBoost(decisionTree('entropy',30,17,0.836005573572394,10,'None'),39,0.19747663730920903,'SAMME')	0.9653858024691357	61.95657444000244
nystroem('cosine',2.8895609644236675,53,2,0.6755675022784686);randomForest(94,'gini',0.7143067956693883,9,6,False,'None')	0.920787037037037	68.58790898323059
maxAbsScaler();selectFwe(0.008113165830907008);selectFwe(0.04857105558504968);minMaxScaler();nystroem('cosine',0.3162454257237629,79,2,-0.6109238991689923);minMaxScaler();maxAbsScaler();bernoulliNB(11.150363387439373,False)	invalid_ind (duplicated operator)	invalid_ind (duplicated operator)
robustScaler(True,False);pca(0.5296431219981069,True);mlpClassifier((60, 19),0.05140653258230293,0.897258844864606,'lbfgs','relu')	0.5296759259259259	114.23025035858154
lda(0.5839603898566129,120,0.09142559301773456)	eval_error (n_components cannot be larger than min(n_features, n_classes - 1).)	eval_error (n_components cannot be larger than min(n_features, n_classes - 1).)
nystroem('cosine',2.8895609644236675,79,2,0.44703655996625935);varianceThreshold();selectPercentile(97.38767647870736);adaBoost(decisionTree('entropy',30,17,0.836005573572394,10,'None'),39,0.19747663730920903,'SAMME')	0.9653858024691357	cached
nystroem('cosine',0.05784056402101239,53,5,0.6755675022784686);mlpClassifier((60, 19),0.05140653258230293,0.897258844864606,'lbfgs','relu')	0.9554629629629631	cached
maxAbsScaler();selectFwe(0.017915467040969437);selectFwe(0.04857105558504968);minMaxScaler();nystroem('cosine',0.05784056402101239,79,5,-0.19415663267329997);minMaxScaler();maxAbsScaler();bernoulliNB(11.150363387439373,False)	invalid_ind (duplicated operator)	invalid_ind (duplicated operator)
nystroem('cosine',0.05784056402101239,53,5,-0.19415663267329997);randomForest(94,'gini',0.7143067956693883,9,6,False,'None')	0.920787037037037	cached
nystroem('cosine',0.05784056402101239,53,5,-0.903311741357937);randomForest(94,'gini',0.7143067956693883,9,6,False,'None')	0.920787037037037	68.3882188796997
nystroem('cosine',0.05784056402101239,79,5,-0.19415663267329997);varianceThreshold();selectPercentile(97.38767647870736);adaBoost(decisionTree('entropy',30,17,0.836005573572394,10,'None'),39,0.19747663730920903,'SAMME')	0.9653858024691357	72.11463594436646
nystroem('cosine',5.95686072694444,27,2,-0.26255944419334876);nystroem('sigmoid',3.255217524234969,20,3,-0.39152484290934053);maxAbsScaler();maxAbsScaler();fastICA(59,'parallel','arbitrary-variance','cube');multinomialNB(3.080566357882891,True)	invalid_ind (duplicated operator)	invalid_ind (duplicated operator)
nystroem('cosine',0.05784056402101239,100,5,-0.19415663267329997);adaBoost(decisionTree('gini',7,20,0.5317033684248672,8,'None'),21,1.1558607141750286,'SAMME')	0.9232407407407408	27.402981758117676
robustScaler(False,True);kNN(9,'distance',1)	0.5334259259259259	cached
nystroem('cosine',2.8895609644236675,53,2,0.44703655996625935);randomForest(94,'gini',0.7143067956693883,9,6,False,'None')	0.920787037037037	cached
robustScaler(True,True);kNN(9,'distance',1)	0.5334259259259259	8.762159585952759
nystroem('cosine',0.05784056402101239,53,5,-0.19415663267329997);mlpClassifier((60, 19),0.05140653258230293,0.897258844864606,'lbfgs','relu')	0.9554629629629631	141.24354577064514
minMaxScaler();mlpClassifier((60, 19),0.05140653258230293,0.897258844864606,'lbfgs','relu')	0.7934413580246915	148.41331219673157
nystroem('cosine',5.95686072694444,79,2,-0.26255944419334876);varianceThreshold();selectPercentile(97.38767647870736);adaBoost(decisionTree('entropy',30,17,0.836005573572394,10,'None'),39,0.19747663730920903,'SAMME')	0.9653858024691357	62.05110287666321
lda(0.5839603898566129,120,0.09142559301773456)	eval_error (n_components cannot be larger than min(n_features, n_classes - 1).)	eval_error (n_components cannot be larger than min(n_features, n_classes - 1).)
robustScaler(False,False);pca(0.729425393424243,True);randomForest(94,'gini',0.7143067956693883,9,6,False,'None')	0.4986882716049383	22.246814966201782
nystroem('cosine',2.8895609644236675,53,2,0.44703655996625935);adaBoost(decisionTree('entropy',17,10,0.8057894087120353,14,'None'),23,1.6516331505696331,'SAMME')	0.9244907407407407	11.227646827697754
nystroem('cosine',0.05784056402101239,53,5,-0.903311741357937);adaBoost(decisionTree('entropy',7,5,0.989456397846815,14,'None'),39,0.19747663730920903,'SAMME')	0.9678086419753086	27.312081336975098
nystroem('cosine',2.8895609644236675,53,2,0.44703655996625935);randomForest(94,'gini',0.7143067956693883,9,6,False,'None')	0.920787037037037	18.32373833656311
nystroem('cosine',5.95686072694444,79,2,-0.26255944419334876);varianceThreshold();selectPercentile(97.38767647870736);adaBoost(decisionTree('entropy',30,17,0.836005573572394,10,'None'),67,1.9265524732544348,'SAMME')	0.9740586419753086	15.891104936599731
lda(0.5839603898566129,120,0.09142559301773456)	eval_error (n_components cannot be larger than min(n_features, n_classes - 1).)	eval_error (n_components cannot be larger than min(n_features, n_classes - 1).)
nystroem('cosine',2.8895609644236675,79,2,0.44703655996625935);varianceThreshold();selectPercentile(97.38767647870736);adaBoost(decisionTree('entropy',30,17,0.836005573572394,10,'None'),39,0.19747663730920903,'SAMME')	0.9653858024691357	cached
nystroem('rbf',0.45290742589636857,47,4,-0.4988991315751503);lda(0.5839603898566129,178,0.09142559301773456)	eval_error (n_components cannot be larger than min(n_features, n_classes - 1).)	eval_error (n_components cannot be larger than min(n_features, n_classes - 1).)
robustScaler(False,True);nystroem('cosine',0.05784056402101239,53,5,-0.19415663267329997);lda(0.5839603898566129,120,0.09142559301773456)	eval_error (n_components cannot be larger than min(n_features, n_classes - 1).)	eval_error (n_components cannot be larger than min(n_features, n_classes - 1).)
nystroem('cosine',0.05784056402101239,79,5,-0.19415663267329997);varianceThreshold();selectPercentile(97.38767647870736);adaBoost(decisionTree('entropy',17,10,0.8057894087120353,14,'None'),23,1.6516331505696331,'SAMME')	0.9009876543209877	17.150955200195312
maxAbsScaler();maxAbsScaler();fastICA(42,'parallel','unit-variance','cube');minMaxScaler();varianceThreshold();varianceThreshold();selectFwe(0.029038976601932845);lda(0.2056320230476132,161,0.0743663637539281)	invalid_ind (duplicated operator)	invalid_ind (duplicated operator)
nystroem('cosine',0.05784056402101239,79,5,-0.19415663267329997);varianceThreshold();selectPercentile(97.38767647870736);adaBoost(decisionTree('entropy',30,17,0.836005573572394,10,'None'),39,0.19747663730920903,'SAMME')	0.9653858024691357	cached
maxAbsScaler();selectFwe(0.017915467040969437);selectFwe(0.04857105558504968);minMaxScaler();nystroem('cosine',0.05784056402101239,79,5,-0.19415663267329997);minMaxScaler();maxAbsScaler();bernoulliNB(11.150363387439373,False)	invalid_ind (duplicated operator)	invalid_ind (duplicated operator)
nystroem('cosine',2.8895609644236675,53,2,0.6755675022784686);randomForest(94,'gini',0.7143067956693883,9,6,False,'None')	0.920787037037037	42.18188810348511
adaBoost(decisionTree('gini',13,3,0.49954184822585745,20,'None'),64,1.0360994980277032,'SAMME')	0.5642592592592592	45.27598738670349
nystroem('cosine',2.8895609644236675,53,2,0.6755675022784686);randomForest(94,'gini',0.7143067956693883,9,6,False,'None')	0.920787037037037	cached
nystroem('cosine',0.05784056402101239,79,5,-0.19415663267329997);varianceThreshold();nystroem('rbf',0.819904552751596,25,4,-0.9307099318664593);adaBoost(decisionTree('entropy',30,17,0.836005573572394,10,'None'),39,0.19747663730920903,'SAMME')	invalid_ind (duplicated operator)	invalid_ind (duplicated operator)
robustScaler(False,False);pca(0.729425393424243,True);randomForest(94,'gini',0.7143067956693883,9,6,False,'None')	0.4986882716049383	cached
robustScaler(False,True);nystroem('cosine',0.05784056402101239,53,5,-0.19415663267329997);mlpClassifier((60, 19),0.05140653258230293,0.897258844864606,'lbfgs','relu')	0.946820987654321	cached
nystroem('poly',2.297869639152085,53,2,-0.018706872574346);adaBoost(decisionTree('entropy',7,5,0.989456397846815,14,'None'),67,1.9265524732544348,'SAMME')	0.7564197530864198	51.56248474121094
lda(0.5839603898566129,120,0.09142559301773456)	eval_error (n_components cannot be larger than min(n_features, n_classes - 1).)	eval_error (n_components cannot be larger than min(n_features, n_classes - 1).)
nystroem('cosine',0.05784056402101239,53,5,0.6755675022784686);mlpClassifier((60, 19),0.05140653258230293,0.897258844864606,'lbfgs','relu')	0.9554629629629631	cached
nystroem('cosine',5.95686072694444,27,2,-0.26255944419334876);nystroem('sigmoid',3.255217524234969,20,3,-0.39152484290934053);maxAbsScaler();maxAbsScaler();fastICA(59,'parallel','arbitrary-variance','cube');multinomialNB(3.080566357882891,True)	invalid_ind (duplicated operator)	invalid_ind (duplicated operator)
minMaxScaler();mlpClassifier((60, 19),0.05140653258230293,0.897258844864606,'lbfgs','relu')	0.7934413580246915	cached
nystroem('cosine',0.05784056402101239,53,5,-0.19415663267329997);mlpClassifier((60, 19),0.05140653258230293,0.897258844864606,'lbfgs','relu')	0.9554629629629631	cached
nystroem('cosine',5.95686072694444,53,2,-0.26255944419334876);adaBoost(decisionTree('entropy',30,17,0.836005573572394,10,'None'),39,0.19747663730920903,'SAMME')	0.9802314814814814	53.58133339881897
nystroem('cosine',0.3162454257237629,53,2,-0.6109238991689923);randomForest(94,'gini',0.7143067956693883,9,6,False,'None')	0.920787037037037	61.649174451828
maxAbsScaler();selectFwe(0.008113165830907008);selectFwe(0.04857105558504968);minMaxScaler();nystroem('cosine',2.8895609644236675,79,2,0.6755675022784686);minMaxScaler();maxAbsScaler();bernoulliNB(11.150363387439373,False)	invalid_ind (duplicated operator)	invalid_ind (duplicated operator)
robustScaler(False,True);mlpClassifier((60, 19),0.05140653258230293,0.897258844864606,'lbfgs','relu')	0.8923456790123456	122.18342614173889
maxAbsScaler();selectFwe(0.017915467040969437);selectFwe(0.04857105558504968);minMaxScaler();nystroem('cosine',3.612332936527493,79,2,0.6755675022784686);minMaxScaler();maxAbsScaler();bernoulliNB(11.150363387439373,False)	invalid_ind (duplicated operator)	invalid_ind (duplicated operator)
nystroem('cosine',0.05784056402101239,59,5,-0.903311741357937);randomForest(94,'gini',0.7143067956693883,9,6,False,'None')	0.9084259259259261	74.26300406455994
pca(0.9391232143575161,True);fastICA(6,'parallel','unit-variance','cube');minMaxScaler();minMaxScaler();mlpClassifier((60, 19),0.05140653258230293,0.897258844864606,'lbfgs','relu')	invalid_ind (duplicated operator)	invalid_ind (duplicated operator)
nystroem('cosine',0.05784056402101239,79,5,-0.19415663267329997);varianceThreshold();selectPercentile(97.38767647870736);adaBoost(decisionTree('entropy',1,5,0.6038446751595415,14,'balanced'),39,0.19747663730920903,'SAMME')	0.7808333333333334	19.202977657318115
robustScaler(False,True);mlpClassifier((60, 19),0.05140653258230293,0.897258844864606,'lbfgs','relu')	0.8923456790123456	129.03114938735962
maxAbsScaler();maxAbsScaler();maxAbsScaler();lda(0.5839603898566129,120,0.09142559301773456)	invalid_ind (duplicated operator)	invalid_ind (duplicated operator)
nystroem('cosine',0.05784056402101239,53,5,-0.19415663267329997);mlpClassifier((60, 19),0.05140653258230293,0.897258844864606,'lbfgs','relu')	0.9554629629629631	cached
nystroem('cosine',0.05784056402101239,53,5,-0.903311741357937);adaBoost(decisionTree('entropy',7,5,0.989456397846815,14,'None'),67,1.9265524732544348,'SAMME')	0.9839197530864198	cached
nystroem('cosine',2.8895609644236675,79,2,0.44703655996625935);fastICA(48,'parallel','unit-variance','cube');selectPercentile(97.38767647870736);adaBoost(decisionTree('entropy',17,10,0.8057894087120353,14,'None'),23,1.6516331505696331,'SAMME')	0.7103858024691357	44.902472734451294
nystroem('cosine',2.8895609644236675,53,2,-0.6109238991689923);adaBoost(decisionTree('entropy',17,10,0.8057894087120353,14,'None'),23,1.6516331505696331,'SAMME')	0.9244907407407407	11.970585107803345
maxAbsScaler();selectFwe(0.008113165830907008);selectFwe(0.04857105558504968);minMaxScaler();nystroem('cosine',0.3162454257237629,79,2,0.44703655996625935);minMaxScaler();maxAbsScaler();bernoulliNB(11.150363387439373,False)	invalid_ind (duplicated operator)	invalid_ind (duplicated operator)
robustScaler(False,True);adaBoost(decisionTree('entropy',17,10,0.8057894087120353,14,'None'),23,1.6516331505696331,'SAMME')	0.585462962962963	46.05039858818054
nystroem('rbf',5.132646547196278,53,2,0.44703655996625935);lda(0.5839603898566129,120,0.010104509775850288)	eval_error (n_components cannot be larger than min(n_features, n_classes - 1).)	eval_error (n_components cannot be larger than min(n_features, n_classes - 1).)
nystroem('cosine',5.95686072694444,79,2,-0.26255944419334876);varianceThreshold();selectPercentile(97.38767647870736);adaBoost(decisionTree('entropy',30,17,0.836005573572394,10,'None'),39,0.19747663730920903,'SAMME')	0.9653858024691357	16.66960835456848
nystroem('cosine',0.05784056402101239,27,5,-0.19415663267329997);nystroem('sigmoid',3.255217524234969,20,3,-0.39152484290934053);maxAbsScaler();maxAbsScaler();fastICA(59,'parallel','arbitrary-variance','cube');multinomialNB(3.080566357882891,True)	invalid_ind (duplicated operator)	invalid_ind (duplicated operator)
minMaxScaler();randomForest(94,'gini',0.7143067956693883,9,6,False,'None')	0.5308796296296296	47.07995343208313
maxAbsScaler();selectFwe(0.017915467040969437);selectFwe(0.04857105558504968);minMaxScaler();nystroem('cosine',3.612332936527493,79,2,0.6755675022784686);minMaxScaler();maxAbsScaler();bernoulliNB(11.150363387439373,False)	invalid_ind (duplicated operator)	invalid_ind (duplicated operator)
maxAbsScaler();selectFwe(0.017915467040969437);selectFwe(0.04857105558504968);minMaxScaler();nystroem('cosine',3.612332936527493,79,2,0.6755675022784686);minMaxScaler();maxAbsScaler();bernoulliNB(11.150363387439373,False)	invalid_ind (duplicated operator)	invalid_ind (duplicated operator)
nystroem('rbf',0.45290742589636857,47,4,-0.4988991315751503);lda(0.5839603898566129,178,0.09142559301773456)	eval_error (n_components cannot be larger than min(n_features, n_classes - 1).)	eval_error (n_components cannot be larger than min(n_features, n_classes - 1).)
nystroem('cosine',5.95686072694444,79,2,-0.26255944419334876);varianceThreshold();selectPercentile(97.38767647870736);adaBoost(decisionTree('entropy',30,17,0.836005573572394,10,'None'),67,1.9265524732544348,'SAMME')	0.9740586419753086	cached
pca(0.6526759923725407,False);maxAbsScaler();selectPercentile(97.76619982798312);adaBoost(decisionTree('entropy',12,6,0.9589931934614301,10,'None'),75,0.37505970456369175,'SAMME')	eval_error (Found array with 0 feature(s) (shape=(646, 0)) while a minimum of 1 is required by AdaBoostClassifier.)	eval_error (Found array with 0 feature(s) (shape=(646, 0)) while a minimum of 1 is required by AdaBoostClassifier.)
maxAbsScaler();selectFwe(0.017915467040969437);selectFwe(0.04857105558504968);minMaxScaler();nystroem('cosine',3.612332936527493,79,2,0.6755675022784686);minMaxScaler();maxAbsScaler();bernoulliNB(11.150363387439373,False)	invalid_ind (duplicated operator)	invalid_ind (duplicated operator)
nystroem('cosine',0.05784056402101239,79,5,-0.903311741357937);varianceThreshold();selectPercentile(97.38767647870736);adaBoost(decisionTree('gini',28,12,0.04405545505991093,1,'balanced'),23,1.6516331505696331,'SAMME')	0.9429475308641975	6.297553300857544
nystroem('cosine',2.8895609644236675,79,2,-0.26255944419334876);pca(0.8979318946407802,True);selectPercentile(97.38767647870736);adaBoost(decisionTree('entropy',30,17,0.836005573572394,10,'None'),39,0.19747663730920903,'SAMME')	0.9665277777777778	17.051339864730835
nystroem('cosine',5.95686072694444,27,2,0.44703655996625935);nystroem('sigmoid',3.255217524234969,20,3,-0.39152484290934053);maxAbsScaler();maxAbsScaler();fastICA(59,'parallel','arbitrary-variance','cube');multinomialNB(3.080566357882891,True)	invalid_ind (duplicated operator)	invalid_ind (duplicated operator)
nystroem('cosine',0.05784056402101239,27,5,-0.19415663267329997);nystroem('sigmoid',3.255217524234969,20,3,-0.39152484290934053);maxAbsScaler();maxAbsScaler();fastICA(59,'parallel','arbitrary-variance','cube');multinomialNB(3.080566357882891,True)	invalid_ind (duplicated operator)	invalid_ind (duplicated operator)
robustScaler(False,True);nystroem('cosine',0.05784056402101239,53,5,-0.19415663267329997);lda(0.5839603898566129,120,0.09142559301773456)	eval_error (n_components cannot be larger than min(n_features, n_classes - 1).)	eval_error (n_components cannot be larger than min(n_features, n_classes - 1).)
nystroem('cosine',7.943897296127304,53,2,-0.6109238991689923);randomForest(94,'gini',0.7143067956693883,9,6,False,'None')	0.920787037037037	21.047911882400513
nystroem('cosine',0.05784056402101239,53,5,-0.903311741357937);randomForest(94,'gini',0.7143067956693883,9,6,False,'None')	0.920787037037037	20.66967463493347
nystroem('cosine',0.3162454257237629,53,2,0.44703655996625935);adaBoost(decisionTree('entropy',7,5,0.989456397846815,14,'None'),67,1.9265524732544348,'SAMME')	0.9839197530864198	25.512337923049927
maxAbsScaler();selectFwe(0.008113165830907008);selectFwe(0.04857105558504968);minMaxScaler();nystroem('cosine',0.05784056402101239,79,5,-0.903311741357937);minMaxScaler();maxAbsScaler();bernoulliNB(11.150363387439373,False)	invalid_ind (duplicated operator)	invalid_ind (duplicated operator)
robustScaler(False,True);nystroem('cosine',0.05784056402101239,53,5,-0.19415663267329997);mlpClassifier((60, 19),0.05140653258230293,0.897258844864606,'lbfgs','relu')	0.946820987654321	cached
nystroem('cosine',0.05784056402101239,27,5,-0.19415663267329997);nystroem('sigmoid',3.255217524234969,20,3,-0.39152484290934053);maxAbsScaler();maxAbsScaler();fastICA(59,'parallel','arbitrary-variance','cube');multinomialNB(3.080566357882891,True)	invalid_ind (duplicated operator)	invalid_ind (duplicated operator)
nystroem('poly',2.8895609644236675,53,2,0.1683740940343763);adaBoost(decisionTree('entropy',17,10,0.8057894087120353,14,'None'),23,1.6516331505696331,'SAMME')	0.7414969135802469	14.03900146484375
nystroem('cosine',0.05784056402101239,59,5,-0.19415663267329997);randomForest(94,'gini',0.7143067956693883,9,6,False,'None')	0.9084259259259261	26.446981191635132
nystroem('cosine',2.8895609644236675,79,2,0.6755675022784686);fastICA(48,'parallel','unit-variance','cube');selectPercentile(97.38767647870736);adaBoost(decisionTree('entropy',17,10,0.8057894087120353,14,'None'),23,1.6516331505696331,'SAMME')	0.7103858024691357	23.673768997192383
maxAbsScaler();selectFwe(0.008113165830907008);selectFwe(0.04857105558504968);minMaxScaler();nystroem('cosine',2.8895609644236675,79,2,0.44703655996625935);minMaxScaler();maxAbsScaler();bernoulliNB(11.150363387439373,False)	invalid_ind (duplicated operator)	invalid_ind (duplicated operator)
maxAbsScaler();selectFwe(0.008113165830907008);selectFwe(0.04857105558504968);minMaxScaler();nystroem('cosine',0.3162454257237629,79,2,0.44703655996625935);minMaxScaler();maxAbsScaler();bernoulliNB(11.150363387439373,False)	invalid_ind (duplicated operator)	invalid_ind (duplicated operator)
lda(0.5839603898566129,120,0.09142559301773456)	eval_error (n_components cannot be larger than min(n_features, n_classes - 1).)	eval_error (n_components cannot be larger than min(n_features, n_classes - 1).)
nystroem('cosine',0.05784056402101239,53,5,0.6755675022784686);randomForest(94,'gini',0.7143067956693883,9,6,False,'None')	0.920787037037037	33.703381299972534
minMaxScaler();maxAbsScaler();maxAbsScaler();varianceThreshold();selectPercentile(7.117988097374456);maxAbsScaler();lda(0.5839603898566129,120,0.09142559301773456)	invalid_ind (duplicated operator)	invalid_ind (duplicated operator)
maxAbsScaler();robustScaler(True,False);maxAbsScaler();varianceThreshold();randomForest(94,'gini',0.7143067956693883,9,6,False,'None')	invalid_ind (duplicated operator)	invalid_ind (duplicated operator)
maxAbsScaler();selectFwe(0.017915467040969437);selectFwe(0.04857105558504968);minMaxScaler();nystroem('cosine',0.05784056402101239,79,5,-0.19415663267329997);minMaxScaler();maxAbsScaler();bernoulliNB(11.150363387439373,False)	invalid_ind (duplicated operator)	invalid_ind (duplicated operator)
nystroem('cosine',0.05784056402101239,53,5,0.6755675022784686);adaBoost(decisionTree('entropy',7,5,0.989456397846815,14,'None'),67,1.9265524732544348,'SAMME')	0.9839197530864198	41.93247127532959
nystroem('cosine',0.05784056402101239,53,5,-0.19415663267329997);mlpClassifier((60, 19),0.05140653258230293,0.897258844864606,'lbfgs','relu')	0.9554629629629631	cached
nystroem('cosine',0.05784056402101239,53,5,-0.19415663267329997);mlpClassifier((60, 19),0.05140653258230293,0.897258844864606,'lbfgs','relu')	0.9554629629629631	cached
lda(0.5839603898566129,120,0.09142559301773456)	eval_error (n_components cannot be larger than min(n_features, n_classes - 1).)	eval_error (n_components cannot be larger than min(n_features, n_classes - 1).)
nystroem('cosine',2.8895609644236675,53,2,0.6755675022784686);adaBoost(decisionTree('entropy',30,17,0.836005573572394,10,'None'),39,0.19747663730920903,'SAMME')	0.9802314814814814	43.636399269104004
nystroem('cosine',5.95686072694444,79,2,-0.26255944419334876);varianceThreshold();selectPercentile(97.38767647870736);adaBoost(decisionTree('entropy',30,17,0.836005573572394,10,'None'),39,0.19747663730920903,'SAMME')	0.9653858024691357	61.960516691207886
nystroem('cosine',0.05784056402101239,53,4,-0.4988991315751503);mlpClassifier((60, 19),0.05140653258230293,0.897258844864606,'lbfgs','relu')	0.9554629629629631	111.03078746795654
minMaxScaler();mlpClassifier((60, 19),0.05140653258230293,0.897258844864606,'adam','relu')	0.5	82.23785829544067
pca(0.6097464530375929,True);lda(0.5839603898566129,178,0.09142559301773456)	eval_error (n_components cannot be larger than min(n_features, n_classes - 1).)	eval_error (n_components cannot be larger than min(n_features, n_classes - 1).)
nystroem('cosine',5.95686072694444,53,2,-0.26255944419334876);randomForest(94,'gini',0.7143067956693883,9,6,False,'None')	0.920787037037037	67.05325508117676
nystroem('cosine',0.05784056402101239,53,5,-0.903311741357937);mlpClassifier((60, 19),0.05140653258230293,0.897258844864606,'lbfgs','relu')	0.9554629629629631	103.74412298202515
nystroem('cosine',5.95686072694444,53,2,-0.26255944419334876);adaBoost(decisionTree('entropy',30,17,0.836005573572394,10,'None'),67,1.9265524732544348,'SAMME')	0.9888734567901235	72.26785445213318
nystroem('cosine',0.05784056402101239,53,5,-0.19415663267329997);adaBoost(decisionTree('entropy',7,5,0.989456397846815,14,'None'),67,1.9265524732544348,'SAMME')	0.9839197530864198	11.752649784088135
nystroem('cosine',0.05784056402101239,27,5,-0.19415663267329997);pca(0.6097464530375929,True);maxAbsScaler();maxAbsScaler();fastICA(59,'parallel','arbitrary-variance','cube');multinomialNB(3.080566357882891,True)	invalid_ind (duplicated operator)	invalid_ind (duplicated operator)
nystroem('cosine',0.05784056402101239,53,4,-0.4988991315751503);mlpClassifier((60, 19),0.05140653258230293,0.897258844864606,'lbfgs','relu')	0.9554629629629631	cached
nystroem('cosine',5.95686072694444,27,2,0.44703655996625935);nystroem('sigmoid',3.255217524234969,20,3,-0.39152484290934053);maxAbsScaler();maxAbsScaler();fastICA(59,'parallel','arbitrary-variance','cube');multinomialNB(3.080566357882891,True)	invalid_ind (duplicated operator)	invalid_ind (duplicated operator)
nystroem('cosine',5.95686072694444,53,2,-0.26255944419334876);adaBoost(decisionTree('entropy',30,17,0.836005573572394,10,'None'),39,0.19747663730920903,'SAMME')	0.9802314814814814	cached
nystroem('cosine',0.05784056402101239,53,5,-0.19415663267329997);mlpClassifier((60, 19),0.05140653258230293,0.897258844864606,'lbfgs','relu')	0.9554629629629631	cached
nystroem('cosine',0.3162454257237629,53,2,0.44703655996625935);adaBoost(decisionTree('entropy',7,5,0.989456397846815,14,'None'),67,1.9265524732544348,'SAMME')	0.9839197530864198	cached
nystroem('cosine',0.05784056402101239,53,5,0.6755675022784686);adaBoost(decisionTree('entropy',7,5,0.989456397846815,14,'None'),67,1.9265524732544348,'SAMME')	0.9839197530864198	cached
nystroem('cosine',0.05784056402101239,53,5,-0.903311741357937);adaBoost(decisionTree('entropy',7,5,0.989456397846815,14,'None'),67,1.9265524732544348,'SAMME')	0.9839197530864198	cached
nystroem('cosine',0.05784056402101239,53,5,-0.903311741357937);adaBoost(decisionTree('entropy',7,5,0.989456397846815,14,'None'),67,1.9265524732544348,'SAMME')	0.9839197530864198	cached
nystroem('cosine',0.05784056402101239,53,5,-0.903311741357937);adaBoost(decisionTree('entropy',7,5,0.989456397846815,14,'None'),67,1.9265524732544348,'SAMME')	0.9839197530864198	cached
nystroem('cosine',2.8895609644236675,79,2,-0.26255944419334876);pca(0.8979318946407802,True);selectPercentile(97.38767647870736);adaBoost(decisionTree('entropy',30,17,0.836005573572394,10,'None'),39,0.19747663730920903,'SAMME')	0.9665277777777778	cached
nystroem('cosine',0.05784056402101239,27,5,-0.19415663267329997);nystroem('sigmoid',3.255217524234969,20,3,-0.39152484290934053);maxAbsScaler();maxAbsScaler();fastICA(59,'parallel','arbitrary-variance','cube');multinomialNB(3.080566357882891,True)	invalid_ind (duplicated operator)	invalid_ind (duplicated operator)
robustScaler(False,True);nystroem('cosine',0.05784056402101239,53,5,-0.19415663267329997);mlpClassifier((60, 19),0.05140653258230293,0.897258844864606,'lbfgs','relu')	0.946820987654321	cached
minMaxScaler();mlpClassifier((60, 19),0.05140653258230293,0.897258844864606,'adam','relu')	0.5	cached
nystroem('cosine',5.95686072694444,53,2,-0.26255944419334876);adaBoost(decisionTree('entropy',30,17,0.836005573572394,10,'None'),67,1.9265524732544348,'SAMME')	0.9888734567901235	cached
robustScaler(False,True);nystroem('cosine',0.05784056402101239,53,5,-0.19415663267329997);mlpClassifier((60, 19),0.05140653258230293,0.897258844864606,'lbfgs','relu')	0.946820987654321	cached
nystroem('cosine',0.05784056402101239,53,5,-0.19415663267329997);adaBoost(decisionTree('entropy',7,5,0.989456397846815,14,'None'),67,1.9265524732544348,'SAMME')	0.9839197530864198	cached
nystroem('cosine',0.05784056402101239,27,5,-0.19415663267329997);nystroem('sigmoid',3.255217524234969,20,3,-0.39152484290934053);maxAbsScaler();maxAbsScaler();fastICA(59,'parallel','arbitrary-variance','cube');multinomialNB(3.080566357882891,True)	invalid_ind (duplicated operator)	invalid_ind (duplicated operator)
maxAbsScaler();selectFwe(0.008113165830907008);selectFwe(0.04857105558504968);minMaxScaler();nystroem('cosine',0.05784056402101239,79,2,0.44703655996625935);minMaxScaler();maxAbsScaler();bernoulliNB(11.150363387439373,False)	invalid_ind (duplicated operator)	invalid_ind (duplicated operator)
nystroem('cosine',0.05784056402101239,53,5,-0.903311741357937);mlpClassifier((60, 19),0.05140653258230293,0.897258844864606,'lbfgs','relu')	0.9554629629629631	cached
nystroem('cosine',0.05784056402101239,53,5,-0.903311741357937);randomForest(94,'gini',0.7143067956693883,9,6,False,'None')	0.920787037037037	cached
lda(0.5839603898566129,120,0.09142559301773456)	eval_error (n_components cannot be larger than min(n_features, n_classes - 1).)	eval_error (n_components cannot be larger than min(n_features, n_classes - 1).)
nystroem('sigmoid',3.255217524234969,20,3,-0.39152484290934053);lda(0.5839603898566129,178,0.09142559301773456)	eval_error (n_components cannot be larger than min(n_features, n_classes - 1).)	eval_error (n_components cannot be larger than min(n_features, n_classes - 1).)
pca(0.6526759923725407,False);maxAbsScaler();selectPercentile(97.76619982798312);adaBoost(decisionTree('entropy',12,6,0.9589931934614301,10,'None'),75,0.37505970456369175,'SAMME')	eval_error (Found array with 0 feature(s) (shape=(646, 0)) while a minimum of 1 is required by AdaBoostClassifier.)	eval_error (Found array with 0 feature(s) (shape=(646, 0)) while a minimum of 1 is required by AdaBoostClassifier.)
nystroem('cosine',0.05784056402101239,53,5,-0.19415663267329997);adaBoost(decisionTree('entropy',7,5,0.989456397846815,14,'None'),67,1.9265524732544348,'SAMME')	0.9839197530864198	cached
maxAbsScaler();selectFwe(0.017915467040969437);selectFwe(0.04857105558504968);minMaxScaler();nystroem('cosine',0.05784056402101239,79,2,0.44703655996625935);minMaxScaler();maxAbsScaler();bernoulliNB(11.150363387439373,False)	invalid_ind (duplicated operator)	invalid_ind (duplicated operator)
mlpClassifier((16, 7),0.034907900462904706,0.11544043722203721,'adam','logistic')	0.5	5.143161296844482
robustScaler(False,True);nystroem('cosine',0.05784056402101239,53,5,-0.19415663267329997);lda(0.5839603898566129,120,0.09142559301773456)	eval_error (n_components cannot be larger than min(n_features, n_classes - 1).)	eval_error (n_components cannot be larger than min(n_features, n_classes - 1).)
minMaxScaler();mlpClassifier((60, 19),0.05140653258230293,0.897258844864606,'adam','relu')	0.5	26.106298208236694
nystroem('cosine',0.3162454257237629,53,5,-0.903311741357937);adaBoost(decisionTree('entropy',7,5,0.989456397846815,14,'None'),67,1.9265524732544348,'SAMME')	0.9839197530864198	32.666062116622925
nystroem('cosine',0.05784056402101239,53,5,-0.19415663267329997);adaBoost(decisionTree('entropy',30,17,0.836005573572394,10,'None'),67,1.9265524732544348,'SAMME')	0.9888734567901235	34.43398904800415
robustScaler(False,True);nystroem('cosine',5.95686072694444,53,2,-0.26255944419334876);lda(0.5839603898566129,120,0.09142559301773456)	eval_error (n_components cannot be larger than min(n_features, n_classes - 1).)	eval_error (n_components cannot be larger than min(n_features, n_classes - 1).)
nystroem('cosine',0.19521589135942413,79,2,-0.7784726123259145);varianceThreshold();selectPercentile(97.38767647870736);adaBoost(decisionTree('gini',30,17,0.836005573572394,10,'None'),75,0.37505970456369175,'SAMME')	0.9826697530864197	38.85877799987793
pca(0.6526759923725407,False);maxAbsScaler();selectPercentile(97.76619982798312);adaBoost(decisionTree('entropy',12,6,0.9589931934614301,10,'None'),67,1.9265524732544348,'SAMME')	eval_error (Found array with 0 feature(s) (shape=(646, 0)) while a minimum of 1 is required by AdaBoostClassifier.)	eval_error (Found array with 0 feature(s) (shape=(646, 0)) while a minimum of 1 is required by AdaBoostClassifier.)
nystroem('cosine',5.95686072694444,53,2,-0.26255944419334876);randomForest(94,'gini',0.7143067956693883,9,6,False,'None')	0.920787037037037	31.143824100494385
minMaxScaler();maxAbsScaler();varianceThreshold();selectPercentile(97.38767647870736);adaBoost(decisionTree('entropy',30,17,0.836005573572394,10,'None'),39,0.19747663730920903,'SAMME')	0.572824074074074	64.71663856506348
nystroem('cosine',0.05784056402101239,53,5,0.6953610938721309);mlpClassifier((60, 19),0.05140653258230293,0.897258844864606,'lbfgs','relu')	0.9554629629629631	68.34412550926208
nystroem('cosine',0.05784056402101239,53,5,-0.19415663267329997);mlpClassifier((60, 19),0.05140653258230293,0.897258844864606,'lbfgs','relu')	0.9554629629629631	cached
nystroem('cosine',0.05784056402101239,79,2,0.44703655996625935);varianceThreshold();selectPercentile(97.38767647870736);adaBoost(decisionTree('entropy',26,7,0.4986849810474776,13,'balanced'),99,0.16426470864415788,'SAMME')	0.9876543209876543	60.262431621551514
nystroem('cosine',5.95686072694444,27,5,-0.903311741357937);nystroem('sigmoid',3.255217524234969,20,3,-0.39152484290934053);maxAbsScaler();maxAbsScaler();fastICA(59,'parallel','arbitrary-variance','cube');multinomialNB(3.080566357882891,True)	invalid_ind (duplicated operator)	invalid_ind (duplicated operator)
nystroem('cosine',0.05784056402101239,53,5,-0.903311741357937);mlpClassifier((60, 19),0.05140653258230293,0.897258844864606,'lbfgs','relu')	0.9554629629629631	cached
nystroem('cosine',5.95686072694444,53,2,-0.26255944419334876);adaBoost(decisionTree('entropy',30,17,0.836005573572394,10,'None'),39,0.19747663730920903,'SAMME')	0.9802314814814814	cached
nystroem('cosine',2.8895609644236675,79,2,-0.26255944419334876);pca(0.8979318946407802,True);selectPercentile(97.38767647870736);adaBoost(decisionTree('entropy',30,17,0.836005573572394,10,'None'),39,0.19747663730920903,'SAMME')	0.9665277777777778	cached
nystroem('cosine',0.05784056402101239,53,5,-0.903311741357937);adaBoost(decisionTree('entropy',7,5,0.989456397846815,14,'None'),67,1.9265524732544348,'SAMME')	0.9839197530864198	cached
robustScaler(False,True);nystroem('cosine',0.05784056402101239,53,5,-0.19415663267329997);mlpClassifier((60, 19),0.05140653258230293,0.897258844864606,'lbfgs','relu')	0.946820987654321	cached
nystroem('cosine',0.05784056402101239,53,5,-0.19415663267329997);adaBoost(decisionTree('entropy',30,17,0.836005573572394,10,'None'),67,1.9265524732544348,'SAMME')	0.9888734567901235	cached
nystroem('cosine',0.05784056402101239,53,5,-0.903311741357937);adaBoost(decisionTree('entropy',7,5,0.989456397846815,14,'None'),67,1.9265524732544348,'SAMME')	0.9839197530864198	cached
nystroem('cosine',2.8895609644236675,79,2,0.44703655996625935);varianceThreshold();selectPercentile(97.38767647870736);adaBoost(decisionTree('entropy',30,17,0.836005573572394,10,'None'),39,0.19747663730920903,'SAMME')	0.9653858024691357	cached
nystroem('cosine',0.05784056402101239,27,5,-0.19415663267329997);nystroem('sigmoid',3.255217524234969,20,3,-0.39152484290934053);maxAbsScaler();maxAbsScaler();fastICA(59,'parallel','arbitrary-variance','cube');multinomialNB(3.080566357882891,True)	invalid_ind (duplicated operator)	invalid_ind (duplicated operator)
nystroem('cosine',5.95686072694444,53,2,-0.26255944419334876);adaBoost(decisionTree('entropy',30,17,0.836005573572394,10,'None'),67,1.9265524732544348,'SAMME')	0.9888734567901235	cached
robustScaler(False,True);nystroem('cosine',0.05784056402101239,53,5,-0.19415663267329997);lda(0.5839603898566129,120,0.09142559301773456)	eval_error (n_components cannot be larger than min(n_features, n_classes - 1).)	eval_error (n_components cannot be larger than min(n_features, n_classes - 1).)
selectFwe(0.011023944612646707);robustScaler(True,True);adaBoost(decisionTree('entropy',7,5,0.989456397846815,14,'None'),67,1.9265524732544348,'SAMME')	eval_error (Found array with 0 feature(s) (shape=(646, 0)) while a minimum of 1 is required by RobustScaler.)	eval_error (Found array with 0 feature(s) (shape=(646, 0)) while a minimum of 1 is required by RobustScaler.)
nystroem('cosine',0.3162454257237629,53,2,0.44703655996625935);adaBoost(decisionTree('entropy',7,5,0.989456397846815,14,'None'),67,1.9265524732544348,'SAMME')	0.9839197530864198	cached
pca(0.6526759923725407,False);maxAbsScaler();selectPercentile(97.76619982798312);adaBoost(decisionTree('entropy',12,6,0.9589931934614301,10,'None'),67,1.9265524732544348,'SAMME')	eval_error (Found array with 0 feature(s) (shape=(646, 0)) while a minimum of 1 is required by AdaBoostClassifier.)	eval_error (Found array with 0 feature(s) (shape=(646, 0)) while a minimum of 1 is required by AdaBoostClassifier.)
nystroem('rbf',0.05784056402101239,53,5,0.7954169349591034);adaBoost(decisionTree('entropy',7,5,0.989456397846815,14,'None'),67,1.9265524732544348,'SAMME')	0.4914351851851852	25.63203525543213
nystroem('cosine',0.05784056402101239,53,5,-0.19415663267329997);adaBoost(decisionTree('entropy',7,5,0.989456397846815,14,'None'),67,1.9265524732544348,'SAMME')	0.9839197530864198	cached
nystroem('cosine',0.05784056402101239,79,2,0.44703655996625935);varianceThreshold();selectPercentile(97.38767647870736);adaBoost(decisionTree('gini',30,17,0.836005573572394,10,'None'),75,0.37505970456369175,'SAMME')	0.9826697530864197	94.6103208065033
maxAbsScaler();selectFwe(0.017915467040969437);selectFwe(0.04857105558504968);minMaxScaler();nystroem('cosine',0.19521589135942413,79,2,-0.7784726123259145);minMaxScaler();maxAbsScaler();bernoulliNB(11.150363387439373,False)	invalid_ind (duplicated operator)	invalid_ind (duplicated operator)
nystroem('cosine',0.05784056402101239,53,5,-0.903311741357937);adaBoost(decisionTree('entropy',7,5,0.989456397846815,14,'None'),67,1.9265524732544348,'SAMME')	0.9839197530864198	cached
nystroem('cosine',0.3162454257237629,53,5,-0.903311741357937);adaBoost(decisionTree('entropy',7,5,0.989456397846815,14,'None'),67,1.9265524732544348,'SAMME')	0.9839197530864198	cached
nystroem('cosine',0.3162454257237629,53,2,-0.8995423919668615);adaBoost(decisionTree('entropy',30,17,0.836005573572394,10,'None'),39,0.63083138678629,'SAMME')	0.9851697530864196	65.1448917388916
pca(0.6526759923725407,False);maxAbsScaler();selectPercentile(97.76619982798312);adaBoost(decisionTree('entropy',12,6,0.9589931934614301,10,'None'),67,1.9265524732544348,'SAMME')	eval_error (Found array with 0 feature(s) (shape=(646, 0)) while a minimum of 1 is required by AdaBoostClassifier.)	eval_error (Found array with 0 feature(s) (shape=(646, 0)) while a minimum of 1 is required by AdaBoostClassifier.)
nystroem('cosine',0.05784056402101239,53,5,-0.903311741357937);adaBoost(decisionTree('entropy',7,5,0.989456397846815,14,'None'),67,1.9265524732544348,'SAMME')	0.9839197530864198	cached
nystroem('cosine',0.05784056402101239,35,5,-0.19415663267329997);mlpClassifier((60, 19),0.006466113252265382,0.897258844864606,'lbfgs','identity')	0.9319753086419753	137.13938570022583
nystroem('cosine',0.05784056402101239,53,5,-0.19415663267329997);mlpClassifier((60, 19),0.05140653258230293,0.897258844864606,'lbfgs','relu')	0.9554629629629631	cached
nystroem('cosine',0.05784056402101239,53,4,-0.26255944419334876);mlpClassifier((60, 19),0.05140653258230293,0.897258844864606,'lbfgs','relu')	0.9554629629629631	151.72772479057312
robustScaler(False,True);nystroem('cosine',5.95686072694444,53,2,-0.4988991315751503);lda(0.5839603898566129,120,0.09142559301773456)	eval_error (n_components cannot be larger than min(n_features, n_classes - 1).)	eval_error (n_components cannot be larger than min(n_features, n_classes - 1).)
robustScaler(False,True);nystroem('cosine',0.05784056402101239,53,5,-0.903311741357937);mlpClassifier((60, 19),0.05140653258230293,0.897258844864606,'lbfgs','relu')	0.946820987654321	149.58944511413574
nystroem('cosine',5.95686072694444,27,5,-0.19415663267329997);nystroem('sigmoid',3.255217524234969,20,3,-0.39152484290934053);maxAbsScaler();maxAbsScaler();fastICA(59,'parallel','arbitrary-variance','cube');multinomialNB(3.080566357882891,True)	invalid_ind (duplicated operator)	invalid_ind (duplicated operator)
nystroem('cosine',0.05784056402101239,53,5,-0.19415663267329997);adaBoost(decisionTree('entropy',30,17,0.836005573572394,10,'None'),67,1.9265524732544348,'SAMME')	0.9888734567901235	cached
nystroem('cosine',0.3162454257237629,53,5,-0.903311741357937);adaBoost(decisionTree('gini',22,2,0.8055363517382519,11,'balanced'),69,0.331490410499791,'SAMME')	0.9876388888888888	52.42993211746216
nystroem('cosine',0.05784056402101239,53,5,-0.19415663267329997);adaBoost(decisionTree('entropy',30,17,0.836005573572394,10,'None'),67,1.9265524732544348,'SAMME')	0.9888734567901235	cached
lda(0.5839603898566129,120,0.09142559301773456)	eval_error (n_components cannot be larger than min(n_features, n_classes - 1).)	eval_error (n_components cannot be larger than min(n_features, n_classes - 1).)
nystroem('cosine',2.8895609644236675,79,5,-0.903311741357937);pca(0.8979318946407802,True);selectPercentile(97.38767647870736);adaBoost(decisionTree('entropy',7,5,0.989456397846815,14,'None'),67,1.9265524732544348,'SAMME')	0.9603858024691359	71.47933840751648
nystroem('cosine',5.95686072694444,53,5,-0.19415663267329997);adaBoost(decisionTree('entropy',30,17,0.836005573572394,10,'None'),67,1.9265524732544348,'SAMME')	0.9888734567901235	38.123687744140625
nystroem('cosine',2.8895609644236675,79,2,-0.903311741357937);varianceThreshold();selectPercentile(97.38767647870736);adaBoost(decisionTree('entropy',30,17,0.836005573572394,10,'None'),39,0.19747663730920903,'SAMME')	0.9653858024691357	16.012335300445557
pca(0.9498068342689466,True);nystroem('cosine',0.05784056402101239,53,2,-0.26255944419334876);mlpClassifier((60, 19),0.05140653258230293,0.897258844864606,'lbfgs','relu')	0.5210493827160494	9.100050687789917
nystroem('cosine',0.3162454257237629,53,5,-0.903311741357937);adaBoost(decisionTree('entropy',7,5,0.989456397846815,14,'balanced'),99,0.16426470864415788,'SAMME')	0.9851697530864196	39.76459097862244
nystroem('cosine',0.05784056402101239,53,5,0.44703655996625935);mlpClassifier((60, 19),0.05140653258230293,0.897258844864606,'lbfgs','relu')	0.9554629629629631	58.291797161102295
nystroem('cosine',0.05784056402101239,79,2,0.44703655996625935);varianceThreshold();selectPercentile(97.38767647870736);adaBoost(decisionTree('entropy',26,7,0.4986849810474776,13,'None'),67,1.9265524732544348,'SAMME')	0.9777160493827161	39.86127996444702
nystroem('cosine',2.8895609644236675,79,4,-0.7784726123259145);varianceThreshold();selectPercentile(97.38767647870736);adaBoost(decisionTree('gini',30,17,0.836005573572394,10,'None'),39,0.19747663730920903,'SAMME')	0.9641666666666666	13.571009397506714
maxAbsScaler();selectFwe(0.017915467040969437);selectFwe(0.04857105558504968);minMaxScaler();nystroem('cosine',0.19521589135942413,79,2,0.44703655996625935);minMaxScaler();maxAbsScaler();bernoulliNB(11.150363387439373,False)	invalid_ind (duplicated operator)	invalid_ind (duplicated operator)
nystroem('cosine',0.05784056402101239,79,2,0.44703655996625935);varianceThreshold();selectPercentile(97.38767647870736);adaBoost(decisionTree('entropy',26,7,0.4986849810474776,13,'balanced'),39,0.19747663730920903,'SAMME')	0.967854938271605	14.11263632774353
robustScaler(False,True);nystroem('cosine',0.05784056402101239,53,5,-0.19415663267329997);lda(0.2740433892663141,120,0.07819387294596156)	eval_error (n_components cannot be larger than min(n_features, n_classes - 1).)	eval_error (n_components cannot be larger than min(n_features, n_classes - 1).)
nystroem('cosine',0.05784056402101239,53,5,-0.19415663267329997);adaBoost(decisionTree('entropy',30,17,0.836005573572394,10,'None'),67,1.9265524732544348,'SAMME')	0.9888734567901235	cached
nystroem('cosine',0.05784056402101239,53,5,-0.903311741357937);adaBoost(decisionTree('entropy',7,5,0.989456397846815,14,'None'),67,1.9265524732544348,'SAMME')	0.9839197530864198	cached
nystroem('cosine',0.3162454257237629,53,2,-0.8995423919668615);adaBoost(decisionTree('entropy',30,17,0.836005573572394,10,'None'),67,1.9265524732544348,'SAMME')	0.9888734567901235	23.346129179000854
nystroem('cosine',0.05784056402101239,53,2,-0.7784726123259145);adaBoost(decisionTree('entropy',30,17,0.836005573572394,10,'None'),67,1.9265524732544348,'SAMME')	0.9888734567901235	24.97087574005127
maxAbsScaler();selectFwe(0.017915467040969437);selectFwe(0.04857105558504968);minMaxScaler();nystroem('cosine',0.19521589135942413,79,5,-0.19415663267329997);minMaxScaler();maxAbsScaler();bernoulliNB(11.150363387439373,False)	invalid_ind (duplicated operator)	invalid_ind (duplicated operator)
nystroem('cosine',0.3162454257237629,53,5,-0.903311741357937);adaBoost(decisionTree('entropy',7,5,0.989456397846815,14,'balanced'),99,1.9265524732544348,'SAMME')	0.9913580246913579	31.77067494392395
nystroem('cosine',1.5572626176580813,53,2,-0.8995423919668615);adaBoost(decisionTree('entropy',29,10,0.8312906989491693,8,'None'),39,0.63083138678629,'SAMME')	0.9826851851851851	15.732963562011719
pca(0.8827371412463926,False);maxAbsScaler();selectPercentile(97.76619982798312);adaBoost(decisionTree('entropy',12,6,0.9589931934614301,10,'None'),67,0.16426470864415788,'SAMME')	eval_error (Found array with 0 feature(s) (shape=(646, 0)) while a minimum of 1 is required by AdaBoostClassifier.)	eval_error (Found array with 0 feature(s) (shape=(646, 0)) while a minimum of 1 is required by AdaBoostClassifier.)
nystroem('cosine',0.05784056402101239,53,5,-0.903311741357937);adaBoost(decisionTree('entropy',7,5,0.989456397846815,14,'None'),39,0.63083138678629,'SAMME')	0.9851697530864196	15.549532175064087
nystroem('cosine',0.3162454257237629,53,5,-0.903311741357937);adaBoost(decisionTree('gini',22,2,0.8055363517382519,11,'balanced'),38,0.331490410499791,'SAMME')	0.9814506172839506	10.619916439056396
nystroem('cosine',0.05784056402101239,53,5,-0.19415663267329997);adaBoost(decisionTree('entropy',30,17,0.836005573572394,10,'None'),67,1.9265524732544348,'SAMME')	0.9888734567901235	cached
pca(0.6526759923725407,False);maxAbsScaler();selectPercentile(97.76619982798312);adaBoost(decisionTree('entropy',26,7,0.4986849810474776,13,'None'),67,1.9265524732544348,'SAMME')	eval_error (Found array with 0 feature(s) (shape=(646, 0)) while a minimum of 1 is required by AdaBoostClassifier.)	eval_error (Found array with 0 feature(s) (shape=(646, 0)) while a minimum of 1 is required by AdaBoostClassifier.)
nystroem('cosine',5.95686072694444,53,2,-0.26255944419334876);adaBoost(decisionTree('entropy',7,17,0.989456397846815,10,'None'),67,1.9265524732544348,'SAMME')	0.9975154320987654	26.465652465820312
nystroem('cosine',0.3162454257237629,53,2,0.44703655996625935);adaBoost(decisionTree('entropy',7,5,0.989456397846815,14,'None'),67,1.9265524732544348,'SAMME')	0.9839197530864198	23.666044235229492
nystroem('cosine',2.8895609644236675,79,2,0.44703655996625935);varianceThreshold();selectPercentile(97.38767647870736);adaBoost(decisionTree('entropy',30,17,0.836005573572394,10,'None'),99,0.16426470864415788,'SAMME')	0.9777314814814814	46.988569259643555
nystroem('cosine',0.05784056402101239,53,4,-0.26255944419334876);adaBoost(decisionTree('entropy',7,5,0.989456397846815,14,'None'),67,1.9265524732544348,'SAMME')	0.9839197530864198	22.773982763290405
nystroem('cosine',1.704398659778199,53,2,-0.8995423919668615);adaBoost(decisionTree('entropy',30,17,0.836005573572394,10,'None'),39,0.63083138678629,'SAMME')	0.9851697530864196	22.06950831413269
nystroem('cosine',5.95686072694444,53,2,-0.26255944419334876);adaBoost(decisionTree('entropy',30,17,0.836005573572394,10,'None'),67,1.9265524732544348,'SAMME')	0.9888734567901235	cached
nystroem('cosine',0.3162454257237629,53,2,-0.8995423919668615);adaBoost(decisionTree('entropy',30,17,0.836005573572394,10,'None'),39,0.63083138678629,'SAMME')	0.9851697530864196	cached
nystroem('cosine',0.05784056402101239,53,5,-0.903311741357937);adaBoost(decisionTree('entropy',30,5,0.836005573572394,14,'None'),67,1.9265524732544348,'SAMME')	0.9851697530864196	30.304731607437134
nystroem('cosine',0.05784056402101239,21,5,-0.19415663267329997);adaBoost(decisionTree('entropy',7,5,0.989456397846815,14,'None'),67,1.9265524732544348,'SAMME')	0.9962500000000001	28.368433952331543
nystroem('cosine',0.05784056402101239,53,2,-0.7784726123259145);adaBoost(decisionTree('entropy',7,5,0.989456397846815,14,'None'),67,1.9265524732544348,'SAMME')	0.9839197530864198	51.74284553527832
maxAbsScaler();selectFwe(0.017915467040969437);selectFwe(0.04857105558504968);minMaxScaler();nystroem('cosine',0.19521589135942413,79,5,-0.903311741357937);minMaxScaler();maxAbsScaler();bernoulliNB(11.150363387439373,False)	invalid_ind (duplicated operator)	invalid_ind (duplicated operator)
nystroem('cosine',0.05784056402101239,79,2,0.44703655996625935);varianceThreshold();selectPercentile(97.38767647870736);adaBoost(decisionTree('entropy',12,6,0.9589931934614301,10,'None'),67,1.9265524732544348,'SAMME')	0.9789506172839506	64.22797751426697
nystroem('cosine',0.05784056402101239,27,5,0.44703655996625935);nystroem('sigmoid',3.255217524234969,20,3,-0.39152484290934053);maxAbsScaler();maxAbsScaler();fastICA(59,'parallel','arbitrary-variance','cube');multinomialNB(3.080566357882891,True)	invalid_ind (duplicated operator)	invalid_ind (duplicated operator)
nystroem('cosine',0.05784056402101239,53,5,-0.19415663267329997);mlpClassifier((60, 19),0.05140653258230293,0.897258844864606,'lbfgs','relu')	0.9554629629629631	94.55804824829102
nystroem('cosine',0.05784056402101239,53,5,-0.903311741357937);adaBoost(decisionTree('entropy',7,5,0.989456397846815,14,'None'),67,1.9265524732544348,'SAMME')	0.9839197530864198	cached
nystroem('cosine',0.3162454257237629,53,5,-0.903311741357937);adaBoost(decisionTree('gini',22,2,0.8055363517382519,11,'balanced'),69,0.331490410499791,'SAMME')	0.9876388888888888	cached
nystroem('cosine',0.3162454257237629,53,2,-0.7784726123259145);adaBoost(decisionTree('entropy',7,5,0.989456397846815,14,'balanced'),99,0.16426470864415788,'SAMME')	0.9851697530864196	90.78323864936829
maxAbsScaler();selectFwe(0.017915467040969437);selectFwe(0.04857105558504968);minMaxScaler();nystroem('cosine',0.19521589135942413,79,5,-0.903311741357937);minMaxScaler();maxAbsScaler();bernoulliNB(11.150363387439373,False)	invalid_ind (duplicated operator)	invalid_ind (duplicated operator)
nystroem('cosine',0.05784056402101239,53,5,-0.903311741357937);adaBoost(decisionTree('entropy',30,17,0.836005573572394,10,'None'),67,1.9265524732544348,'SAMME')	0.9888734567901235	69.89208245277405
nystroem('cosine',0.05784056402101239,79,2,-0.19415663267329997);varianceThreshold();selectPercentile(97.38767647870736);adaBoost(decisionTree('entropy',26,7,0.4986849810474776,13,'balanced'),99,0.16426470864415788,'SAMME')	0.9876543209876543	84.55685520172119
nystroem('cosine',0.05784056402101239,79,5,-0.19415663267329997);pca(0.8979318946407802,True);selectPercentile(97.38767647870736);adaBoost(decisionTree('entropy',7,5,0.989456397846815,14,'None'),67,1.9265524732544348,'SAMME')	0.9603858024691359	51.24664640426636
nystroem('cosine',0.05784056402101239,53,4,-0.26255944419334876);mlpClassifier((60, 19),0.05140653258230293,0.897258844864606,'lbfgs','relu')	0.9554629629629631	97.70467209815979
pca(0.6526759923725407,False);maxAbsScaler();selectPercentile(97.76619982798312);adaBoost(decisionTree('entropy',12,6,0.9589931934614301,10,'None'),67,1.9265524732544348,'SAMME')	eval_error (Found array with 0 feature(s) (shape=(646, 0)) while a minimum of 1 is required by AdaBoostClassifier.)	eval_error (Found array with 0 feature(s) (shape=(646, 0)) while a minimum of 1 is required by AdaBoostClassifier.)
nystroem('cosine',2.8895609644236675,53,5,-0.903311741357937);mlpClassifier((60, 19),0.05140653258230293,0.897258844864606,'lbfgs','relu')	0.9554629629629631	48.81346368789673
nystroem('cosine',0.05784056402101239,53,5,-0.903311741357937);adaBoost(decisionTree('entropy',30,5,0.836005573572394,14,'None'),67,1.9265524732544348,'SAMME')	0.9851697530864196	cached
nystroem('cosine',0.05784056402101239,53,2,-0.7784726123259145);adaBoost(decisionTree('entropy',30,17,0.836005573572394,10,'None'),67,1.9265524732544348,'SAMME')	0.9888734567901235	cached
nystroem('cosine',0.05784056402101239,53,5,-0.19415663267329997);adaBoost(decisionTree('entropy',30,17,0.836005573572394,10,'None'),67,1.9265524732544348,'SAMME')	0.9888734567901235	cached
maxAbsScaler();selectFwe(0.017915467040969437);selectFwe(0.04857105558504968);minMaxScaler();nystroem('cosine',0.19521589135942413,79,5,-0.903311741357937);minMaxScaler();maxAbsScaler();bernoulliNB(11.150363387439373,False)	invalid_ind (duplicated operator)	invalid_ind (duplicated operator)
nystroem('cosine',0.05784056402101239,53,5,-0.903311741357937);adaBoost(decisionTree('entropy',7,5,0.989456397846815,14,'None'),67,1.9265524732544348,'SAMME')	0.9839197530864198	cached
nystroem('cosine',0.3162454257237629,53,2,-0.7784726123259145);adaBoost(decisionTree('entropy',7,5,0.989456397846815,14,'balanced'),99,0.16426470864415788,'SAMME')	0.9851697530864196	cached
nystroem('cosine',0.05784056402101239,27,5,0.44703655996625935);nystroem('sigmoid',3.255217524234969,20,3,-0.39152484290934053);maxAbsScaler();maxAbsScaler();fastICA(59,'parallel','arbitrary-variance','cube');multinomialNB(3.080566357882891,True)	invalid_ind (duplicated operator)	invalid_ind (duplicated operator)
nystroem('cosine',0.3162454257237629,53,5,-0.903311741357937);adaBoost(decisionTree('entropy',7,5,0.989456397846815,14,'balanced'),99,1.9265524732544348,'SAMME')	0.9913580246913579	cached
nystroem('cosine',0.3162454257237629,53,2,-0.8995423919668615);adaBoost(decisionTree('entropy',30,17,0.836005573572394,10,'None'),67,1.9265524732544348,'SAMME')	0.9888734567901235	cached
robustScaler(False,True);nystroem('cosine',0.05784056402101239,53,5,-0.19415663267329997);lda(0.2740433892663141,120,0.07819387294596156)	eval_error (n_components cannot be larger than min(n_features, n_classes - 1).)	eval_error (n_components cannot be larger than min(n_features, n_classes - 1).)
nystroem('cosine',0.05784056402101239,53,5,-0.19415663267329997);adaBoost(decisionTree('entropy',30,17,0.836005573572394,10,'None'),67,1.9265524732544348,'SAMME')	0.9888734567901235	cached
pca(0.6526759923725407,False);maxAbsScaler();selectPercentile(97.76619982798312);adaBoost(decisionTree('entropy',12,6,0.9589931934614301,10,'None'),67,1.9265524732544348,'SAMME')	eval_error (Found array with 0 feature(s) (shape=(646, 0)) while a minimum of 1 is required by AdaBoostClassifier.)	eval_error (Found array with 0 feature(s) (shape=(646, 0)) while a minimum of 1 is required by AdaBoostClassifier.)
nystroem('cosine',0.05784056402101239,53,5,-0.903311741357937);adaBoost(decisionTree('entropy',30,17,0.836005573572394,10,'None'),39,0.19747663730920903,'SAMME')	0.9802314814814814	16.26263165473938
nystroem('cosine',0.3162454257237629,53,2,0.44703655996625935);adaBoost(decisionTree('entropy',7,5,0.989456397846815,14,'None'),67,1.9265524732544348,'SAMME')	0.9839197530864198	21.57608914375305
nystroem('cosine',0.05784056402101239,53,5,0.44703655996625935);adaBoost(decisionTree('entropy',7,5,0.989456397846815,14,'None'),67,1.9265524732544348,'SAMME')	0.9839197530864198	23.18898296356201
nystroem('cosine',0.05784056402101239,27,4,-0.7784726123259145);nystroem('sigmoid',3.255217524234969,20,3,-0.39152484290934053);maxAbsScaler();maxAbsScaler();fastICA(59,'parallel','arbitrary-variance','cube');multinomialNB(3.080566357882891,False)	invalid_ind (duplicated operator)	invalid_ind (duplicated operator)
nystroem('cosine',0.05784056402101239,53,5,-0.19415663267329997);adaBoost(decisionTree('entropy',30,17,0.836005573572394,10,'None'),67,1.9265524732544348,'SAMME')	0.9888734567901235	cached
nystroem('cosine',0.05784056402101239,53,5,-0.903311741357937);adaBoost(decisionTree('entropy',7,5,0.989456397846815,14,'None'),67,1.9265524732544348,'SAMME')	0.9839197530864198	cached
nystroem('cosine',0.3162454257237629,53,5,-0.19415663267329997);adaBoost(decisionTree('entropy',7,5,0.989456397846815,14,'None'),67,1.9265524732544348,'SAMME')	0.9839197530864198	21.62834930419922
nystroem('cosine',0.3162454257237629,53,5,-0.903311741357937);adaBoost(decisionTree('gini',22,2,0.8055363517382519,11,'balanced'),38,0.331490410499791,'SAMME')	0.9814506172839506	11.047791004180908
nystroem('cosine',0.05784056402101239,53,4,-0.26255944419334876);adaBoost(decisionTree('entropy',7,5,0.989456397846815,14,'None'),67,1.9265524732544348,'SAMME')	0.9839197530864198	cached
nystroem('cosine',0.05784056402101239,53,5,-0.903311741357937);adaBoost(decisionTree('entropy',7,5,0.989456397846815,14,'None'),67,1.9265524732544348,'SAMME')	0.9839197530864198	cached
nystroem('cosine',0.19521589135942413,79,5,-0.903311741357937);varianceThreshold();selectPercentile(97.38767647870736);adaBoost(decisionTree('entropy',26,7,0.4986849810474776,13,'balanced'),99,0.16426470864415788,'SAMME')	0.9876543209876543	31.057008504867554
maxAbsScaler();selectFwe(0.017915467040969437);selectFwe(0.04857105558504968);minMaxScaler();nystroem('cosine',0.05784056402101239,79,2,-0.19415663267329997);minMaxScaler();maxAbsScaler();bernoulliNB(11.150363387439373,False)	invalid_ind (duplicated operator)	invalid_ind (duplicated operator)
nystroem('cosine',0.3162454257237629,53,5,-0.903311741357937);adaBoost(decisionTree('entropy',7,5,0.989456397846815,14,'balanced'),99,1.9265524732544348,'SAMME')	0.9913580246913579	cached
nystroem('cosine',0.3162454257237629,53,2,-0.8995423919668615);adaBoost(decisionTree('entropy',30,17,0.836005573572394,10,'None'),67,1.9265524732544348,'SAMME')	0.9888734567901235	cached
nystroem('cosine',0.3162454257237629,53,5,-0.903311741357937);adaBoost(decisionTree('gini',22,2,0.8055363517382519,11,'None'),67,1.9265524732544348,'SAMME')	0.9839351851851852	15.806339502334595
nystroem('cosine',0.05784056402101239,21,5,-0.903311741357937);adaBoost(decisionTree('entropy',7,5,0.989456397846815,14,'balanced'),99,1.9265524732544348,'SAMME')	0.9950462962962963	15.440227031707764
nystroem('cosine',0.05784056402101239,27,2,0.44703655996625935);nystroem('sigmoid',3.255217524234969,20,3,-0.39152484290934053);maxAbsScaler();maxAbsScaler();fastICA(59,'parallel','arbitrary-variance','cube');multinomialNB(3.080566357882891,True)	invalid_ind (duplicated operator)	invalid_ind (duplicated operator)
nystroem('cosine',2.8895609644236675,79,2,0.44703655996625935);varianceThreshold();selectPercentile(97.38767647870736);adaBoost(decisionTree('entropy',7,5,0.989456397846815,14,'None'),67,1.9265524732544348,'SAMME')	0.967824074074074	31.46513032913208
nystroem('cosine',0.05784056402101239,53,5,-0.19415663267329997);adaBoost(decisionTree('entropy',30,17,0.836005573572394,10,'None'),67,1.9265524732544348,'SAMME')	0.9888734567901235	cached
nystroem('cosine',0.05784056402101239,53,5,-0.903311741357937);adaBoost(decisionTree('entropy',30,5,0.836005573572394,14,'None'),67,1.9265524732544348,'SAMME')	0.9851697530864196	cached
nystroem('poly',2.537133629131214,53,2,0.038296218155776884);adaBoost(decisionTree('gini',15,6,0.7236452471609172,17,'balanced'),67,1.9265524732544348,'SAMME')	0.7599228395061728	13.270738363265991
nystroem('cosine',0.05784056402101239,53,5,-0.903311741357937);adaBoost(decisionTree('entropy',7,5,0.989456397846815,14,'None'),67,1.9265524732544348,'SAMME')	0.9839197530864198	cached
nystroem('cosine',0.05784056402101239,53,5,-0.903311741357937);adaBoost(decisionTree('entropy',7,5,0.989456397846815,14,'None'),39,0.63083138678629,'SAMME')	0.9851697530864196	11.392097234725952
nystroem('cosine',0.05784056402101239,53,5,-0.903311741357937);adaBoost(decisionTree('entropy',30,17,0.836005573572394,10,'balanced'),69,0.331490410499791,'SAMME')	0.9864043209876543	20.592724561691284
selectFwe(0.019784061301742817);adaBoost(decisionTree('entropy',30,17,0.836005573572394,10,'None'),67,1.9265524732544348,'SAMME')	eval_error (Found array with 0 feature(s) (shape=(646, 0)) while a minimum of 1 is required by AdaBoostClassifier.)	eval_error (Found array with 0 feature(s) (shape=(646, 0)) while a minimum of 1 is required by AdaBoostClassifier.)
robustScaler(True,False);adaBoost(decisionTree('entropy',7,5,0.989456397846815,14,'balanced'),67,1.9265524732544348,'SAMME')	0.5716975308641976	32.69094800949097
nystroem('cosine',2.8895609644236675,79,5,0.44703655996625935);varianceThreshold();selectPercentile(97.38767647870736);adaBoost(decisionTree('entropy',30,17,0.836005573572394,10,'None'),99,0.16426470864415788,'SAMME')	0.9777314814814814	31.98802399635315
nystroem('cosine',0.05784056402101239,53,5,-0.19415663267329997);adaBoost(decisionTree('entropy',30,17,0.836005573572394,10,'None'),99,0.16426470864415788,'SAMME')	0.9826851851851851	15.639532089233398
nystroem('cosine',0.05784056402101239,53,5,-0.19415663267329997);adaBoost(decisionTree('entropy',30,17,0.836005573572394,10,'None'),67,1.9265524732544348,'SAMME')	0.9888734567901235	cached
nystroem('cosine',0.05784056402101239,27,2,0.44703655996625935);nystroem('sigmoid',3.255217524234969,20,3,-0.39152484290934053);maxAbsScaler();maxAbsScaler();fastICA(59,'parallel','arbitrary-variance','cube');multinomialNB(3.080566357882891,True)	invalid_ind (duplicated operator)	invalid_ind (duplicated operator)
nystroem('cosine',0.05784056402101239,53,5,-0.903311741357937);adaBoost(decisionTree('entropy',7,5,0.989456397846815,14,'None'),67,1.9265524732544348,'SAMME')	0.9839197530864198	cached
nystroem('cosine',0.05784056402101239,53,5,-0.903311741357937);adaBoost(decisionTree('entropy',30,5,0.836005573572394,14,'None'),67,1.9265524732544348,'SAMME')	0.9851697530864196	cached
nystroem('cosine',0.05784056402101239,53,2,-0.7784726123259145);adaBoost(decisionTree('entropy',30,17,0.836005573572394,10,'None'),67,1.9265524732544348,'SAMME')	0.9888734567901235	cached
nystroem('cosine',0.05784056402101239,53,5,-0.19415663267329997);adaBoost(decisionTree('entropy',30,17,0.836005573572394,10,'None'),67,1.9265524732544348,'SAMME')	0.9888734567901235	cached
maxAbsScaler();selectFwe(0.017915467040969437);selectFwe(0.04857105558504968);minMaxScaler();nystroem('cosine',0.05784056402101239,79,2,-0.7784726123259145);minMaxScaler();maxAbsScaler();bernoulliNB(11.150363387439373,False)	invalid_ind (duplicated operator)	invalid_ind (duplicated operator)
selectFwe(0.019784061301742817);adaBoost(decisionTree('entropy',30,17,0.836005573572394,10,'None'),67,1.9265524732544348,'SAMME')	eval_error (Found array with 0 feature(s) (shape=(646, 0)) while a minimum of 1 is required by AdaBoostClassifier.)	eval_error (Found array with 0 feature(s) (shape=(646, 0)) while a minimum of 1 is required by AdaBoostClassifier.)
nystroem('cosine',0.05784056402101239,53,5,-0.903311741357937);adaBoost(decisionTree('entropy',7,5,0.989456397846815,14,'None'),67,1.9265524732544348,'SAMME')	0.9839197530864198	cached
nystroem('rbf',0.05784056402101239,53,5,-0.19415663267329997);adaBoost(decisionTree('entropy',30,17,0.836005573572394,10,'None'),67,1.9265524732544348,'SAMME')	0.4951388888888889	5.573295831680298
nystroem('cosine',0.3162454257237629,59,5,-0.903311741357937);adaBoost(decisionTree('gini',5,7,0.35137409135857,18,'balanced'),99,1.9265524732544348,'SAMME')	0.9727777777777776	11.737312316894531
nystroem('cosine',0.3162454257237629,53,2,0.12765718528507075);adaBoost(decisionTree('entropy',30,17,0.836005573572394,10,'None'),67,1.9265524732544348,'SAMME')	0.9888734567901235	20.33133316040039
nystroem('cosine',0.05784056402101239,53,5,0.44703655996625935);adaBoost(decisionTree('entropy',7,5,0.989456397846815,14,'None'),67,1.9265524732544348,'SAMME')	0.9839197530864198	cached
nystroem('cosine',0.05784056402101239,53,2,-0.19415663267329997);adaBoost(decisionTree('entropy',30,17,0.836005573572394,10,'None'),67,1.9265524732544348,'SAMME')	0.9888734567901235	22.008374452590942
maxAbsScaler();pca(0.5594309693286605,False);selectFwe(0.03531491185261637);selectFwe(0.01470452220211255);minMaxScaler();maxAbsScaler();kNN(11,'uniform',2)	invalid_ind (duplicated operator)	invalid_ind (duplicated operator)
nystroem('cosine',0.05784056402101239,21,5,-0.19415663267329997);adaBoost(decisionTree('entropy',7,5,0.989456397846815,14,'None'),67,1.9265524732544348,'SAMME')	0.9962500000000001	cached
nystroem('cosine',0.05784056402101239,53,5,-0.903311741357937);adaBoost(decisionTree('entropy',26,7,0.4986849810474776,13,'balanced'),99,0.16426470864415788,'SAMME')	0.9826851851851851	20.898494958877563
nystroem('cosine',0.05784056402101239,53,4,-0.7784726123259145);adaBoost(decisionTree('entropy',30,17,0.836005573572394,10,'None'),86,1.9265524732544348,'SAMME')	0.990108024691358	26.53047251701355
nystroem('cosine',0.05784056402101239,27,2,-0.7784726123259145);nystroem('sigmoid',3.255217524234969,20,3,-0.39152484290934053);maxAbsScaler();maxAbsScaler();fastICA(59,'parallel','arbitrary-variance','cube');multinomialNB(3.080566357882891,False)	invalid_ind (duplicated operator)	invalid_ind (duplicated operator)
nystroem('cosine',0.05784056402101239,21,5,-0.19415663267329997);adaBoost(decisionTree('entropy',30,17,0.836005573572394,10,'None'),67,1.9265524732544348,'SAMME')	0.9938117283950618	11.12177562713623
nystroem('cosine',0.3162454257237629,53,2,0.44703655996625935);adaBoost(decisionTree('entropy',7,5,0.989456397846815,14,'None'),67,1.9265524732544348,'SAMME')	0.9839197530864198	20.33043098449707
nystroem('cosine',0.3162454257237629,53,5,-0.19415663267329997);adaBoost(decisionTree('entropy',30,17,0.836005573572394,10,'None'),67,1.9265524732544348,'SAMME')	0.9888734567901235	20.94288730621338
nystroem('cosine',0.05784056402101239,53,4,-0.7784726123259145);adaBoost(decisionTree('entropy',7,17,0.989456397846815,10,'None'),67,1.9265524732544348,'SAMME')	0.9975154320987654	21.395325660705566
nystroem('cosine',5.95686072694444,27,2,-0.26255944419334876);nystroem('sigmoid',3.255217524234969,20,3,-0.39152484290934053);maxAbsScaler();maxAbsScaler();fastICA(59,'parallel','arbitrary-variance','cube');multinomialNB(3.080566357882891,False)	invalid_ind (duplicated operator)	invalid_ind (duplicated operator)
nystroem('cosine',0.05784056402101239,21,5,-0.19415663267329997);adaBoost(decisionTree('entropy',7,5,0.989456397846815,14,'None'),67,1.9265524732544348,'SAMME')	0.9962500000000001	cached
nystroem('cosine',0.05784056402101239,53,5,-0.903311741357937);adaBoost(decisionTree('entropy',30,5,0.836005573572394,14,'None'),67,1.9265524732544348,'SAMME')	0.9851697530864196	cached
nystroem('cosine',0.3162454257237629,53,5,-0.903311741357937);adaBoost(decisionTree('entropy',7,5,0.989456397846815,14,'balanced'),99,1.9265524732544348,'SAMME')	0.9913580246913579	cached
nystroem('cosine',0.3162454257237629,53,5,-0.903311741357937);adaBoost(decisionTree('entropy',7,5,0.989456397846815,14,'balanced'),99,1.9265524732544348,'SAMME')	0.9913580246913579	cached
nystroem('cosine',0.19521589135942413,79,5,-0.19415663267329997);varianceThreshold();selectPercentile(97.38767647870736);adaBoost(decisionTree('entropy',30,17,0.836005573572394,10,'None'),67,1.9265524732544348,'SAMME')	0.9740586419753086	30.06820297241211
selectFwe(0.019784061301742817);adaBoost(decisionTree('entropy',7,17,0.989456397846815,10,'None'),67,1.9265524732544348,'SAMME')	eval_error (Found array with 0 feature(s) (shape=(646, 0)) while a minimum of 1 is required by AdaBoostClassifier.)	eval_error (Found array with 0 feature(s) (shape=(646, 0)) while a minimum of 1 is required by AdaBoostClassifier.)
nystroem('cosine',0.05784056402101239,53,5,-0.903311741357937);adaBoost(decisionTree('entropy',7,5,0.989456397846815,14,'None'),67,1.9265524732544348,'SAMME')	0.9839197530864198	22.442005157470703
nystroem('cosine',0.05784056402101239,53,5,-0.19415663267329997);adaBoost(decisionTree('entropy',30,17,0.836005573572394,10,'None'),67,1.9265524732544348,'SAMME')	0.9888734567901235	cached
nystroem('cosine',0.05784056402101239,53,5,-0.19415663267329997);adaBoost(decisionTree('entropy',30,17,0.836005573572394,10,'None'),67,1.9265524732544348,'SAMME')	0.9888734567901235	cached
nystroem('cosine',0.05784056402101239,21,5,-0.19415663267329997);adaBoost(decisionTree('entropy',7,5,0.989456397846815,14,'None'),67,1.9265524732544348,'SAMME')	0.9962500000000001	cached
nystroem('cosine',5.95686072694444,53,2,-0.26255944419334876);adaBoost(decisionTree('entropy',7,17,0.989456397846815,10,'None'),67,1.9265524732544348,'SAMME')	0.9975154320987654	cached
nystroem('cosine',2.262070058930335,53,5,-0.903311741357937);adaBoost(decisionTree('entropy',7,5,0.989456397846815,14,'balanced'),99,1.9265524732544348,'SAMME')	0.9913580246913579	29.651599407196045
nystroem('cosine',0.05784056402101239,53,5,-0.19415663267329997);adaBoost(decisionTree('entropy',7,5,0.989456397846815,14,'None'),67,1.9265524732544348,'SAMME')	0.9839197530864198	20.68087601661682
nystroem('cosine',0.05784056402101239,21,5,-0.19415663267329997);adaBoost(decisionTree('entropy',30,5,0.836005573572394,14,'None'),67,1.9265524732544348,'SAMME')	0.9937962962962963	8.386018991470337
nystroem('cosine',0.05784056402101239,53,5,-0.19415663267329997);adaBoost(decisionTree('entropy',7,17,0.989456397846815,10,'None'),67,1.9265524732544348,'SAMME')	0.9975154320987654	18.591222763061523
nystroem('cosine',0.3162454257237629,53,5,-0.19415663267329997);adaBoost(decisionTree('entropy',30,5,0.836005573572394,14,'None'),67,1.9265524732544348,'SAMME')	0.9851697530864196	9.876396656036377
nystroem('cosine',0.05784056402101239,53,4,-0.7784726123259145);adaBoost(decisionTree('entropy',30,17,0.836005573572394,10,'None'),86,1.9265524732544348,'SAMME')	0.990108024691358	cached
nystroem('cosine',0.05784056402101239,53,5,0.44703655996625935);adaBoost(decisionTree('entropy',7,5,0.989456397846815,14,'None'),67,1.9265524732544348,'SAMME')	0.9839197530864198	cached
nystroem('cosine',0.05784056402101239,53,5,0.44703655996625935);adaBoost(decisionTree('entropy',7,5,0.989456397846815,14,'None'),67,1.9265524732544348,'SAMME')	0.9839197530864198	cached
maxAbsScaler();pca(0.5594309693286605,False);selectFwe(0.03531491185261637);selectFwe(0.01470452220211255);minMaxScaler();maxAbsScaler();kNN(11,'uniform',2)	invalid_ind (duplicated operator)	invalid_ind (duplicated operator)
selectFwe(0.0011189775023356535);adaBoost(decisionTree('entropy',30,17,0.836005573572394,10,'None'),67,1.9265524732544348,'SAMME')	eval_error (Found array with 0 feature(s) (shape=(646, 0)) while a minimum of 1 is required by AdaBoostClassifier.)	eval_error (Found array with 0 feature(s) (shape=(646, 0)) while a minimum of 1 is required by AdaBoostClassifier.)
nystroem('cosine',0.05784056402101239,21,5,-0.903311741357937);adaBoost(decisionTree('entropy',7,5,0.989456397846815,14,'balanced'),99,1.9265524732544348,'SAMME')	0.9950462962962963	cached
nystroem('cosine',0.3162454257237629,59,5,-0.903311741357937);adaBoost(decisionTree('gini',5,7,0.35137409135857,18,'balanced'),99,1.9265524732544348,'SAMME')	0.9727777777777776	cached
maxAbsScaler();pca(0.5594309693286605,False);selectFwe(0.03531491185261637);nystroem('cosine',0.05784056402101239,53,4,-0.7784726123259145);minMaxScaler();maxAbsScaler();kNN(11,'uniform',2)	invalid_ind (duplicated operator)	invalid_ind (duplicated operator)
nystroem('rbf',2.726232146551772,17,4,0.7408276755076517);adaBoost(decisionTree('entropy',30,17,0.836005573572394,10,'None'),67,1.9265524732544348,'SAMME')	0.4900925925925925	3.4700682163238525
nystroem('cosine',0.05784056402101239,53,2,-0.7784726123259145);adaBoost(decisionTree('entropy',30,17,0.836005573572394,10,'None'),67,1.9265524732544348,'SAMME')	0.9888734567901235	cached
nystroem('cosine',0.05784056402101239,21,5,-0.19415663267329997);adaBoost(decisionTree('entropy',30,5,0.836005573572394,14,'None'),67,1.9265524732544348,'SAMME')	0.9937962962962963	cached
nystroem('cosine',0.05784056402101239,53,5,-0.19415663267329997);adaBoost(decisionTree('entropy',7,17,0.989456397846815,10,'None'),67,1.9265524732544348,'SAMME')	0.9975154320987654	cached
selectFwe(0.01470452220211255);adaBoost(decisionTree('entropy',30,17,0.836005573572394,10,'None'),86,1.9265524732544348,'SAMME')	eval_error (Found array with 0 feature(s) (shape=(646, 0)) while a minimum of 1 is required by AdaBoostClassifier.)	eval_error (Found array with 0 feature(s) (shape=(646, 0)) while a minimum of 1 is required by AdaBoostClassifier.)
maxAbsScaler();pca(0.5594309693286605,False);selectFwe(0.03531491185261637);selectFwe(0.01470452220211255);minMaxScaler();maxAbsScaler();kNN(11,'uniform',2)	invalid_ind (duplicated operator)	invalid_ind (duplicated operator)
nystroem('cosine',0.05784056402101239,53,5,0.44703655996625935);adaBoost(decisionTree('entropy',20,12,0.14963324110689002,13,'None'),67,1.9265524732544348,'SAMME')	0.9728086419753087	6.406134366989136
nystroem('cosine',0.05784056402101239,53,4,-0.7784726123259145);adaBoost(decisionTree('entropy',27,20,0.4221677405345755,7,'balanced'),86,1.9265524732544348,'SAMME')	0.987638888888889	17.05864953994751
nystroem('cosine',0.3162454257237629,53,5,-0.19415663267329997);adaBoost(decisionTree('entropy',30,5,0.836005573572394,14,'None'),67,1.9265524732544348,'SAMME')	0.9851697530864196	20.20392394065857
nystroem('cosine',6.527199076740673,53,2,-0.8032218319118587);adaBoost(decisionTree('entropy',28,17,0.836005573572394,10,'None'),67,1.9265524732544348,'SAMME')	0.9888734567901235	22.042861938476562
nystroem('cosine',0.05784056402101239,53,5,-0.19415663267329997);adaBoost(decisionTree('entropy',7,5,0.989456397846815,14,'balanced'),99,1.9265524732544348,'SAMME')	0.9913580246913579	29.66739296913147
nystroem('cosine',0.05784056402101239,53,5,-0.903311741357937);adaBoost(decisionTree('entropy',30,5,0.836005573572394,14,'None'),67,1.9265524732544348,'SAMME')	0.9851697530864196	20.11368227005005
nystroem('cosine',0.05784056402101239,88,4,0.06789389304979077);adaBoost(decisionTree('entropy',7,17,0.989456397846815,10,'None'),67,1.9265524732544348,'SAMME')	0.9727932098765433	36.482428550720215
nystroem('cosine',0.3162454257237629,59,5,-0.903311741357937);adaBoost(decisionTree('gini',5,7,0.35137409135857,18,'balanced'),99,1.9265524732544348,'SAMME')	0.9727777777777776	cached
nystroem('cosine',0.05784056402101239,21,5,-0.19415663267329997);adaBoost(decisionTree('entropy',7,5,0.989456397846815,14,'None'),67,1.9265524732544348,'SAMME')	0.9962500000000001	cached
nystroem('cosine',0.05784056402101239,53,5,-0.903311741357937);adaBoost(decisionTree('entropy',30,17,0.836005573572394,10,'None'),67,1.9265524732544348,'SAMME')	0.9888734567901235	26.962263822555542
nystroem('cosine',0.3162454257237629,53,5,-0.19415663267329997);adaBoost(decisionTree('entropy',7,5,0.989456397846815,14,'None'),67,1.9265524732544348,'SAMME')	0.9839197530864198	25.03135871887207
nystroem('cosine',0.3162454257237629,53,5,-0.19415663267329997);adaBoost(decisionTree('entropy',30,4,0.24497604167461573,14,'None'),67,1.9265524732544348,'SAMME')	0.9814814814814813	14.234240293502808
nystroem('cosine',0.3162454257237629,53,5,-0.19415663267329997);adaBoost(decisionTree('entropy',30,17,0.836005573572394,10,'None'),67,1.9265524732544348,'SAMME')	0.9888734567901235	cached
nystroem('rbf',7.012704239556946,51,3,-0.9436088384645118);adaBoost(decisionTree('entropy',7,17,0.989456397846815,10,'None'),99,1.9265524732544348,'SAMME')	0.5	5.6121110916137695
nystroem('cosine',0.05784056402101239,21,5,-0.19415663267329997);adaBoost(decisionTree('entropy',30,17,0.836005573572394,10,'None'),67,1.9265524732544348,'SAMME')	0.9938117283950618	16.95983386039734
nystroem('cosine',0.3162454257237629,59,5,-0.903311741357937);adaBoost(decisionTree('gini',5,11,0.595199744170238,18,'balanced'),67,1.9265524732544348,'SAMME')	0.9764969135802468	15.518280982971191
nystroem('cosine',5.95686072694444,27,2,-0.19415663267329997);nystroem('sigmoid',3.255217524234969,20,3,-0.39152484290934053);maxAbsScaler();maxAbsScaler();fastICA(59,'parallel','unit-variance','logcosh');multinomialNB(3.080566357882891,False)	invalid_ind (duplicated operator)	invalid_ind (duplicated operator)
gaussianNB(0.009286297052531279)	0.5285956790123456	2.44771146774292
nystroem('cosine',2.262070058930335,89,5,-0.903311741357937);adaBoost(decisionTree('entropy',7,17,0.989456397846815,10,'None'),67,1.9265524732544348,'SAMME')	0.9690586419753086	47.65816688537598
nystroem('cosine',0.05784056402101239,53,5,-0.903311741357937);adaBoost(decisionTree('gini',1,3,0.5432079235612811,9,'balanced'),21,1.9534358048810152,'SAMME')	0.8563888888888889	8.943267107009888
nystroem('cosine',2.262070058930335,53,5,-0.903311741357937);adaBoost(decisionTree('entropy',7,5,0.989456397846815,14,'None'),67,1.9265524732544348,'SAMME')	0.9839197530864198	30.388277053833008
nystroem('cosine',0.05784056402101239,21,5,-0.26255944419334876);adaBoost(decisionTree('entropy',30,17,0.836005573572394,10,'None'),67,1.9265524732544348,'SAMME')	0.9938117283950618	15.260242938995361
selectFwe(0.019784061301742817);adaBoost(decisionTree('entropy',7,17,0.989456397846815,10,'balanced'),99,1.9265524732544348,'SAMME')	eval_error (Found array with 0 feature(s) (shape=(646, 0)) while a minimum of 1 is required by AdaBoostClassifier.)	eval_error (Found array with 0 feature(s) (shape=(646, 0)) while a minimum of 1 is required by AdaBoostClassifier.)
selectPercentile(21.015825349677822);adaBoost(decisionTree('entropy',7,5,0.989456397846815,14,'None'),67,1.9265524732544348,'SAMME')	0.5097067901234568	13.10972785949707
nystroem('cosine',0.05784056402101239,21,5,-0.19415663267329997);adaBoost(decisionTree('entropy',26,9,0.2314017930286325,9,'None'),63,0.5087392686976073,'SAMME')	0.9937962962962963	5.262670040130615
fastICA(83,'parallel','arbitrary-variance','logcosh');adaBoost(decisionTree('entropy',7,5,0.989456397846815,14,'balanced'),99,1.9265524732544348,'SAMME')	0.6794907407407406	66.63306260108948
nystroem('cosine',0.05784056402101239,53,4,-0.7784726123259145);adaBoost(decisionTree('entropy',30,17,0.836005573572394,10,'None'),86,1.9265524732544348,'SAMME')	0.990108024691358	cached
nystroem('cosine',0.05784056402101239,53,4,-0.7784726123259145);adaBoost(decisionTree('entropy',30,17,0.836005573572394,10,'None'),86,1.9265524732544348,'SAMME')	0.990108024691358	cached
nystroem('cosine',0.05784056402101239,21,5,-0.903311741357937);adaBoost(decisionTree('gini',1,3,0.5432079235612811,9,'balanced'),21,1.9534358048810152,'SAMME')	0.7909104938271605	3.2500269412994385
nystroem('cosine',0.05784056402101239,53,5,-0.19415663267329997);adaBoost(decisionTree('entropy',26,9,0.2314017930286325,9,'None'),63,0.5087392686976073,'SAMME')	0.9938271604938272	8.969305753707886
nystroem('cosine',0.05784056402101239,21,2,-0.7784726123259145);adaBoost(decisionTree('entropy',30,17,0.836005573572394,10,'None'),67,1.9265524732544348,'SAMME')	0.9938117283950618	11.646056413650513
nystroem('cosine',0.05784056402101239,21,5,-0.26255944419334876);adaBoost(decisionTree('entropy',30,17,0.836005573572394,10,'None'),67,1.9265524732544348,'SAMME')	0.9938117283950618	cached
maxAbsScaler();pca(0.5594309693286605,False);selectFwe(0.03531491185261637);selectFwe(0.01470452220211255);minMaxScaler();maxAbsScaler();kNN(11,'uniform',2)	invalid_ind (duplicated operator)	invalid_ind (duplicated operator)
nystroem('cosine',0.05784056402101239,21,5,-0.19415663267329997);adaBoost(decisionTree('entropy',30,5,0.836005573572394,14,'None'),67,1.9265524732544348,'SAMME')	0.9937962962962963	cached
nystroem('cosine',5.95686072694444,53,2,-0.26255944419334876);adaBoost(decisionTree('entropy',7,17,0.989456397846815,10,'None'),67,1.9265524732544348,'SAMME')	0.9975154320987654	cached
maxAbsScaler();pca(0.5594309693286605,False);selectFwe(0.03531491185261637);selectFwe(0.01470452220211255);minMaxScaler();maxAbsScaler();kNN(11,'uniform',2)	invalid_ind (duplicated operator)	invalid_ind (duplicated operator)
nystroem('cosine',0.05784056402101239,53,5,-0.903311741357937);adaBoost(decisionTree('entropy',26,17,0.836005573572394,10,'None'),63,0.5087392686976073,'SAMME')	0.9876388888888888	21.954352140426636
nystroem('cosine',0.05784056402101239,53,5,-0.19415663267329997);adaBoost(decisionTree('entropy',7,5,0.989456397846815,10,'None'),67,1.9265524732544348,'SAMME')	0.9975154320987654	22.842556476593018
nystroem('cosine',0.05784056402101239,53,4,-0.19415663267329997);adaBoost(decisionTree('entropy',7,5,0.989456397846815,14,'None'),67,0.9179545904877768,'SAMME')	0.9863734567901232	23.171338319778442
nystroem('cosine',0.05784056402101239,53,5,-0.19415663267329997);adaBoost(decisionTree('entropy',7,5,0.989456397846815,14,'None'),67,1.9265524732544348,'SAMME')	0.9839197530864198	21.81142568588257
nystroem('cosine',0.05784056402101239,21,5,-0.19415663267329997);adaBoost(decisionTree('entropy',30,9,0.2314017930286325,9,'None'),67,1.9265524732544348,'SAMME')	0.9937962962962963	5.834569215774536
nystroem('cosine',0.05784056402101239,21,5,-0.903311741357937);adaBoost(decisionTree('entropy',7,5,0.989456397846815,14,'balanced'),99,1.9265524732544348,'SAMME')	0.9950462962962963	15.993440866470337
nystroem('cosine',0.05784056402101239,53,5,-0.19415663267329997);adaBoost(decisionTree('entropy',7,17,0.989456397846815,10,'None'),67,1.9265524732544348,'SAMME')	0.9975154320987654	cached
selectFwe(0.04308525533117786);adaBoost(decisionTree('entropy',30,17,0.836005573572394,10,'None'),86,1.9265524732544348,'SAMME')	eval_error (Found array with 0 feature(s) (shape=(646, 0)) while a minimum of 1 is required by AdaBoostClassifier.)	eval_error (Found array with 0 feature(s) (shape=(646, 0)) while a minimum of 1 is required by AdaBoostClassifier.)
nystroem('cosine',0.05784056402101239,53,5,-0.19415663267329997);adaBoost(decisionTree('entropy',7,5,0.989456397846815,14,'None'),63,0.5087392686976073,'SAMME')	0.9826851851851851	20.819180965423584
nystroem('cosine',0.05784056402101239,53,5,-0.903311741357937);adaBoost(decisionTree('entropy',30,3,0.5432079235612811,9,'None'),86,1.9265524732544348,'SAMME')	0.9839043209876543	19.45889949798584
nystroem('cosine',0.05784056402101239,53,4,-0.7784726123259145);adaBoost(decisionTree('gini',1,17,0.836005573572394,10,'balanced'),21,1.9534358048810152,'SAMME')	0.8439506172839506	4.524702548980713
nystroem('cosine',0.05784056402101239,21,5,-0.19415663267329997);adaBoost(decisionTree('entropy',26,9,0.2314017930286325,9,'balanced'),99,1.9265524732544348,'SAMME')	0.9962808641975309	8.300076007843018
nystroem('cosine',0.05784056402101239,21,5,-0.26255944419334876);adaBoost(decisionTree('entropy',30,17,0.836005573572394,10,'None'),67,1.9265524732544348,'SAMME')	0.9938117283950618	cached
selectPercentile(21.015825349677822);adaBoost(decisionTree('entropy',7,5,0.989456397846815,14,'None'),67,1.9265524732544348,'SAMME')	0.5097067901234568	cached
nystroem('cosine',0.05784056402101239,53,5,-0.19415663267329997);adaBoost(decisionTree('entropy',7,17,0.989456397846815,14,'balanced'),99,1.9265524732544348,'SAMME')	0.9913580246913579	32.24995994567871
nystroem('cosine',0.05784056402101239,53,4,-0.7784726123259145);adaBoost(decisionTree('entropy',7,17,0.989456397846815,10,'balanced'),99,1.9265524732544348,'SAMME')	0.9900925925925925	33.85516715049744
maxAbsScaler();pca(0.5594309693286605,False);selectFwe(0.03531491185261637);selectFwe(0.01470452220211255);minMaxScaler();maxAbsScaler();kNN(11,'uniform',2)	invalid_ind (duplicated operator)	invalid_ind (duplicated operator)
nystroem('cosine',0.05784056402101239,21,5,-0.19415663267329997);adaBoost(decisionTree('entropy',7,5,0.989456397846815,14,'None'),67,1.9265524732544348,'SAMME')	0.9962500000000001	11.02994418144226
nystroem('cosine',2.262070058930335,53,5,-0.903311741357937);adaBoost(decisionTree('entropy',7,5,0.989456397846815,14,'None'),99,1.9265524732544348,'SAMME')	0.9863734567901234	28.960457801818848
nystroem('cosine',0.05784056402101239,51,4,-0.7784726123259145);adaBoost(decisionTree('entropy',7,17,0.989456397846815,10,'None'),67,1.9265524732544348,'SAMME')	0.9864043209876543	21.45595908164978
nystroem('cosine',0.05784056402101239,53,5,-0.19415663267329997);adaBoost(decisionTree('entropy',7,5,0.989456397846815,14,'None'),67,1.9265524732544348,'SAMME')	0.9839197530864198	22.99062728881836
nystroem('cosine',0.3162454257237629,59,5,-0.903311741357937);adaBoost(decisionTree('gini',5,7,0.35137409135857,18,'balanced'),67,1.9265524732544348,'SAMME')	0.9616512345679012	9.1783287525177
nystroem('cosine',0.05784056402101239,53,2,-0.7784726123259145);adaBoost(decisionTree('entropy',16,8,0.9781107107820505,15,'None'),67,1.9265524732544348,'SAMME')	0.980185185185185	22.343626499176025
selectFwe(0.04737949097500334);adaBoost(decisionTree('entropy',7,17,0.989456397846815,10,'balanced'),99,1.9265524732544348,'SAMME')	eval_error (Found array with 0 feature(s) (shape=(646, 0)) while a minimum of 1 is required by AdaBoostClassifier.)	eval_error (Found array with 0 feature(s) (shape=(646, 0)) while a minimum of 1 is required by AdaBoostClassifier.)
nystroem('cosine',0.05784056402101239,21,5,-0.19415663267329997);adaBoost(decisionTree('entropy',30,5,0.836005573572394,14,'None'),67,1.9265524732544348,'SAMME')	0.9937962962962963	cached
nystroem('rbf',7.012704239556946,53,3,-0.9436088384645118);adaBoost(decisionTree('entropy',7,17,0.989456397846815,10,'None'),99,1.9265524732544348,'SAMME')	0.5	5.740811824798584
nystroem('cosine',0.3162454257237629,21,5,-0.903311741357937);adaBoost(decisionTree('gini',5,7,0.35137409135857,18,'balanced'),99,1.9265524732544348,'SAMME')	0.9888734567901235	6.425231218338013
nystroem('cosine',0.3162454257237629,53,5,-0.19415663267329997);adaBoost(decisionTree('entropy',30,17,0.836005573572394,10,'None'),67,1.9265524732544348,'SAMME')	0.9888734567901235	23.510573387145996
nystroem('cosine',0.05784056402101239,21,4,-0.7784726123259145);adaBoost(decisionTree('entropy',7,17,0.989456397846815,10,'None'),67,1.9265524732544348,'SAMME')	0.99875	10.108005046844482
nystroem('cosine',0.05784056402101239,59,5,-0.19415663267329997);adaBoost(decisionTree('entropy',30,17,0.836005573572394,10,'None'),67,1.9265524732544348,'SAMME')	0.9863888888888889	12.54689073562622
selectFwe(0.04737949097500334);adaBoost(decisionTree('entropy',7,17,0.989456397846815,10,'balanced'),99,1.9265524732544348,'SAMME')	eval_error (Found array with 0 feature(s) (shape=(646, 0)) while a minimum of 1 is required by AdaBoostClassifier.)	eval_error (Found array with 0 feature(s) (shape=(646, 0)) while a minimum of 1 is required by AdaBoostClassifier.)
nystroem('cosine',0.05784056402101239,53,5,-0.903311741357937);adaBoost(decisionTree('gini',5,7,0.35137409135857,18,'balanced'),99,1.9265524732544348,'SAMME')	0.9802006172839505	8.388225317001343
nystroem('cosine',0.05784056402101239,21,5,-0.19415663267329997);adaBoost(decisionTree('entropy',7,5,0.989456397846815,10,'None'),67,1.9265524732544348,'SAMME')	0.99875	10.009780406951904
nystroem('cosine',0.36781396341560724,53,5,-0.19415663267329997);adaBoost(decisionTree('entropy',26,9,0.2314017930286325,9,'balanced'),99,0.7741382032486955,'SAMME')	0.9962962962962962	11.372615575790405
nystroem('poly',0.3162454257237629,21,5,-0.13539437721002612);adaBoost(decisionTree('entropy',26,9,0.2314017930286325,15,'None'),63,0.5087392686976073,'SAMME')	0.7810185185185184	6.5335094928741455
nystroem('cosine',0.3162454257237629,53,5,-0.19415663267329997);adaBoost(decisionTree('entropy',30,17,0.836005573572394,10,'None'),67,0.9179545904877768,'SAMME')	0.9913580246913579	21.701531648635864
nystroem('cosine',0.05784056402101239,21,5,-0.19415663267329997);adaBoost(decisionTree('entropy',7,5,0.989456397846815,14,'None'),67,1.9265524732544348,'SAMME')	0.9962500000000001	11.792903661727905
nystroem('cosine',0.05784056402101239,53,4,-0.7784726123259145);adaBoost(decisionTree('entropy',30,17,0.836005573572394,10,'None'),86,1.9265524732544348,'SAMME')	0.990108024691358	cached
maxAbsScaler();selectFwe(0.03936861692275527);robustScaler(False,True);nystroem('sigmoid',0.24148064684469034,84,5,-0.31661162340801097);fastICA(11,'deflation','unit-variance','logcosh');extraTreesClassifier(23,'entropy','sqrt',6,16,True,'None')	eval_error (Found array with 0 feature(s) (shape=(646, 0)) while a minimum of 1 is required by RobustScaler.)	eval_error (Found array with 0 feature(s) (shape=(646, 0)) while a minimum of 1 is required by RobustScaler.)
nystroem('cosine',2.262070058930335,53,5,-0.903311741357937);adaBoost(decisionTree('entropy',7,5,0.989456397846815,19,'None'),99,1.9265524732544348,'SAMME')	0.9839197530864198	27.359622478485107
nystroem('cosine',0.05784056402101239,53,5,-0.19415663267329997);adaBoost(decisionTree('entropy',30,5,0.836005573572394,14,'None'),67,1.9265524732544348,'SAMME')	0.9851697530864196	21.137144804000854
nystroem('cosine',0.05784056402101239,53,4,-0.7784726123259145);adaBoost(decisionTree('gini',1,17,0.836005573572394,10,'balanced'),21,1.9534358048810152,'SAMME')	0.8439506172839506	5.102391481399536
nystroem('cosine',0.05784056402101239,53,5,-0.19415663267329997);adaBoost(decisionTree('entropy',7,5,0.989456397846815,10,'None'),67,0.9179545904877768,'SAMME')	0.9864197530864196	23.60211992263794
nystroem('cosine',0.3162454257237629,21,5,-0.19415663267329997);adaBoost(decisionTree('entropy',30,17,0.836005573572394,10,'None'),67,1.9265524732544348,'SAMME')	0.9938117283950618	11.376838684082031
nystroem('cosine',1.435535120132021,53,4,-0.36544404791550944);adaBoost(decisionTree('entropy',7,5,0.989456397846815,14,'None'),71,1.9265524732544348,'SAMME')	0.9839197530864198	23.990712642669678
nystroem('cosine',1.3913213905590738,43,2,0.3739715769816696);adaBoost(decisionTree('entropy',25,5,0.989456397846815,14,'None'),97,1.9265524732544348,'SAMME')	0.9888580246913581	28.073413133621216
nystroem('cosine',0.05784056402101239,53,5,-0.19415663267329997);adaBoost(decisionTree('entropy',7,5,0.989456397846815,14,'None'),67,1.9265524732544348,'SAMME')	0.9839197530864198	21.97554850578308
nystroem('cosine',0.05784056402101239,21,5,-0.26255944419334876);adaBoost(decisionTree('entropy',30,17,0.836005573572394,10,'None'),67,1.9265524732544348,'SAMME')	0.9938117283950618	cached
nystroem('cosine',0.05784056402101239,53,5,-0.19415663267329997);adaBoost(decisionTree('entropy',7,17,0.989456397846815,14,'balanced'),99,1.9265524732544348,'SAMME')	0.9913580246913579	cached
nystroem('cosine',0.05784056402101239,53,4,-0.19415663267329997);adaBoost(decisionTree('entropy',7,5,0.989456397846815,14,'None'),67,1.9265524732544348,'SAMME')	0.9839197530864198	20.925346851348877
nystroem('cosine',5.95686072694444,53,2,-0.26255944419334876);adaBoost(decisionTree('entropy',7,17,0.989456397846815,10,'None'),67,1.9265524732544348,'SAMME')	0.9975154320987654	cached
selectFwe(0.04308525533117786);adaBoost(decisionTree('entropy',30,17,0.836005573572394,10,'None'),86,1.9265524732544348,'SAMME')	eval_error (Found array with 0 feature(s) (shape=(646, 0)) while a minimum of 1 is required by AdaBoostClassifier.)	eval_error (Found array with 0 feature(s) (shape=(646, 0)) while a minimum of 1 is required by AdaBoostClassifier.)
nystroem('cosine',0.05784056402101239,21,5,-0.903311741357937);adaBoost(decisionTree('entropy',7,5,0.989456397846815,14,'balanced'),99,1.9265524732544348,'SAMME')	0.9950462962962963	cached
nystroem('cosine',0.05784056402101239,53,5,-0.19415663267329997);adaBoost(decisionTree('entropy',30,5,0.836005573572394,14,'None'),67,1.9265524732544348,'SAMME')	0.9851697530864196	21.749654054641724
nystroem('cosine',6.652505459531348,21,3,-0.19415663267329997);adaBoost(decisionTree('entropy',23,5,0.836005573572394,14,'None'),67,1.9265524732544348,'SAMME')	0.9937962962962963	10.504930973052979
selectFwe(0.04737949097500334);adaBoost(decisionTree('entropy',7,17,0.989456397846815,10,'balanced'),99,1.9265524732544348,'SAMME')	eval_error (Found array with 0 feature(s) (shape=(646, 0)) while a minimum of 1 is required by AdaBoostClassifier.)	eval_error (Found array with 0 feature(s) (shape=(646, 0)) while a minimum of 1 is required by AdaBoostClassifier.)
nystroem('cosine',0.05784056402101239,21,5,-0.26255944419334876);adaBoost(decisionTree('entropy',30,17,0.836005573572394,10,'None'),67,1.9265524732544348,'SAMME')	0.9938117283950618	cached
nystroem('cosine',0.05784056402101239,53,4,-0.7784726123259145);adaBoost(decisionTree('entropy',30,17,0.836005573572394,10,'None'),86,1.9265524732544348,'SAMME')	0.990108024691358	cached
nystroem('cosine',0.05784056402101239,21,5,-0.19415663267329997);adaBoost(decisionTree('entropy',26,9,0.2314017930286325,9,'balanced'),99,1.9265524732544348,'SAMME')	0.9962808641975309	cached
nystroem('cosine',5.95686072694444,53,2,-0.26255944419334876);adaBoost(decisionTree('entropy',7,17,0.989456397846815,10,'None'),67,1.9265524732544348,'SAMME')	0.9975154320987654	cached
nystroem('cosine',0.05784056402101239,53,4,-0.7784726123259145);adaBoost(decisionTree('entropy',12,11,0.12918730640071507,16,'None'),67,1.9265524732544348,'SAMME')	0.9640895061728394	7.891846179962158
nystroem('cosine',0.05784056402101239,53,5,-0.19415663267329997);adaBoost(decisionTree('entropy',7,17,0.989456397846815,14,'balanced'),99,1.9265524732544348,'SAMME')	0.9913580246913579	cached
nystroem('cosine',0.05784056402101239,59,2,-0.7784726123259145);adaBoost(decisionTree('entropy',30,17,0.836005573572394,10,'None'),67,1.9265524732544348,'SAMME')	0.9863888888888889	24.36257290840149
nystroem('cosine',0.05784056402101239,53,4,-0.19415663267329997);adaBoost(decisionTree('entropy',29,7,0.8178301378061734,9,'balanced'),37,1.8880547131504886,'SAMME')	0.9851388888888888	12.88194227218628
nystroem('cosine',0.05784056402101239,21,5,-0.26255944419334876);adaBoost(decisionTree('entropy',30,17,0.836005573572394,10,'balanced'),99,1.9265524732544348,'SAMME')	0.9950617283950617	14.717137575149536
nystroem('cosine',0.05784056402101239,21,5,-0.19415663267329997);adaBoost(decisionTree('entropy',30,17,0.836005573572394,10,'None'),67,1.9265524732544348,'SAMME')	0.9938117283950618	10.264108896255493
nystroem('cosine',0.05784056402101239,53,2,-0.7784726123259145);adaBoost(decisionTree('gini',7,17,0.989456397846815,13,'balanced'),99,1.9265524732544348,'SAMME')	0.9950617283950617	18.956245183944702
nystroem('cosine',0.05784056402101239,21,5,-0.903311741357937);adaBoost(decisionTree('entropy',7,5,0.989456397846815,14,'None'),67,1.9265524732544348,'SAMME')	0.9962500000000001	8.31855320930481
nystroem('cosine',0.05784056402101239,27,5,-0.5873523263669143);adaBoost(decisionTree('entropy',7,14,0.989456397846815,14,'balanced'),99,1.9265524732544348,'SAMME')	0.9876080246913579	10.24978232383728
nystroem('cosine',0.05784056402101239,53,5,-0.19415663267329997);adaBoost(decisionTree('entropy',7,17,0.989456397846815,14,'balanced'),99,1.9265524732544348,'SAMME')	0.9913580246913579	19.385812997817993
