pipeline	fitness	fit_time
selectPercentile(27.646157960018627);varianceThreshold();maxAbsScaler();varianceThreshold();minMaxScaler();minMaxScaler();logisticRegression('l2','liblinear',1000,11.03777650347121,'None')	invalid_ind (duplicated operator)	invalid_ind (duplicated operator)
pca(0.5690389624045182,False);decisionTree('gini',1,12,0.5577457838091093,20,'None')	0.049017525592667616	2.3387949466705322
minMaxScaler();gaussianNB(0.0072884310779871755)	0.15154829164435768	2.8178226947784424
maxAbsScaler();maxAbsScaler();selectPercentile(90.44223211196957);minMaxScaler();varianceThreshold();maxAbsScaler();bernoulliNB(6.306318221732177,False)	invalid_ind (duplicated operator)	invalid_ind (duplicated operator)
varianceThreshold();maxAbsScaler();maxAbsScaler();varianceThreshold();varianceThreshold();maxAbsScaler();pca(0.5909032409493491,True);adaBoost(decisionTree('gini',7,16,0.10472671544827905,6,'balanced'),10,0.7665924736840373,'SAMME')	invalid_ind (duplicated operator)	invalid_ind (duplicated operator)
robustScaler(True,True);selectPercentile(93.08779403059991);varianceThreshold();lda(0.031913121892390484,22,0.02407997145384461)	eval_error (n_components cannot be larger than min(n_features, n_classes - 1).)	eval_error (n_components cannot be larger than min(n_features, n_classes - 1).)
minMaxScaler();extraTreesClassifier(96,'entropy','log2',10,15,False,'balanced')	0.1838755539993894	4.824989080429077
nystroem('poly',4.5981102020717,58,2,0.03337333241732088);robustScaler(True,True);selectFwe(0.002046934792749405);varianceThreshold();lda(0.25476340190739355,106,0.09236665686915815)	eval_error (n_components cannot be larger than min(n_features, n_classes - 1).)	eval_error (n_components cannot be larger than min(n_features, n_classes - 1).)
varianceThreshold();minMaxScaler();varianceThreshold();gaussianNB(0.0037198962328811635)	invalid_ind (duplicated operator)	invalid_ind (duplicated operator)
minMaxScaler();maxAbsScaler();mlpClassifier((42, 11),0.012828425189957023,0.29405144721239435,'adam','tanh')	0.05803105492342746	7.710191965103149
nystroem('sigmoid',0.4537471476247328,14,4,-0.9721386304639235);selectFwe(0.03640988663523017);maxAbsScaler();selectFwe(0.0437462278229083);robustScaler(False,False);gaussianNB(0.0008726425649415488)	invalid_ind (duplicated operator)	invalid_ind (duplicated operator)
maxAbsScaler();maxAbsScaler();minMaxScaler();varianceThreshold();maxAbsScaler();selectPercentile(9.877564588962898);logisticRegression('l2','sag',1000,2.723609346904004,'balanced')	invalid_ind (duplicated operator)	invalid_ind (duplicated operator)
selectFwe(0.043608404094675514);extraTreesClassifier(11,'gini','log2',6,18,False,'balanced')	0.16376375064617923	3.1979970932006836
selectPercentile(83.02253161712584);minMaxScaler();adaBoost(decisionTree('gini',9,6,0.04121178470111264,19,'balanced'),74,0.7530606588636066,'SAMME')	0.13228990979161204	10.561465740203857
varianceThreshold();minMaxScaler();mlpClassifier((71, 4),0.03884414911455885,0.14847051308632997,'adam','logistic')	0.09448165249065053	16.299985885620117
multinomialNB(1.114225430132115,True)	0.07371807724407922	7.436312198638916
nystroem('cosine',1.8712924094766232,19,5,0.17331437169887187);varianceThreshold();minMaxScaler();pca(0.9056644090424902,False);fastICA(46,'deflation','arbitrary-variance','logcosh');bernoulliNB(1.5913377636229011,True)	0.06016143333509376	13.51729702949524
gaussianNB(0.0037309211666007557)	0.14520479654865326	8.246451616287231
nystroem('sigmoid',3.135612367892412,72,3,0.8732247326923925);varianceThreshold();robustScaler(False,True);fastICA(9,'parallel','unit-variance','exp');adaBoost(decisionTree('gini',22,9,0.6065801629299346,5,'balanced'),90,1.0903856171653792,'SAMME')	0.11278553093711144	54.26153802871704
maxAbsScaler();fastICA(16,'deflation','unit-variance','exp');adaBoost(decisionTree('gini',17,20,0.8500692426287324,8,'balanced'),99,0.8664120932007853,'SAMME')	0.12538038177748628	55.06726098060608
multinomialNB(0.4839133049408821,True)	0.07421446394810496	7.43046760559082
minMaxScaler();varianceThreshold();minMaxScaler();decisionTree('entropy',7,8,0.29762073779728704,14,'None')	invalid_ind (duplicated operator)	invalid_ind (duplicated operator)
minMaxScaler();bernoulliNB(1.3790190602586594,False)	0.07960548965155734	6.4738757610321045
gaussianNB(0.0015291852047841236)	0.14873788207309674	6.276976585388184
selectPercentile(82.99373672213854);selectPercentile(29.42465286603803);maxAbsScaler();qda(0.08629791246836238)	invalid_ind (duplicated operator)	invalid_ind (duplicated operator)
fastICA(9,'parallel','unit-variance','cube');nystroem('sigmoid',0.8730600937071094,38,3,-0.8571511637245617);pca(0.7771130825144619,False);robustScaler(True,True);minMaxScaler();minMaxScaler();multinomialNB(0.5527263576026337,True)	invalid_ind (duplicated operator)	invalid_ind (duplicated operator)
varianceThreshold();minMaxScaler();varianceThreshold();varianceThreshold();fastICA(63,'parallel','unit-variance','logcosh');adaBoost(decisionTree('entropy',29,8,0.7681148784904567,4,'None'),69,1.2645922525313869,'SAMME')	invalid_ind (duplicated operator)	invalid_ind (duplicated operator)
multinomialNB(5.521172526791918,True)	0.07123391139866689	6.281425952911377
nystroem('poly',0.5278269757069988,32,2,-0.557928626697439);maxAbsScaler();pca(0.918954240762401,True);varianceThreshold();adaBoost(decisionTree('entropy',21,10,0.9977460198817966,14,'None'),48,0.4956485194911368,'SAMME')	0.12352911335236252	64.54201793670654
varianceThreshold();varianceThreshold();minMaxScaler();maxAbsScaler();maxAbsScaler();fastICA(16,'parallel','arbitrary-variance','logcosh');bernoulliNB(2.0743746903558296,False)	invalid_ind (duplicated operator)	invalid_ind (duplicated operator)
minMaxScaler();extraTreesClassifier(37,'gini','sqrt',20,7,True,'None')	0.1259760115990126	9.405664920806885
maxAbsScaler();varianceThreshold();minMaxScaler();mlpClassifier((44, 3),0.02254294205025108,0.4259825600896992,'adam','identity')	0.13962963035122372	18.770479202270508
kNN(16,'distance',1)	0.1359654523223639	6.811254024505615
minMaxScaler();adaBoost(decisionTree('gini',7,14,0.976510762536074,17,'balanced'),96,0.6039833955682199,'SAMME')	0.1451722352251203	40.7130241394043
selectPercentile(65.1113436004788);varianceThreshold();kNN(23,'uniform',2)	0.13531213161470698	6.784084796905518
decisionTree('gini',16,9,0.09169389296822583,4,'None')	0.12479180306938506	6.126704931259155
nystroem('sigmoid',0.723132549953043,41,4,0.059476816285391365);selectFwe(0.04054851412985209);adaBoost(decisionTree('gini',9,9,0.04230847373347024,11,'balanced'),58,0.4764005534421007,'SAMME')	0.14807526159898873	22.74357509613037
fastICA(94,'deflation','arbitrary-variance','cube');decisionTree('entropy',28,5,0.21381718987013176,2,'None')	0.11985793815837972	12.257951259613037
varianceThreshold();mlpClassifier((71, 15),0.061150031659064207,0.6550174026797144,'lbfgs','relu')	0.1483378121463806	112.24411797523499
logisticRegression('l2','lbfgs',1000,3.6070000370393505,'balanced')	0.15422890457037858	37.669824838638306
nystroem('cosine',1.8712924094766232,19,5,0.17331437169887187);varianceThreshold();minMaxScaler();pca(0.9056644090424902,False);fastICA(46,'deflation','arbitrary-variance','logcosh');bernoulliNB(1.5913377636229011,True)	0.06016143333509376	cached
nystroem('sigmoid',3.135612367892412,72,3,0.8732247326923925);varianceThreshold();robustScaler(False,True);fastICA(9,'parallel','unit-variance','exp');adaBoost(decisionTree('gini',22,9,0.6065801629299346,5,'balanced'),90,1.0903856171653792,'SAMME')	0.11278553093711144	cached
minMaxScaler();bernoulliNB(1.3790190602586594,False)	0.07960548965155734	2.5274055004119873
kNN(16,'distance',1)	0.1359654523223639	2.901160955429077
minMaxScaler();gaussianNB(0.0072884310779871755)	0.15154829164435768	3.0879547595977783
selectFwe(0.043608404094675514);extraTreesClassifier(71,'gini','sqrt',11,2,True,'balanced')	0.17664784948581452	5.387101650238037
multinomialNB(5.521172526791918,False)	0.0906046815325767	2.783888339996338
maxAbsScaler();maxAbsScaler();minMaxScaler();varianceThreshold();maxAbsScaler();selectPercentile(9.877564588962898);logisticRegression('l2','sag',1000,2.723609346904004,'balanced')	invalid_ind (duplicated operator)	invalid_ind (duplicated operator)
minMaxScaler();extraTreesClassifier(96,'entropy','log2',10,15,False,'balanced')	0.1838755539993894	5.437668323516846
logisticRegression('l2','lbfgs',1000,3.6070000370393505,'balanced')	0.15422890457037858	cached
nystroem('cosine',1.8712924094766232,19,5,0.17331437169887187);varianceThreshold();minMaxScaler();pca(0.9056644090424902,False);fastICA(46,'deflation','arbitrary-variance','logcosh');bernoulliNB(1.5913377636229011,True)	0.06016143333509376	6.053714275360107
minMaxScaler();adaBoost(decisionTree('gini',22,10,0.17108206358542521,20,'balanced'),96,0.6039833955682199,'SAMME')	0.1365664976894005	12.589088439941406
nystroem('sigmoid',0.723132549953043,41,4,0.059476816285391365);selectFwe(0.04054851412985209);adaBoost(decisionTree('gini',9,9,0.04230847373347024,11,'balanced'),58,0.4764005534421007,'SAMME')	0.14807526159898873	10.522879123687744
nystroem('sigmoid',0.723132549953043,41,4,0.059476816285391365);selectFwe(0.04054851412985209);adaBoost(decisionTree('gini',9,9,0.04230847373347024,11,'balanced'),58,0.4764005534421007,'SAMME')	0.14807526159898873	10.381000518798828
minMaxScaler();maxAbsScaler();multinomialNB(0.5527263576026337,True)	0.07230186969570374	3.101353168487549
fastICA(9,'parallel','unit-variance','cube');nystroem('sigmoid',0.8730600937071094,38,3,-0.8571511637245617);pca(0.7771130825144619,False);robustScaler(True,True);minMaxScaler();minMaxScaler();mlpClassifier((42, 11),0.012828425189957023,0.29405144721239435,'adam','tanh')	invalid_ind (duplicated operator)	invalid_ind (duplicated operator)
kNN(16,'distance',1)	0.1359654523223639	4.371245622634888
minMaxScaler();extraTreesClassifier(37,'gini','sqrt',20,7,True,'None')	0.1259760115990126	7.909161567687988
gaussianNB(0.0015291852047841236)	0.14873788207309674	9.454808950424194
selectPercentile(65.1113436004788);varianceThreshold();kNN(23,'uniform',2)	0.13531213161470698	10.816835165023804
kNN(16,'distance',1)	0.1359654523223639	cached
maxAbsScaler();maxAbsScaler();minMaxScaler();varianceThreshold();maxAbsScaler();selectPercentile(9.877564588962898);logisticRegression('l2','sag',1000,2.723609346904004,'balanced')	invalid_ind (duplicated operator)	invalid_ind (duplicated operator)
varianceThreshold();minMaxScaler();varianceThreshold();gaussianNB(0.0037198962328811635)	invalid_ind (duplicated operator)	invalid_ind (duplicated operator)
selectPercentile(27.646157960018627);varianceThreshold();maxAbsScaler();varianceThreshold();minMaxScaler();minMaxScaler();logisticRegression('l2','liblinear',1000,11.03777650347121,'None')	invalid_ind (duplicated operator)	invalid_ind (duplicated operator)
maxAbsScaler();maxAbsScaler();selectPercentile(51.613822330784195);minMaxScaler();varianceThreshold();maxAbsScaler();kNN(16,'distance',1)	invalid_ind (duplicated operator)	invalid_ind (duplicated operator)
minMaxScaler();gaussianNB(0.0072884310779871755)	0.15154829164435768	11.96306562423706
bernoulliNB(6.306318221732177,False)	0.07795137571000503	9.760328531265259
varianceThreshold();varianceThreshold();minMaxScaler();maxAbsScaler();maxAbsScaler();fastICA(94,'deflation','arbitrary-variance','cube');bernoulliNB(2.0743746903558296,False)	invalid_ind (duplicated operator)	invalid_ind (duplicated operator)
fastICA(16,'parallel','arbitrary-variance','logcosh');decisionTree('entropy',28,5,0.21381718987013176,2,'None')	0.11281371297694634	20.762650966644287
logisticRegression('l2','lbfgs',1000,5.959862885254997,'balanced')	0.16747630966148017	55.40022420883179
nystroem('sigmoid',0.4537471476247328,14,4,-0.9721386304639235);selectFwe(0.03640988663523017);maxAbsScaler();selectFwe(0.0437462278229083);selectPercentile(29.42465286603803);gaussianNB(0.0008726425649415488)	invalid_ind (duplicated operator)	invalid_ind (duplicated operator)
maxAbsScaler();lda(0.031913121892390484,22,0.02407997145384461)	eval_error (n_components cannot be larger than min(n_features, n_classes - 1).)	eval_error (n_components cannot be larger than min(n_features, n_classes - 1).)
selectPercentile(82.99373672213854);robustScaler(False,False);maxAbsScaler();qda(0.08629791246836238)	eval_error (The covariance matrix of class 21 is not full rank. When using `solver='svd'` the number of samples in each class should be more than the number of features, but class 21 has 7 samples and 8 features. Try using `solver='eigen'` and setting the parameter `shrinkage` for regularization.)	eval_error (The covariance matrix of class 21 is not full rank. When using `solver='svd'` the number of samples in each class should be more than the number of features, but class 21 has 7 samples and 8 features. Try using `solver='eigen'` and setting the parameter `shrinkage` for regularization.)
minMaxScaler();adaBoost(decisionTree('entropy',21,10,0.9977460198817966,14,'None'),48,0.4956485194911368,'SAMME')	0.1310520566833539	65.98285508155823
nystroem('poly',0.5278269757069988,32,2,-0.557928626697439);maxAbsScaler();pca(0.9753256993958608,False);varianceThreshold();bernoulliNB(1.3790190602586594,False)	0.11166626531906906	6.000776052474976
nystroem('poly',0.5278269757069988,32,2,-0.557928626697439);maxAbsScaler();pca(0.918954240762401,True);varianceThreshold();adaBoost(decisionTree('entropy',21,10,0.9977460198817966,14,'None'),48,0.4956485194911368,'SAMME')	0.12352911335236252	77.37670397758484
gaussianNB(0.0015291852047841236)	0.14873788207309674	4.665852069854736
varianceThreshold();mlpClassifier((71, 15),0.061150031659064207,0.6550174026797144,'lbfgs','relu')	0.1483378121463806	115.59967708587646
varianceThreshold();maxAbsScaler();maxAbsScaler();varianceThreshold();varianceThreshold();maxAbsScaler();pca(0.5909032409493491,True);adaBoost(decisionTree('gini',7,16,0.10472671544827905,6,'balanced'),10,0.7665924736840373,'SAMME')	invalid_ind (duplicated operator)	invalid_ind (duplicated operator)
robustScaler(True,True);selectPercentile(93.08779403059991);varianceThreshold();fastICA(16,'deflation','unit-variance','exp');adaBoost(decisionTree('gini',17,20,0.8500692426287324,8,'balanced'),99,0.8664120932007853,'SAMME')	0.13859955278722264	65.94973492622375
selectPercentile(27.646157960018627);robustScaler(True,True);maxAbsScaler();varianceThreshold();minMaxScaler();minMaxScaler();logisticRegression('l2','liblinear',1000,11.03777650347121,'None')	invalid_ind (duplicated operator)	invalid_ind (duplicated operator)
varianceThreshold();selectPercentile(93.08779403059991);varianceThreshold();fastICA(16,'deflation','unit-variance','exp');adaBoost(decisionTree('entropy',26,13,0.4056619393608053,12,'None'),99,0.8664120932007853,'SAMME')	invalid_ind (duplicated operator)	invalid_ind (duplicated operator)
minMaxScaler();gaussianNB(0.0072884310779871755)	0.15154829164435768	2.070802688598633
kNN(16,'distance',1)	0.1359654523223639	2.1721582412719727
gaussianNB(0.0015291852047841236)	0.14873788207309674	2.6849193572998047
varianceThreshold();lda(0.031913121892390484,22,0.02407997145384461)	eval_error (n_components cannot be larger than min(n_features, n_classes - 1).)	eval_error (n_components cannot be larger than min(n_features, n_classes - 1).)
minMaxScaler();extraTreesClassifier(37,'gini','sqrt',20,7,True,'None')	0.1259760115990126	7.715825796127319
selectPercentile(27.646157960018627);varianceThreshold();maxAbsScaler();varianceThreshold();minMaxScaler();minMaxScaler();logisticRegression('l2','liblinear',1000,11.03777650347121,'None')	invalid_ind (duplicated operator)	invalid_ind (duplicated operator)
nystroem('sigmoid',3.135612367892412,72,3,0.8732247326923925);varianceThreshold();robustScaler(False,True);fastICA(9,'parallel','unit-variance','exp');kNN(16,'distance',1)	0.10465161987931	10.75361180305481
minMaxScaler();extraTreesClassifier(96,'entropy','log2',10,15,False,'balanced')	0.1838755539993894	8.709165811538696
minMaxScaler();extraTreesClassifier(96,'entropy','log2',10,15,False,'balanced')	0.1838755539993894	8.818559885025024
selectPercentile(65.1113436004788);varianceThreshold();kNN(23,'uniform',2)	0.13531213161470698	9.465772151947021
nystroem('sigmoid',0.723132549953043,41,4,0.059476816285391365);selectFwe(0.04054851412985209);adaBoost(decisionTree('gini',9,9,0.04230847373347024,11,'balanced'),58,0.4764005534421007,'SAMME')	0.14807526159898873	34.97679328918457
gaussianNB(0.0015291852047841236)	0.14873788207309674	cached
selectPercentile(55.85375999835142);robustScaler(True,True);minMaxScaler();maxAbsScaler();maxAbsScaler();fastICA(94,'deflation','arbitrary-variance','cube');bernoulliNB(2.0743746903558296,False)	invalid_ind (duplicated operator)	invalid_ind (duplicated operator)
selectFwe(0.043608404094675514);extraTreesClassifier(11,'gini','log2',6,18,False,'balanced')	0.16376375064617923	cached
minMaxScaler();gaussianNB(0.0072884310779871755)	0.15154829164435768	cached
selectFwe(0.043608404094675514);bernoulliNB(6.306318221732177,False)	0.07795137571000503	13.073266506195068
logisticRegression('l2','lbfgs',1000,5.959862885254997,'balanced')	0.16747630966148017	60.006412982940674
extraTreesClassifier(11,'gini','log2',6,18,False,'balanced')	0.16376375064617923	12.305620670318604
maxAbsScaler();lda(0.031913121892390484,22,0.02407997145384461)	eval_error (n_components cannot be larger than min(n_features, n_classes - 1).)	eval_error (n_components cannot be larger than min(n_features, n_classes - 1).)
adaBoost(decisionTree('gini',22,9,0.6065801629299346,5,'balanced'),90,1.0903856171653792,'SAMME')	0.12624817150101725	73.91241717338562
selectFwe(0.043608404094675514);extraTreesClassifier(11,'gini','log2',6,18,False,'balanced')	0.16376375064617923	cached
minMaxScaler();gaussianNB(0.0072884310779871755)	0.15154829164435768	cached
maxAbsScaler();maxAbsScaler();minMaxScaler();varianceThreshold();maxAbsScaler();selectPercentile(9.877564588962898);kNN(16,'distance',1)	invalid_ind (duplicated operator)	invalid_ind (duplicated operator)
maxAbsScaler();maxAbsScaler();selectPercentile(51.613822330784195);minMaxScaler();varianceThreshold();maxAbsScaler();logisticRegression('l2','sag',1000,2.723609346904004,'balanced')	invalid_ind (duplicated operator)	invalid_ind (duplicated operator)
minMaxScaler();extraTreesClassifier(37,'gini','sqrt',20,7,True,'None')	0.1259760115990126	9.1422598361969
varianceThreshold();varianceThreshold();minMaxScaler();maxAbsScaler();maxAbsScaler();fastICA(94,'deflation','arbitrary-variance','cube');bernoulliNB(2.0743746903558296,False)	invalid_ind (duplicated operator)	invalid_ind (duplicated operator)
varianceThreshold();varianceThreshold();minMaxScaler();maxAbsScaler();maxAbsScaler();fastICA(94,'deflation','arbitrary-variance','cube');bernoulliNB(2.0743746903558296,False)	invalid_ind (duplicated operator)	invalid_ind (duplicated operator)
maxAbsScaler();maxAbsScaler();selectPercentile(51.613822330784195);minMaxScaler();varianceThreshold();maxAbsScaler();kNN(16,'distance',1)	invalid_ind (duplicated operator)	invalid_ind (duplicated operator)
fastICA(16,'parallel','arbitrary-variance','logcosh');decisionTree('entropy',28,5,0.21381718987013176,2,'None')	0.11281371297694634	17.540215969085693
nystroem('poly',0.5278269757069988,32,2,-0.557928626697439);maxAbsScaler();pca(0.9753256993958608,False);minMaxScaler();bernoulliNB(1.3790190602586594,False)	0.049511978704525283	7.830505132675171
robustScaler(True,False);lda(0.031913121892390484,22,0.02407997145384461)	eval_error (n_components cannot be larger than min(n_features, n_classes - 1).)	eval_error (n_components cannot be larger than min(n_features, n_classes - 1).)
minMaxScaler();gaussianNB(0.0072884310779871755)	0.15154829164435768	8.05641508102417
gaussianNB(0.0015291852047841236)	0.14873788207309674	6.463045597076416
varianceThreshold();maxAbsScaler();maxAbsScaler();varianceThreshold();varianceThreshold();maxAbsScaler();pca(0.5909032409493491,True);adaBoost(decisionTree('gini',7,16,0.10472671544827905,6,'balanced'),10,0.7665924736840373,'SAMME')	invalid_ind (duplicated operator)	invalid_ind (duplicated operator)
varianceThreshold();extraTreesClassifier(96,'entropy','log2',10,15,False,'balanced')	0.1838755539993894	12.65384316444397
minMaxScaler();extraTreesClassifier(96,'entropy','log2',10,15,False,'balanced')	0.1838755539993894	13.489598512649536
maxAbsScaler();mlpClassifier((71, 15),0.061150031659064207,0.6550174026797144,'lbfgs','relu')	0.14598879577396534	121.00699830055237
robustScaler(True,True);selectPercentile(93.08779403059991);varianceThreshold();fastICA(16,'deflation','unit-variance','exp');adaBoost(decisionTree('gini',17,20,0.8500692426287324,8,'balanced'),99,0.8664120932007853,'SAMME')	0.13859955278722264	104.73324680328369
varianceThreshold();varianceThreshold();minMaxScaler();maxAbsScaler();maxAbsScaler();fastICA(94,'parallel','arbitrary-variance','cube');bernoulliNB(14.715648756865761,False)	invalid_ind (duplicated operator)	invalid_ind (duplicated operator)
selectFwe(0.043608404094675514);extraTreesClassifier(11,'gini','log2',6,18,False,'balanced')	0.16376375064617923	cached
selectFwe(0.043608404094675514);extraTreesClassifier(71,'gini','sqrt',11,2,True,'balanced')	0.17664784948581452	cached
maxAbsScaler();maxAbsScaler();selectPercentile(51.613822330784195);minMaxScaler();maxAbsScaler();maxAbsScaler();logisticRegression('l1','liblinear',1000,0.8595243873050235,'balanced')	invalid_ind (duplicated operator)	invalid_ind (duplicated operator)
maxAbsScaler();varianceThreshold();minMaxScaler();varianceThreshold();maxAbsScaler();selectPercentile(9.877564588962898);kNN(16,'distance',1)	invalid_ind (duplicated operator)	invalid_ind (duplicated operator)
minMaxScaler();extraTreesClassifier(96,'entropy','log2',10,15,False,'balanced')	0.1838755539993894	5.628402471542358
minMaxScaler();extraTreesClassifier(96,'entropy','log2',10,15,False,'balanced')	0.1838755539993894	8.802221059799194
fastICA(16,'parallel','arbitrary-variance','logcosh');decisionTree('entropy',28,5,0.21381718987013176,2,'None')	0.11281371297694634	10.2212073802948
minMaxScaler();adaBoost(decisionTree('gini',11,5,0.21408746979492288,3,'balanced'),48,0.6952676825716428,'SAMME')	0.1352344171414555	12.155304431915283
selectPercentile(55.85375999835142);robustScaler(True,True);minMaxScaler();maxAbsScaler();maxAbsScaler();fastICA(94,'deflation','arbitrary-variance','cube');bernoulliNB(2.0743746903558296,False)	invalid_ind (duplicated operator)	invalid_ind (duplicated operator)
minMaxScaler();gaussianNB(0.0072884310779871755)	0.15154829164435768	8.246785163879395
minMaxScaler();extraTreesClassifier(96,'gini','log2',10,15,False,'balanced')	0.17993922084076086	10.229249715805054
minMaxScaler();extraTreesClassifier(96,'entropy','log2',10,15,False,'balanced')	0.1838755539993894	12.854289293289185
maxAbsScaler();maxAbsScaler();selectPercentile(51.613822330784195);minMaxScaler();varianceThreshold();maxAbsScaler();kNN(16,'distance',1)	invalid_ind (duplicated operator)	invalid_ind (duplicated operator)
gaussianNB(0.0015291852047841236)	0.14873788207309674	cached
minMaxScaler();extraTreesClassifier(37,'gini','sqrt',20,7,True,'None')	0.1259760115990126	cached
minMaxScaler();extraTreesClassifier(96,'entropy','log2',10,15,False,'balanced')	0.1838755539993894	cached
selectFwe(0.043608404094675514);extraTreesClassifier(11,'gini','log2',6,18,False,'balanced')	0.16376375064617923	cached
minMaxScaler();gaussianNB(0.0072884310779871755)	0.15154829164435768	cached
minMaxScaler();maxAbsScaler();minMaxScaler();varianceThreshold();maxAbsScaler();selectPercentile(9.877564588962898);kNN(16,'distance',1)	invalid_ind (duplicated operator)	invalid_ind (duplicated operator)
varianceThreshold();extraTreesClassifier(96,'gini','log2',10,15,False,'balanced')	0.17993922084076086	12.036661148071289
minMaxScaler();extraTreesClassifier(96,'entropy','log2',10,15,False,'balanced')	0.1838755539993894	13.762060165405273
minMaxScaler();logisticRegression('l2','lbfgs',1000,4.921085824860991,'balanced')	0.1756453613095162	30.771156072616577
maxAbsScaler();extraTreesClassifier(37,'gini','sqrt',20,7,True,'None')	0.1259760115990126	8.349079608917236
extraTreesClassifier(11,'entropy','log2',6,2,False,'balanced')	0.1359165508099514	7.618358373641968
varianceThreshold();gaussianNB(0.0072884310779871755)	0.1505213890727437	5.3134753704071045
selectFwe(0.01743389888311659);extraTreesClassifier(20,'gini','log2',6,18,False,'balanced')	0.170634240350675	3.8563153743743896
minMaxScaler();gaussianNB(0.0015291852047841236)	0.14341392263992722	2.728078603744507
adaBoost(decisionTree('entropy',16,18,0.28163686944051824,20,'balanced'),37,0.676708324526694,'SAMME')	0.1406407017128319	17.40522599220276
selectFwe(0.043608404094675514);extraTreesClassifier(71,'gini','sqrt',11,2,True,'balanced')	0.17664784948581452	cached
varianceThreshold();extraTreesClassifier(96,'entropy','log2',10,15,False,'balanced')	0.1838755539993894	cached
extraTreesClassifier(37,'gini','sqrt',3,7,True,'None')	0.1323307849163075	11.243347644805908
selectPercentile(66.89254262057084);varianceThreshold();adaBoost(decisionTree('gini',22,9,0.6065801629299346,5,'None'),31,1.0903856171653792,'SAMME')	0.14078445691113478	18.21328902244568
kNN(23,'uniform',2)	0.13219215780316332	9.627333879470825
logisticRegression('l2','newton-cg',1000,6.471209236264572,'None')	0.11573027917021231	27.9097580909729
varianceThreshold();extraTreesClassifier(96,'entropy','log2',10,15,False,'balanced')	0.1838755539993894	cached
logisticRegression('l2','lbfgs',1000,5.959862885254997,'balanced')	0.16747630966148017	41.93412780761719
minMaxScaler();extraTreesClassifier(96,'entropy','log2',10,15,False,'balanced')	0.1838755539993894	3.073634147644043
robustScaler(True,True);selectPercentile(93.08779403059991);varianceThreshold();fastICA(16,'deflation','unit-variance','exp');randomForest(39,'entropy',0.5253630401655005,12,9,False,'None')	0.13330824774105535	42.553144454956055
minMaxScaler();adaBoost(decisionTree('gini',17,20,0.8500692426287324,8,'balanced'),99,0.8664120932007853,'SAMME')	0.14498879242265011	10.460492610931396
varianceThreshold();extraTreesClassifier(96,'entropy','log2',10,15,False,'balanced')	0.1838755539993894	cached
selectPercentile(55.85375999835142);robustScaler(True,True);minMaxScaler();maxAbsScaler();maxAbsScaler();fastICA(94,'deflation','arbitrary-variance','cube');bernoulliNB(2.0743746903558296,False)	invalid_ind (duplicated operator)	invalid_ind (duplicated operator)
minMaxScaler();extraTreesClassifier(96,'gini','log2',10,15,False,'balanced')	0.17993922084076086	cached
minMaxScaler();extraTreesClassifier(96,'gini','log2',10,15,False,'balanced')	0.17993922084076086	cached
selectFwe(0.043608404094675514);extraTreesClassifier(71,'gini','sqrt',11,2,True,'balanced')	0.17664784948581452	cached
minMaxScaler();extraTreesClassifier(96,'entropy','log2',10,15,False,'balanced')	0.1838755539993894	cached
logisticRegression('l2','lbfgs',1000,3.6070000370393505,'balanced')	0.15422890457037858	cached
selectPercentile(55.85375999835142);robustScaler(True,True);minMaxScaler();maxAbsScaler();maxAbsScaler();fastICA(94,'deflation','arbitrary-variance','cube');bernoulliNB(2.0743746903558296,False)	invalid_ind (duplicated operator)	invalid_ind (duplicated operator)
selectFwe(0.01743389888311659);extraTreesClassifier(20,'gini','log2',6,18,False,'balanced')	0.170634240350675	cached
minMaxScaler();extraTreesClassifier(96,'entropy','log2',10,15,False,'balanced')	0.1838755539993894	cached
minMaxScaler();gaussianNB(0.0072884310779871755)	0.15154829164435768	2.9726009368896484
pca(0.5063821735476239,False);extraTreesClassifier(96,'entropy','log2',10,15,False,'balanced')	0.13726491045973524	4.21760892868042
varianceThreshold();extraTreesClassifier(96,'entropy','log2',10,15,False,'balanced')	0.1838755539993894	5.023245334625244
extraTreesClassifier(37,'gini','sqrt',3,7,True,'None')	0.1323307849163075	7.274118900299072
selectPercentile(66.89254262057084);varianceThreshold();adaBoost(decisionTree('gini',22,9,0.6065801629299346,5,'None'),31,1.0903856171653792,'SAMME')	0.14078445691113478	11.634509086608887
minMaxScaler();extraTreesClassifier(96,'gini','log2',10,15,False,'balanced')	0.17993922084076086	13.738571405410767
minMaxScaler();extraTreesClassifier(71,'gini','sqrt',11,2,True,'balanced')	0.17664784948581452	12.416527032852173
minMaxScaler();extraTreesClassifier(96,'entropy','log2',10,15,False,'balanced')	0.1838755539993894	13.289996147155762
maxAbsScaler();gaussianNB(0.0015291852047841236)	0.14391760444442203	4.314983606338501
selectFwe(0.035394006203650304);extraTreesClassifier(71,'gini','sqrt',11,2,True,'balanced')	0.17664784948581452	13.800048589706421
selectFwe(0.043608404094675514);extraTreesClassifier(71,'gini','sqrt',11,2,True,'balanced')	0.17664784948581452	cached
minMaxScaler();logisticRegression('l2','lbfgs',1000,4.921085824860991,'balanced')	0.1756453613095162	33.02252817153931
gaussianNB(0.0015291852047841236)	0.14873788207309674	6.177234649658203
selectFwe(0.043608404094675514);extraTreesClassifier(11,'gini','sqrt',6,2,True,'balanced')	0.18262587442465483	3.4018266201019287
minMaxScaler();extraTreesClassifier(96,'entropy','log2',10,15,False,'balanced')	0.1838755539993894	4.577026844024658
selectPercentile(55.85375999835142);robustScaler(True,True);minMaxScaler();maxAbsScaler();maxAbsScaler();fastICA(94,'deflation','arbitrary-variance','cube');bernoulliNB(2.0743746903558296,False)	invalid_ind (duplicated operator)	invalid_ind (duplicated operator)
minMaxScaler();gaussianNB(0.0072884310779871755)	0.15154829164435768	cached
robustScaler(True,True);selectPercentile(93.08779403059991);varianceThreshold();selectFwe(0.043608404094675514);randomForest(39,'entropy',0.5253630401655005,12,9,False,'None')	0.13340031346805384	13.779831647872925
pca(0.7689582187408162,True);fastICA(49,'deflation','arbitrary-variance','exp');varianceThreshold();varianceThreshold();extraTreesClassifier(11,'gini','log2',6,18,False,'balanced')	invalid_ind (duplicated operator)	invalid_ind (duplicated operator)
minMaxScaler();extraTreesClassifier(96,'entropy','log2',10,15,False,'balanced')	0.1838755539993894	cached
minMaxScaler();extraTreesClassifier(96,'entropy','log2',10,15,False,'balanced')	0.1838755539993894	cached
selectFwe(0.043608404094675514);extraTreesClassifier(71,'gini','log2',11,18,False,'balanced')	0.17068641619832042	4.703170299530029
robustScaler(True,True);selectPercentile(93.08779403059991);varianceThreshold();fastICA(16,'deflation','unit-variance','exp');randomForest(39,'entropy',0.5253630401655005,15,9,False,'balanced')	0.22938615849015426	48.7710075378418
logisticRegression('l2','lbfgs',1000,3.6070000370393505,'balanced')	0.15422890457037858	28.094260692596436
minMaxScaler();adaBoost(decisionTree('gini',17,20,0.8500692426287324,8,'balanced'),99,0.8664120932007853,'SAMME')	0.14498879242265011	36.33029270172119
minMaxScaler();adaBoost(decisionTree('gini',17,20,0.8500692426287324,8,'balanced'),99,0.8664120932007853,'SAMME')	0.14498879242265011	42.076435565948486
minMaxScaler();adaBoost(decisionTree('gini',17,20,0.8500692426287324,8,'balanced'),99,0.8664120932007853,'SAMME')	0.14498879242265011	44.30037260055542
gaussianNB(0.0015291852047841236)	0.14873788207309674	6.537524700164795
minMaxScaler();extraTreesClassifier(96,'entropy','log2',10,9,False,'balanced')	0.17253416207384908	12.349394083023071
logisticRegression('l2','lbfgs',1000,5.959862885254997,'balanced')	0.16747630966148017	27.25847578048706
minMaxScaler();extraTreesClassifier(96,'gini','log2',10,15,False,'balanced')	0.17993922084076086	cached
selectPercentile(55.85375999835142);robustScaler(True,True);minMaxScaler();maxAbsScaler();maxAbsScaler();fastICA(94,'deflation','arbitrary-variance','cube');bernoulliNB(2.0743746903558296,False)	invalid_ind (duplicated operator)	invalid_ind (duplicated operator)
selectPercentile(55.85375999835142);robustScaler(True,True);minMaxScaler();maxAbsScaler();maxAbsScaler();fastICA(16,'deflation','unit-variance','exp');bernoulliNB(2.0743746903558296,False)	invalid_ind (duplicated operator)	invalid_ind (duplicated operator)
minMaxScaler();maxAbsScaler();maxAbsScaler();fastICA(74,'deflation','arbitrary-variance','cube');bernoulliNB(2.0743746903558296,False)	invalid_ind (duplicated operator)	invalid_ind (duplicated operator)
selectPercentile(55.85375999835142);robustScaler(True,True);minMaxScaler();gaussianNB(0.007320268528487715)	0.16351674301956173	3.4524593353271484
minMaxScaler();extraTreesClassifier(96,'gini','log2',6,15,False,'balanced')	0.17993922084076086	8.371676683425903
minMaxScaler();extraTreesClassifier(96,'entropy','log2',10,15,False,'balanced')	0.1838755539993894	cached
minMaxScaler();extraTreesClassifier(96,'entropy','log2',10,15,False,'balanced')	0.1838755539993894	cached
minMaxScaler();extraTreesClassifier(96,'entropy','log2',10,15,False,'balanced')	0.1838755539993894	cached
minMaxScaler();extraTreesClassifier(96,'gini','log2',10,15,False,'balanced')	0.17993922084076086	cached
selectFwe(0.043608404094675514);extraTreesClassifier(71,'entropy','log2',10,15,False,'balanced')	0.1786846765159838	12.756011486053467
selectFwe(0.004790391780892934);extraTreesClassifier(71,'gini','sqrt',11,2,False,'balanced')	0.1933786251074455	13.656476020812988
minMaxScaler();gaussianNB(0.0072884310779871755)	0.15154829164435768	cached
minMaxScaler();extraTreesClassifier(96,'gini','log2',10,15,False,'balanced')	0.17993922084076086	cached
minMaxScaler();extraTreesClassifier(96,'gini','sqrt',11,2,True,'balanced')	0.18552533208614033	13.342077493667603
selectFwe(0.02135409923307419);bernoulliNB(2.0743746903558296,False)	0.07604135451133526	7.780324459075928
robustScaler(True,False);minMaxScaler();varianceThreshold();maxAbsScaler();maxAbsScaler();fastICA(94,'deflation','arbitrary-variance','cube');extraTreesClassifier(71,'gini','sqrt',11,2,True,'balanced')	invalid_ind (duplicated operator)	invalid_ind (duplicated operator)
varianceThreshold();extraTreesClassifier(96,'entropy','log2',10,15,False,'balanced')	0.1838755539993894	cached
varianceThreshold();extraTreesClassifier(96,'entropy','log2',10,15,False,'balanced')	0.1838755539993894	cached
bernoulliNB(5.763807077582302,True)	0.06570595585485084	6.372506618499756
minMaxScaler();logisticRegression('l2','lbfgs',1000,4.921085824860991,'balanced')	0.1756453613095162	cached
minMaxScaler();gaussianNB(0.0072884310779871755)	0.15154829164435768	cached
minMaxScaler();gaussianNB(0.0072884310779871755)	0.15154829164435768	cached
logisticRegression('l2','lbfgs',1000,5.959862885254997,'balanced')	0.16747630966148017	39.511582374572754
minMaxScaler();extraTreesClassifier(96,'entropy','log2',2,15,False,'balanced')	0.1838755539993894	10.946013450622559
minMaxScaler();extraTreesClassifier(96,'entropy','log2',10,15,False,'balanced')	0.1838755539993894	cached
minMaxScaler();extraTreesClassifier(96,'entropy','log2',10,9,False,'balanced')	0.17253416207384908	cached
selectFwe(0.035394006203650304);extraTreesClassifier(71,'gini','sqrt',11,2,True,'balanced')	0.17664784948581452	cached
minMaxScaler();extraTreesClassifier(48,'entropy','log2',5,5,False,'None')	0.1320141996965471	10.575381755828857
robustScaler(True,True);selectPercentile(93.08779403059991);varianceThreshold();fastICA(94,'deflation','arbitrary-variance','cube');randomForest(39,'entropy',0.5253630401655005,15,9,False,'balanced')	0.18468534487149407	56.39790439605713
selectFwe(0.04562190384961189);extraTreesClassifier(98,'gini','log2',10,13,False,'balanced')	0.1770372127868209	13.558132648468018
robustScaler(True,True);selectPercentile(93.08779403059991);varianceThreshold();fastICA(16,'deflation','unit-variance','exp');randomForest(39,'entropy',0.5253630401655005,15,9,False,'balanced')	0.22938615849015426	66.09207677841187
minMaxScaler();logisticRegression('l2','lbfgs',1000,4.921085824860991,'balanced')	0.1756453613095162	40.46017026901245
selectFwe(0.01743389888311659);extraTreesClassifier(20,'gini','log2',6,18,False,'balanced')	0.170634240350675	14.92231011390686
minMaxScaler();extraTreesClassifier(96,'entropy','log2',10,9,False,'balanced')	0.17253416207384908	16.122861862182617
minMaxScaler();extraTreesClassifier(96,'entropy','log2',10,15,False,'balanced')	0.1838755539993894	12.444820642471313
minMaxScaler();extraTreesClassifier(96,'entropy','log2',10,15,False,'balanced')	0.1838755539993894	11.74223804473877
logisticRegression('l2','lbfgs',1000,5.959862885254997,'balanced')	0.16747630966148017	45.66743040084839
robustScaler(True,True);selectPercentile(93.08779403059991);varianceThreshold();fastICA(16,'deflation','unit-variance','exp');randomForest(39,'entropy',0.5253630401655005,15,9,False,'balanced')	0.22938615849015426	63.953566789627075
minMaxScaler();extraTreesClassifier(96,'entropy','log2',10,15,False,'balanced')	0.1838755539993894	3.119558811187744
minMaxScaler();extraTreesClassifier(96,'entropy','log2',10,15,False,'balanced')	0.1838755539993894	cached
minMaxScaler();extraTreesClassifier(96,'entropy','log2',10,15,False,'balanced')	0.1838755539993894	cached
robustScaler(True,False);minMaxScaler();varianceThreshold();maxAbsScaler();maxAbsScaler();fastICA(94,'deflation','arbitrary-variance','cube');extraTreesClassifier(71,'gini','sqrt',11,2,True,'balanced')	invalid_ind (duplicated operator)	invalid_ind (duplicated operator)
minMaxScaler();extraTreesClassifier(96,'entropy','log2',10,15,False,'balanced')	0.1838755539993894	cached
robustScaler(True,True);extraTreesClassifier(71,'entropy','log2',10,15,False,'balanced')	0.1786846765159838	3.215878486633301
minMaxScaler();extraTreesClassifier(96,'gini','sqrt',11,2,True,'balanced')	0.18552533208614033	4.887277126312256
varianceThreshold();extraTreesClassifier(96,'gini','log2',10,15,False,'balanced')	0.17993922084076086	6.736195087432861
selectFwe(0.04562190384961189);extraTreesClassifier(98,'entropy','log2',10,13,False,'balanced')	0.16855305742822527	17.094913959503174
selectFwe(0.01743389888311659);randomForest(39,'entropy',0.5253630401655005,15,9,False,'balanced')	0.1685745097812754	24.485310792922974
minMaxScaler();extraTreesClassifier(96,'entropy','log2',10,15,False,'balanced')	0.1838755539993894	22.85063362121582
robustScaler(True,True);selectPercentile(93.08779403059991);varianceThreshold();fastICA(16,'deflation','unit-variance','exp');extraTreesClassifier(20,'gini','log2',6,18,False,'balanced')	0.17042632781288108	23.50602912902832
minMaxScaler();extraTreesClassifier(96,'entropy','log2',2,15,False,'balanced')	0.1838755539993894	cached
minMaxScaler();extraTreesClassifier(96,'gini','log2',10,15,False,'balanced')	0.17993922084076086	cached
gaussianNB(0.0015291852047841236)	0.14873788207309674	11.042835474014282
minMaxScaler();logisticRegression('l2','lbfgs',1000,4.921085824860991,'balanced')	0.1756453613095162	54.78282165527344
selectFwe(0.04562190384961189);extraTreesClassifier(98,'entropy','log2',10,15,False,'balanced')	0.18293256228215174	17.799633026123047
robustScaler(True,True);selectPercentile(93.08779403059991);varianceThreshold();fastICA(16,'deflation','unit-variance','exp');logisticRegression('l2','lbfgs',1000,4.921085824860991,'balanced')	0.18702113095829767	70.85946226119995
minMaxScaler();adaBoost(decisionTree('entropy',13,8,0.04931184595760396,16,'balanced'),44,1.2848667549129176,'SAMME')	0.12730637396572964	23.06555151939392
minMaxScaler();extraTreesClassifier(96,'entropy','log2',10,15,False,'balanced')	0.1838755539993894	cached
robustScaler(True,False);minMaxScaler();varianceThreshold();maxAbsScaler();maxAbsScaler();fastICA(94,'deflation','arbitrary-variance','cube');extraTreesClassifier(71,'gini','sqrt',11,2,True,'balanced')	invalid_ind (duplicated operator)	invalid_ind (duplicated operator)
selectFwe(0.043608404094675514);selectPercentile(93.08779403059991);varianceThreshold();fastICA(16,'deflation','unit-variance','exp');randomForest(39,'entropy',0.5253630401655005,15,9,False,'balanced')	0.20031324077185125	93.79319834709167
selectFwe(0.04562190384961189);extraTreesClassifier(98,'gini','log2',10,13,False,'balanced')	0.1770372127868209	cached
minMaxScaler();extraTreesClassifier(96,'entropy','log2',10,15,False,'balanced')	0.1838755539993894	cached
minMaxScaler();logisticRegression('l2','lbfgs',1000,4.921085824860991,'balanced')	0.1756453613095162	43.956761837005615
minMaxScaler();randomForest(39,'entropy',0.5253630401655005,15,9,False,'balanced')	0.1684860534376919	33.04140830039978
varianceThreshold();minMaxScaler();adaBoost(decisionTree('gini',11,3,0.44235559773234223,8,'balanced'),93,1.3040045425658897,'SAMME')	0.14231918082144052	44.62000298500061
selectFwe(0.043608404094675514);extraTreesClassifier(71,'entropy','log2',10,15,False,'balanced')	0.1786846765159838	cached
minMaxScaler();extraTreesClassifier(96,'gini','log2',10,15,False,'balanced')	0.17993922084076086	cached
minMaxScaler();extraTreesClassifier(96,'entropy','log2',10,15,False,'balanced')	0.1838755539993894	10.940257549285889
selectFwe(0.043608404094675514);extraTreesClassifier(11,'gini','sqrt',6,2,False,'balanced')	0.15572366053413114	10.640749454498291
robustScaler(True,True);selectPercentile(93.08779403059991);varianceThreshold();fastICA(16,'deflation','unit-variance','exp');extraTreesClassifier(98,'gini','log2',10,13,False,'balanced')	0.16569556758907386	19.03877830505371
selectFwe(0.043608404094675514);extraTreesClassifier(11,'entropy','log2',6,2,False,'balanced')	0.1359165508099514	8.572997093200684
minMaxScaler();logisticRegression('l2','lbfgs',1000,4.921085824860991,'balanced')	0.1756453613095162	41.71390461921692
varianceThreshold();extraTreesClassifier(96,'entropy','log2',10,15,False,'balanced')	0.1838755539993894	cached
minMaxScaler();extraTreesClassifier(96,'entropy','log2',10,15,False,'balanced')	0.1838755539993894	cached
minMaxScaler();extraTreesClassifier(97,'entropy','log2',10,15,True,'balanced_subsample')	0.17406285932170368	11.100787162780762
minMaxScaler();extraTreesClassifier(96,'gini','sqrt',10,9,True,'balanced')	0.1796440981435153	7.166636228561401
selectFwe(0.04562190384961189);randomForest(39,'entropy',0.5253630401655005,15,9,False,'balanced')	0.1685745097812754	12.972410440444946
selectFwe(0.0033187017530378433);selectPercentile(93.08779403059991);varianceThreshold();fastICA(94,'deflation','arbitrary-variance','cube');randomForest(39,'entropy',0.5253630401655005,15,9,False,'balanced')	0.1766258393062916	22.465022563934326
varianceThreshold();extraTreesClassifier(96,'entropy','log2',10,15,False,'balanced')	0.1838755539993894	2.389116048812866
minMaxScaler();extraTreesClassifier(96,'entropy','log2',10,15,False,'balanced')	0.1838755539993894	cached
selectFwe(0.043608404094675514);extraTreesClassifier(11,'gini','sqrt',6,2,True,'balanced')	0.18262587442465483	cached
minMaxScaler();extraTreesClassifier(96,'gini','sqrt',11,2,True,'balanced')	0.18552533208614033	cached
minMaxScaler();logisticRegression('l2','lbfgs',1000,4.921085824860991,'balanced')	0.1756453613095162	cached
minMaxScaler();extraTreesClassifier(96,'entropy','log2',10,15,False,'balanced')	0.1838755539993894	cached
minMaxScaler();extraTreesClassifier(96,'entropy','log2',10,15,False,'balanced')	0.1838755539993894	cached
varianceThreshold();extraTreesClassifier(96,'entropy','log2',10,15,False,'balanced')	0.1838755539993894	cached
varianceThreshold();extraTreesClassifier(96,'gini','log2',10,15,False,'balanced')	0.17993922084076086	cached
robustScaler(True,True);selectPercentile(93.08779403059991);varianceThreshold();selectFwe(0.004790391780892934);randomForest(85,'gini','sqrt',12,17,False,'balanced_subsample')	0.16427100330229655	5.599576234817505
pca(0.609294484596349,True);selectFwe(0.030728674331375872);minMaxScaler();randomForest(39,'entropy',0.5253630401655005,15,9,False,'balanced')	0.12164206732416147	7.698207139968872
fastICA(94,'deflation','arbitrary-variance','cube');extraTreesClassifier(71,'gini','sqrt',11,2,False,'balanced')	0.17854225269123275	6.18874716758728
selectFwe(0.04562190384961189);extraTreesClassifier(98,'entropy','log2',10,15,False,'balanced')	0.18293256228215174	5.481374502182007
robustScaler(True,True);selectPercentile(61.24780808035186);varianceThreshold();fastICA(16,'deflation','unit-variance','exp');extraTreesClassifier(11,'gini','sqrt',6,2,False,'balanced')	0.15405005334200855	6.0764851570129395
selectFwe(0.0033187017530378433);selectPercentile(93.08779403059991);varianceThreshold();fastICA(94,'deflation','arbitrary-variance','cube');randomForest(39,'entropy',0.5253630401655005,15,9,False,'balanced')	0.1766258393062916	22.76668405532837
selectFwe(0.0033187017530378433);selectPercentile(93.08779403059991);varianceThreshold();fastICA(94,'deflation','arbitrary-variance','cube');randomForest(39,'entropy',0.5253630401655005,15,9,False,'balanced')	0.1766258393062916	23.88743782043457
selectFwe(0.043608404094675514);selectPercentile(93.08779403059991);varianceThreshold();fastICA(16,'deflation','unit-variance','exp');randomForest(39,'entropy',0.5253630401655005,15,9,False,'balanced')	0.20031324077185125	25.544448852539062
selectFwe(0.043608404094675514);randomForest(39,'entropy',0.5253630401655005,15,9,False,'balanced')	0.1685745097812754	9.87872314453125
minMaxScaler();extraTreesClassifier(96,'gini','sqrt',11,2,True,'balanced')	0.18552533208614033	5.312594652175903
minMaxScaler();extraTreesClassifier(96,'entropy','log2',10,15,False,'balanced')	0.1838755539993894	cached
robustScaler(True,True);minMaxScaler();varianceThreshold();fastICA(94,'deflation','arbitrary-variance','cube');randomForest(39,'entropy',0.5253630401655005,15,9,False,'balanced')	0.1856004697836693	15.12655520439148
minMaxScaler();extraTreesClassifier(96,'entropy','log2',2,15,False,'balanced')	0.1838755539993894	7.3915956020355225
selectPercentile(93.08779403059991);extraTreesClassifier(96,'gini','sqrt',11,2,True,'balanced')	0.19346951462762546	10.680689096450806
minMaxScaler();extraTreesClassifier(96,'entropy','log2',10,11,False,'balanced_subsample')	0.17459458637866948	13.484728336334229
selectFwe(0.04562190384961189);extraTreesClassifier(98,'gini','log2',10,13,False,'balanced')	0.1770372127868209	cached
minMaxScaler();extraTreesClassifier(96,'entropy','log2',10,15,False,'balanced')	0.1838755539993894	cached
minMaxScaler();extraTreesClassifier(96,'entropy','log2',10,15,False,'balanced')	0.1838755539993894	15.19695496559143
minMaxScaler();extraTreesClassifier(96,'gini','sqrt',10,15,True,'balanced')	0.17281322496138563	21.199525117874146
minMaxScaler();logisticRegression('l2','lbfgs',1000,4.921085824860991,'balanced')	0.1756453613095162	37.97742795944214
varianceThreshold();extraTreesClassifier(96,'gini','log2',10,15,False,'balanced')	0.17993922084076086	17.185868978500366
minMaxScaler();extraTreesClassifier(96,'entropy','log2',2,15,False,'balanced')	0.1838755539993894	cached
minMaxScaler();extraTreesClassifier(96,'entropy','log2',10,15,False,'balanced')	0.1838755539993894	cached
selectFwe(0.01743389888311659);randomForest(37,'entropy',0.9810048701812414,15,10,False,'None')	0.12615173754547834	39.87756848335266
selectFwe(0.043608404094675514);extraTreesClassifier(11,'entropy','log2',6,2,False,'balanced')	0.1359165508099514	8.60571002960205
selectFwe(0.028982465405999063);extraTreesClassifier(96,'gini','sqrt',10,9,False,'balanced')	0.17204788952680825	18.155762434005737
minMaxScaler();extraTreesClassifier(96,'entropy','log2',10,15,True,'balanced')	0.16645463199455826	20.139415502548218
robustScaler(True,True);selectPercentile(93.08779403059991);varianceThreshold();fastICA(16,'deflation','unit-variance','exp');logisticRegression('l2','lbfgs',1000,4.921085824860991,'balanced')	0.18702113095829767	70.32412362098694
minMaxScaler();extraTreesClassifier(96,'gini','sqrt',11,2,True,'balanced')	0.18552533208614033	11.307714223861694
robustScaler(True,True);selectPercentile(93.08779403059991);varianceThreshold();fastICA(16,'deflation','unit-variance','exp');logisticRegression('l2','lbfgs',1000,4.921085824860991,'balanced')	0.18702113095829767	57.183565616607666
robustScaler(True,False);selectPercentile(93.08779403059991);varianceThreshold();fastICA(18,'deflation','arbitrary-variance','cube');randomForest(97,'entropy','log2',15,9,False,'balanced')	0.17462820954837682	72.096914768219
selectFwe(0.043608404094675514);extraTreesClassifier(11,'gini','sqrt',6,2,True,'balanced')	0.18262587442465483	1.6776208877563477
selectFwe(0.04562190384961189);extraTreesClassifier(98,'entropy','log2',10,15,False,'balanced')	0.18293256228215174	cached
varianceThreshold();extraTreesClassifier(96,'entropy','log2',10,15,False,'balanced')	0.1838755539993894	cached
robustScaler(True,True);selectPercentile(93.08779403059991);varianceThreshold();fastICA(16,'deflation','unit-variance','exp');logisticRegression('l2','lbfgs',1000,4.921085824860991,'balanced')	0.18702113095829767	cached
minMaxScaler();logisticRegression('l2','lbfgs',1000,4.921085824860991,'balanced')	0.1756453613095162	cached
robustScaler(True,True);selectPercentile(93.08779403059991);varianceThreshold();fastICA(16,'deflation','unit-variance','exp');logisticRegression('l2','lbfgs',1000,4.921085824860991,'balanced')	0.18702113095829767	cached
selectFwe(0.043608404094675514);extraTreesClassifier(11,'gini','sqrt',6,2,True,'balanced')	0.18262587442465483	2.9968514442443848
nystroem('poly',0.8549235342740689,40,3,-0.4315810762722496);decisionTree('entropy',12,9,0.37682152580716277,7,'None')	0.11090330916411169	3.5651423931121826
minMaxScaler();extraTreesClassifier(96,'entropy','log2',18,15,False,'balanced')	0.1838755539993894	3.7774171829223633
selectFwe(0.04562190384961189);extraTreesClassifier(98,'entropy','log2',10,15,False,'balanced')	0.18293256228215174	cached
varianceThreshold();extraTreesClassifier(96,'entropy','log2',10,15,False,'balanced')	0.1838755539993894	6.264075517654419
fastICA(55,'parallel','unit-variance','cube');extraTreesClassifier(96,'gini','log2',10,15,False,'balanced')	0.16134903603473916	13.194029569625854
selectFwe(0.0016070651767107565);minMaxScaler();varianceThreshold();fastICA(94,'deflation','arbitrary-variance','cube');randomForest(39,'entropy',0.5253630401655005,15,9,False,'balanced')	0.18204859945606827	22.320290327072144
minMaxScaler();extraTreesClassifier(96,'entropy','log2',10,15,False,'balanced')	0.1838755539993894	cached
selectPercentile(53.60429953638897);fastICA(20,'parallel','arbitrary-variance','exp');nystroem('poly',7.011047701436898,67,2,-0.41202204636357664);pca(0.6501994435858192,False);extraTreesClassifier(96,'entropy','log2',10,15,False,'balanced')	0.12732039761891387	14.06607174873352
minMaxScaler();logisticRegression('l2','lbfgs',1000,4.921085824860991,'balanced')	0.1756453613095162	33.63675498962402
robustScaler(True,True);selectPercentile(93.08779403059991);varianceThreshold();fastICA(94,'deflation','arbitrary-variance','cube');randomForest(39,'entropy',0.5253630401655005,15,9,False,'balanced')	0.18468534487149407	cached
minMaxScaler();extraTreesClassifier(96,'gini','sqrt',11,2,True,'balanced')	0.18552533208614033	cached
robustScaler(True,True);minMaxScaler();varianceThreshold();fastICA(94,'deflation','arbitrary-variance','cube');randomForest(39,'entropy',0.5253630401655005,15,9,False,'balanced')	0.1856004697836693	cached
robustScaler(True,True);minMaxScaler();varianceThreshold();fastICA(94,'deflation','arbitrary-variance','cube');randomForest(39,'entropy',0.5253630401655005,15,9,False,'balanced')	0.1856004697836693	cached
minMaxScaler();extraTreesClassifier(96,'gini','sqrt',11,2,True,'balanced')	0.18552533208614033	cached
selectPercentile(93.08779403059991);extraTreesClassifier(96,'gini','sqrt',11,2,True,'balanced')	0.19346951462762546	cached
minMaxScaler();extraTreesClassifier(96,'gini','sqrt',11,2,True,'balanced')	0.18552533208614033	10.825870513916016
robustScaler(True,True);minMaxScaler();varianceThreshold();fastICA(16,'deflation','unit-variance','exp');randomForest(39,'entropy',0.5253630401655005,15,9,False,'balanced')	0.1948658312103176	41.070332050323486
minMaxScaler();logisticRegression('l2','lbfgs',1000,4.921085824860991,'balanced')	0.1756453613095162	34.12030339241028
selectFwe(0.043608404094675514);selectPercentile(93.08779403059991);minMaxScaler();fastICA(16,'deflation','unit-variance','exp');randomForest(39,'entropy',0.5253630401655005,15,9,False,'balanced')	0.22055446564676934	62.63664746284485
robustScaler(True,True);selectPercentile(93.08779403059991);varianceThreshold();fastICA(94,'deflation','arbitrary-variance','cube');extraTreesClassifier(96,'entropy','log2',2,15,False,'balanced')	0.16556943996910628	5.873286724090576
selectPercentile(93.08779403059991);extraTreesClassifier(96,'entropy','log2',11,15,False,'balanced')	0.16972309967095656	5.0440380573272705
minMaxScaler();extraTreesClassifier(96,'gini','sqrt',10,2,True,'balanced')	0.18972017496034788	5.530112028121948
varianceThreshold();extraTreesClassifier(96,'gini','log2',10,15,False,'balanced')	0.17993922084076086	cached
minMaxScaler();extraTreesClassifier(96,'entropy','log2',10,15,False,'balanced')	0.1838755539993894	cached
minMaxScaler();randomForest(39,'entropy',0.5253630401655005,15,9,False,'balanced')	0.1684860534376919	9.089990139007568
robustScaler(True,True);selectPercentile(93.08779403059991);varianceThreshold();fastICA(16,'deflation','unit-variance','exp');randomForest(39,'entropy',0.5253630401655005,15,9,False,'balanced')	0.22938615849015426	38.895318031311035
minMaxScaler();extraTreesClassifier(96,'gini','sqrt',11,2,True,'balanced')	0.18552533208614033	cached
selectFwe(0.043608404094675514);extraTreesClassifier(11,'gini','sqrt',6,2,True,'balanced')	0.18262587442465483	cached
robustScaler(True,True);selectPercentile(93.08779403059991);varianceThreshold();fastICA(94,'deflation','arbitrary-variance','cube');randomForest(39,'entropy',0.5253630401655005,15,9,False,'balanced')	0.18468534487149407	31.218270301818848
minMaxScaler();extraTreesClassifier(96,'entropy','log2',11,2,False,'balanced')	0.18447781423643272	4.661256790161133
varianceThreshold();extraTreesClassifier(96,'gini','sqrt',10,15,True,'balanced')	0.17281322496138563	3.4332962036132812
minMaxScaler();logisticRegression('l1','saga',1000,4.921085824860991,'balanced')	0.18720996254649855	97.43035769462585
robustScaler(True,True);selectPercentile(93.08779403059991);varianceThreshold();fastICA(16,'deflation','unit-variance','exp');randomForest(39,'entropy',0.5253630401655005,15,9,False,'balanced')	0.22938615849015426	15.86158537864685
varianceThreshold();extraTreesClassifier(96,'gini','log2',10,15,False,'balanced')	0.17993922084076086	2.372035503387451
selectFwe(0.04562190384961189);extraTreesClassifier(98,'entropy','log2',10,15,False,'balanced')	0.18293256228215174	cached
varianceThreshold();extraTreesClassifier(96,'gini','log2',10,15,False,'balanced')	0.17993922084076086	cached
robustScaler(True,True);selectPercentile(93.08779403059991);varianceThreshold();fastICA(16,'deflation','unit-variance','exp');logisticRegression('l2','lbfgs',1000,4.921085824860991,'balanced')	0.18702113095829767	cached
selectFwe(0.043608404094675514);selectPercentile(93.08779403059991);varianceThreshold();fastICA(16,'deflation','unit-variance','exp');randomForest(39,'entropy',0.5253630401655005,15,9,False,'balanced')	0.20031324077185125	cached
robustScaler(True,True);selectPercentile(93.08779403059991);varianceThreshold();fastICA(16,'deflation','unit-variance','exp');randomForest(39,'entropy',0.5253630401655005,15,9,False,'balanced')	0.22938615849015426	cached
robustScaler(True,True);selectPercentile(93.08779403059991);varianceThreshold();fastICA(16,'deflation','unit-variance','exp');logisticRegression('l2','lbfgs',1000,4.921085824860991,'balanced')	0.18702113095829767	cached
selectPercentile(93.08779403059991);extraTreesClassifier(96,'entropy','log2',11,15,False,'balanced')	0.16972309967095656	cached
minMaxScaler();extraTreesClassifier(96,'entropy','log2',18,15,False,'balanced')	0.1838755539993894	cached
robustScaler(True,True);selectPercentile(93.08779403059991);varianceThreshold();fastICA(16,'deflation','unit-variance','exp');randomForest(39,'entropy',0.5253630401655005,15,9,False,'balanced')	0.22938615849015426	cached
minMaxScaler();extraTreesClassifier(96,'gini','sqrt',11,2,True,'balanced')	0.18552533208614033	cached
selectPercentile(93.08779403059991);extraTreesClassifier(96,'gini','sqrt',11,2,True,'balanced')	0.19346951462762546	cached
selectPercentile(93.08779403059991);extraTreesClassifier(96,'gini','sqrt',11,2,True,'balanced')	0.19346951462762546	cached
minMaxScaler();extraTreesClassifier(96,'gini','sqrt',11,2,True,'balanced')	0.18552533208614033	6.552606821060181
minMaxScaler();extraTreesClassifier(96,'gini','sqrt',11,2,True,'balanced')	0.18552533208614033	8.283605337142944
minMaxScaler();extraTreesClassifier(96,'entropy','log2',10,15,False,'balanced')	0.1838755539993894	11.954094886779785
selectFwe(0.043608404094675514);selectPercentile(93.08779403059991);varianceThreshold();fastICA(16,'deflation','unit-variance','exp');randomForest(39,'entropy',0.5253630401655005,15,9,False,'balanced')	0.20031324077185125	cached
robustScaler(True,True);selectPercentile(93.08779403059991);varianceThreshold();fastICA(16,'deflation','unit-variance','exp');randomForest(39,'entropy',0.5253630401655005,15,9,False,'balanced')	0.22938615849015426	cached
minMaxScaler();logisticRegression('l2','lbfgs',1000,4.921085824860991,'balanced')	0.1756453613095162	47.96199035644531
minMaxScaler();logisticRegression('l2','lbfgs',1000,4.921085824860991,'balanced')	0.1756453613095162	64.29326891899109
robustScaler(True,True);selectPercentile(56.22586332898237);varianceThreshold();fastICA(16,'deflation','unit-variance','exp');extraTreesClassifier(96,'gini','sqrt',11,2,True,'balanced')	0.17802140734978317	25.427765607833862
robustScaler(True,True);selectPercentile(93.08779403059991);varianceThreshold();fastICA(94,'deflation','arbitrary-variance','cube');randomForest(39,'entropy',0.5253630401655005,15,9,False,'balanced')	0.18468534487149407	78.12713527679443
minMaxScaler();logisticRegression('l2','lbfgs',1000,4.921085824860991,'balanced')	0.1756453613095162	58.5133593082428
minMaxScaler();extraTreesClassifier(96,'gini','sqrt',11,2,True,'balanced')	0.18552533208614033	9.601145029067993
minMaxScaler();extraTreesClassifier(96,'gini','sqrt',10,2,True,'balanced')	0.18972017496034788	5.665128231048584
robustScaler(True,True);minMaxScaler();varianceThreshold();fastICA(16,'deflation','unit-variance','exp');randomForest(39,'entropy',0.5253630401655005,15,9,False,'balanced')	0.1948658312103176	16.521728515625
robustScaler(True,True);selectPercentile(93.08779403059991);varianceThreshold();fastICA(16,'deflation','unit-variance','exp');randomForest(39,'entropy',0.5253630401655005,15,9,False,'balanced')	0.22938615849015426	cached
robustScaler(True,True);selectPercentile(93.08779403059991);varianceThreshold();fastICA(16,'deflation','unit-variance','exp');randomForest(39,'entropy',0.5253630401655005,15,9,False,'balanced')	0.22938615849015426	cached
robustScaler(True,True);selectPercentile(93.08779403059991);minMaxScaler();fastICA(16,'deflation','unit-variance','exp');randomForest(39,'entropy',0.5253630401655005,15,9,False,'balanced')	0.22055446564676934	29.634767055511475
varianceThreshold();randomForest(39,'entropy',0.5253630401655005,15,9,False,'balanced')	0.1685745097812754	10.325361490249634
varianceThreshold();extraTreesClassifier(96,'gini','sqrt',10,2,True,'balanced')	0.18972017496034788	4.428463697433472
varianceThreshold();extraTreesClassifier(96,'entropy','log2',10,15,False,'balanced')	0.1838755539993894	cached
minMaxScaler();extraTreesClassifier(96,'gini','sqrt',11,2,True,'balanced')	0.18552533208614033	cached
robustScaler(True,True);selectPercentile(93.08779403059991);varianceThreshold();fastICA(94,'deflation','arbitrary-variance','cube');adaBoost(decisionTree('entropy',24,7,0.4721950496629943,7,'None'),36,0.16782630507179105,'SAMME')	0.1239508380163055	21.97451138496399
selectPercentile(93.08779403059991);extraTreesClassifier(96,'gini','sqrt',11,2,True,'balanced')	0.19346951462762546	cached
nystroem('sigmoid',2.1344961689180493,13,4,0.383338413002444);varianceThreshold();adaBoost(decisionTree('entropy',11,5,0.8410408126458,7,'None'),38,1.1553346742901032,'SAMME')	0.11913260449617327	109.26186490058899
selectFwe(0.043608404094675514);selectPercentile(93.08779403059991);minMaxScaler();fastICA(16,'deflation','unit-variance','exp');extraTreesClassifier(96,'entropy','log2',10,15,False,'balanced')	0.17368839581028697	6.978415250778198
minMaxScaler();randomForest(39,'entropy',0.5253630401655005,15,9,False,'balanced')	0.1684860534376919	7.7063891887664795
minMaxScaler();logisticRegression('l1','saga',1000,4.921085824860991,'balanced')	0.18720996254649855	46.681530714035034
minMaxScaler();logisticRegression('l1','saga',1000,4.921085824860991,'balanced')	0.18720996254649855	36.11238956451416
minMaxScaler();extraTreesClassifier(96,'entropy','log2',18,15,False,'balanced')	0.1838755539993894	2.388551950454712
robustScaler(True,True);selectPercentile(93.08779403059991);varianceThreshold();fastICA(16,'deflation','unit-variance','exp');randomForest(39,'entropy',0.5253630401655005,15,9,False,'balanced')	0.22938615849015426	cached
robustScaler(True,True);selectPercentile(93.08779403059991);varianceThreshold();fastICA(16,'deflation','unit-variance','exp');randomForest(39,'entropy',0.5253630401655005,15,9,False,'balanced')	0.22938615849015426	cached
selectPercentile(93.08779403059991);extraTreesClassifier(96,'gini','sqrt',11,2,True,'balanced')	0.19346951462762546	cached
selectFwe(0.043608404094675514);selectPercentile(93.08779403059991);minMaxScaler();fastICA(16,'deflation','unit-variance','exp');randomForest(39,'entropy',0.5253630401655005,15,9,False,'balanced')	0.22055446564676934	cached
selectFwe(0.043608404094675514);selectPercentile(93.08779403059991);minMaxScaler();fastICA(16,'deflation','unit-variance','exp');randomForest(39,'entropy',0.5253630401655005,15,9,False,'balanced')	0.22055446564676934	cached
robustScaler(True,True);minMaxScaler();varianceThreshold();fastICA(16,'deflation','unit-variance','exp');randomForest(39,'entropy',0.5253630401655005,15,9,False,'balanced')	0.1948658312103176	cached
selectFwe(0.043608404094675514);selectPercentile(93.08779403059991);minMaxScaler();fastICA(16,'deflation','unit-variance','exp');randomForest(39,'entropy',0.5253630401655005,15,9,False,'balanced')	0.22055446564676934	cached
robustScaler(True,True);selectPercentile(93.08779403059991);varianceThreshold();fastICA(16,'deflation','unit-variance','exp');randomForest(39,'entropy',0.5253630401655005,15,9,False,'balanced')	0.22938615849015426	cached
robustScaler(True,True);selectPercentile(93.08779403059991);varianceThreshold();fastICA(16,'deflation','unit-variance','exp');logisticRegression('l1','lbfgs',1000,4.921085824860991,'balanced')	eval_error (Solver lbfgs supports only 'l2' or None penalties, got l1 penalty.)	eval_error (Solver lbfgs supports only 'l2' or None penalties, got l1 penalty.)
selectPercentile(93.08779403059991);randomForest(39,'entropy',0.5253630401655005,15,9,False,'balanced')	0.1775220596608344	20.994896173477173
robustScaler(True,False);selectPercentile(93.08779403059991);varianceThreshold();fastICA(16,'parallel','unit-variance','exp');extraTreesClassifier(96,'gini','sqrt',11,8,False,'balanced')	0.17117304230841807	13.963251829147339
selectFwe(0.043608404094675514);selectPercentile(93.08779403059991);minMaxScaler();fastICA(16,'deflation','unit-variance','exp');randomForest(39,'entropy',0.5253630401655005,15,9,False,'balanced')	0.22055446564676934	cached
selectFwe(0.001627918401570209);extraTreesClassifier(98,'entropy','log2',14,15,False,'balanced')	0.18293256228215174	13.064250946044922
minMaxScaler();extraTreesClassifier(96,'gini','sqrt',11,2,True,'balanced')	0.18552533208614033	cached
robustScaler(True,True);selectPercentile(93.08779403059991);varianceThreshold();fastICA(16,'deflation','unit-variance','exp');randomForest(39,'entropy',0.5253630401655005,15,9,False,'balanced')	0.22938615849015426	cached
robustScaler(True,True);selectPercentile(93.08779403059991);varianceThreshold();fastICA(16,'deflation','unit-variance','exp');randomForest(39,'entropy',0.5253630401655005,15,9,False,'balanced')	0.22938615849015426	cached
selectFwe(0.043608404094675514);selectPercentile(93.08779403059991);minMaxScaler();fastICA(16,'deflation','unit-variance','exp');randomForest(39,'entropy',0.5253630401655005,15,9,False,'balanced')	0.22055446564676934	cached
robustScaler(True,True);logisticRegression('l2','lbfgs',1000,4.921085824860991,'balanced')	0.18261497106142427	52.754855155944824
robustScaler(True,True);selectPercentile(93.08779403059991);minMaxScaler();fastICA(16,'deflation','unit-variance','exp');randomForest(39,'entropy',0.5253630401655005,15,9,False,'balanced')	0.22055446564676934	56.541664600372314
minMaxScaler();minMaxScaler();robustScaler(False,True);minMaxScaler();kNN(30,'distance',2)	invalid_ind (duplicated operator)	invalid_ind (duplicated operator)
robustScaler(True,True);selectPercentile(93.08779403059991);minMaxScaler();fastICA(16,'deflation','unit-variance','exp');randomForest(39,'entropy',0.5253630401655005,15,9,False,'balanced')	0.22055446564676934	57.94508194923401
robustScaler(True,True);selectPercentile(93.08779403059991);varianceThreshold();fastICA(16,'deflation','unit-variance','exp');extraTreesClassifier(96,'gini','sqrt',11,2,True,'balanced')	0.18007861727001329	10.767895698547363
selectPercentile(93.08779403059991);extraTreesClassifier(96,'gini','sqrt',11,2,True,'balanced')	0.19346951462762546	5.54964804649353
robustScaler(True,True);minMaxScaler();varianceThreshold();fastICA(16,'deflation','unit-variance','exp');randomForest(39,'entropy',0.5253630401655005,15,9,False,'balanced')	0.1948658312103176	cached
selectFwe(0.043608404094675514);selectPercentile(93.08779403059991);minMaxScaler();fastICA(16,'deflation','unit-variance','exp');randomForest(39,'entropy',0.5253630401655005,15,9,False,'balanced')	0.22055446564676934	cached
robustScaler(True,True);selectPercentile(93.08779403059991);varianceThreshold();fastICA(16,'deflation','unit-variance','exp');randomForest(39,'entropy',0.5253630401655005,15,9,False,'balanced')	0.22938615849015426	cached
selectFwe(0.043608404094675514);selectPercentile(93.08779403059991);minMaxScaler();fastICA(16,'deflation','unit-variance','exp');randomForest(39,'entropy',0.5253630401655005,15,9,False,'balanced')	0.22055446564676934	cached
minMaxScaler();extraTreesClassifier(96,'gini','sqrt',11,2,True,'balanced')	0.18552533208614033	cached
minMaxScaler();extraTreesClassifier(96,'gini','sqrt',10,2,True,'balanced')	0.18972017496034788	cached
selectPercentile(93.08779403059991);randomForest(39,'entropy',0.5253630401655005,15,9,False,'balanced')	0.1775220596608344	9.86475157737732
varianceThreshold();adaBoost(decisionTree('gini',11,9,0.744018599759104,6,'None'),33,1.5156751504221815,'SAMME')	0.13836413096486577	6.223149061203003
robustScaler(True,True);selectPercentile(93.08779403059991);varianceThreshold();fastICA(16,'deflation','unit-variance','exp');randomForest(39,'entropy',0.5253630401655005,15,9,False,'balanced')	0.22938615849015426	cached
selectFwe(0.043608404094675514);selectPercentile(93.08779403059991);varianceThreshold();fastICA(16,'deflation','unit-variance','exp');randomForest(39,'entropy',0.5253630401655005,15,9,False,'balanced')	0.20031324077185125	cached
robustScaler(True,True);selectPercentile(93.08779403059991);minMaxScaler();fastICA(16,'deflation','unit-variance','exp');randomForest(39,'entropy',0.5253630401655005,15,9,False,'balanced')	0.22055446564676934	cached
fastICA(20,'deflation','arbitrary-variance','exp');robustScaler(False,True);selectPercentile(6.523468044697979);extraTreesClassifier(96,'gini','sqrt',11,2,True,'balanced')	0.10148749741504492	7.391502141952515
minMaxScaler();extraTreesClassifier(96,'gini','sqrt',10,2,True,'balanced')	0.18972017496034788	cached
minMaxScaler();logisticRegression('l2','saga',1000,4.921085824860991,'balanced')	0.14905196716242858	75.1075177192688
minMaxScaler();selectPercentile(93.08779403059991);varianceThreshold();fastICA(16,'deflation','unit-variance','exp');randomForest(39,'entropy',0.5253630401655005,15,9,False,'balanced')	0.22055446564676934	26.0829918384552
minMaxScaler();logisticRegression('l1','saga',1000,4.921085824860991,'balanced')	0.18720996254649855	41.569998025894165
robustScaler(True,True);selectPercentile(93.08779403059991);varianceThreshold();fastICA(16,'deflation','unit-variance','exp');randomForest(39,'entropy',0.5253630401655005,15,9,False,'balanced')	0.22938615849015426	11.586383819580078
robustScaler(True,True);selectPercentile(93.08779403059991);varianceThreshold();fastICA(16,'deflation','unit-variance','exp');randomForest(39,'entropy',0.5253630401655005,15,9,False,'balanced')	0.22938615849015426	cached
robustScaler(True,True);selectPercentile(93.08779403059991);varianceThreshold();fastICA(16,'deflation','unit-variance','exp');randomForest(39,'entropy',0.5253630401655005,15,9,False,'balanced')	0.22938615849015426	cached
selectPercentile(93.08779403059991);randomForest(39,'entropy',0.5253630401655005,15,9,False,'balanced')	0.1775220596608344	cached
robustScaler(True,True);selectPercentile(93.08779403059991);minMaxScaler();fastICA(16,'deflation','unit-variance','exp');randomForest(39,'entropy',0.5253630401655005,15,9,False,'balanced')	0.22055446564676934	cached
robustScaler(True,True);selectPercentile(93.08779403059991);varianceThreshold();fastICA(16,'deflation','unit-variance','exp');randomForest(39,'entropy',0.5253630401655005,15,9,False,'balanced')	0.22938615849015426	cached
minMaxScaler();selectPercentile(93.08779403059991);varianceThreshold();fastICA(16,'deflation','unit-variance','exp');randomForest(39,'entropy',0.5253630401655005,15,9,False,'balanced')	0.22055446564676934	cached
robustScaler(True,True);selectPercentile(93.08779403059991);varianceThreshold();fastICA(16,'deflation','unit-variance','exp');randomForest(39,'entropy',0.5253630401655005,15,9,False,'balanced')	0.22938615849015426	cached
robustScaler(True,True);selectPercentile(93.08779403059991);varianceThreshold();fastICA(16,'deflation','unit-variance','exp');randomForest(39,'entropy',0.5253630401655005,15,9,False,'balanced')	0.22938615849015426	cached
robustScaler(True,True);selectPercentile(93.08779403059991);minMaxScaler();fastICA(16,'deflation','unit-variance','exp');randomForest(39,'entropy',0.5253630401655005,15,9,False,'balanced')	0.22055446564676934	cached
selectFwe(0.043608404094675514);selectPercentile(93.08779403059991);varianceThreshold();fastICA(16,'deflation','unit-variance','exp');randomForest(39,'entropy',0.5253630401655005,15,9,False,'balanced')	0.20031324077185125	cached
robustScaler(True,True);selectPercentile(93.08779403059991);varianceThreshold();fastICA(16,'deflation','unit-variance','exp');randomForest(39,'entropy',0.5253630401655005,15,9,False,'balanced')	0.22938615849015426	cached
selectFwe(0.043608404094675514);selectPercentile(7.489874034892981);minMaxScaler();fastICA(16,'deflation','unit-variance','exp');randomForest(39,'entropy',0.5253630401655005,15,9,False,'balanced')	0.13650295637169818	2.6304967403411865
robustScaler(True,True);selectPercentile(93.08779403059991);minMaxScaler();fastICA(16,'deflation','unit-variance','exp');randomForest(39,'entropy',0.5253630401655005,15,9,False,'balanced')	0.22055446564676934	cached
minMaxScaler();extraTreesClassifier(96,'gini','sqrt',10,2,True,'balanced')	0.18972017496034788	4.304927349090576
robustScaler(True,True);selectPercentile(93.08779403059991);varianceThreshold();fastICA(16,'deflation','unit-variance','exp');randomForest(13,'gini','log2',15,13,False,'balanced_subsample')	0.18695504121647097	6.001108646392822
robustScaler(True,True);minMaxScaler();varianceThreshold();fastICA(16,'deflation','unit-variance','exp');randomForest(39,'entropy',0.5253630401655005,15,9,False,'balanced')	0.1948658312103176	cached
selectPercentile(93.08779403059991);adaBoost(decisionTree('gini',21,9,0.5168068398979989,11,'balanced'),30,0.5177589979951888,'SAMME')	0.14030047072990684	9.106038331985474
selectFwe(0.04553626774082562);selectPercentile(93.08779403059991);minMaxScaler();fastICA(9,'deflation','unit-variance','exp');randomForest(39,'entropy',0.5253630401655005,15,9,False,'balanced')	0.22055446564676934	34.53405165672302
selectFwe(0.043608404094675514);selectPercentile(93.08779403059991);varianceThreshold();fastICA(16,'deflation','unit-variance','exp');randomForest(39,'entropy',0.5253630401655005,15,9,False,'balanced')	0.20031324077185125	cached
robustScaler(True,True);selectPercentile(93.08779403059991);varianceThreshold();fastICA(16,'deflation','unit-variance','exp');randomForest(39,'entropy',0.5253630401655005,15,9,False,'balanced')	0.22938615849015426	cached
robustScaler(True,True);selectPercentile(93.08779403059991);varianceThreshold();fastICA(16,'deflation','unit-variance','exp');randomForest(39,'entropy',0.5253630401655005,15,9,False,'balanced')	0.22938615849015426	cached
selectFwe(0.001627918401570209);extraTreesClassifier(98,'entropy','log2',14,15,False,'balanced')	0.18293256228215174	cached
selectFwe(0.043608404094675514);selectPercentile(93.08779403059991);minMaxScaler();fastICA(16,'deflation','unit-variance','exp');randomForest(39,'entropy',0.5253630401655005,15,9,False,'balanced')	0.22055446564676934	cached
selectFwe(0.043608404094675514);selectPercentile(93.08779403059991);minMaxScaler();fastICA(16,'deflation','unit-variance','exp');randomForest(39,'entropy',0.5253630401655005,15,9,False,'balanced')	0.22055446564676934	cached
selectFwe(0.043608404094675514);selectPercentile(93.08779403059991);minMaxScaler();fastICA(16,'deflation','unit-variance','exp');randomForest(39,'entropy',0.5253630401655005,15,9,False,'balanced')	0.22055446564676934	cached
robustScaler(True,True);selectPercentile(93.08779403059991);varianceThreshold();fastICA(16,'deflation','unit-variance','exp');randomForest(39,'entropy',0.5253630401655005,15,9,False,'balanced')	0.22938615849015426	cached
robustScaler(True,True);selectPercentile(93.08779403059991);varianceThreshold();fastICA(16,'deflation','unit-variance','exp');randomForest(39,'entropy',0.5253630401655005,15,9,False,'balanced')	0.22938615849015426	cached
minMaxScaler();extraTreesClassifier(96,'gini','sqrt',10,2,True,'balanced')	0.18972017496034788	cached
selectFwe(0.043608404094675514);selectPercentile(93.08779403059991);minMaxScaler();fastICA(16,'deflation','unit-variance','exp');randomForest(39,'entropy',0.5253630401655005,15,9,False,'balanced')	0.22055446564676934	cached
selectFwe(0.043608404094675514);selectPercentile(93.08779403059991);minMaxScaler();fastICA(16,'deflation','unit-variance','exp');randomForest(39,'entropy',0.5253630401655005,15,9,False,'balanced')	0.22055446564676934	cached
robustScaler(True,True);selectPercentile(93.08779403059991);varianceThreshold();fastICA(16,'deflation','unit-variance','exp');randomForest(39,'entropy',0.5253630401655005,15,9,False,'balanced')	0.22938615849015426	cached
selectFwe(0.043608404094675514);selectPercentile(7.6205153755677495);varianceThreshold();fastICA(58,'deflation','unit-variance','exp');randomForest(39,'entropy',0.5253630401655005,15,9,False,'balanced')	0.13650295637169818	4.834367752075195
minMaxScaler();minMaxScaler();robustScaler(False,True);minMaxScaler();kNN(30,'distance',2)	invalid_ind (duplicated operator)	invalid_ind (duplicated operator)
minMaxScaler();extraTreesClassifier(96,'gini','sqrt',10,2,True,'balanced')	0.18972017496034788	cached
robustScaler(True,True);selectPercentile(93.08779403059991);varianceThreshold();fastICA(16,'deflation','unit-variance','logcosh');extraTreesClassifier(96,'gini','sqrt',11,2,False,'balanced')	0.17047422962973732	53.61313486099243
selectPercentile(93.08779403059991);randomForest(39,'entropy',0.5253630401655005,15,9,False,'balanced')	0.1775220596608344	6.604922533035278
selectPercentile(93.08779403059991);logisticRegression('l1','saga',1000,4.921085824860991,'balanced')	0.15670347136227442	66.66026139259338
minMaxScaler();logisticRegression('l2','saga',1000,4.921085824860991,'balanced')	0.14905196716242858	52.50496196746826
minMaxScaler();extraTreesClassifier(96,'gini','sqrt',11,2,True,'balanced')	0.18552533208614033	3.1232638359069824
nystroem('sigmoid',1.7922677764645685,19,2,0.2777690062154692);logisticRegression('l2','saga',1000,4.921085824860991,'balanced')	0.10938444186527192	71.4575879573822
minMaxScaler();extraTreesClassifier(96,'gini','sqrt',10,2,True,'balanced')	0.18972017496034788	cached
robustScaler(True,True);selectPercentile(93.08779403059991);minMaxScaler();fastICA(16,'deflation','unit-variance','exp');randomForest(39,'entropy',0.5253630401655005,15,9,False,'balanced')	0.22055446564676934	cached
robustScaler(True,True);selectPercentile(93.08779403059991);varianceThreshold();fastICA(16,'deflation','unit-variance','exp');randomForest(39,'entropy',0.5253630401655005,15,9,False,'balanced')	0.22938615849015426	cached
robustScaler(True,True);selectPercentile(93.08779403059991);varianceThreshold();fastICA(16,'deflation','unit-variance','exp');randomForest(39,'entropy',0.5253630401655005,15,9,False,'balanced')	0.22938615849015426	cached
robustScaler(True,True);selectPercentile(93.08779403059991);minMaxScaler();fastICA(16,'deflation','unit-variance','exp');randomForest(39,'entropy',0.5253630401655005,15,9,False,'balanced')	0.22055446564676934	cached
maxAbsScaler();varianceThreshold();minMaxScaler();maxAbsScaler();adaBoost(decisionTree('gini',21,9,0.6863835043935266,19,'None'),88,0.8923814200911142,'SAMME')	invalid_ind (duplicated operator)	invalid_ind (duplicated operator)
robustScaler(True,True);selectPercentile(93.08779403059991);minMaxScaler();fastICA(16,'deflation','unit-variance','exp');randomForest(39,'entropy',0.5253630401655005,15,9,False,'balanced')	0.22055446564676934	cached
selectPercentile(93.08779403059991);randomForest(39,'entropy',0.5253630401655005,15,9,False,'balanced')	0.1775220596608344	cached
selectFwe(0.043608404094675514);selectPercentile(93.08779403059991);minMaxScaler();fastICA(16,'deflation','unit-variance','exp');randomForest(39,'entropy',0.5253630401655005,15,9,False,'balanced')	0.22055446564676934	cached
robustScaler(True,True);selectPercentile(93.08779403059991);varianceThreshold();fastICA(16,'deflation','unit-variance','exp');randomForest(39,'entropy',0.5253630401655005,15,9,False,'balanced')	0.22938615849015426	cached
robustScaler(True,True);selectPercentile(93.08779403059991);varianceThreshold();fastICA(16,'deflation','unit-variance','exp');randomForest(39,'entropy',0.5253630401655005,15,9,False,'balanced')	0.22938615849015426	cached
minMaxScaler();selectPercentile(93.08779403059991);varianceThreshold();fastICA(16,'deflation','unit-variance','exp');randomForest(39,'entropy',0.5253630401655005,15,9,False,'balanced')	0.22055446564676934	cached
robustScaler(True,True);selectPercentile(93.08779403059991);varianceThreshold();fastICA(16,'deflation','unit-variance','exp');randomForest(39,'entropy',0.5253630401655005,15,9,False,'balanced')	0.22938615849015426	cached
robustScaler(True,True);selectPercentile(93.08779403059991);minMaxScaler();fastICA(16,'deflation','unit-variance','exp');randomForest(39,'entropy',0.5253630401655005,15,9,False,'balanced')	0.22055446564676934	cached
robustScaler(True,True);selectPercentile(93.08779403059991);minMaxScaler();fastICA(16,'deflation','unit-variance','exp');randomForest(39,'entropy',0.5253630401655005,15,9,False,'balanced')	0.22055446564676934	cached
robustScaler(True,True);selectPercentile(38.795355473891654);varianceThreshold();fastICA(9,'deflation','unit-variance','exp');extraTreesClassifier(96,'gini','sqrt',11,2,False,'balanced')	0.18357356001982789	4.821842193603516
selectFwe(0.008209475314500688);selectPercentile(13.785464276608016);minMaxScaler();fastICA(16,'deflation','unit-variance','exp');randomForest(39,'entropy',0.5253630401655005,15,9,False,'balanced')	0.14397211130725326	5.885076284408569
selectFwe(0.043608404094675514);selectPercentile(93.08779403059991);minMaxScaler();fastICA(16,'deflation','unit-variance','exp');randomForest(39,'entropy',0.5253630401655005,15,9,False,'balanced')	0.22055446564676934	cached
robustScaler(True,True);selectPercentile(93.08779403059991);varianceThreshold();fastICA(16,'deflation','unit-variance','exp');randomForest(39,'entropy',0.5253630401655005,15,9,False,'balanced')	0.22938615849015426	cached
robustScaler(True,True);selectPercentile(93.08779403059991);varianceThreshold();fastICA(16,'deflation','unit-variance','exp');extraTreesClassifier(96,'gini','sqrt',10,2,True,'balanced')	0.16663978415160632	6.521636486053467
selectFwe(0.043608404094675514);selectPercentile(47.84107184079341);minMaxScaler();fastICA(16,'deflation','unit-variance','exp');randomForest(39,'entropy',0.5253630401655005,19,9,False,'balanced')	0.19173921185241577	17.57057785987854
selectFwe(0.043608404094675514);selectPercentile(93.08779403059991);minMaxScaler();fastICA(16,'deflation','unit-variance','exp');randomForest(39,'entropy',0.5253630401655005,15,9,False,'balanced')	0.22055446564676934	cached
robustScaler(True,True);selectPercentile(93.08779403059991);minMaxScaler();fastICA(16,'deflation','unit-variance','exp');randomForest(39,'entropy',0.5253630401655005,15,9,False,'balanced')	0.22055446564676934	cached
robustScaler(True,True);selectPercentile(93.08779403059991);varianceThreshold();fastICA(16,'deflation','unit-variance','exp');randomForest(39,'entropy',0.5253630401655005,15,9,False,'balanced')	0.22938615849015426	cached
minMaxScaler();randomForest(39,'entropy',0.5253630401655005,15,9,False,'balanced')	0.1684860534376919	14.05950140953064
robustScaler(True,True);selectPercentile(93.08779403059991);varianceThreshold();fastICA(16,'deflation','unit-variance','exp');randomForest(39,'entropy',0.5253630401655005,15,9,False,'balanced')	0.22938615849015426	31.30400562286377
selectFwe(0.027862768510076474);selectPercentile(93.08779403059991);varianceThreshold();fastICA(16,'deflation','unit-variance','exp');randomForest(39,'entropy',0.5253630401655005,15,9,False,'balanced')	0.20031324077185125	33.93098473548889
robustScaler(True,True);selectPercentile(93.08779403059991);varianceThreshold();fastICA(16,'deflation','unit-variance','exp');randomForest(13,'gini','log2',15,13,False,'balanced_subsample')	0.18695504121647097	9.357270956039429
robustScaler(True,True);selectPercentile(93.08779403059991);varianceThreshold();fastICA(16,'deflation','unit-variance','exp');randomForest(39,'entropy',0.5253630401655005,15,9,False,'balanced')	0.22938615849015426	cached
robustScaler(True,True);selectPercentile(93.08779403059991);varianceThreshold();fastICA(16,'deflation','unit-variance','exp');randomForest(39,'entropy',0.5253630401655005,15,9,False,'balanced')	0.22938615849015426	cached
robustScaler(True,True);selectPercentile(93.08779403059991);varianceThreshold();fastICA(16,'deflation','unit-variance','exp');randomForest(13,'gini','log2',15,13,False,'balanced_subsample')	0.18695504121647097	cached
selectFwe(0.043608404094675514);selectPercentile(93.08779403059991);minMaxScaler();fastICA(16,'deflation','unit-variance','exp');randomForest(39,'entropy',0.5253630401655005,15,9,False,'balanced')	0.22055446564676934	cached
robustScaler(True,True);selectPercentile(93.08779403059991);varianceThreshold();fastICA(16,'deflation','unit-variance','exp');randomForest(39,'entropy',0.5253630401655005,15,9,False,'balanced')	0.22938615849015426	cached
robustScaler(True,True);selectPercentile(93.08779403059991);minMaxScaler();fastICA(16,'deflation','unit-variance','exp');randomForest(39,'entropy',0.5253630401655005,15,9,False,'balanced')	0.22055446564676934	cached
robustScaler(True,True);selectPercentile(93.08779403059991);varianceThreshold();fastICA(9,'deflation','unit-variance','exp');randomForest(39,'entropy',0.5253630401655005,15,9,False,'balanced')	0.22938615849015426	27.658233404159546
selectFwe(0.021263714919205232);selectPercentile(93.08779403059991);minMaxScaler();fastICA(16,'deflation','unit-variance','logcosh');randomForest(39,'entropy',0.5253630401655005,15,9,False,'balanced')	0.19163434797646994	56.69315457344055
robustScaler(True,True);selectPercentile(93.08779403059991);varianceThreshold();fastICA(16,'deflation','unit-variance','exp');randomForest(81,'entropy',0.5253630401655005,15,9,False,'balanced')	0.2202628368355974	50.37624788284302
selectFwe(0.04553626774082562);selectPercentile(93.08779403059991);minMaxScaler();fastICA(16,'deflation','unit-variance','exp');randomForest(39,'entropy',0.5253630401655005,15,9,False,'balanced')	0.22055446564676934	21.102419137954712
robustScaler(True,True);selectPercentile(93.08779403059991);varianceThreshold();fastICA(16,'deflation','unit-variance','exp');logisticRegression('l1','saga',1000,4.921085824860991,'balanced')	0.18848235122109122	42.22935485839844
minMaxScaler();randomForest(39,'entropy',0.5253630401655005,15,9,False,'balanced')	0.1684860534376919	4.9203267097473145
robustScaler(True,True);selectPercentile(93.08779403059991);varianceThreshold();fastICA(16,'deflation','unit-variance','exp');randomForest(39,'entropy',0.5253630401655005,15,9,False,'balanced')	0.22938615849015426	cached
robustScaler(True,True);selectPercentile(93.08779403059991);varianceThreshold();fastICA(16,'deflation','unit-variance','exp');randomForest(39,'entropy',0.5253630401655005,15,9,False,'balanced')	0.22938615849015426	cached
robustScaler(True,True);selectPercentile(93.08779403059991);varianceThreshold();fastICA(16,'deflation','unit-variance','exp');randomForest(39,'entropy',0.5253630401655005,15,9,False,'balanced')	0.22938615849015426	cached
selectPercentile(47.683488117790816);selectPercentile(93.08779403059991);varianceThreshold();fastICA(16,'deflation','unit-variance','exp');randomForest(39,'entropy',0.5253630401655005,15,9,False,'balanced')	invalid_ind (duplicated operator)	invalid_ind (duplicated operator)
robustScaler(True,True);selectPercentile(93.08779403059991);minMaxScaler();fastICA(16,'deflation','unit-variance','exp');randomForest(39,'entropy',0.5253630401655005,15,9,False,'balanced')	0.22055446564676934	cached
varianceThreshold();maxAbsScaler();minMaxScaler();varianceThreshold();selectPercentile(93.08779403059991);minMaxScaler();fastICA(16,'deflation','unit-variance','exp');randomForest(39,'entropy',0.5253630401655005,15,9,False,'balanced')	invalid_ind (duplicated operator)	invalid_ind (duplicated operator)
robustScaler(True,True);selectPercentile(93.08779403059991);minMaxScaler();fastICA(16,'deflation','unit-variance','exp');randomForest(39,'entropy',0.5253630401655005,15,9,False,'balanced')	0.22055446564676934	cached
robustScaler(True,True);selectPercentile(93.08779403059991);varianceThreshold();fastICA(16,'deflation','unit-variance','exp');randomForest(39,'entropy',0.5253630401655005,15,9,False,'balanced')	0.22938615849015426	cached
robustScaler(True,True);selectPercentile(93.08779403059991);varianceThreshold();fastICA(16,'deflation','unit-variance','exp');randomForest(81,'entropy',0.5253630401655005,15,9,False,'balanced')	0.2202628368355974	cached
robustScaler(True,True);selectPercentile(93.08779403059991);varianceThreshold();fastICA(9,'deflation','unit-variance','exp');randomForest(39,'entropy',0.5253630401655005,15,9,False,'balanced')	0.22938615849015426	cached
robustScaler(True,True);selectPercentile(93.08779403059991);minMaxScaler();fastICA(16,'deflation','unit-variance','exp');randomForest(39,'entropy',0.5253630401655005,15,9,False,'balanced')	0.22055446564676934	cached
robustScaler(True,True);selectPercentile(93.08779403059991);minMaxScaler();fastICA(16,'deflation','unit-variance','exp');randomForest(39,'entropy',0.5253630401655005,15,9,False,'balanced')	0.22055446564676934	cached
robustScaler(True,True);selectPercentile(93.08779403059991);minMaxScaler();fastICA(16,'deflation','unit-variance','exp');randomForest(39,'entropy',0.5253630401655005,15,9,False,'balanced')	0.22055446564676934	cached
robustScaler(True,True);selectPercentile(93.08779403059991);varianceThreshold();fastICA(16,'deflation','unit-variance','exp');randomForest(39,'entropy',0.5253630401655005,15,9,False,'balanced')	0.22938615849015426	cached
minMaxScaler();selectPercentile(93.08779403059991);varianceThreshold();fastICA(16,'deflation','unit-variance','exp');randomForest(39,'entropy',0.5253630401655005,15,9,False,'balanced')	0.22055446564676934	cached
robustScaler(True,True);selectPercentile(93.08779403059991);varianceThreshold();fastICA(16,'deflation','unit-variance','exp');randomForest(39,'entropy',0.5253630401655005,15,9,False,'balanced')	0.22938615849015426	cached
selectFwe(0.043608404094675514);selectPercentile(93.08779403059991);varianceThreshold();fastICA(16,'deflation','unit-variance','exp');randomForest(39,'entropy',0.5253630401655005,15,9,False,'balanced')	0.20031324077185125	cached
minMaxScaler();selectPercentile(93.08779403059991);varianceThreshold();fastICA(16,'deflation','unit-variance','exp');randomForest(39,'entropy',0.5253630401655005,15,9,False,'balanced')	0.22055446564676934	cached
robustScaler(True,True);selectPercentile(93.08779403059991);varianceThreshold();fastICA(16,'deflation','unit-variance','exp');randomForest(39,'entropy',0.5253630401655005,15,9,False,'balanced')	0.22938615849015426	cached
robustScaler(True,True);selectPercentile(93.08779403059991);varianceThreshold();fastICA(16,'deflation','unit-variance','exp');randomForest(39,'entropy',0.5253630401655005,15,9,False,'balanced')	0.22938615849015426	cached
robustScaler(True,True);selectPercentile(93.08779403059991);minMaxScaler();fastICA(16,'deflation','unit-variance','exp');randomForest(39,'entropy',0.5253630401655005,15,9,False,'balanced')	0.22055446564676934	cached
robustScaler(True,True);selectPercentile(93.08779403059991);varianceThreshold();fastICA(16,'deflation','unit-variance','exp');randomForest(39,'entropy',0.5253630401655005,15,9,False,'balanced')	0.22938615849015426	cached
robustScaler(True,True);selectPercentile(93.08779403059991);varianceThreshold();fastICA(16,'deflation','unit-variance','exp');randomForest(39,'entropy',0.5253630401655005,15,9,False,'balanced')	0.22938615849015426	cached
robustScaler(True,True);selectPercentile(93.08779403059991);varianceThreshold();fastICA(16,'deflation','unit-variance','exp');randomForest(39,'entropy',0.5253630401655005,15,9,False,'balanced')	0.22938615849015426	cached
selectFwe(0.043608404094675514);selectPercentile(93.08779403059991);minMaxScaler();fastICA(16,'deflation','unit-variance','exp');randomForest(39,'entropy',0.5253630401655005,15,9,False,'balanced')	0.22055446564676934	cached
robustScaler(True,True);selectPercentile(93.08779403059991);varianceThreshold();fastICA(16,'deflation','unit-variance','exp');randomForest(39,'entropy',0.5253630401655005,15,9,False,'balanced')	0.22938615849015426	cached
robustScaler(True,True);selectPercentile(93.08779403059991);varianceThreshold();fastICA(16,'deflation','unit-variance','exp');randomForest(39,'entropy',0.5253630401655005,15,9,False,'balanced')	0.22938615849015426	cached
selectFwe(0.043608404094675514);selectPercentile(93.08779403059991);varianceThreshold();fastICA(16,'deflation','unit-variance','exp');randomForest(32,'entropy',0.5253630401655005,15,9,False,'balanced')	0.20571584439203164	23.72595739364624
robustScaler(True,True);selectPercentile(93.08779403059991);varianceThreshold();fastICA(16,'deflation','unit-variance','exp');randomForest(39,'entropy',0.5253630401655005,15,9,False,'balanced')	0.22938615849015426	cached
robustScaler(True,True);selectPercentile(93.08779403059991);varianceThreshold();fastICA(16,'deflation','unit-variance','exp');randomForest(39,'entropy',0.5253630401655005,15,9,False,'balanced')	0.22938615849015426	cached
selectFwe(0.043608404094675514);selectPercentile(79.20263137551964);minMaxScaler();fastICA(16,'deflation','unit-variance','exp');randomForest(39,'entropy',0.5253630401655005,15,9,False,'balanced')	0.18912689664387433	27.322832822799683
robustScaler(True,False);selectPercentile(93.08779403059991);varianceThreshold();fastICA(16,'deflation','unit-variance','exp');randomForest(39,'entropy',0.5253630401655005,15,9,False,'balanced')	0.20031324077185125	29.565782070159912
selectFwe(0.021263714919205232);selectPercentile(93.08779403059991);minMaxScaler();fastICA(16,'deflation','unit-variance','logcosh');randomForest(39,'entropy',0.5253630401655005,15,9,False,'balanced')	0.19163434797646994	55.948689699172974
selectFwe(0.005075462819311056);selectPercentile(93.08779403059991);minMaxScaler();fastICA(16,'deflation','unit-variance','exp');randomForest(39,'entropy',0.5253630401655005,15,9,False,'balanced')	0.22055446564676934	33.527703285217285
robustScaler(True,True);selectPercentile(93.08779403059991);varianceThreshold();fastICA(16,'deflation','unit-variance','exp');randomForest(39,'entropy',0.5253630401655005,15,9,False,'balanced')	0.22938615849015426	cached
selectFwe(0.043608404094675514);selectPercentile(93.08779403059991);minMaxScaler();fastICA(16,'deflation','unit-variance','exp');randomForest(39,'entropy',0.5253630401655005,15,9,False,'balanced')	0.22055446564676934	29.7964608669281
selectFwe(0.043608404094675514);selectPercentile(93.08779403059991);minMaxScaler();fastICA(63,'deflation','unit-variance','exp');randomForest(47,'entropy',0.5253630401655005,15,9,False,'balanced')	0.22143579089092508	21.70323419570923
minMaxScaler();logisticRegression('l1','saga',1000,4.921085824860991,'balanced')	0.18720996254649855	57.46610975265503
minMaxScaler();logisticRegression('l1','saga',1000,4.921085824860991,'balanced')	0.18720996254649855	39.14376878738403
maxAbsScaler();minMaxScaler();nystroem('sigmoid',3.9185911205657007,57,5,-0.3740040330598884);varianceThreshold();randomForest(39,'entropy',0.5253630401655005,15,9,False,'balanced')	0.15303395595505576	115.52202701568604
robustScaler(True,True);selectPercentile(93.08779403059991);minMaxScaler();fastICA(16,'deflation','unit-variance','exp');randomForest(39,'entropy',0.5253630401655005,15,9,False,'balanced')	0.22055446564676934	cached
selectFwe(0.043608404094675514);selectPercentile(93.08779403059991);minMaxScaler();fastICA(16,'deflation','unit-variance','exp');randomForest(39,'entropy',0.5253630401655005,15,9,False,'balanced')	0.22055446564676934	cached
robustScaler(True,True);selectPercentile(93.08779403059991);varianceThreshold();fastICA(16,'deflation','unit-variance','exp');randomForest(39,'entropy',0.5253630401655005,15,9,False,'balanced')	0.22938615849015426	cached
robustScaler(True,True);selectPercentile(93.08779403059991);varianceThreshold();fastICA(16,'deflation','unit-variance','exp');randomForest(39,'entropy',0.5253630401655005,15,9,False,'balanced')	0.22938615849015426	cached
robustScaler(True,True);selectPercentile(93.08779403059991);varianceThreshold();fastICA(16,'deflation','unit-variance','exp');randomForest(39,'entropy',0.5253630401655005,15,9,False,'balanced')	0.22938615849015426	cached
robustScaler(True,True);selectPercentile(93.08779403059991);varianceThreshold();fastICA(16,'deflation','unit-variance','exp');randomForest(39,'entropy',0.5253630401655005,15,9,False,'balanced')	0.22938615849015426	cached
selectFwe(0.043608404094675514);selectPercentile(93.08779403059991);minMaxScaler();fastICA(16,'deflation','unit-variance','exp');randomForest(39,'entropy',0.5253630401655005,15,9,False,'balanced')	0.22055446564676934	cached
robustScaler(True,True);selectPercentile(93.08779403059991);varianceThreshold();fastICA(16,'deflation','unit-variance','exp');randomForest(39,'entropy',0.5253630401655005,15,9,False,'balanced')	0.22938615849015426	cached
robustScaler(True,True);selectPercentile(93.08779403059991);varianceThreshold();fastICA(16,'deflation','unit-variance','exp');randomForest(39,'entropy',0.5253630401655005,15,9,False,'balanced')	0.22938615849015426	cached
robustScaler(True,True);selectPercentile(93.08779403059991);varianceThreshold();fastICA(16,'deflation','unit-variance','exp');randomForest(39,'entropy',0.5253630401655005,15,9,False,'balanced')	0.22938615849015426	cached
selectFwe(0.043608404094675514);selectPercentile(93.08779403059991);minMaxScaler();fastICA(16,'deflation','unit-variance','exp');randomForest(39,'entropy',0.5253630401655005,15,9,False,'balanced')	0.22055446564676934	cached
robustScaler(True,True);selectPercentile(93.08779403059991);varianceThreshold();fastICA(16,'deflation','unit-variance','exp');randomForest(39,'entropy',0.5253630401655005,15,9,False,'balanced')	0.22938615849015426	cached
robustScaler(True,True);selectPercentile(93.08779403059991);varianceThreshold();fastICA(16,'deflation','unit-variance','exp');randomForest(39,'entropy',0.5253630401655005,15,9,False,'balanced')	0.22938615849015426	cached
robustScaler(True,True);selectPercentile(93.08779403059991);varianceThreshold();fastICA(16,'deflation','unit-variance','exp');randomForest(39,'entropy',0.5253630401655005,15,9,False,'balanced')	0.22938615849015426	cached
selectFwe(0.043608404094675514);selectPercentile(93.08779403059991);minMaxScaler();fastICA(16,'deflation','unit-variance','exp');randomForest(39,'entropy',0.5253630401655005,15,9,False,'balanced')	0.22055446564676934	cached
selectFwe(0.043608404094675514);selectPercentile(93.08779403059991);varianceThreshold();fastICA(16,'deflation','unit-variance','exp');randomForest(39,'entropy',0.5253630401655005,15,9,False,'balanced')	0.20031324077185125	cached
robustScaler(True,True);selectPercentile(93.08779403059991);varianceThreshold();fastICA(16,'deflation','unit-variance','exp');randomForest(39,'entropy',0.5253630401655005,15,9,False,'balanced')	0.22938615849015426	cached
robustScaler(True,True);selectPercentile(48.960983170867024);minMaxScaler();fastICA(16,'deflation','unit-variance','exp');randomForest(39,'entropy',0.5253630401655005,15,9,False,'balanced')	0.19025945912686648	13.227856874465942
robustScaler(True,True);selectPercentile(93.08779403059991);varianceThreshold();fastICA(16,'deflation','unit-variance','exp');randomForest(39,'entropy',0.5253630401655005,15,9,False,'balanced')	0.22938615849015426	cached
robustScaler(True,True);selectPercentile(93.08779403059991);varianceThreshold();fastICA(9,'deflation','unit-variance','exp');randomForest(39,'entropy',0.5253630401655005,15,9,False,'balanced')	0.22938615849015426	cached
robustScaler(True,True);robustScaler(False,False);varianceThreshold();fastICA(16,'deflation','unit-variance','exp');randomForest(39,'entropy',0.5253630401655005,15,9,False,'balanced')	invalid_ind (duplicated operator)	invalid_ind (duplicated operator)
robustScaler(True,True);selectPercentile(93.08779403059991);varianceThreshold();fastICA(16,'deflation','unit-variance','exp');randomForest(39,'entropy',0.5253630401655005,15,9,False,'balanced')	0.22938615849015426	cached
robustScaler(True,True);selectPercentile(34.82510452119554);varianceThreshold();fastICA(16,'deflation','unit-variance','exp');randomForest(39,'entropy',0.5253630401655005,15,9,False,'balanced')	0.17346612208065004	14.03740119934082
robustScaler(True,True);selectPercentile(93.08779403059991);varianceThreshold();fastICA(16,'deflation','unit-variance','exp');randomForest(39,'entropy',0.5253630401655005,15,9,False,'balanced')	0.22938615849015426	cached
robustScaler(True,True);selectPercentile(93.08779403059991);varianceThreshold();fastICA(16,'deflation','unit-variance','exp');randomForest(39,'entropy',0.5253630401655005,15,9,False,'balanced')	0.22938615849015426	cached
robustScaler(True,True);selectPercentile(93.08779403059991);varianceThreshold();fastICA(16,'deflation','unit-variance','exp');randomForest(39,'entropy',0.5253630401655005,15,9,False,'balanced')	0.22938615849015426	cached
robustScaler(True,True);selectPercentile(93.08779403059991);varianceThreshold();fastICA(16,'deflation','unit-variance','exp');randomForest(39,'entropy',0.5253630401655005,15,9,False,'balanced')	0.22938615849015426	cached
robustScaler(True,True);selectPercentile(93.08779403059991);minMaxScaler();fastICA(16,'deflation','unit-variance','exp');randomForest(39,'entropy',0.5253630401655005,15,9,False,'balanced')	0.22055446564676934	cached
robustScaler(True,True);selectPercentile(93.08779403059991);varianceThreshold();fastICA(16,'deflation','unit-variance','exp');randomForest(39,'entropy',0.5253630401655005,15,9,False,'balanced')	0.22938615849015426	cached
robustScaler(True,True);selectPercentile(93.08779403059991);varianceThreshold();fastICA(16,'deflation','unit-variance','exp');randomForest(39,'entropy',0.5253630401655005,15,9,False,'balanced')	0.22938615849015426	cached
robustScaler(True,True);selectPercentile(93.08779403059991);varianceThreshold();fastICA(16,'deflation','unit-variance','exp');randomForest(39,'entropy',0.5253630401655005,15,9,False,'balanced')	0.22938615849015426	cached
robustScaler(True,False);selectPercentile(93.08779403059991);varianceThreshold();fastICA(16,'deflation','unit-variance','exp');randomForest(39,'entropy',0.5253630401655005,15,9,False,'balanced')	0.20031324077185125	cached
selectFwe(0.005075462819311056);selectPercentile(93.08779403059991);minMaxScaler();fastICA(16,'deflation','unit-variance','cube');randomForest(39,'entropy',0.5253630401655005,15,9,False,'balanced')	0.182966482981815	20.474676609039307
robustScaler(True,True);selectPercentile(93.08779403059991);varianceThreshold();fastICA(9,'deflation','unit-variance','exp');randomForest(39,'entropy',0.5253630401655005,15,9,False,'balanced')	0.22938615849015426	21.352746725082397
robustScaler(True,True);selectPercentile(93.08779403059991);varianceThreshold();fastICA(16,'deflation','unit-variance','exp');randomForest(39,'entropy',0.5253630401655005,15,9,False,'balanced')	0.22938615849015426	22.778308153152466
robustScaler(True,True);selectPercentile(93.08779403059991);varianceThreshold();fastICA(16,'parallel','unit-variance','exp');randomForest(39,'entropy',0.5253630401655005,15,17,False,'balanced')	0.18624285671620028	19.434224605560303
robustScaler(True,True);selectPercentile(93.08779403059991);varianceThreshold();fastICA(16,'deflation','unit-variance','exp');randomForest(39,'entropy',0.5253630401655005,15,9,False,'balanced')	0.22938615849015426	20.52762794494629
maxAbsScaler();selectPercentile(93.08779403059991);varianceThreshold();fastICA(16,'deflation','unit-variance','exp');randomForest(39,'entropy',0.5253630401655005,15,9,False,'balanced')	0.19441486481005962	18.777761220932007
selectFwe(0.005075462819311056);selectPercentile(93.08779403059991);minMaxScaler();fastICA(9,'deflation','unit-variance','exp');randomForest(39,'entropy',0.5253630401655005,15,9,False,'balanced')	0.22055446564676934	19.127016067504883
robustScaler(True,True);selectPercentile(74.7682638299947);varianceThreshold();fastICA(9,'deflation','unit-variance','exp');randomForest(39,'entropy',0.5253630401655005,15,9,False,'balanced_subsample')	0.21745221420890887	11.676710367202759
robustScaler(True,True);selectPercentile(93.08779403059991);varianceThreshold();fastICA(16,'deflation','unit-variance','exp');randomForest(39,'entropy',0.5253630401655005,15,9,False,'balanced')	0.22938615849015426	cached
robustScaler(True,True);selectPercentile(93.08779403059991);varianceThreshold();fastICA(16,'deflation','unit-variance','exp');randomForest(39,'entropy',0.5253630401655005,15,9,False,'balanced')	0.22938615849015426	cached
robustScaler(True,True);selectPercentile(93.08779403059991);varianceThreshold();fastICA(16,'deflation','unit-variance','exp');randomForest(39,'entropy',0.5253630401655005,15,9,False,'balanced')	0.22938615849015426	cached
robustScaler(True,True);selectPercentile(93.08779403059991);varianceThreshold();fastICA(16,'deflation','unit-variance','exp');randomForest(39,'entropy',0.5253630401655005,15,9,False,'balanced')	0.22938615849015426	cached
robustScaler(True,True);selectPercentile(93.08779403059991);varianceThreshold();fastICA(16,'deflation','unit-variance','exp');randomForest(39,'entropy',0.5253630401655005,15,9,False,'balanced')	0.22938615849015426	cached
robustScaler(True,True);selectPercentile(93.08779403059991);varianceThreshold();fastICA(16,'deflation','unit-variance','exp');randomForest(39,'entropy',0.5253630401655005,15,9,False,'balanced')	0.22938615849015426	cached
robustScaler(True,True);selectPercentile(93.08779403059991);varianceThreshold();fastICA(16,'deflation','unit-variance','exp');randomForest(39,'entropy',0.5253630401655005,15,9,False,'balanced')	0.22938615849015426	cached
robustScaler(True,True);selectPercentile(93.08779403059991);varianceThreshold();fastICA(16,'deflation','unit-variance','exp');randomForest(39,'entropy',0.5253630401655005,15,9,False,'balanced')	0.22938615849015426	cached
maxAbsScaler();maxAbsScaler();maxAbsScaler();selectPercentile(67.60393890664875);fastICA(18,'parallel','arbitrary-variance','logcosh');maxAbsScaler();extraTreesClassifier(70,'gini','sqrt',3,17,False,'balanced_subsample')	invalid_ind (duplicated operator)	invalid_ind (duplicated operator)
robustScaler(True,True);selectPercentile(93.08779403059991);minMaxScaler();fastICA(16,'deflation','unit-variance','exp');randomForest(39,'entropy',0.5253630401655005,15,9,False,'balanced')	0.22055446564676934	cached
robustScaler(True,True);selectPercentile(93.08779403059991);varianceThreshold();fastICA(16,'deflation','unit-variance','exp');randomForest(39,'entropy',0.5253630401655005,15,9,False,'balanced')	0.22938615849015426	cached
selectFwe(0.043608404094675514);selectPercentile(93.08779403059991);minMaxScaler();fastICA(16,'deflation','unit-variance','exp');randomForest(39,'entropy',0.5253630401655005,15,9,False,'balanced')	0.22055446564676934	cached
robustScaler(True,True);selectPercentile(93.08779403059991);varianceThreshold();fastICA(16,'deflation','unit-variance','exp');randomForest(39,'entropy',0.5253630401655005,15,9,False,'balanced')	0.22938615849015426	cached
robustScaler(True,True);selectPercentile(93.08779403059991);varianceThreshold();fastICA(16,'deflation','unit-variance','exp');randomForest(39,'entropy',0.5253630401655005,15,9,False,'balanced')	0.22938615849015426	cached
robustScaler(True,True);selectPercentile(93.08779403059991);varianceThreshold();fastICA(16,'deflation','unit-variance','exp');randomForest(39,'entropy',0.5253630401655005,15,9,False,'balanced')	0.22938615849015426	cached
robustScaler(True,True);selectPercentile(93.08779403059991);varianceThreshold();fastICA(16,'deflation','unit-variance','exp');randomForest(39,'entropy',0.5253630401655005,15,9,False,'balanced')	0.22938615849015426	cached
robustScaler(True,True);selectPercentile(93.08779403059991);varianceThreshold();fastICA(16,'deflation','unit-variance','exp');randomForest(39,'entropy',0.5253630401655005,15,9,False,'balanced')	0.22938615849015426	cached
robustScaler(True,True);selectPercentile(93.08779403059991);varianceThreshold();fastICA(16,'deflation','unit-variance','exp');randomForest(39,'entropy',0.5253630401655005,15,9,False,'balanced')	0.22938615849015426	cached
robustScaler(True,True);selectPercentile(93.08779403059991);varianceThreshold();fastICA(16,'deflation','unit-variance','exp');randomForest(39,'entropy',0.5253630401655005,15,9,False,'balanced')	0.22938615849015426	cached
robustScaler(True,True);selectPercentile(93.08779403059991);varianceThreshold();fastICA(16,'deflation','unit-variance','exp');randomForest(39,'entropy',0.5253630401655005,15,9,False,'balanced')	0.22938615849015426	cached
maxAbsScaler();selectPercentile(93.08779403059991);varianceThreshold();fastICA(16,'deflation','unit-variance','exp');randomForest(39,'entropy',0.5253630401655005,15,9,False,'balanced')	0.19441486481005962	cached
robustScaler(True,True);selectPercentile(93.08779403059991);varianceThreshold();fastICA(16,'deflation','unit-variance','exp');randomForest(39,'entropy',0.5253630401655005,15,9,False,'balanced')	0.22938615849015426	cached
robustScaler(True,True);selectPercentile(93.08779403059991);varianceThreshold();fastICA(16,'deflation','unit-variance','exp');randomForest(39,'entropy',0.5253630401655005,15,9,False,'balanced')	0.22938615849015426	cached
robustScaler(True,True);selectPercentile(93.08779403059991);varianceThreshold();fastICA(16,'deflation','unit-variance','exp');randomForest(39,'entropy',0.5253630401655005,15,9,False,'balanced')	0.22938615849015426	cached
robustScaler(True,True);selectPercentile(93.08779403059991);varianceThreshold();fastICA(16,'deflation','unit-variance','exp');randomForest(39,'entropy',0.5253630401655005,15,9,False,'balanced')	0.22938615849015426	cached
robustScaler(True,True);selectPercentile(93.08779403059991);varianceThreshold();fastICA(16,'deflation','unit-variance','exp');randomForest(39,'entropy',0.5253630401655005,15,9,False,'balanced')	0.22938615849015426	cached
robustScaler(True,True);selectPercentile(93.08779403059991);varianceThreshold();fastICA(16,'deflation','unit-variance','exp');randomForest(39,'entropy',0.5253630401655005,15,9,False,'balanced')	0.22938615849015426	cached
robustScaler(True,True);selectPercentile(93.08779403059991);varianceThreshold();fastICA(16,'deflation','unit-variance','exp');randomForest(39,'entropy',0.5253630401655005,15,9,False,'balanced')	0.22938615849015426	cached
robustScaler(True,True);selectPercentile(93.08779403059991);varianceThreshold();fastICA(16,'deflation','unit-variance','exp');randomForest(39,'entropy',0.5253630401655005,15,9,False,'balanced')	0.22938615849015426	cached
robustScaler(True,True);selectPercentile(41.78105315844402);varianceThreshold();fastICA(16,'deflation','unit-variance','exp');randomForest(39,'entropy',0.7135237392045589,15,9,False,'balanced')	0.17346612208065004	13.456305265426636
selectFwe(0.043608404094675514);selectPercentile(93.08779403059991);varianceThreshold();fastICA(16,'deflation','unit-variance','exp');randomForest(39,'entropy',0.5253630401655005,15,9,False,'balanced')	0.20031324077185125	cached
robustScaler(True,True);selectPercentile(93.08779403059991);varianceThreshold();fastICA(16,'deflation','unit-variance','exp');randomForest(39,'entropy',0.5253630401655005,15,9,False,'balanced')	0.22938615849015426	cached
robustScaler(True,True);selectPercentile(93.08779403059991);varianceThreshold();fastICA(9,'deflation','unit-variance','exp');randomForest(39,'entropy',0.5253630401655005,15,9,False,'balanced')	0.22938615849015426	21.047764539718628
robustScaler(True,True);selectPercentile(93.08779403059991);varianceThreshold();fastICA(9,'deflation','unit-variance','exp');randomForest(39,'entropy',0.5253630401655005,15,9,False,'balanced')	0.22938615849015426	22.171667337417603
robustScaler(True,True);selectPercentile(93.08779403059991);varianceThreshold();fastICA(9,'deflation','unit-variance','exp');randomForest(39,'entropy',0.5253630401655005,15,9,False,'balanced')	0.22938615849015426	22.101244926452637
robustScaler(True,True);selectPercentile(93.08779403059991);varianceThreshold();fastICA(82,'deflation','unit-variance','exp');randomForest(39,'entropy',0.6053109070197973,15,4,False,'balanced')	0.20219067894695114	27.70045280456543
robustScaler(True,True);selectPercentile(93.08779403059991);varianceThreshold();fastICA(16,'deflation','unit-variance','exp');randomForest(39,'entropy',0.5253630401655005,15,9,False,'balanced')	0.22938615849015426	cached
robustScaler(True,True);selectPercentile(93.08779403059991);varianceThreshold();fastICA(16,'deflation','unit-variance','exp');randomForest(39,'entropy',0.5253630401655005,15,9,False,'balanced')	0.22938615849015426	17.345144748687744
robustScaler(True,True);selectPercentile(93.08779403059991);varianceThreshold();fastICA(16,'deflation','unit-variance','exp');randomForest(39,'entropy',0.5253630401655005,15,9,False,'balanced')	0.22938615849015426	17.462467432022095
robustScaler(True,False);selectPercentile(80.94406720897707);varianceThreshold();fastICA(16,'deflation','unit-variance','exp');randomForest(80,'entropy',0.5253630401655005,15,9,False,'balanced')	0.17699624681023607	26.690066814422607
robustScaler(True,True);selectPercentile(93.08779403059991);varianceThreshold();fastICA(16,'deflation','unit-variance','exp');randomForest(39,'entropy',0.5253630401655005,15,9,False,'balanced')	0.22938615849015426	cached
robustScaler(True,True);selectPercentile(93.08779403059991);varianceThreshold();fastICA(9,'deflation','unit-variance','exp');randomForest(39,'entropy',0.5253630401655005,15,9,False,'balanced')	0.22938615849015426	cached
robustScaler(True,True);selectPercentile(93.08779403059991);varianceThreshold();fastICA(16,'deflation','unit-variance','exp');randomForest(39,'entropy',0.5253630401655005,15,9,False,'balanced')	0.22938615849015426	cached
robustScaler(True,True);selectPercentile(93.08779403059991);varianceThreshold();fastICA(16,'deflation','unit-variance','exp');randomForest(39,'entropy',0.5253630401655005,15,9,False,'balanced')	0.22938615849015426	cached
robustScaler(True,True);selectPercentile(93.08779403059991);varianceThreshold();fastICA(16,'deflation','unit-variance','exp');randomForest(39,'entropy',0.5253630401655005,15,9,False,'balanced')	0.22938615849015426	cached
robustScaler(True,True);selectPercentile(93.08779403059991);varianceThreshold();fastICA(16,'deflation','unit-variance','exp');randomForest(39,'entropy',0.5253630401655005,15,9,False,'balanced')	0.22938615849015426	cached
robustScaler(True,True);selectPercentile(93.08779403059991);varianceThreshold();fastICA(16,'deflation','unit-variance','exp');randomForest(39,'entropy',0.5253630401655005,15,9,False,'balanced')	0.22938615849015426	cached
robustScaler(True,True);selectPercentile(93.08779403059991);varianceThreshold();fastICA(16,'deflation','unit-variance','exp');randomForest(39,'entropy',0.5253630401655005,15,9,False,'balanced')	0.22938615849015426	cached
robustScaler(True,True);selectPercentile(93.08779403059991);varianceThreshold();fastICA(16,'deflation','unit-variance','exp');randomForest(39,'entropy',0.5253630401655005,15,9,False,'balanced')	0.22938615849015426	cached
robustScaler(True,True);selectPercentile(93.08779403059991);varianceThreshold();fastICA(16,'deflation','unit-variance','exp');randomForest(39,'entropy',0.5253630401655005,15,9,False,'balanced')	0.22938615849015426	cached
robustScaler(True,True);selectPercentile(93.08779403059991);varianceThreshold();fastICA(16,'deflation','unit-variance','exp');randomForest(39,'entropy',0.5253630401655005,15,9,False,'balanced')	0.22938615849015426	cached
minMaxScaler();maxAbsScaler();selectFwe(0.04354476267837175);minMaxScaler();selectPercentile(93.08779403059991);varianceThreshold();fastICA(16,'deflation','unit-variance','exp');randomForest(39,'entropy',0.5253630401655005,15,9,False,'balanced')	invalid_ind (duplicated operator)	invalid_ind (duplicated operator)
robustScaler(True,True);selectPercentile(93.08779403059991);varianceThreshold();fastICA(16,'deflation','unit-variance','exp');randomForest(39,'entropy',0.5253630401655005,15,9,False,'balanced')	0.22938615849015426	cached
robustScaler(True,True);selectPercentile(93.08779403059991);varianceThreshold();fastICA(16,'deflation','unit-variance','exp');randomForest(39,'entropy',0.5253630401655005,15,9,False,'balanced')	0.22938615849015426	cached
robustScaler(True,True);selectPercentile(93.08779403059991);varianceThreshold();fastICA(16,'deflation','unit-variance','exp');randomForest(39,'entropy',0.5253630401655005,15,9,False,'balanced')	0.22938615849015426	cached
robustScaler(True,True);selectPercentile(93.08779403059991);varianceThreshold();fastICA(16,'deflation','unit-variance','exp');randomForest(39,'entropy',0.5253630401655005,15,9,False,'balanced')	0.22938615849015426	cached
maxAbsScaler();selectPercentile(93.08779403059991);varianceThreshold();fastICA(16,'deflation','unit-variance','exp');randomForest(39,'entropy',0.5253630401655005,15,9,False,'balanced')	0.19441486481005962	cached
robustScaler(True,True);selectPercentile(93.08779403059991);varianceThreshold();fastICA(16,'deflation','unit-variance','exp');randomForest(39,'entropy',0.5253630401655005,15,9,False,'balanced')	0.22938615849015426	cached
robustScaler(True,True);selectPercentile(93.08779403059991);varianceThreshold();fastICA(16,'deflation','unit-variance','exp');randomForest(39,'entropy',0.5253630401655005,15,9,False,'balanced')	0.22938615849015426	cached
robustScaler(True,True);selectPercentile(93.08779403059991);varianceThreshold();fastICA(16,'deflation','unit-variance','exp');randomForest(39,'entropy',0.5253630401655005,15,9,False,'balanced')	0.22938615849015426	cached
robustScaler(True,True);selectPercentile(93.08779403059991);varianceThreshold();fastICA(16,'deflation','unit-variance','exp');randomForest(39,'entropy',0.5253630401655005,15,9,False,'balanced')	0.22938615849015426	cached
robustScaler(True,True);selectPercentile(93.08779403059991);varianceThreshold();fastICA(16,'deflation','unit-variance','exp');randomForest(39,'entropy',0.5253630401655005,15,9,False,'balanced')	0.22938615849015426	cached
robustScaler(True,True);selectPercentile(93.08779403059991);varianceThreshold();fastICA(16,'deflation','unit-variance','exp');randomForest(39,'entropy',0.5253630401655005,15,9,False,'balanced')	0.22938615849015426	cached
robustScaler(True,True);selectPercentile(93.08779403059991);varianceThreshold();fastICA(16,'deflation','unit-variance','exp');randomForest(39,'entropy',0.5253630401655005,15,9,False,'balanced')	0.22938615849015426	cached
robustScaler(True,True);selectPercentile(93.08779403059991);varianceThreshold();fastICA(16,'deflation','unit-variance','exp');randomForest(39,'entropy',0.5253630401655005,15,9,False,'balanced')	0.22938615849015426	cached
robustScaler(True,True);selectPercentile(93.08779403059991);varianceThreshold();fastICA(9,'deflation','unit-variance','exp');randomForest(39,'entropy',0.5253630401655005,15,9,False,'balanced')	0.22938615849015426	cached
robustScaler(True,True);selectPercentile(93.08779403059991);varianceThreshold();fastICA(9,'deflation','unit-variance','exp');randomForest(39,'entropy',0.5253630401655005,15,9,False,'balanced')	0.22938615849015426	cached
robustScaler(True,True);selectPercentile(93.08779403059991);varianceThreshold();fastICA(16,'deflation','unit-variance','exp');randomForest(39,'entropy',0.5253630401655005,15,9,False,'balanced')	0.22938615849015426	cached
robustScaler(True,True);selectPercentile(93.08779403059991);varianceThreshold();fastICA(16,'deflation','unit-variance','exp');randomForest(39,'entropy',0.5253630401655005,15,9,False,'balanced')	0.22938615849015426	cached
robustScaler(True,True);selectPercentile(93.08779403059991);varianceThreshold();fastICA(16,'deflation','unit-variance','exp');randomForest(39,'entropy',0.5253630401655005,15,9,False,'balanced')	0.22938615849015426	cached
robustScaler(True,True);selectPercentile(93.08779403059991);varianceThreshold();fastICA(16,'deflation','unit-variance','exp');randomForest(39,'entropy',0.5253630401655005,15,9,False,'balanced')	0.22938615849015426	cached
robustScaler(True,True);selectPercentile(93.08779403059991);varianceThreshold();fastICA(16,'deflation','unit-variance','exp');randomForest(39,'entropy',0.5253630401655005,15,9,False,'balanced')	0.22938615849015426	cached
robustScaler(True,True);selectPercentile(93.08779403059991);varianceThreshold();fastICA(16,'deflation','unit-variance','exp');randomForest(39,'entropy',0.5253630401655005,15,9,False,'balanced')	0.22938615849015426	cached
robustScaler(True,True);selectPercentile(93.08779403059991);varianceThreshold();fastICA(16,'deflation','unit-variance','exp');randomForest(39,'entropy',0.5253630401655005,15,9,False,'balanced')	0.22938615849015426	cached
robustScaler(True,True);selectPercentile(93.08779403059991);varianceThreshold();fastICA(16,'parallel','unit-variance','exp');randomForest(39,'entropy',0.5253630401655005,15,9,False,'balanced')	0.19376028869831657	15.95611310005188
robustScaler(True,True);selectPercentile(93.08779403059991);varianceThreshold();fastICA(16,'deflation','arbitrary-variance','exp');randomForest(39,'entropy',0.5253630401655005,15,9,False,'balanced')	0.22912992592161907	16.39836096763611
robustScaler(True,True);selectPercentile(93.08779403059991);varianceThreshold();fastICA(16,'deflation','unit-variance','exp');randomForest(39,'entropy',0.5253630401655005,15,9,False,'balanced')	0.22938615849015426	16.399967908859253
minMaxScaler();varianceThreshold();randomForest(71,'entropy',0.9289894033517065,10,7,False,'balanced_subsample')	0.14420412736279395	18.272748947143555
robustScaler(True,True);selectPercentile(93.08779403059991);varianceThreshold();fastICA(16,'deflation','unit-variance','exp');randomForest(39,'entropy',0.5253630401655005,15,9,False,'balanced')	0.22938615849015426	cached
robustScaler(True,True);selectPercentile(93.08779403059991);varianceThreshold();fastICA(9,'deflation','unit-variance','exp');randomForest(39,'entropy',0.5253630401655005,15,9,False,'balanced')	0.22938615849015426	12.300884008407593
robustScaler(True,True);selectPercentile(93.08779403059991);varianceThreshold();fastICA(16,'deflation','unit-variance','exp');randomForest(39,'entropy',0.5253630401655005,15,9,False,'balanced')	0.22938615849015426	cached
robustScaler(True,True);selectPercentile(93.08779403059991);varianceThreshold();fastICA(16,'deflation','unit-variance','exp');randomForest(39,'entropy',0.5253630401655005,15,9,False,'balanced')	0.22938615849015426	cached
robustScaler(True,True);selectPercentile(93.08779403059991);varianceThreshold();fastICA(16,'deflation','unit-variance','exp');randomForest(39,'entropy',0.5253630401655005,15,9,False,'balanced')	0.22938615849015426	cached
robustScaler(True,True);selectPercentile(93.08779403059991);varianceThreshold();fastICA(16,'deflation','unit-variance','exp');randomForest(39,'entropy',0.5253630401655005,15,9,False,'balanced')	0.22938615849015426	cached
robustScaler(True,True);selectPercentile(93.08779403059991);varianceThreshold();fastICA(16,'deflation','unit-variance','exp');randomForest(39,'entropy',0.5253630401655005,15,9,False,'balanced')	0.22938615849015426	cached
robustScaler(True,True);selectPercentile(93.08779403059991);varianceThreshold();fastICA(16,'deflation','unit-variance','exp');randomForest(39,'entropy',0.5253630401655005,15,9,False,'balanced')	0.22938615849015426	cached
robustScaler(True,True);selectPercentile(93.08779403059991);varianceThreshold();fastICA(16,'deflation','unit-variance','exp');randomForest(39,'entropy',0.5253630401655005,15,9,False,'balanced')	0.22938615849015426	cached
robustScaler(True,True);selectPercentile(93.08779403059991);varianceThreshold();fastICA(16,'deflation','unit-variance','exp');randomForest(39,'entropy',0.5253630401655005,15,9,False,'balanced')	0.22938615849015426	cached
robustScaler(True,True);selectPercentile(93.08779403059991);varianceThreshold();fastICA(16,'deflation','unit-variance','exp');randomForest(39,'entropy',0.5253630401655005,15,9,False,'balanced')	0.22938615849015426	cached
robustScaler(True,True);selectPercentile(93.08779403059991);varianceThreshold();fastICA(16,'deflation','unit-variance','exp');randomForest(39,'entropy',0.5253630401655005,15,9,False,'balanced')	0.22938615849015426	cached
robustScaler(True,True);selectPercentile(93.08779403059991);varianceThreshold();fastICA(16,'deflation','unit-variance','exp');randomForest(39,'entropy',0.5253630401655005,15,9,False,'balanced')	0.22938615849015426	cached
robustScaler(True,True);selectPercentile(93.08779403059991);varianceThreshold();fastICA(9,'deflation','unit-variance','exp');randomForest(39,'entropy',0.5253630401655005,15,9,False,'balanced')	0.22938615849015426	cached
fastICA(51,'parallel','arbitrary-variance','cube');selectPercentile(93.08779403059991);varianceThreshold();fastICA(9,'deflation','unit-variance','exp');randomForest(39,'entropy',0.5253630401655005,15,9,False,'balanced')	invalid_ind (duplicated operator)	invalid_ind (duplicated operator)
robustScaler(True,True);selectPercentile(93.08779403059991);varianceThreshold();fastICA(16,'deflation','unit-variance','exp');randomForest(39,'entropy',0.5253630401655005,15,9,False,'balanced')	0.22938615849015426	cached
robustScaler(True,True);selectPercentile(93.08779403059991);varianceThreshold();fastICA(16,'deflation','unit-variance','exp');randomForest(39,'entropy',0.5253630401655005,15,9,False,'balanced')	0.22938615849015426	cached
robustScaler(True,True);selectPercentile(93.08779403059991);varianceThreshold();fastICA(16,'deflation','unit-variance','exp');randomForest(39,'entropy',0.5253630401655005,15,9,False,'balanced')	0.22938615849015426	cached
robustScaler(True,True);selectPercentile(93.08779403059991);varianceThreshold();fastICA(16,'deflation','unit-variance','exp');randomForest(39,'entropy',0.5253630401655005,15,9,False,'balanced')	0.22938615849015426	cached
robustScaler(True,True);selectPercentile(93.08779403059991);varianceThreshold();fastICA(16,'deflation','unit-variance','exp');randomForest(39,'entropy',0.5253630401655005,15,9,False,'balanced')	0.22938615849015426	cached
robustScaler(True,True);selectPercentile(93.08779403059991);varianceThreshold();fastICA(16,'deflation','unit-variance','exp');randomForest(39,'entropy',0.5253630401655005,15,9,False,'balanced')	0.22938615849015426	cached
robustScaler(True,True);selectPercentile(93.08779403059991);varianceThreshold();fastICA(16,'deflation','unit-variance','exp');randomForest(39,'entropy',0.5253630401655005,15,9,False,'balanced')	0.22938615849015426	cached
robustScaler(True,True);selectPercentile(93.08779403059991);varianceThreshold();fastICA(16,'deflation','unit-variance','exp');randomForest(39,'entropy',0.5253630401655005,15,9,False,'balanced')	0.22938615849015426	cached
robustScaler(True,True);selectPercentile(93.08779403059991);varianceThreshold();fastICA(16,'deflation','unit-variance','exp');randomForest(39,'entropy',0.5253630401655005,15,9,False,'balanced')	0.22938615849015426	cached
robustScaler(True,True);selectPercentile(93.08779403059991);varianceThreshold();fastICA(16,'deflation','unit-variance','exp');randomForest(39,'entropy',0.5253630401655005,15,9,False,'balanced')	0.22938615849015426	cached
robustScaler(True,True);selectPercentile(93.08779403059991);varianceThreshold();fastICA(16,'deflation','unit-variance','exp');randomForest(39,'entropy',0.5253630401655005,15,9,True,'balanced')	0.1976123913207793	19.727700233459473
robustScaler(True,True);selectPercentile(93.08779403059991);varianceThreshold();fastICA(16,'deflation','unit-variance','exp');randomForest(39,'entropy',0.5253630401655005,15,9,True,'balanced')	0.1976123913207793	20.9486665725708
robustScaler(True,True);selectPercentile(93.08779403059991);varianceThreshold();fastICA(16,'deflation','unit-variance','exp');randomForest(39,'entropy',0.5253630401655005,15,9,False,'balanced')	0.22938615849015426	cached
robustScaler(True,True);selectPercentile(93.08779403059991);varianceThreshold();fastICA(16,'deflation','unit-variance','exp');randomForest(39,'entropy',0.5253630401655005,15,9,False,'balanced')	0.22938615849015426	32.025848388671875
robustScaler(True,True);selectPercentile(93.08779403059991);varianceThreshold();fastICA(64,'deflation','unit-variance','cube');randomForest(39,'entropy',0.9057888668548533,15,9,False,'None')	0.13383723783206486	50.54111957550049
robustScaler(True,True);selectPercentile(93.08779403059991);varianceThreshold();fastICA(16,'deflation','unit-variance','exp');randomForest(39,'entropy',0.5253630401655005,15,9,False,'balanced')	0.22938615849015426	cached
robustScaler(True,True);selectPercentile(93.08779403059991);varianceThreshold();fastICA(77,'deflation','arbitrary-variance','exp');randomForest(39,'entropy',0.5253630401655005,15,9,False,'balanced')	0.22912992592161907	35.185110330581665
selectFwe(0.04876294744562015);selectPercentile(93.08779403059991);varianceThreshold();fastICA(16,'deflation','unit-variance','exp');randomForest(39,'entropy',0.5253630401655005,15,9,False,'balanced')	0.20031324077185125	34.969462633132935
robustScaler(True,True);selectPercentile(93.08779403059991);varianceThreshold();fastICA(16,'deflation','unit-variance','exp');randomForest(39,'entropy',0.5253630401655005,15,9,False,'balanced')	0.22938615849015426	cached
robustScaler(True,True);selectPercentile(93.08779403059991);varianceThreshold();fastICA(16,'deflation','unit-variance','exp');randomForest(39,'entropy',0.5253630401655005,15,9,False,'balanced')	0.22938615849015426	cached
robustScaler(True,True);selectPercentile(93.08779403059991);varianceThreshold();fastICA(16,'deflation','unit-variance','exp');randomForest(39,'entropy',0.5253630401655005,15,9,False,'balanced')	0.22938615849015426	cached
robustScaler(True,True);selectPercentile(93.08779403059991);varianceThreshold();fastICA(9,'deflation','unit-variance','exp');randomForest(39,'entropy',0.5253630401655005,15,9,False,'balanced')	0.22938615849015426	31.155044555664062
robustScaler(True,True);selectPercentile(93.08779403059991);varianceThreshold();fastICA(16,'deflation','arbitrary-variance','exp');randomForest(39,'entropy',0.5253630401655005,4,9,False,'balanced')	0.22912992592161907	25.093400716781616
varianceThreshold();selectPercentile(93.08779403059991);varianceThreshold();fastICA(16,'deflation','unit-variance','exp');randomForest(39,'entropy',0.5253630401655005,15,9,False,'balanced')	invalid_ind (duplicated operator)	invalid_ind (duplicated operator)
robustScaler(True,True);selectPercentile(93.08779403059991);varianceThreshold();fastICA(16,'deflation','unit-variance','logcosh');randomForest(91,'entropy',0.5253630401655005,15,9,True,'balanced')	0.2437677209752996	77.29923152923584
robustScaler(True,True);selectPercentile(93.08779403059991);varianceThreshold();fastICA(16,'deflation','unit-variance','exp');randomForest(66,'entropy',0.5253630401655005,15,9,False,'None')	0.13116688794320203	27.63157033920288
robustScaler(True,True);selectPercentile(93.08779403059991);varianceThreshold();fastICA(16,'deflation','unit-variance','exp');randomForest(39,'entropy',0.5253630401655005,15,9,False,'balanced')	0.22938615849015426	cached
selectFwe(0.0011848428324548095);selectFwe(0.02471398136684334);selectFwe(0.013370554794166038);selectPercentile(93.08779403059991);varianceThreshold();fastICA(16,'deflation','unit-variance','exp');randomForest(39,'entropy',0.5253630401655005,15,9,False,'balanced')	invalid_ind (duplicated operator)	invalid_ind (duplicated operator)
robustScaler(True,True);selectPercentile(93.08779403059991);varianceThreshold();fastICA(16,'deflation','unit-variance','exp');randomForest(39,'entropy',0.5253630401655005,15,9,False,'balanced')	0.22938615849015426	cached
robustScaler(True,True);selectPercentile(93.08779403059991);varianceThreshold();fastICA(16,'deflation','unit-variance','exp');randomForest(39,'entropy',0.5253630401655005,15,9,False,'balanced')	0.22938615849015426	cached
robustScaler(True,True);selectPercentile(93.08779403059991);varianceThreshold();fastICA(16,'deflation','unit-variance','exp');randomForest(39,'entropy',0.5253630401655005,15,9,False,'balanced')	0.22938615849015426	cached
robustScaler(True,True);selectPercentile(93.08779403059991);varianceThreshold();fastICA(16,'deflation','unit-variance','exp');randomForest(39,'entropy',0.5253630401655005,15,9,False,'balanced')	0.22938615849015426	cached
robustScaler(True,True);selectPercentile(93.08779403059991);varianceThreshold();fastICA(16,'deflation','unit-variance','exp');randomForest(39,'entropy',0.5253630401655005,15,9,False,'balanced')	0.22938615849015426	cached
robustScaler(True,True);selectPercentile(93.08779403059991);varianceThreshold();fastICA(16,'deflation','unit-variance','exp');randomForest(39,'entropy',0.5253630401655005,15,9,False,'balanced')	0.22938615849015426	cached
robustScaler(True,True);selectPercentile(93.08779403059991);varianceThreshold();fastICA(16,'deflation','unit-variance','exp');randomForest(39,'entropy',0.5253630401655005,15,9,False,'balanced')	0.22938615849015426	cached
robustScaler(True,True);selectPercentile(93.08779403059991);varianceThreshold();fastICA(16,'deflation','unit-variance','exp');randomForest(39,'entropy',0.5253630401655005,15,9,False,'balanced')	0.22938615849015426	cached
robustScaler(True,False);selectPercentile(93.08779403059991);varianceThreshold();fastICA(16,'deflation','unit-variance','exp');randomForest(39,'entropy',0.5253630401655005,15,9,False,'balanced')	0.20031324077185125	32.18142795562744
robustScaler(True,True);selectPercentile(93.08779403059991);varianceThreshold();fastICA(16,'deflation','unit-variance','exp');randomForest(39,'entropy',0.5253630401655005,15,9,False,'balanced')	0.22938615849015426	cached
fastICA(76,'parallel','unit-variance','cube');robustScaler(False,True);selectPercentile(93.08779403059991);varianceThreshold();fastICA(16,'deflation','unit-variance','exp');randomForest(39,'entropy',0.5253630401655005,15,9,False,'balanced')	invalid_ind (duplicated operator)	invalid_ind (duplicated operator)
maxAbsScaler();selectPercentile(93.08779403059991);varianceThreshold();fastICA(16,'deflation','unit-variance','exp');randomForest(39,'entropy',0.5253630401655005,15,9,False,'balanced')	0.19441486481005962	34.33527326583862
robustScaler(True,True);selectPercentile(93.08779403059991);varianceThreshold();fastICA(16,'deflation','unit-variance','exp');randomForest(39,'entropy',0.5253630401655005,15,9,False,'balanced')	0.22938615849015426	34.90587496757507
robustScaler(True,True);selectPercentile(93.08779403059991);varianceThreshold();fastICA(16,'deflation','unit-variance','exp');randomForest(39,'entropy',0.9664613916859743,15,9,False,'balanced_subsample')	0.19851187775157583	60.41891574859619
robustScaler(True,True);selectPercentile(93.08779403059991);varianceThreshold();fastICA(16,'deflation','unit-variance','exp');randomForest(39,'entropy',0.5253630401655005,15,9,False,'balanced')	0.22938615849015426	cached
robustScaler(True,True);selectPercentile(93.08779403059991);varianceThreshold();fastICA(16,'deflation','unit-variance','exp');randomForest(39,'entropy',0.5253630401655005,15,9,False,'balanced')	0.22938615849015426	cached
robustScaler(True,True);selectPercentile(93.08779403059991);varianceThreshold();fastICA(16,'deflation','unit-variance','exp');randomForest(39,'entropy',0.5253630401655005,15,9,False,'balanced')	0.22938615849015426	36.457722425460815
robustScaler(True,True);selectPercentile(93.08779403059991);varianceThreshold();fastICA(16,'deflation','unit-variance','exp');randomForest(39,'entropy',0.5253630401655005,15,9,False,'balanced')	0.22938615849015426	40.596577405929565
robustScaler(True,True);selectPercentile(93.08779403059991);varianceThreshold();fastICA(16,'deflation','unit-variance','logcosh');adaBoost(decisionTree('gini',15,6,0.48963242317028566,16,'balanced'),88,0.6844359328269671,'SAMME')	0.13671982882691064	84.46586871147156
robustScaler(True,True);selectPercentile(93.08779403059991);varianceThreshold();fastICA(16,'deflation','unit-variance','exp');randomForest(39,'entropy','log2',15,9,True,'balanced')	0.18911271630515372	18.9001305103302
robustScaler(True,True);selectPercentile(93.08779403059991);varianceThreshold();fastICA(16,'deflation','unit-variance','exp');randomForest(39,'entropy',0.5253630401655005,15,9,False,'balanced')	0.22938615849015426	cached
robustScaler(True,True);selectPercentile(93.08779403059991);varianceThreshold();fastICA(16,'deflation','unit-variance','exp');randomForest(39,'entropy',0.5253630401655005,15,9,False,'balanced')	0.22938615849015426	cached
robustScaler(True,True);selectPercentile(93.08779403059991);varianceThreshold();fastICA(16,'deflation','unit-variance','exp');randomForest(39,'entropy',0.5253630401655005,15,9,False,'balanced')	0.22938615849015426	cached
robustScaler(True,True);selectPercentile(93.08779403059991);varianceThreshold();fastICA(9,'deflation','unit-variance','exp');randomForest(39,'entropy',0.5253630401655005,15,9,False,'balanced')	0.22938615849015426	cached
robustScaler(True,True);selectPercentile(93.08779403059991);varianceThreshold();fastICA(16,'deflation','unit-variance','exp');randomForest(39,'entropy',0.5253630401655005,15,9,False,'balanced')	0.22938615849015426	cached
robustScaler(True,True);selectPercentile(93.08779403059991);varianceThreshold();fastICA(16,'deflation','unit-variance','exp');randomForest(39,'entropy',0.5253630401655005,15,9,False,'balanced')	0.22938615849015426	cached
robustScaler(True,True);selectPercentile(93.08779403059991);varianceThreshold();fastICA(16,'deflation','unit-variance','exp');randomForest(39,'entropy',0.5253630401655005,15,9,False,'balanced')	0.22938615849015426	cached
robustScaler(True,True);selectPercentile(93.08779403059991);varianceThreshold();fastICA(16,'deflation','unit-variance','exp');randomForest(39,'entropy',0.5253630401655005,15,9,False,'balanced')	0.22938615849015426	cached
robustScaler(True,True);selectPercentile(93.08779403059991);varianceThreshold();fastICA(60,'deflation','arbitrary-variance','cube');randomForest(39,'entropy',0.5253630401655005,15,9,False,'balanced')	0.18468534487149407	35.44640827178955
robustScaler(True,True);selectPercentile(93.08779403059991);varianceThreshold();fastICA(16,'deflation','unit-variance','exp');randomForest(39,'entropy',0.5253630401655005,15,9,False,'balanced')	0.22938615849015426	cached
robustScaler(True,True);selectPercentile(93.08779403059991);varianceThreshold();fastICA(16,'deflation','unit-variance','exp');randomForest(39,'entropy',0.5253630401655005,15,9,False,'balanced')	0.22938615849015426	cached
robustScaler(True,True);selectPercentile(93.08779403059991);varianceThreshold();fastICA(9,'deflation','unit-variance','exp');randomForest(39,'entropy',0.5253630401655005,15,9,False,'balanced')	0.22938615849015426	cached
robustScaler(True,True);selectPercentile(93.08779403059991);varianceThreshold();fastICA(16,'deflation','unit-variance','exp');randomForest(39,'entropy',0.5253630401655005,15,9,False,'balanced')	0.22938615849015426	cached
robustScaler(True,True);selectPercentile(93.08779403059991);varianceThreshold();fastICA(9,'deflation','unit-variance','exp');randomForest(39,'entropy',0.5253630401655005,15,9,False,'balanced')	0.22938615849015426	35.24907898902893
robustScaler(True,True);selectPercentile(93.08779403059991);varianceThreshold();fastICA(16,'deflation','unit-variance','exp');randomForest(39,'entropy',0.5253630401655005,15,20,False,'balanced')	0.19622939120530206	25.168977975845337
robustScaler(True,True);selectPercentile(93.08779403059991);varianceThreshold();fastICA(16,'deflation','unit-variance','exp');randomForest(39,'entropy',0.5253630401655005,15,9,False,'balanced')	0.22938615849015426	cached
robustScaler(False,True);selectPercentile(93.08779403059991);varianceThreshold();fastICA(16,'deflation','unit-variance','exp');randomForest(39,'entropy',0.5253630401655005,16,7,False,'balanced')	0.2106715565339406	27.066704511642456
robustScaler(True,True);selectPercentile(93.08779403059991);varianceThreshold();fastICA(16,'deflation','unit-variance','logcosh');randomForest(91,'entropy',0.5253630401655005,15,9,True,'balanced')	0.2437677209752996	88.47842931747437
robustScaler(True,True);selectPercentile(93.08779403059991);varianceThreshold();fastICA(16,'deflation','unit-variance','exp');randomForest(91,'entropy',0.5253630401655005,15,9,False,'balanced')	0.22406748023575127	46.42557978630066
robustScaler(True,True);selectPercentile(93.08779403059991);varianceThreshold();fastICA(16,'deflation','unit-variance','exp');randomForest(39,'entropy',0.5253630401655005,15,9,False,'balanced')	0.22938615849015426	cached
robustScaler(True,True);selectPercentile(93.08779403059991);varianceThreshold();fastICA(16,'deflation','unit-variance','exp');randomForest(39,'entropy',0.5253630401655005,15,9,False,'balanced')	0.22938615849015426	cached
robustScaler(True,True);selectPercentile(93.08779403059991);varianceThreshold();fastICA(16,'deflation','unit-variance','exp');randomForest(39,'entropy',0.5253630401655005,15,9,False,'balanced')	0.22938615849015426	cached
robustScaler(True,True);selectPercentile(93.08779403059991);varianceThreshold();fastICA(16,'deflation','unit-variance','logcosh');randomForest(91,'entropy',0.5253630401655005,15,9,True,'balanced')	0.2437677209752996	cached
robustScaler(True,True);selectPercentile(93.08779403059991);varianceThreshold();fastICA(16,'deflation','unit-variance','exp');randomForest(39,'entropy',0.5253630401655005,15,9,False,'balanced')	0.22938615849015426	cached
robustScaler(True,False);selectPercentile(93.08779403059991);varianceThreshold();fastICA(16,'deflation','unit-variance','exp');randomForest(39,'entropy',0.5253630401655005,15,9,False,'balanced')	0.20031324077185125	cached
robustScaler(True,True);selectPercentile(93.08779403059991);varianceThreshold();fastICA(16,'deflation','unit-variance','exp');randomForest(39,'entropy',0.5253630401655005,15,9,False,'balanced')	0.22938615849015426	cached
robustScaler(True,True);selectPercentile(93.08779403059991);varianceThreshold();fastICA(16,'deflation','unit-variance','exp');randomForest(39,'entropy',0.5253630401655005,15,9,False,'balanced')	0.22938615849015426	cached
robustScaler(True,True);selectPercentile(93.08779403059991);varianceThreshold();fastICA(16,'deflation','unit-variance','exp');randomForest(39,'entropy',0.5253630401655005,15,9,False,'balanced')	0.22938615849015426	cached
robustScaler(True,True);selectPercentile(93.08779403059991);varianceThreshold();fastICA(16,'deflation','unit-variance','logcosh');randomForest(91,'entropy',0.5253630401655005,15,9,True,'balanced')	0.2437677209752996	cached
robustScaler(True,True);selectPercentile(93.08779403059991);varianceThreshold();fastICA(16,'deflation','unit-variance','exp');randomForest(39,'entropy',0.5253630401655005,15,9,False,'balanced')	0.22938615849015426	cached
robustScaler(True,True);selectPercentile(93.08779403059991);varianceThreshold();fastICA(16,'deflation','unit-variance','exp');randomForest(39,'entropy',0.5253630401655005,15,9,False,'balanced')	0.22938615849015426	cached
nystroem('poly',1.489983097752645,72,2,-0.11498149905497068);nystroem('poly',5.241644342395277,71,3,0.03492604343158501);randomForest(39,'entropy',0.5253630401655005,15,9,False,'balanced')	invalid_ind (duplicated operator)	invalid_ind (duplicated operator)
robustScaler(True,True);selectPercentile(93.08779403059991);varianceThreshold();fastICA(16,'deflation','unit-variance','exp');randomForest(39,'entropy',0.5253630401655005,15,9,False,'balanced')	0.22938615849015426	cached
selectFwe(0.043608404094675514);selectPercentile(93.08779403059991);minMaxScaler();fastICA(16,'deflation','unit-variance','exp');randomForest(39,'entropy',0.5253630401655005,15,9,False,'balanced')	0.22055446564676934	cached
robustScaler(True,True);selectPercentile(93.08779403059991);varianceThreshold();fastICA(16,'deflation','unit-variance','exp');randomForest(39,'entropy',0.5253630401655005,15,9,False,'balanced')	0.22938615849015426	cached
robustScaler(True,True);selectPercentile(93.08779403059991);varianceThreshold();fastICA(16,'deflation','unit-variance','exp');randomForest(39,'entropy',0.5253630401655005,15,9,False,'balanced')	0.22938615849015426	cached
robustScaler(True,True);selectPercentile(93.08779403059991);varianceThreshold();fastICA(9,'deflation','unit-variance','exp');randomForest(39,'entropy',0.5253630401655005,15,9,False,'balanced')	0.22938615849015426	cached
robustScaler(True,True);selectPercentile(93.08779403059991);varianceThreshold();fastICA(16,'deflation','unit-variance','exp');randomForest(39,'entropy',0.5253630401655005,15,9,False,'balanced')	0.22938615849015426	cached
robustScaler(True,True);selectPercentile(93.08779403059991);varianceThreshold();fastICA(16,'deflation','unit-variance','exp');randomForest(39,'entropy',0.5253630401655005,15,9,False,'balanced')	0.22938615849015426	cached
robustScaler(True,True);selectPercentile(93.08779403059991);varianceThreshold();fastICA(16,'deflation','unit-variance','exp');randomForest(39,'entropy',0.5253630401655005,15,9,False,'balanced')	0.22938615849015426	cached
robustScaler(True,True);selectPercentile(93.08779403059991);varianceThreshold();fastICA(16,'deflation','unit-variance','exp');randomForest(39,'entropy',0.5253630401655005,15,9,False,'balanced')	0.22938615849015426	cached
robustScaler(True,True);selectPercentile(93.08779403059991);varianceThreshold();fastICA(16,'deflation','unit-variance','exp');randomForest(39,'entropy',0.5253630401655005,15,9,False,'balanced')	0.22938615849015426	cached
robustScaler(True,True);selectPercentile(93.08779403059991);varianceThreshold();fastICA(16,'deflation','unit-variance','exp');randomForest(39,'entropy',0.5253630401655005,15,9,False,'balanced')	0.22938615849015426	cached
robustScaler(True,True);selectPercentile(93.08779403059991);varianceThreshold();fastICA(16,'deflation','unit-variance','exp');randomForest(39,'entropy',0.5253630401655005,15,9,False,'balanced')	0.22938615849015426	cached
robustScaler(True,True);selectPercentile(93.08779403059991);varianceThreshold();fastICA(16,'deflation','unit-variance','exp');randomForest(39,'entropy',0.5253630401655005,15,9,False,'balanced')	0.22938615849015426	cached
robustScaler(True,True);selectPercentile(93.08779403059991);varianceThreshold();fastICA(16,'deflation','unit-variance','exp');randomForest(39,'entropy',0.5253630401655005,15,9,False,'balanced')	0.22938615849015426	cached
robustScaler(True,True);selectPercentile(93.08779403059991);varianceThreshold();fastICA(16,'deflation','unit-variance','exp');randomForest(39,'entropy',0.5253630401655005,15,9,False,'balanced')	0.22938615849015426	38.401326179504395
robustScaler(True,True);selectPercentile(93.08779403059991);varianceThreshold();fastICA(9,'deflation','unit-variance','exp');randomForest(39,'entropy',0.5253630401655005,15,9,False,'balanced')	0.22938615849015426	39.68283653259277
selectFwe(0.024299902803654728);selectPercentile(93.08779403059991);varianceThreshold();fastICA(16,'deflation','unit-variance','exp');randomForest(39,'entropy',0.5253630401655005,15,9,False,'balanced')	0.20031324077185125	43.57264471054077
robustScaler(True,True);selectPercentile(93.08779403059991);varianceThreshold();fastICA(16,'deflation','unit-variance','exp');randomForest(39,'entropy',0.5253630401655005,15,9,False,'balanced')	0.22938615849015426	cached
robustScaler(True,True);selectPercentile(93.08779403059991);varianceThreshold();fastICA(16,'deflation','unit-variance','exp');randomForest(39,'entropy',0.5253630401655005,15,9,False,'balanced')	0.22938615849015426	cached
robustScaler(True,True);selectPercentile(93.08779403059991);varianceThreshold();fastICA(16,'deflation','unit-variance','exp');randomForest(39,'entropy',0.5253630401655005,15,9,False,'balanced')	0.22938615849015426	cached
robustScaler(True,True);selectPercentile(93.08779403059991);varianceThreshold();fastICA(16,'deflation','unit-variance','exp');randomForest(39,'entropy',0.5253630401655005,15,9,False,'balanced')	0.22938615849015426	cached
robustScaler(True,True);selectPercentile(93.08779403059991);varianceThreshold();fastICA(16,'deflation','unit-variance','exp');randomForest(39,'entropy',0.5253630401655005,15,9,False,'balanced')	0.22938615849015426	cached
robustScaler(True,True);selectPercentile(93.08779403059991);varianceThreshold();fastICA(16,'deflation','unit-variance','exp');randomForest(39,'entropy',0.5253630401655005,15,9,False,'balanced')	0.22938615849015426	36.40975022315979
robustScaler(True,True);selectPercentile(93.08779403059991);varianceThreshold();fastICA(9,'deflation','unit-variance','exp');randomForest(39,'entropy',0.5253630401655005,15,9,False,'balanced')	0.22938615849015426	39.18374967575073
robustScaler(True,True);selectPercentile(93.08779403059991);varianceThreshold();fastICA(16,'deflation','unit-variance','logcosh');randomForest(39,'entropy',0.5253630401655005,15,9,True,'balanced')	0.21329792440309975	78.93907237052917
robustScaler(True,True);selectPercentile(93.08779403059991);varianceThreshold();fastICA(16,'deflation','unit-variance','logcosh');randomForest(42,'entropy',0.5253630401655005,15,9,False,'balanced')	0.18708833710332248	87.83331656455994
robustScaler(True,True);selectPercentile(93.08779403059991);varianceThreshold();fastICA(9,'deflation','unit-variance','exp');randomForest(91,'entropy',0.5253630401655005,15,9,False,'balanced')	0.22406748023575127	28.014435052871704
robustScaler(True,True);selectPercentile(93.08779403059991);varianceThreshold();fastICA(16,'deflation','unit-variance','exp');randomForest(39,'entropy',0.5253630401655005,15,9,False,'balanced')	0.22938615849015426	cached
robustScaler(True,True);selectPercentile(93.08779403059991);varianceThreshold();fastICA(16,'deflation','unit-variance','exp');randomForest(39,'entropy',0.5253630401655005,15,9,False,'balanced')	0.22938615849015426	cached
robustScaler(True,True);selectPercentile(93.08779403059991);varianceThreshold();fastICA(16,'deflation','unit-variance','exp');randomForest(39,'entropy',0.5253630401655005,15,9,False,'balanced')	0.22938615849015426	cached
robustScaler(True,True);selectPercentile(93.08779403059991);varianceThreshold();fastICA(16,'deflation','unit-variance','exp');randomForest(39,'entropy',0.5253630401655005,15,9,False,'balanced')	0.22938615849015426	cached
robustScaler(True,True);selectPercentile(93.08779403059991);varianceThreshold();fastICA(16,'deflation','unit-variance','exp');randomForest(39,'entropy',0.5253630401655005,15,9,False,'balanced')	0.22938615849015426	cached
robustScaler(True,True);selectPercentile(93.08779403059991);varianceThreshold();fastICA(16,'deflation','unit-variance','exp');randomForest(39,'entropy',0.5253630401655005,15,9,False,'balanced')	0.22938615849015426	cached
robustScaler(True,True);selectPercentile(93.08779403059991);varianceThreshold();fastICA(16,'deflation','unit-variance','exp');randomForest(39,'entropy',0.5253630401655005,15,9,False,'balanced')	0.22938615849015426	cached
robustScaler(True,True);selectPercentile(93.08779403059991);varianceThreshold();fastICA(16,'deflation','unit-variance','exp');randomForest(39,'entropy',0.5253630401655005,15,9,False,'balanced')	0.22938615849015426	cached
robustScaler(True,True);selectPercentile(93.08779403059991);varianceThreshold();fastICA(16,'deflation','unit-variance','exp');randomForest(39,'entropy',0.5253630401655005,15,9,False,'balanced')	0.22938615849015426	cached
nystroem('rbf',5.139104372668238,17,3,-0.827853694731312);adaBoost(decisionTree('gini',12,5,0.6932135372834054,8,'balanced'),31,0.8268891517198673,'SAMME')	0.14337786360751523	12.050364255905151
robustScaler(True,True);selectFwe(0.02349376167177009);varianceThreshold();fastICA(16,'deflation','unit-variance','exp');randomForest(39,'entropy',0.5253630401655005,15,9,False,'balanced')	0.15998005544975916	24.881287574768066
robustScaler(True,True);selectPercentile(93.08779403059991);varianceThreshold();fastICA(16,'deflation','unit-variance','exp');randomForest(39,'entropy',0.5253630401655005,15,9,False,'balanced')	0.22938615849015426	cached
selectFwe(0.043608404094675514);selectPercentile(93.08779403059991);minMaxScaler();fastICA(16,'deflation','unit-variance','exp');randomForest(39,'entropy',0.5253630401655005,15,9,False,'balanced')	0.22055446564676934	cached
robustScaler(True,True);selectPercentile(93.08779403059991);varianceThreshold();fastICA(16,'deflation','unit-variance','exp');randomForest(39,'entropy',0.5253630401655005,15,9,False,'balanced')	0.22938615849015426	cached
robustScaler(True,True);selectPercentile(93.08779403059991);varianceThreshold();fastICA(16,'deflation','unit-variance','exp');randomForest(39,'entropy',0.5253630401655005,15,9,False,'balanced')	0.22938615849015426	cached
robustScaler(True,True);selectPercentile(93.08779403059991);varianceThreshold();fastICA(16,'deflation','unit-variance','exp');randomForest(39,'entropy',0.5253630401655005,15,9,False,'balanced')	0.22938615849015426	cached
robustScaler(True,True);selectPercentile(93.08779403059991);varianceThreshold();fastICA(16,'deflation','unit-variance','exp');randomForest(39,'entropy',0.5253630401655005,15,9,False,'balanced')	0.22938615849015426	cached
robustScaler(True,True);selectPercentile(93.08779403059991);varianceThreshold();fastICA(23,'deflation','unit-variance','exp');randomForest(39,'entropy',0.5253630401655005,15,9,False,'balanced')	0.22938615849015426	35.28022360801697
robustScaler(True,True);selectPercentile(93.08779403059991);varianceThreshold();fastICA(16,'deflation','unit-variance','exp');randomForest(39,'entropy',0.5253630401655005,15,9,False,'balanced')	0.22938615849015426	cached
robustScaler(True,True);selectPercentile(93.08779403059991);varianceThreshold();fastICA(9,'deflation','unit-variance','exp');randomForest(39,'entropy',0.5253630401655005,15,9,False,'balanced')	0.22938615849015426	39.265586137771606
robustScaler(True,True);selectPercentile(25.50897591338026);varianceThreshold();fastICA(16,'deflation','unit-variance','logcosh');randomForest(91,'entropy',0.5253630401655005,15,9,True,'balanced')	0.19539715614813163	25.021413326263428
varianceThreshold();nystroem('sigmoid',4.405043082914653,100,5,0.6631263712760713);varianceThreshold();fastICA(16,'deflation','unit-variance','exp');randomForest(39,'entropy',0.5253630401655005,15,9,False,'balanced')	invalid_ind (duplicated operator)	invalid_ind (duplicated operator)
robustScaler(True,True);selectPercentile(93.08779403059991);varianceThreshold();fastICA(16,'deflation','unit-variance','exp');randomForest(39,'entropy',0.5253630401655005,15,9,False,'balanced')	0.22938615849015426	cached
robustScaler(True,True);selectPercentile(93.08779403059991);varianceThreshold();fastICA(16,'deflation','unit-variance','logcosh');randomForest(91,'entropy',0.5253630401655005,15,9,True,'balanced')	0.2437677209752996	cached
robustScaler(True,True);selectPercentile(93.08779403059991);varianceThreshold();fastICA(16,'deflation','unit-variance','exp');randomForest(91,'gini',0.6365621740956098,10,20,True,'balanced_subsample')	0.19660599927200667	23.221137762069702
robustScaler(True,True);selectPercentile(93.08779403059991);varianceThreshold();fastICA(16,'deflation','unit-variance','exp');randomForest(39,'entropy',0.5253630401655005,15,9,False,'balanced')	0.22938615849015426	cached
robustScaler(True,True);selectPercentile(93.08779403059991);varianceThreshold();fastICA(16,'deflation','unit-variance','exp');randomForest(39,'entropy',0.5253630401655005,15,9,False,'balanced')	0.22938615849015426	cached
robustScaler(True,True);selectPercentile(93.08779403059991);varianceThreshold();fastICA(16,'deflation','unit-variance','exp');randomForest(39,'entropy',0.5253630401655005,15,9,False,'balanced')	0.22938615849015426	cached
robustScaler(True,True);selectPercentile(93.08779403059991);varianceThreshold();fastICA(16,'deflation','unit-variance','exp');randomForest(39,'entropy',0.5253630401655005,15,9,False,'balanced')	0.22938615849015426	cached
robustScaler(True,True);selectPercentile(93.08779403059991);varianceThreshold();fastICA(16,'deflation','unit-variance','exp');randomForest(39,'entropy',0.5253630401655005,15,9,False,'balanced')	0.22938615849015426	cached
robustScaler(True,True);selectPercentile(93.08779403059991);varianceThreshold();fastICA(16,'deflation','unit-variance','exp');randomForest(39,'entropy',0.5253630401655005,15,9,False,'balanced')	0.22938615849015426	cached
robustScaler(True,True);selectPercentile(93.08779403059991);varianceThreshold();fastICA(16,'deflation','unit-variance','exp');randomForest(39,'entropy',0.5253630401655005,15,9,False,'balanced')	0.22938615849015426	cached
robustScaler(True,True);selectPercentile(93.08779403059991);varianceThreshold();fastICA(16,'deflation','unit-variance','exp');randomForest(91,'entropy',0.5253630401655005,15,9,False,'balanced')	0.22406748023575127	76.18730688095093
robustScaler(True,True);selectPercentile(93.08779403059991);varianceThreshold();fastICA(16,'deflation','unit-variance','logcosh');randomForest(39,'entropy',0.5253630401655005,15,9,True,'balanced')	0.21329792440309975	78.41036057472229
robustScaler(True,True);selectPercentile(93.08779403059991);varianceThreshold();fastICA(16,'deflation','unit-variance','exp');randomForest(39,'entropy',0.5253630401655005,15,9,False,'balanced')	0.22938615849015426	38.113539934158325
robustScaler(True,True);selectPercentile(93.08779403059991);varianceThreshold();fastICA(16,'deflation','unit-variance','logcosh');randomForest(39,'entropy',0.5253630401655005,15,9,True,'balanced')	0.21329792440309975	81.61985921859741
robustScaler(True,True);selectPercentile(93.08779403059991);varianceThreshold();fastICA(9,'deflation','unit-variance','exp');randomForest(39,'entropy',0.5253630401655005,15,9,False,'balanced')	0.22938615849015426	33.10533142089844
robustScaler(True,True);selectPercentile(93.08779403059991);varianceThreshold();fastICA(16,'deflation','unit-variance','logcosh');randomForest(39,'entropy',0.5253630401655005,15,9,True,'balanced')	0.21329792440309975	66.20359992980957
robustScaler(True,True);selectPercentile(93.08779403059991);varianceThreshold();fastICA(16,'deflation','unit-variance','exp');randomForest(91,'entropy',0.5253630401655005,15,9,False,'balanced')	0.22406748023575127	67.05600762367249
robustScaler(True,True);selectPercentile(93.08779403059991);varianceThreshold();fastICA(16,'deflation','unit-variance','exp');randomForest(91,'entropy',0.5253630401655005,15,9,False,'balanced')	0.22406748023575127	45.963308572769165
