pipeline	fitness	fit_time
minMaxScaler();minMaxScaler();gaussianNB(0.0026535924869711324)	invalid_ind (duplicated operator)	invalid_ind (duplicated operator)
robustScaler(False,False);minMaxScaler();varianceThreshold();minMaxScaler();bernoulliNB(13.47682032738268,True)	invalid_ind (duplicated operator)	invalid_ind (duplicated operator)
maxAbsScaler();maxAbsScaler();maxAbsScaler();maxAbsScaler();selectFwe(0.009043666552575984);qda(0.2944927770994724)	invalid_ind (duplicated operator)	invalid_ind (duplicated operator)
varianceThreshold();maxAbsScaler();bernoulliNB(21.523060441398258,False)	0.26129629629629625	2.014051675796509
minMaxScaler();selectFwe(0.024658343705673866);multinomialNB(4.818108993452412,True)	0.20722222222222225	2.7536845207214355
varianceThreshold();varianceThreshold();multinomialNB(36.87483075923989,True)	invalid_ind (duplicated operator)	invalid_ind (duplicated operator)
nystroem('sigmoid',1.7423961110204327,44,2,-0.23262073421992024);adaBoost(decisionTree('entropy',28,13,0.5699993338763802,7,'None'),72,1.4483520731325303,'SAMME')	0.16666666666666666	3.9984827041625977
maxAbsScaler();robustScaler(False,True);nystroem('cosine',7.556033650403374,90,5,-0.5536084395066585);adaBoost(decisionTree('gini',10,4,0.8585144063565593,10,'None'),30,0.5888670915381928,'SAMME')	0.5564814814814815	4.585208892822266
maxAbsScaler();nystroem('poly',2.3695199774104716,54,3,0.3536970796999488);adaBoost(decisionTree('entropy',4,12,0.8955753946414917,17,'None'),74,1.4932288908626732,'SAMME')	0.5731481481481482	5.7597057819366455
selectFwe(0.017249723534111822);minMaxScaler();minMaxScaler();selectFwe(0.018793868640708627);adaBoost(decisionTree('entropy',20,4,0.8562771389130047,20,'None'),32,0.19666825807181484,'SAMME')	invalid_ind (duplicated operator)	invalid_ind (duplicated operator)
robustScaler(True,True);selectPercentile(90.1038273587697);selectFwe(0.0326841797004676);randomForest(86,'entropy',0.6956345264363321,14,3,False,'balanced_subsample')	0.6383333333333334	4.696407794952393
varianceThreshold();robustScaler(False,True);selectFwe(0.04466939840961905);varianceThreshold();minMaxScaler();adaBoost(decisionTree('gini',10,13,0.49326104275013793,5,'balanced'),74,1.3552637436178543,'SAMME')	invalid_ind (duplicated operator)	invalid_ind (duplicated operator)
varianceThreshold();lda(0.12629982004880003,53,0.013603893314741142)	eval_error (n_components cannot be larger than min(n_features, n_classes - 1).)	eval_error (n_components cannot be larger than min(n_features, n_classes - 1).)
varianceThreshold();selectPercentile(62.49760567667308);pca(0.771115481433299,False);varianceThreshold();adaBoost(decisionTree('gini',19,14,0.204821737736817,4,'balanced'),25,0.8771129300595147,'SAMME')	invalid_ind (duplicated operator)	invalid_ind (duplicated operator)
maxAbsScaler();varianceThreshold();robustScaler(True,True);maxAbsScaler();selectFwe(0.04686724486146901);fastICA(87,'parallel','arbitrary-variance','cube');varianceThreshold();gaussianNB(0.007328583021315048)	invalid_ind (duplicated operator)	invalid_ind (duplicated operator)
minMaxScaler();multinomialNB(48.75738030882885,True)	0.18592592592592594	3.3891282081604004
logisticRegression('l1','liblinear',1000,1.6485202941946948,'balanced')	eval_error (The 'liblinear' solver does not support multiclass classification (n_classes >= 3). Either use another solver or wrap the estimator in a OneVsRestClassifier to keep applying a one-versus-rest scheme.)	eval_error (The 'liblinear' solver does not support multiclass classification (n_classes >= 3). Either use another solver or wrap the estimator in a OneVsRestClassifier to keep applying a one-versus-rest scheme.)
maxAbsScaler();fastICA(44,'deflation','unit-variance','logcosh');fastICA(73,'parallel','unit-variance','exp');logisticRegression('None','liblinear',1000,2.593247120632086,'None')	invalid_ind (duplicated operator)	invalid_ind (duplicated operator)
robustScaler(True,True);selectPercentile(9.204553991742472);mlpClassifier((97, 3),0.04338905221155612,0.8979170621498264,'sgd','relu')	0.2496296296296296	7.150477409362793
randomForest(79,'entropy',0.505433262868637,12,6,False,'balanced_subsample')	0.6181481481481481	8.303105354309082
varianceThreshold();varianceThreshold();nystroem('cosine',3.4878415009605916,73,5,-0.31511366869620727);maxAbsScaler();fastICA(50,'parallel','unit-variance','logcosh');maxAbsScaler();multinomialNB(14.543848286903104,True)	invalid_ind (duplicated operator)	invalid_ind (duplicated operator)
minMaxScaler();minMaxScaler();adaBoost(decisionTree('gini',3,16,0.6521538633106674,10,'balanced'),14,0.8121983926656746,'SAMME')	invalid_ind (duplicated operator)	invalid_ind (duplicated operator)
robustScaler(True,True);pca(0.5481929107864705,False);mlpClassifier((72, 18),0.022693828368837,0.653887448259359,'lbfgs','logistic')	0.4914814814814815	13.064993619918823
maxAbsScaler();selectPercentile(97.49937227847703);selectPercentile(39.728449753026766);logisticRegression('l1','newton-cg',1000,12.568882388547669,'balanced')	invalid_ind (duplicated operator)	invalid_ind (duplicated operator)
varianceThreshold();varianceThreshold();maxAbsScaler();pca(0.9939164754574539,True);decisionTree('entropy',24,7,0.19997419692838092,13,'None')	invalid_ind (duplicated operator)	invalid_ind (duplicated operator)
maxAbsScaler();bernoulliNB(7.680138010703927,False)	0.2907407407407407	5.312251091003418
qda(0.8171380001725462)	eval_error (The covariance matrix of class 3 is not full rank. When using `solver='svd'` the number of samples in each class should be more than the number of features, but class 3 has 8 samples and 9 features. Try using `solver='eigen'` and setting the parameter `shrinkage` for regularization.)	eval_error (The covariance matrix of class 3 is not full rank. When using `solver='svd'` the number of samples in each class should be more than the number of features, but class 3 has 8 samples and 9 features. Try using `solver='eigen'` and setting the parameter `shrinkage` for regularization.)
minMaxScaler();minMaxScaler();minMaxScaler();lda(0.4241197773808294,170,0.006711473841465632)	invalid_ind (duplicated operator)	invalid_ind (duplicated operator)
mlpClassifier((85, 5),0.013374859278454247,0.9769018800688869,'sgd','relu')	0.16666666666666666	3.5240275859832764
selectFwe(0.02044616347306722);maxAbsScaler();qda(0.8710531292337911)	eval_error (The covariance matrix of class 5 is not full rank. When using `solver='svd'` the number of samples in each class should be more than the number of features, but class 5 has 4 samples and 5 features. Try using `solver='eigen'` and setting the parameter `shrinkage` for regularization.)	eval_error (The covariance matrix of class 5 is not full rank. When using `solver='svd'` the number of samples in each class should be more than the number of features, but class 5 has 4 samples and 5 features. Try using `solver='eigen'` and setting the parameter `shrinkage` for regularization.)
fastICA(36,'deflation','unit-variance','cube');extraTreesClassifier(83,'gini','log2',10,16,False,'balanced_subsample')	0.5212962962962963	3.664689540863037
minMaxScaler();maxAbsScaler();varianceThreshold();maxAbsScaler();maxAbsScaler();minMaxScaler();randomForest(23,'gini',0.5333866128032695,20,17,True,'balanced')	invalid_ind (duplicated operator)	invalid_ind (duplicated operator)
minMaxScaler();decisionTree('gini',20,17,0.8654933191750928,8,'None')	0.5287037037037037	2.5213241577148438
nystroem('poly',0.014195095503263807,48,2,0.08154489278859844);maxAbsScaler();maxAbsScaler();fastICA(54,'deflation','arbitrary-variance','exp');varianceThreshold();minMaxScaler();mlpClassifier((94, 19),0.0035576576385947852,0.339507963138615,'sgd','identity')	invalid_ind (duplicated operator)	invalid_ind (duplicated operator)
maxAbsScaler();kNN(2,'distance',1)	0.602962962962963	2.7200934886932373
minMaxScaler();selectFwe(0.021545208688461062);selectPercentile(11.119971147298271);varianceThreshold();selectPercentile(42.913231208662765);mlpClassifier((16, 4),0.07254450317809137,0.6016185865695745,'adam','identity')	invalid_ind (duplicated operator)	invalid_ind (duplicated operator)
gaussianNB(0.0021356320261678814)	0.4374074074074074	2.5614559650421143
varianceThreshold();nystroem('rbf',0.324586797525103,27,4,-0.549944339870978);minMaxScaler();varianceThreshold();adaBoost(decisionTree('gini',3,9,0.280172569160838,11,'None'),86,1.2087854129873528,'SAMME')	invalid_ind (duplicated operator)	invalid_ind (duplicated operator)
varianceThreshold();maxAbsScaler();minMaxScaler();adaBoost(decisionTree('entropy',28,17,0.633662319891193,18,'balanced'),89,0.4577973427625389,'SAMME')	0.6083333333333334	4.066769599914551
nystroem('rbf',0.6523880507402764,45,4,0.41252309451027713);gaussianNB(0.0059729857275077165)	0.5853703703703703	1.4717142581939697
fastICA(36,'deflation','unit-variance','cube');extraTreesClassifier(83,'gini','log2',10,16,False,'balanced_subsample')	0.5212962962962963	cached
maxAbsScaler();nystroem('poly',2.3695199774104716,54,3,0.3536970796999488);adaBoost(decisionTree('entropy',4,12,0.8955753946414917,17,'None'),74,1.4932288908626732,'SAMME')	0.5731481481481482	cached
maxAbsScaler();selectPercentile(97.49937227847703);selectPercentile(39.728449753026766);lda(0.12629982004880003,53,0.013603893314741142)	invalid_ind (duplicated operator)	invalid_ind (duplicated operator)
nystroem('rbf',0.6523880507402764,45,4,0.41252309451027713);multinomialNB(36.87483075923989,True)	eval_error (Negative values in data passed to MultinomialNB (input X).)	eval_error (Negative values in data passed to MultinomialNB (input X).)
varianceThreshold();varianceThreshold();gaussianNB(0.0059729857275077165)	invalid_ind (duplicated operator)	invalid_ind (duplicated operator)
minMaxScaler();minMaxScaler();adaBoost(decisionTree('gini',3,16,0.6521538633106674,10,'balanced'),14,0.8121983926656746,'SAMME')	invalid_ind (duplicated operator)	invalid_ind (duplicated operator)
varianceThreshold();logisticRegression('l1','newton-cg',1000,12.568882388547669,'balanced')	eval_error (Solver newton-cg supports only 'l2' or None penalties, got l1 penalty.)	eval_error (Solver newton-cg supports only 'l2' or None penalties, got l1 penalty.)
selectFwe(0.017249723534111822);minMaxScaler();minMaxScaler();selectFwe(0.018793868640708627);maxAbsScaler();multinomialNB(14.543848286903104,True)	invalid_ind (duplicated operator)	invalid_ind (duplicated operator)
varianceThreshold();varianceThreshold();nystroem('cosine',3.4878415009605916,73,5,-0.31511366869620727);maxAbsScaler();fastICA(50,'parallel','unit-variance','logcosh');adaBoost(decisionTree('entropy',20,4,0.8562771389130047,20,'None'),32,0.19666825807181484,'SAMME')	invalid_ind (duplicated operator)	invalid_ind (duplicated operator)
varianceThreshold();varianceThreshold();nystroem('cosine',3.4878415009605916,73,5,-0.31511366869620727);maxAbsScaler();fastICA(50,'parallel','unit-variance','logcosh');maxAbsScaler();multinomialNB(14.543848286903104,True)	invalid_ind (duplicated operator)	invalid_ind (duplicated operator)
maxAbsScaler();fastICA(44,'deflation','arbitrary-variance','logcosh');fastICA(73,'parallel','unit-variance','exp');logisticRegression('None','liblinear',1000,4.524850237101351,'None')	invalid_ind (duplicated operator)	invalid_ind (duplicated operator)
mlpClassifier((85, 5),0.013374859278454247,0.9769018800688869,'sgd','relu')	0.16666666666666666	cached
minMaxScaler();minMaxScaler();adaBoost(decisionTree('gini',14,9,0.7944006922875018,17,'balanced'),99,0.7483421054063227,'SAMME')	invalid_ind (duplicated operator)	invalid_ind (duplicated operator)
robustScaler(True,False);minMaxScaler();varianceThreshold();minMaxScaler();bernoulliNB(13.47682032738268,True)	invalid_ind (duplicated operator)	invalid_ind (duplicated operator)
maxAbsScaler();nystroem('cosine',7.556033650403374,54,5,-0.5536084395066585);adaBoost(decisionTree('gini',10,4,0.8585144063565593,10,'None'),30,0.5888670915381928,'SAMME')	0.5168518518518519	3.2934253215789795
robustScaler(True,True);selectPercentile(90.1038273587697);selectFwe(0.0326841797004676);randomForest(86,'entropy',0.6956345264363321,14,3,False,'balanced_subsample')	0.6383333333333334	3.567216396331787
minMaxScaler();minMaxScaler();gaussianNB(0.0026535924869711324)	invalid_ind (duplicated operator)	invalid_ind (duplicated operator)
robustScaler(True,True);selectPercentile(90.1038273587697);varianceThreshold();randomForest(86,'entropy',0.6956345264363321,14,3,False,'balanced_subsample')	0.6199999999999999	3.6537647247314453
selectFwe(0.0326841797004676);lda(0.12629982004880003,53,0.013603893314741142)	eval_error (n_components cannot be larger than min(n_features, n_classes - 1).)	eval_error (n_components cannot be larger than min(n_features, n_classes - 1).)
maxAbsScaler();bernoulliNB(7.680138010703927,False)	0.2907407407407407	cached
selectFwe(0.014442792202435842);minMaxScaler();minMaxScaler();selectFwe(0.008154926129546582);adaBoost(decisionTree('entropy',20,4,0.8562771389130047,20,'None'),32,0.19666825807181484,'SAMME')	invalid_ind (duplicated operator)	invalid_ind (duplicated operator)
randomForest(79,'entropy',0.505433262868637,12,6,False,'balanced_subsample')	0.6181481481481481	cached
randomForest(79,'entropy',0.505433262868637,12,6,False,'balanced_subsample')	0.6181481481481481	5.107158660888672
nystroem('poly',0.014195095503263807,48,2,0.08154489278859844);minMaxScaler();maxAbsScaler();fastICA(54,'deflation','arbitrary-variance','exp');varianceThreshold();minMaxScaler();mlpClassifier((94, 19),0.0035576576385947852,0.339507963138615,'sgd','identity')	invalid_ind (duplicated operator)	invalid_ind (duplicated operator)
maxAbsScaler();minMaxScaler();minMaxScaler();lda(0.4241197773808294,170,0.006711473841465632)	invalid_ind (duplicated operator)	invalid_ind (duplicated operator)
robustScaler(True,True);pca(0.6195726058922716,False);selectFwe(0.0326841797004676);randomForest(86,'entropy',0.6956345264363321,14,3,False,'balanced_subsample')	0.4651851851851852	5.145131349563599
robustScaler(False,True);pca(0.5481929107864705,False);mlpClassifier((72, 18),0.022693828368837,0.653887448259359,'lbfgs','logistic')	0.5031481481481481	10.551977157592773
maxAbsScaler();adaBoost(decisionTree('entropy',24,7,0.22509934230030493,5,'None'),72,0.809010512563863,'SAMME')	0.6448148148148148	7.5158936977386475
nystroem('poly',0.014195095503263807,48,2,0.08154489278859844);maxAbsScaler();maxAbsScaler();fastICA(54,'deflation','arbitrary-variance','exp');varianceThreshold();minMaxScaler();mlpClassifier((16, 4),0.07254450317809137,0.339507963138615,'sgd','identity')	invalid_ind (duplicated operator)	invalid_ind (duplicated operator)
minMaxScaler();selectFwe(0.021545208688461062);selectPercentile(11.119971147298271);varianceThreshold();selectPercentile(42.913231208662765);mlpClassifier((94, 19),0.0035576576385947852,0.6016185865695745,'adam','identity')	invalid_ind (duplicated operator)	invalid_ind (duplicated operator)
nystroem('poly',0.014195095503263807,48,2,0.08154489278859844);maxAbsScaler();maxAbsScaler();fastICA(54,'deflation','arbitrary-variance','exp');varianceThreshold();minMaxScaler();mlpClassifier((94, 19),0.0035576576385947852,0.339507963138615,'sgd','relu')	invalid_ind (duplicated operator)	invalid_ind (duplicated operator)
maxAbsScaler();robustScaler(False,True);nystroem('cosine',2.3695199774104716,90,3,0.3536970796999488);adaBoost(decisionTree('entropy',4,12,0.8955753946414917,17,'None'),74,1.4932288908626732,'SAMME')	0.554074074074074	11.4321768283844
varianceThreshold();varianceThreshold();nystroem('cosine',3.4878415009605916,73,5,-0.31511366869620727);maxAbsScaler();fastICA(50,'parallel','unit-variance','logcosh');maxAbsScaler();qda(0.8171380001725462)	invalid_ind (duplicated operator)	invalid_ind (duplicated operator)
varianceThreshold();maxAbsScaler();minMaxScaler();adaBoost(decisionTree('entropy',28,17,0.633662319891193,18,'balanced'),89,0.4577973427625389,'SAMME')	0.6083333333333334	7.833171367645264
maxAbsScaler();adaBoost(decisionTree('entropy',12,6,0.25945266013498836,9,'balanced'),89,0.10631158193585655,'SAMME')	0.6685185185185187	7.267783880233765
robustScaler(True,True);selectPercentile(9.204553991742472);mlpClassifier((97, 3),0.04338905221155612,0.8979170621498264,'sgd','identity')	0.19629629629629627	3.4102466106414795
multinomialNB(14.543848286903104,True)	0.2607407407407407	3.025225877761841
minMaxScaler();nystroem('cosine',7.556033650403374,90,5,-0.5536084395066585);adaBoost(decisionTree('gini',10,4,0.8585144063565593,10,'None'),30,0.5888670915381928,'SAMME')	0.6194444444444444	4.8748180866241455
varianceThreshold();lda(0.31560514986441923,208,0.012704808846704014)	eval_error (n_components cannot be larger than min(n_features, n_classes - 1).)	eval_error (n_components cannot be larger than min(n_features, n_classes - 1).)
maxAbsScaler();robustScaler(False,True);selectFwe(0.024658343705673866);multinomialNB(4.818108993452412,True)	0.3083333333333333	1.7766139507293701
robustScaler(True,True);pca(0.6195726058922716,False);selectFwe(0.0326841797004676);randomForest(86,'entropy',0.6956345264363321,14,3,False,'balanced_subsample')	0.4651851851851852	cached
nystroem('poly',0.014195095503263807,48,2,0.08154489278859844);maxAbsScaler();maxAbsScaler();fastICA(54,'deflation','arbitrary-variance','exp');varianceThreshold();minMaxScaler();mlpClassifier((94, 19),0.0035576576385947852,0.339507963138615,'sgd','relu')	invalid_ind (duplicated operator)	invalid_ind (duplicated operator)
selectFwe(0.014442792202435842);minMaxScaler();minMaxScaler();selectFwe(0.008154926129546582);adaBoost(decisionTree('entropy',20,4,0.8562771389130047,20,'None'),32,0.19666825807181484,'SAMME')	invalid_ind (duplicated operator)	invalid_ind (duplicated operator)
nystroem('poly',0.014195095503263807,48,2,0.08154489278859844);maxAbsScaler();maxAbsScaler();fastICA(54,'deflation','arbitrary-variance','exp');varianceThreshold();minMaxScaler();mlpClassifier((94, 19),0.0035576576385947852,0.339507963138615,'sgd','relu')	invalid_ind (duplicated operator)	invalid_ind (duplicated operator)
minMaxScaler();maxAbsScaler();multinomialNB(14.543848286903104,True)	0.20407407407407407	1.9898509979248047
varianceThreshold();varianceThreshold();nystroem('cosine',3.4878415009605916,73,5,-0.31511366869620727);maxAbsScaler();fastICA(50,'parallel','unit-variance','logcosh');minMaxScaler();adaBoost(decisionTree('gini',3,16,0.6521538633106674,10,'balanced'),14,0.8121983926656746,'SAMME')	invalid_ind (duplicated operator)	invalid_ind (duplicated operator)
nystroem('poly',0.535918127491515,75,5,0.9039671844539274);maxAbsScaler();pca(0.7877955768519503,True);maxAbsScaler();varianceThreshold();selectFwe(0.018793868640708627);maxAbsScaler();multinomialNB(14.543848286903104,True)	invalid_ind (duplicated operator)	invalid_ind (duplicated operator)
nystroem('rbf',0.6523880507402764,45,4,0.41252309451027713);multinomialNB(36.87483075923989,True)	eval_error (Negative values in data passed to MultinomialNB (input X).)	eval_error (Negative values in data passed to MultinomialNB (input X).)
varianceThreshold();varianceThreshold();nystroem('cosine',3.4878415009605916,73,5,-0.31511366869620727);maxAbsScaler();fastICA(50,'parallel','unit-variance','logcosh');minMaxScaler();qda(0.8171380001725462)	invalid_ind (duplicated operator)	invalid_ind (duplicated operator)
maxAbsScaler();maxAbsScaler();minMaxScaler();lda(0.4241197773808294,170,0.006711473841465632)	invalid_ind (duplicated operator)	invalid_ind (duplicated operator)
varianceThreshold();varianceThreshold();nystroem('cosine',3.4878415009605916,73,5,-0.31511366869620727);maxAbsScaler();fastICA(50,'parallel','unit-variance','logcosh');maxAbsScaler();multinomialNB(14.543848286903104,True)	invalid_ind (duplicated operator)	invalid_ind (duplicated operator)
maxAbsScaler();robustScaler(False,True);nystroem('cosine',2.3695199774104716,90,3,0.3536970796999488);adaBoost(decisionTree('entropy',4,12,0.8955753946414917,17,'None'),74,1.4932288908626732,'SAMME')	0.554074074074074	cached
varianceThreshold();lda(0.31560514986441923,208,0.012704808846704014)	eval_error (n_components cannot be larger than min(n_features, n_classes - 1).)	eval_error (n_components cannot be larger than min(n_features, n_classes - 1).)
robustScaler(True,True);minMaxScaler();kNN(2,'distance',1)	0.6681481481481482	2.696291208267212
varianceThreshold();maxAbsScaler();minMaxScaler();adaBoost(decisionTree('entropy',8,17,0.8170863477387695,17,'balanced'),89,0.4577973427625389,'SAMME')	0.5174074074074074	3.893669843673706
minMaxScaler();nystroem('cosine',7.556033650403374,90,5,-0.5536084395066585);adaBoost(decisionTree('gini',10,4,0.8585144063565593,10,'None'),30,0.5888670915381928,'SAMME')	0.6194444444444444	cached
robustScaler(True,True);selectPercentile(90.1038273587697);selectFwe(0.0326841797004676);randomForest(86,'entropy',0.6956345264363321,14,3,False,'balanced_subsample')	0.6383333333333334	cached
varianceThreshold();logisticRegression('l1','newton-cg',1000,12.568882388547669,'balanced')	eval_error (Solver newton-cg supports only 'l2' or None penalties, got l1 penalty.)	eval_error (Solver newton-cg supports only 'l2' or None penalties, got l1 penalty.)
robustScaler(True,True);selectPercentile(9.204553991742472);mlpClassifier((97, 3),0.04338905221155612,0.8979170621498264,'sgd','identity')	0.19629629629629627	3.2533528804779053
randomForest(79,'entropy',0.505433262868637,12,6,False,'balanced_subsample')	0.6181481481481481	3.7975616455078125
randomForest(79,'entropy',0.505433262868637,12,6,False,'balanced_subsample')	0.6181481481481481	4.124600172042847
varianceThreshold();mlpClassifier((94, 19),0.0035576576385947852,0.6016185865695745,'adam','identity')	0.2185185185185185	3.1618998050689697
minMaxScaler();selectFwe(0.021545208688461062);selectPercentile(11.119971147298271);varianceThreshold();selectPercentile(42.913231208662765);logisticRegression('l1','lbfgs',1000,12.568882388547669,'None')	invalid_ind (duplicated operator)	invalid_ind (duplicated operator)
robustScaler(True,True);minMaxScaler();mlpClassifier((97, 3),0.04338905221155612,0.8979170621498264,'sgd','identity')	eval_error (Solver produced non-finite parameter weights. The input data may contain large values and need to be preprocessed.)	eval_error (Solver produced non-finite parameter weights. The input data may contain large values and need to be preprocessed.)
robustScaler(True,True);selectPercentile(9.204553991742472);logisticRegression('None','liblinear',1000,4.524850237101351,'None')	eval_error (C=np.inf as well as penalty=None is not supported for the liblinear solver)	eval_error (C=np.inf as well as penalty=None is not supported for the liblinear solver)
maxAbsScaler();fastICA(44,'deflation','arbitrary-variance','logcosh');fastICA(73,'parallel','unit-variance','exp');mlpClassifier((97, 3),0.04338905221155612,0.8979170621498264,'sgd','identity')	invalid_ind (duplicated operator)	invalid_ind (duplicated operator)
maxAbsScaler();adaBoost(decisionTree('gini',21,5,0.3563198884690598,1,'None'),89,0.10631158193585655,'SAMME')	0.7262962962962962	4.931847333908081
nystroem('poly',2.3695199774104716,54,3,0.3536970796999488);kNN(2,'distance',1)	0.675925925925926	4.074706077575684
maxAbsScaler();maxAbsScaler();adaBoost(decisionTree('entropy',4,12,0.8955753946414917,17,'None'),74,1.4932288908626732,'SAMME')	invalid_ind (duplicated operator)	invalid_ind (duplicated operator)
varianceThreshold();varianceThreshold();nystroem('cosine',3.4878415009605916,73,5,0.41252309451027713);maxAbsScaler();fastICA(50,'parallel','unit-variance','logcosh');maxAbsScaler();qda(0.8171380001725462)	invalid_ind (duplicated operator)	invalid_ind (duplicated operator)
robustScaler(True,True);selectPercentile(90.1038273587697);selectFwe(0.0326841797004676);randomForest(86,'entropy',0.6956345264363321,14,3,False,'balanced_subsample')	0.6383333333333334	4.617447137832642
maxAbsScaler();selectPercentile(9.204553991742472);minMaxScaler();lda(0.4241197773808294,170,0.006711473841465632)	eval_error (n_components cannot be larger than min(n_features, n_classes - 1).)	eval_error (n_components cannot be larger than min(n_features, n_classes - 1).)
selectFwe(0.014442792202435842);minMaxScaler();minMaxScaler();selectFwe(0.008154926129546582);adaBoost(decisionTree('entropy',20,4,0.8562771389130047,20,'None'),32,0.19666825807181484,'SAMME')	invalid_ind (duplicated operator)	invalid_ind (duplicated operator)
nystroem('rbf',0.6523880507402764,45,4,-0.31511366869620727);gaussianNB(0.0059729857275077165)	0.5853703703703703	3.013721227645874
adaBoost(decisionTree('entropy',12,6,0.25945266013498836,9,'balanced'),89,0.10631158193585655,'SAMME')	0.6685185185185187	5.940124750137329
mlpClassifier((85, 5),0.013374859278454247,0.9769018800688869,'sgd','relu')	0.16666666666666666	3.10819673538208
maxAbsScaler();adaBoost(decisionTree('entropy',24,13,0.0014632322837967449,10,'None'),73,0.2164989002043613,'SAMME')	0.6027777777777779	4.648685455322266
maxAbsScaler();nystroem('poly',0.014195095503263807,54,2,0.08154489278859844);adaBoost(decisionTree('gini',4,12,0.8955753946414917,1,'None'),74,1.4932288908626732,'SAMME')	0.5653703703703703	6.671900510787964
nystroem('poly',2.3695199774104716,48,3,0.3536970796999488);minMaxScaler();minMaxScaler();fastICA(54,'deflation','arbitrary-variance','exp');varianceThreshold();minMaxScaler();mlpClassifier((94, 19),0.0035576576385947852,0.339507963138615,'sgd','identity')	invalid_ind (duplicated operator)	invalid_ind (duplicated operator)
maxAbsScaler();multinomialNB(14.543848286903104,True)	0.18814814814814815	2.106142282485962
varianceThreshold();varianceThreshold();nystroem('cosine',3.4878415009605916,73,5,-0.31511366869620727);maxAbsScaler();fastICA(50,'parallel','unit-variance','logcosh');robustScaler(True,True);qda(0.8171380001725462)	invalid_ind (duplicated operator)	invalid_ind (duplicated operator)
minMaxScaler();minMaxScaler();mlpClassifier((97, 3),0.04338905221155612,0.8979170621498264,'sgd','identity')	invalid_ind (duplicated operator)	invalid_ind (duplicated operator)
nystroem('poly',2.3695199774104716,48,3,0.3536970796999488);minMaxScaler();minMaxScaler();fastICA(54,'deflation','arbitrary-variance','exp');varianceThreshold();minMaxScaler();mlpClassifier((94, 19),0.0035576576385947852,0.339507963138615,'sgd','identity')	invalid_ind (duplicated operator)	invalid_ind (duplicated operator)
nystroem('poly',2.3695199774104716,54,3,0.3536970796999488);kNN(2,'distance',1)	0.675925925925926	cached
robustScaler(True,True);selectPercentile(90.1038273587697);varianceThreshold();randomForest(86,'entropy',0.6956345264363321,14,3,False,'balanced_subsample')	0.6199999999999999	cached
robustScaler(True,True);selectPercentile(90.1038273587697);varianceThreshold();randomForest(86,'entropy',0.6956345264363321,14,3,False,'balanced_subsample')	0.6199999999999999	cached
varianceThreshold();varianceThreshold();nystroem('cosine',3.4878415009605916,73,5,-0.31511366869620727);maxAbsScaler();fastICA(50,'parallel','unit-variance','logcosh');minMaxScaler();qda(0.8171380001725462)	invalid_ind (duplicated operator)	invalid_ind (duplicated operator)
robustScaler(True,True);selectPercentile(90.1038273587697);varianceThreshold();randomForest(86,'entropy',0.6956345264363321,14,3,False,'balanced_subsample')	0.6199999999999999	cached
nystroem('poly',0.014195095503263807,48,2,0.08154489278859844);maxAbsScaler();maxAbsScaler();fastICA(54,'deflation','arbitrary-variance','exp');varianceThreshold();minMaxScaler();adaBoost(decisionTree('entropy',12,6,0.25945266013498836,9,'balanced'),89,0.10631158193585655,'SAMME')	invalid_ind (duplicated operator)	invalid_ind (duplicated operator)
mlpClassifier((94, 19),0.0035576576385947852,0.339507963138615,'sgd','relu')	0.16666666666666666	2.0257959365844727
robustScaler(True,True);selectPercentile(90.1038273587697);varianceThreshold();lda(0.4241197773808294,170,0.006711473841465632)	eval_error (n_components cannot be larger than min(n_features, n_classes - 1).)	eval_error (n_components cannot be larger than min(n_features, n_classes - 1).)
maxAbsScaler();maxAbsScaler();minMaxScaler();randomForest(86,'entropy',0.6956345264363321,14,3,False,'balanced_subsample')	invalid_ind (duplicated operator)	invalid_ind (duplicated operator)
maxAbsScaler();adaBoost(decisionTree('entropy',24,13,0.0014632322837967449,10,'None'),73,0.2164989002043613,'SAMME')	0.6027777777777779	cached
mlpClassifier((85, 5),0.013374859278454247,0.9769018800688869,'sgd','relu')	0.16666666666666666	2.8507440090179443
selectFwe(0.014442792202435842);minMaxScaler();minMaxScaler();selectFwe(0.008154926129546582);adaBoost(decisionTree('entropy',20,4,0.8562771389130047,20,'None'),32,0.19666825807181484,'SAMME')	invalid_ind (duplicated operator)	invalid_ind (duplicated operator)
robustScaler(True,True);selectPercentile(90.1038273587697);fastICA(73,'parallel','unit-variance','exp');randomForest(86,'entropy',0.6956345264363321,14,3,False,'balanced_subsample')	0.5661111111111111	4.583239793777466
maxAbsScaler();selectPercentile(35.97231950751713);minMaxScaler();lda(0.4241197773808294,170,0.09814641593803955)	eval_error (n_components cannot be larger than min(n_features, n_classes - 1).)	eval_error (n_components cannot be larger than min(n_features, n_classes - 1).)
nystroem('poly',2.3695199774104716,54,3,0.3536970796999488);adaBoost(decisionTree('entropy',24,7,0.22509934230030493,5,'None'),72,0.809010512563863,'SAMME')	0.597037037037037	5.303898572921753
nystroem('sigmoid',0.5365040772013308,19,4,-0.5895672704437482);maxAbsScaler();varianceThreshold();robustScaler(True,True);nystroem('sigmoid',0.4370230077195086,98,2,-0.5648574632988834);kNN(2,'distance',1)	invalid_ind (duplicated operator)	invalid_ind (duplicated operator)
maxAbsScaler();robustScaler(False,True);nystroem('cosine',2.3695199774104716,90,3,0.3536970796999488);adaBoost(decisionTree('entropy',4,12,0.8955753946414917,17,'None'),74,1.4932288908626732,'SAMME')	0.554074074074074	cached
adaBoost(decisionTree('entropy',12,6,0.25945266013498836,9,'balanced'),89,0.10631158193585655,'SAMME')	0.6685185185185187	cached
varianceThreshold();varianceThreshold();nystroem('cosine',3.4878415009605916,73,5,-0.31511366869620727);maxAbsScaler();fastICA(50,'parallel','unit-variance','logcosh');minMaxScaler();qda(0.8171380001725462)	invalid_ind (duplicated operator)	invalid_ind (duplicated operator)
selectFwe(0.014442792202435842);minMaxScaler();minMaxScaler();selectFwe(0.008154926129546582);adaBoost(decisionTree('entropy',20,4,0.8562771389130047,20,'None'),32,0.19666825807181484,'SAMME')	invalid_ind (duplicated operator)	invalid_ind (duplicated operator)
varianceThreshold();varianceThreshold();nystroem('cosine',3.4878415009605916,73,5,-0.31511366869620727);maxAbsScaler();fastICA(50,'parallel','unit-variance','logcosh');pca(0.6764173478219233,False);multinomialNB(14.543848286903104,True)	invalid_ind (duplicated operator)	invalid_ind (duplicated operator)
nystroem('poly',2.3695199774104716,48,3,0.3536970796999488);minMaxScaler();minMaxScaler();fastICA(54,'deflation','arbitrary-variance','exp');varianceThreshold();minMaxScaler();mlpClassifier((94, 19),0.0035576576385947852,0.339507963138615,'sgd','identity')	invalid_ind (duplicated operator)	invalid_ind (duplicated operator)
robustScaler(True,True);minMaxScaler();kNN(21,'distance',1)	0.5185185185185185	3.1477034091949463
robustScaler(True,True);selectPercentile(90.1038273587697);selectFwe(0.0326841797004676);randomForest(86,'entropy',0.6956345264363321,14,3,False,'balanced_subsample')	0.6383333333333334	cached
maxAbsScaler();fastICA(44,'deflation','arbitrary-variance','logcosh');selectFwe(0.0326841797004676);mlpClassifier((97, 3),0.04338905221155612,0.8979170621498264,'sgd','identity')	eval_error (Solver produced non-finite parameter weights. The input data may contain large values and need to be preprocessed.)	eval_error (Solver produced non-finite parameter weights. The input data may contain large values and need to be preprocessed.)
minMaxScaler();selectFwe(0.04382400809873212);maxAbsScaler();mlpClassifier((97, 3),0.04338905221155612,0.8979170621498264,'sgd','identity')	eval_error (Solver produced non-finite parameter weights. The input data may contain large values and need to be preprocessed.)	eval_error (Solver produced non-finite parameter weights. The input data may contain large values and need to be preprocessed.)
robustScaler(True,True);minMaxScaler();mlpClassifier((97, 3),0.04338905221155612,0.8979170621498264,'sgd','identity')	eval_error (Solver produced non-finite parameter weights. The input data may contain large values and need to be preprocessed.)	eval_error (Solver produced non-finite parameter weights. The input data may contain large values and need to be preprocessed.)
mlpClassifier((97, 3),0.04338905221155612,0.9769018800688869,'sgd','identity')	eval_error (Solver produced non-finite parameter weights. The input data may contain large values and need to be preprocessed.)	eval_error (Solver produced non-finite parameter weights. The input data may contain large values and need to be preprocessed.)
maxAbsScaler();nystroem('poly',0.014195095503263807,54,2,0.08154489278859844);randomForest(86,'entropy',0.6956345264363321,14,3,False,'balanced_subsample')	0.5722222222222222	7.923824071884155
nystroem('rbf',0.6523880507402764,45,4,-0.31511366869620727);multinomialNB(36.87483075923989,True)	eval_error (Negative values in data passed to MultinomialNB (input X).)	eval_error (Negative values in data passed to MultinomialNB (input X).)
maxAbsScaler();selectPercentile(9.204553991742472);minMaxScaler();lda(0.4241197773808294,170,0.006711473841465632)	eval_error (n_components cannot be larger than min(n_features, n_classes - 1).)	eval_error (n_components cannot be larger than min(n_features, n_classes - 1).)
robustScaler(True,True);minMaxScaler();mlpClassifier((85, 5),0.013374859278454247,0.8979170621498264,'sgd','relu')	0.19999999999999998	3.0194382667541504
robustScaler(True,True);minMaxScaler();adaBoost(decisionTree('entropy',8,19,0.7065975101844002,15,'None'),74,1.4932288908626732,'SAMME')	0.6024074074074075	4.888070344924927
nystroem('rbf',0.6523880507402764,45,4,0.41252309451027713);gaussianNB(0.0059729857275077165)	0.5853703703703703	3.1095333099365234
robustScaler(True,True);selectPercentile(90.1038273587697);selectFwe(0.0326841797004676);adaBoost(decisionTree('gini',4,12,0.8955753946414917,1,'None'),74,1.4932288908626732,'SAMME')	0.5831481481481482	4.2515223026275635
robustScaler(True,True);pca(0.6195726058922716,False);selectFwe(0.018793868640708627);randomForest(86,'entropy',0.6956345264363321,14,3,False,'balanced_subsample')	0.4485185185185185	3.566107749938965
nystroem('poly',0.535918127491515,75,5,0.9039671844539274);maxAbsScaler();pca(0.7877955768519503,True);maxAbsScaler();varianceThreshold();selectFwe(0.0326841797004676);maxAbsScaler();multinomialNB(14.543848286903104,True)	invalid_ind (duplicated operator)	invalid_ind (duplicated operator)
minMaxScaler();varianceThreshold();nystroem('cosine',3.4878415009605916,73,5,-0.31511366869620727);maxAbsScaler();fastICA(13,'deflation','unit-variance','logcosh');minMaxScaler();qda(0.8171380001725462)	invalid_ind (duplicated operator)	invalid_ind (duplicated operator)
varianceThreshold();varianceThreshold();nystroem('poly',0.014195095503263807,73,2,0.08154489278859844);maxAbsScaler();fastICA(50,'parallel','unit-variance','logcosh');pca(0.6764173478219233,False);multinomialNB(14.543848286903104,True)	invalid_ind (duplicated operator)	invalid_ind (duplicated operator)
maxAbsScaler();maxAbsScaler();minMaxScaler();randomForest(86,'entropy',0.6956345264363321,14,3,False,'balanced_subsample')	invalid_ind (duplicated operator)	invalid_ind (duplicated operator)
nystroem('poly',2.3695199774104716,48,3,0.3536970796999488);minMaxScaler();minMaxScaler();fastICA(54,'deflation','arbitrary-variance','exp');maxAbsScaler();minMaxScaler();mlpClassifier((94, 19),0.0035576576385947852,0.339507963138615,'sgd','identity')	invalid_ind (duplicated operator)	invalid_ind (duplicated operator)
minMaxScaler();selectFwe(0.03197921720098523);maxAbsScaler();mlpClassifier((97, 3),0.04338905221155612,0.8979170621498264,'sgd','logistic')	0.16666666666666666	2.755441904067993
mlpClassifier((97, 3),0.04338905221155612,0.8979170621498264,'sgd','identity')	eval_error (Solver produced non-finite parameter weights. The input data may contain large values and need to be preprocessed.)	eval_error (Solver produced non-finite parameter weights. The input data may contain large values and need to be preprocessed.)
varianceThreshold();maxAbsScaler();maxAbsScaler();varianceThreshold();varianceThreshold();minMaxScaler();mlpClassifier((85, 5),0.013374859278454247,0.9769018800688869,'sgd','relu')	invalid_ind (duplicated operator)	invalid_ind (duplicated operator)
nystroem('poly',0.535918127491515,75,5,0.9039671844539274);maxAbsScaler();pca(0.7877955768519503,True);maxAbsScaler();varianceThreshold();selectFwe(0.0326841797004676);maxAbsScaler();multinomialNB(14.543848286903104,True)	invalid_ind (duplicated operator)	invalid_ind (duplicated operator)
robustScaler(True,True);selectPercentile(90.1038273587697);selectFwe(0.0326841797004676);randomForest(86,'entropy',0.6956345264363321,14,3,False,'balanced_subsample')	0.6383333333333334	cached
robustScaler(True,True);minMaxScaler();mlpClassifier((85, 5),0.013374859278454247,0.8979170621498264,'sgd','relu')	0.19999999999999998	cached
varianceThreshold();varianceThreshold();nystroem('cosine',3.4878415009605916,73,5,-0.31511366869620727);maxAbsScaler();fastICA(50,'parallel','unit-variance','logcosh');minMaxScaler();qda(0.8171380001725462)	invalid_ind (duplicated operator)	invalid_ind (duplicated operator)
maxAbsScaler();adaBoost(decisionTree('entropy',12,6,0.25945266013498836,9,'balanced'),89,0.10631158193585655,'SAMME')	0.6685185185185187	cached
nystroem('poly',2.3695199774104716,54,3,0.3536970796999488);kNN(2,'distance',1)	0.675925925925926	cached
mlpClassifier((94, 19),0.0035576576385947852,0.339507963138615,'sgd','relu')	0.16666666666666666	cached
selectFwe(0.014442792202435842);minMaxScaler();minMaxScaler();selectFwe(0.008154926129546582);adaBoost(decisionTree('entropy',20,4,0.8562771389130047,20,'None'),32,0.19666825807181484,'SAMME')	invalid_ind (duplicated operator)	invalid_ind (duplicated operator)
robustScaler(True,True);selectPercentile(90.1038273587697);selectFwe(0.0326841797004676);adaBoost(decisionTree('gini',4,12,0.8955753946414917,1,'None'),74,1.4932288908626732,'SAMME')	0.5831481481481482	cached
robustScaler(True,True);selectPercentile(90.1038273587697);selectFwe(0.0326841797004676);adaBoost(decisionTree('gini',4,12,0.8955753946414917,1,'None'),74,1.4932288908626732,'SAMME')	0.5831481481481482	cached
varianceThreshold();adaBoost(decisionTree('entropy',24,7,0.22509934230030493,5,'None'),32,0.809010512563863,'SAMME')	0.5961111111111111	2.9561386108398438
robustScaler(True,True);selectPercentile(90.1038273587697);varianceThreshold();randomForest(86,'entropy',0.6956345264363321,14,3,False,'balanced_subsample')	0.6199999999999999	cached
robustScaler(True,True);selectPercentile(90.1038273587697);varianceThreshold();randomForest(86,'entropy',0.6956345264363321,14,3,False,'balanced_subsample')	0.6199999999999999	cached
nystroem('poly',0.535918127491515,75,5,0.9039671844539274);maxAbsScaler();pca(0.7877955768519503,True);maxAbsScaler();varianceThreshold();selectFwe(0.0326841797004676);maxAbsScaler();multinomialNB(14.543848286903104,True)	invalid_ind (duplicated operator)	invalid_ind (duplicated operator)
varianceThreshold();varianceThreshold();nystroem('cosine',3.4878415009605916,73,5,-0.31511366869620727);maxAbsScaler();fastICA(50,'parallel','unit-variance','logcosh');pca(0.927146341479447,False);multinomialNB(1.9902498279285767,True)	invalid_ind (duplicated operator)	invalid_ind (duplicated operator)
robustScaler(True,True);varianceThreshold();adaBoost(decisionTree('entropy',8,19,0.7065975101844002,15,'None'),74,1.4932288908626732,'SAMME')	0.606111111111111	4.041998386383057
robustScaler(True,True);minMaxScaler();kNN(21,'distance',1)	0.5185185185185185	cached
robustScaler(True,True);selectPercentile(90.1038273587697);fastICA(73,'parallel','unit-variance','exp');randomForest(86,'entropy',0.6956345264363321,14,3,False,'balanced_subsample')	0.5661111111111111	cached
maxAbsScaler();selectPercentile(35.97231950751713);minMaxScaler();lda(0.4241197773808294,170,0.09814641593803955)	eval_error (n_components cannot be larger than min(n_features, n_classes - 1).)	eval_error (n_components cannot be larger than min(n_features, n_classes - 1).)
maxAbsScaler();selectPercentile(9.204553991742472);minMaxScaler();lda(0.4241197773808294,170,0.006711473841465632)	eval_error (n_components cannot be larger than min(n_features, n_classes - 1).)	eval_error (n_components cannot be larger than min(n_features, n_classes - 1).)
maxAbsScaler();adaBoost(decisionTree('entropy',24,7,0.22509934230030493,5,'None'),72,0.809010512563863,'SAMME')	0.6448148148148148	cached
mlpClassifier((97, 3),0.04338905221155612,0.9769018800688869,'sgd','identity')	eval_error (Solver produced non-finite parameter weights. The input data may contain large values and need to be preprocessed.)	eval_error (Solver produced non-finite parameter weights. The input data may contain large values and need to be preprocessed.)
nystroem('poly',2.3695199774104716,54,3,0.3536970796999488);kNN(2,'distance',1)	0.675925925925926	4.565151214599609
maxAbsScaler();maxAbsScaler();minMaxScaler();randomForest(86,'entropy',0.6956345264363321,14,3,False,'balanced_subsample')	invalid_ind (duplicated operator)	invalid_ind (duplicated operator)
maxAbsScaler();nystroem('cosine',3.4878415009605916,54,5,-0.31511366869620727);randomForest(86,'entropy',0.6956345264363321,14,3,False,'balanced_subsample')	0.5259259259259259	7.864675521850586
varianceThreshold();varianceThreshold();nystroem('cosine',3.4878415009605916,73,5,-0.31511366869620727);maxAbsScaler();fastICA(50,'parallel','unit-variance','logcosh');minMaxScaler();qda(0.8171380001725462)	invalid_ind (duplicated operator)	invalid_ind (duplicated operator)
maxAbsScaler();maxAbsScaler();minMaxScaler();randomForest(86,'entropy',0.6956345264363321,14,3,False,'balanced_subsample')	invalid_ind (duplicated operator)	invalid_ind (duplicated operator)
maxAbsScaler();adaBoost(decisionTree('entropy',24,13,0.0014632322837967449,10,'None'),73,0.2164989002043613,'SAMME')	0.6027777777777779	4.5310797691345215
robustScaler(False,True);minMaxScaler();mlpClassifier((18, 19),0.04338905221155612,0.8979170621498264,'sgd','relu')	0.2696296296296296	2.6046221256256104
robustScaler(False,True);selectPercentile(90.1038273587697);selectFwe(0.0326841797004676);randomForest(86,'entropy',0.6956345264363321,14,3,False,'balanced_subsample')	0.6346296296296297	3.8165700435638428
maxAbsScaler();nystroem('poly',0.014195095503263807,54,2,0.08154489278859844);randomForest(86,'entropy',0.6956345264363321,14,3,False,'balanced_subsample')	0.5722222222222222	6.3521904945373535
robustScaler(True,True);minMaxScaler();mlpClassifier((97, 3),0.04338905221155612,0.8979170621498264,'sgd','identity')	eval_error (Solver produced non-finite parameter weights. The input data may contain large values and need to be preprocessed.)	eval_error (Solver produced non-finite parameter weights. The input data may contain large values and need to be preprocessed.)
maxAbsScaler();nystroem('poly',0.014195095503263807,54,2,0.08154489278859844);randomForest(86,'entropy',0.6956345264363321,14,3,False,'balanced_subsample')	0.5722222222222222	4.4939656257629395
maxAbsScaler();maxAbsScaler();minMaxScaler();randomForest(86,'entropy',0.6956345264363321,14,3,False,'balanced_subsample')	invalid_ind (duplicated operator)	invalid_ind (duplicated operator)
robustScaler(False,True);selectPercentile(90.1038273587697);selectFwe(0.0326841797004676);randomForest(86,'entropy',0.6956345264363321,14,3,False,'balanced_subsample')	0.6346296296296297	cached
robustScaler(True,True);minMaxScaler();kNN(21,'distance',1)	0.5185185185185185	cached
varianceThreshold();varianceThreshold();nystroem('cosine',3.4878415009605916,73,5,-0.31511366869620727);maxAbsScaler();fastICA(50,'parallel','unit-variance','logcosh');pca(0.927146341479447,False);logisticRegression('l2','newton-cg',1000,11.55376967535361,'None')	invalid_ind (duplicated operator)	invalid_ind (duplicated operator)
mlpClassifier((97, 3),0.04338905221155612,0.8979170621498264,'sgd','identity')	eval_error (Solver produced non-finite parameter weights. The input data may contain large values and need to be preprocessed.)	eval_error (Solver produced non-finite parameter weights. The input data may contain large values and need to be preprocessed.)
maxAbsScaler();adaBoost(decisionTree('entropy',24,7,0.22509934230030493,5,'None'),32,0.809010512563863,'SAMME')	0.616111111111111	2.4947826862335205
mlpClassifier((94, 19),0.0035576576385947852,0.04851833408515712,'sgd','identity')	eval_error (Solver produced non-finite parameter weights. The input data may contain large values and need to be preprocessed.)	eval_error (Solver produced non-finite parameter weights. The input data may contain large values and need to be preprocessed.)
nystroem('poly',2.3695199774104716,48,3,0.3536970796999488);minMaxScaler();minMaxScaler();fastICA(54,'deflation','arbitrary-variance','exp');maxAbsScaler();minMaxScaler();mlpClassifier((97, 3),0.04338905221155612,0.8979170621498264,'sgd','identity')	invalid_ind (duplicated operator)	invalid_ind (duplicated operator)
maxAbsScaler();nystroem('cosine',3.4878415009605916,54,5,-0.31511366869620727);randomForest(86,'entropy',0.6956345264363321,14,3,False,'balanced_subsample')	0.5259259259259259	cached
robustScaler(True,True);selectPercentile(90.1038273587697);fastICA(73,'parallel','unit-variance','exp');randomForest(86,'entropy',0.6956345264363321,14,3,False,'balanced_subsample')	0.5661111111111111	cached
varianceThreshold();varianceThreshold();nystroem('cosine',3.4878415009605916,73,5,-0.31511366869620727);maxAbsScaler();fastICA(50,'parallel','unit-variance','logcosh');varianceThreshold();multinomialNB(1.9902498279285767,True)	invalid_ind (duplicated operator)	invalid_ind (duplicated operator)
robustScaler(True,True);minMaxScaler();mlpClassifier((97, 3),0.04338905221155612,0.8979170621498264,'sgd','identity')	eval_error (Solver produced non-finite parameter weights. The input data may contain large values and need to be preprocessed.)	eval_error (Solver produced non-finite parameter weights. The input data may contain large values and need to be preprocessed.)
maxAbsScaler();adaBoost(decisionTree('entropy',24,7,0.22509934230030493,5,'None'),72,0.809010512563863,'SAMME')	0.6448148148148148	3.3777706623077393
mlpClassifier((97, 3),0.04338905221155612,0.9769018800688869,'sgd','identity')	eval_error (Solver produced non-finite parameter weights. The input data may contain large values and need to be preprocessed.)	eval_error (Solver produced non-finite parameter weights. The input data may contain large values and need to be preprocessed.)
maxAbsScaler();selectPercentile(9.204553991742472);minMaxScaler();lda(0.4241197773808294,170,0.006711473841465632)	eval_error (n_components cannot be larger than min(n_features, n_classes - 1).)	eval_error (n_components cannot be larger than min(n_features, n_classes - 1).)
varianceThreshold();varianceThreshold();nystroem('cosine',3.4878415009605916,73,5,-0.31511366869620727);maxAbsScaler();fastICA(50,'parallel','unit-variance','logcosh');minMaxScaler();qda(0.8171380001725462)	invalid_ind (duplicated operator)	invalid_ind (duplicated operator)
maxAbsScaler();nystroem('cosine',3.4878415009605916,54,5,-0.31511366869620727);randomForest(86,'entropy',0.6956345264363321,14,3,False,'balanced_subsample')	0.5259259259259259	cached
maxAbsScaler();nystroem('poly',0.014195095503263807,54,2,0.08154489278859844);randomForest(86,'entropy',0.6956345264363321,14,3,False,'balanced_subsample')	0.5722222222222222	cached
maxAbsScaler();maxAbsScaler();minMaxScaler();randomForest(86,'entropy',0.6956345264363321,14,3,False,'balanced_subsample')	invalid_ind (duplicated operator)	invalid_ind (duplicated operator)
robustScaler(False,True);maxAbsScaler();mlpClassifier((18, 19),0.04338905221155612,0.8979170621498264,'sgd','relu')	0.16666666666666666	2.294952154159546
minMaxScaler();selectPercentile(9.204553991742472);minMaxScaler();lda(0.4241197773808294,170,0.006711473841465632)	invalid_ind (duplicated operator)	invalid_ind (duplicated operator)
robustScaler(True,True);selectPercentile(90.1038273587697);varianceThreshold();randomForest(86,'entropy',0.6956345264363321,14,3,False,'balanced_subsample')	0.6199999999999999	cached
robustScaler(False,True);minMaxScaler();mlpClassifier((18, 19),0.04338905221155612,0.8979170621498264,'sgd','relu')	0.2696296296296296	cached
varianceThreshold();adaBoost(decisionTree('entropy',24,7,0.22509934230030493,5,'None'),72,0.809010512563863,'SAMME')	0.6448148148148148	4.023235321044922
maxAbsScaler();maxAbsScaler();minMaxScaler();randomForest(86,'entropy',0.6956345264363321,14,3,False,'balanced_subsample')	invalid_ind (duplicated operator)	invalid_ind (duplicated operator)
maxAbsScaler();adaBoost(decisionTree('entropy',24,7,0.22509934230030493,5,'None'),72,0.809010512563863,'SAMME')	0.6448148148148148	cached
robustScaler(True,True);selectPercentile(90.1038273587697);selectFwe(0.0326841797004676);randomForest(86,'entropy',0.6956345264363321,14,3,False,'balanced_subsample')	0.6383333333333334	4.201384782791138
nystroem('poly',2.9114790550015544,51,3,0.7762723062582173);kNN(2,'distance',1)	0.6792592592592593	3.5173301696777344
maxAbsScaler();nystroem('poly',1.1983302340208226,54,2,0.08154489278859844);adaBoost(decisionTree('entropy',24,13,0.0014632322837967449,10,'None'),73,0.2164989002043613,'SAMME')	0.5757407407407407	5.813663721084595
maxAbsScaler();adaBoost(decisionTree('entropy',24,13,0.0014632322837967449,10,'None'),73,0.2164989002043613,'SAMME')	0.6027777777777779	5.839281797409058
varianceThreshold();maxAbsScaler();maxAbsScaler();varianceThreshold();varianceThreshold();minMaxScaler();mlpClassifier((85, 5),0.013374859278454247,0.9769018800688869,'sgd','relu')	invalid_ind (duplicated operator)	invalid_ind (duplicated operator)
mlpClassifier((97, 3),0.04338905221155612,0.8979170621498264,'sgd','identity')	eval_error (Solver produced non-finite parameter weights. The input data may contain large values and need to be preprocessed.)	eval_error (Solver produced non-finite parameter weights. The input data may contain large values and need to be preprocessed.)
nystroem('poly',2.3695199774104716,54,3,0.3536970796999488);randomForest(86,'entropy',0.6956345264363321,14,3,False,'balanced_subsample')	0.5894444444444444	9.097115278244019
varianceThreshold();minMaxScaler();varianceThreshold();varianceThreshold();maxAbsScaler();varianceThreshold();kNN(2,'distance',1)	invalid_ind (duplicated operator)	invalid_ind (duplicated operator)
maxAbsScaler();randomForest(86,'entropy',0.6956345264363321,14,3,False,'balanced_subsample')	0.6201851851851852	4.894089698791504
maxAbsScaler();nystroem('cosine',3.4878415009605916,54,5,-0.31511366869620727);adaBoost(decisionTree('gini',4,12,0.8955753946414917,1,'None'),74,1.4932288908626732,'SAMME')	0.5218518518518518	7.485023736953735
maxAbsScaler();selectPercentile(9.204553991742472);minMaxScaler();lda(0.4241197773808294,170,0.006711473841465632)	eval_error (n_components cannot be larger than min(n_features, n_classes - 1).)	eval_error (n_components cannot be larger than min(n_features, n_classes - 1).)
robustScaler(True,True);selectPercentile(90.1038273587697);selectFwe(0.0326841797004676);adaBoost(decisionTree('gini',4,12,0.8955753946414917,1,'None'),74,1.4932288908626732,'SAMME')	0.5831481481481482	cached
maxAbsScaler();adaBoost(decisionTree('gini',21,5,0.3563198884690598,1,'None'),89,0.10631158193585655,'SAMME')	0.7262962962962962	3.8556368350982666
robustScaler(True,True);selectPercentile(90.1038273587697);fastICA(73,'parallel','unit-variance','exp');randomForest(86,'entropy',0.6956345264363321,14,3,False,'balanced_subsample')	0.5661111111111111	2.345334053039551
varianceThreshold();varianceThreshold();nystroem('cosine',3.4878415009605916,73,5,-0.31511366869620727);maxAbsScaler();fastICA(50,'parallel','unit-variance','logcosh');minMaxScaler();qda(0.8171380001725462)	invalid_ind (duplicated operator)	invalid_ind (duplicated operator)
minMaxScaler();selectPercentile(9.204553991742472);minMaxScaler();lda(0.4241197773808294,170,0.006711473841465632)	invalid_ind (duplicated operator)	invalid_ind (duplicated operator)
robustScaler(False,True);maxAbsScaler();mlpClassifier((18, 19),0.04338905221155612,0.8979170621498264,'sgd','identity')	eval_error (Solver produced non-finite parameter weights. The input data may contain large values and need to be preprocessed.)	eval_error (Solver produced non-finite parameter weights. The input data may contain large values and need to be preprocessed.)
nystroem('poly',2.3695199774104716,48,3,0.3536970796999488);minMaxScaler();minMaxScaler();varianceThreshold();maxAbsScaler();minMaxScaler();mlpClassifier((97, 3),0.04338905221155612,0.8979170621498264,'sgd','relu')	invalid_ind (duplicated operator)	invalid_ind (duplicated operator)
maxAbsScaler();adaBoost(decisionTree('entropy',24,7,0.22509934230030493,5,'None'),32,0.809010512563863,'SAMME')	0.616111111111111	cached
maxAbsScaler();maxAbsScaler();minMaxScaler();randomForest(86,'entropy',0.6956345264363321,14,3,False,'balanced_subsample')	invalid_ind (duplicated operator)	invalid_ind (duplicated operator)
robustScaler(True,True);selectPercentile(90.1038273587697);selectFwe(0.0326841797004676);mlpClassifier((85, 5),0.013374859278454247,0.9769018800688869,'sgd','relu')	0.22666666666666666	2.0170419216156006
varianceThreshold();maxAbsScaler();maxAbsScaler();varianceThreshold();varianceThreshold();minMaxScaler();randomForest(86,'entropy',0.6956345264363321,14,3,False,'balanced_subsample')	invalid_ind (duplicated operator)	invalid_ind (duplicated operator)
nystroem('poly',2.3695199774104716,48,3,0.3536970796999488);minMaxScaler();minMaxScaler();fastICA(54,'deflation','arbitrary-variance','exp');selectFwe(0.0326841797004676);minMaxScaler();mlpClassifier((97, 3),0.04338905221155612,0.8979170621498264,'sgd','identity')	invalid_ind (duplicated operator)	invalid_ind (duplicated operator)
maxAbsScaler();randomForest(86,'entropy',0.6956345264363321,14,3,False,'balanced_subsample')	0.6201851851851852	3.3027961254119873
robustScaler(False,True);selectPercentile(90.1038273587697);maxAbsScaler();randomForest(86,'entropy',0.6956345264363321,14,3,False,'balanced_subsample')	0.6199999999999999	3.946932077407837
nystroem('poly',2.9114790550015544,51,3,0.7762723062582173);randomForest(86,'entropy',0.6956345264363321,14,3,False,'balanced_subsample')	0.5174074074074074	6.658917188644409
maxAbsScaler();nystroem('poly',1.1983302340208226,54,2,0.08154489278859844);adaBoost(decisionTree('entropy',24,13,0.0014632322837967449,10,'balanced'),89,0.10631158193585655,'SAMME')	0.5537037037037036	5.3569111824035645
nystroem('poly',1.9583803940227111,94,4,-0.13462659989316927);randomForest(86,'entropy',0.6956345264363321,14,3,False,'balanced_subsample')	0.5748148148148149	9.173679828643799
nystroem('poly',2.3695199774104716,54,3,0.3536970796999488);adaBoost(decisionTree('entropy',12,6,0.25945266013498836,9,'balanced'),89,0.10631158193585655,'SAMME')	0.6318518518518519	6.200407266616821
robustScaler(False,True);selectPercentile(90.1038273587697);selectFwe(0.0326841797004676);kNN(2,'distance',1)	0.5877777777777777	2.8431928157806396
varianceThreshold();varianceThreshold();nystroem('cosine',3.4878415009605916,73,5,-0.31511366869620727);maxAbsScaler();fastICA(50,'parallel','unit-variance','logcosh');kNN(2,'distance',1)	invalid_ind (duplicated operator)	invalid_ind (duplicated operator)
varianceThreshold();minMaxScaler();varianceThreshold();varianceThreshold();maxAbsScaler();varianceThreshold();minMaxScaler();qda(0.8171380001725462)	invalid_ind (duplicated operator)	invalid_ind (duplicated operator)
robustScaler(True,True);selectPercentile(90.1038273587697);selectFwe(0.0326841797004676);randomForest(86,'entropy',0.6956345264363321,14,3,False,'balanced_subsample')	0.6383333333333334	cached
robustScaler(True,True);selectPercentile(90.1038273587697);selectFwe(0.0326841797004676);randomForest(86,'entropy',0.6956345264363321,14,3,False,'balanced_subsample')	0.6383333333333334	cached
maxAbsScaler();selectPercentile(9.204553991742472);maxAbsScaler();lda(0.4241197773808294,170,0.006711473841465632)	invalid_ind (duplicated operator)	invalid_ind (duplicated operator)
robustScaler(False,True);selectPercentile(90.1038273587697);fastICA(73,'parallel','unit-variance','exp');randomForest(86,'entropy',0.6956345264363321,14,15,False,'balanced_subsample')	0.48944444444444446	3.8924596309661865
robustScaler(False,True);maxAbsScaler();mlpClassifier((18, 19),0.04338905221155612,0.8979170621498264,'sgd','relu')	0.16666666666666666	cached
pca(0.6557708649279069,False);fastICA(34,'parallel','arbitrary-variance','exp');selectPercentile(22.45313287357819);adaBoost(decisionTree('entropy',12,6,0.25945266013498836,9,'None'),73,0.2164989002043613,'SAMME')	0.3861111111111112	4.284265041351318
varianceThreshold();varianceThreshold();nystroem('cosine',3.4878415009605916,73,5,-0.31511366869620727);maxAbsScaler();fastICA(50,'parallel','unit-variance','logcosh');pca(0.927146341479447,False);logisticRegression('l2','newton-cg',1000,11.55376967535361,'None')	invalid_ind (duplicated operator)	invalid_ind (duplicated operator)
nystroem('poly',2.9114790550015544,51,3,0.7762723062582173);kNN(2,'distance',1)	0.6792592592592593	cached
maxAbsScaler();adaBoost(decisionTree('entropy',24,13,0.0014632322837967449,10,'None'),73,0.2164989002043613,'SAMME')	0.6027777777777779	cached
robustScaler(False,True);selectPercentile(90.1038273587697);selectFwe(0.0326841797004676);randomForest(86,'entropy',0.6956345264363321,14,3,False,'balanced_subsample')	0.6346296296296297	cached
nystroem('poly',2.3695199774104716,54,3,-0.31511366869620727);kNN(2,'distance',1)	0.675925925925926	4.607589244842529
maxAbsScaler();nystroem('poly',2.3695199774104716,54,3,0.3536970796999488);adaBoost(decisionTree('entropy',24,13,0.0014632322837967449,10,'None'),73,0.2164989002043613,'SAMME')	0.5329629629629629	6.669011116027832
varianceThreshold();minMaxScaler();varianceThreshold();varianceThreshold();maxAbsScaler();varianceThreshold();kNN(2,'distance',1)	invalid_ind (duplicated operator)	invalid_ind (duplicated operator)
minMaxScaler();nystroem('poly',1.1983302340208226,54,2,0.08154489278859844);adaBoost(decisionTree('entropy',24,13,0.0014632322837967449,10,'None'),73,0.2164989002043613,'SAMME')	0.5338888888888889	6.6155641078948975
selectFwe(0.0392823053695414);adaBoost(decisionTree('entropy',24,7,0.22509934230030493,5,'None'),72,0.809010512563863,'SAMME')	0.5729629629629629	6.3070948123931885
maxAbsScaler();nystroem('poly',1.1983302340208226,54,2,0.08154489278859844);adaBoost(decisionTree('entropy',10,13,0.9362036415013172,15,'None'),80,0.5218099187174834,'SAMME')	0.5474074074074073	9.376011610031128
maxAbsScaler();nystroem('cosine',3.4878415009605916,54,5,-0.31511366869620727);mlpClassifier((85, 5),0.013374859278454247,0.9769018800688869,'sgd','relu')	0.16666666666666666	5.76163649559021
varianceThreshold();maxAbsScaler();maxAbsScaler();varianceThreshold();varianceThreshold();minMaxScaler();adaBoost(decisionTree('gini',4,12,0.8955753946414917,1,'None'),74,1.4932288908626732,'SAMME')	invalid_ind (duplicated operator)	invalid_ind (duplicated operator)
robustScaler(True,True);minMaxScaler();mlpClassifier((97, 3),0.04338905221155612,0.8979170621498264,'sgd','identity')	eval_error (Solver produced non-finite parameter weights. The input data may contain large values and need to be preprocessed.)	eval_error (Solver produced non-finite parameter weights. The input data may contain large values and need to be preprocessed.)
maxAbsScaler();adaBoost(decisionTree('entropy',12,6,0.25945266013498836,9,'balanced'),89,0.10631158193585655,'SAMME')	0.6685185185185187	6.667296409606934
maxAbsScaler();nystroem('cosine',3.4878415009605916,54,5,0.3536970796999488);adaBoost(decisionTree('gini',4,12,0.8955753946414917,1,'None'),74,1.4932288908626732,'SAMME')	0.5218518518518518	8.793579578399658
robustScaler(True,True);minMaxScaler();adaBoost(decisionTree('entropy',24,13,0.0014632322837967449,10,'None'),73,0.2164989002043613,'SAMME')	0.6027777777777779	4.5579047203063965
maxAbsScaler();maxAbsScaler();nystroem('cosine',3.4878415009605916,73,5,-0.31511366869620727);maxAbsScaler();fastICA(50,'parallel','unit-variance','logcosh');kNN(2,'distance',1)	invalid_ind (duplicated operator)	invalid_ind (duplicated operator)
varianceThreshold();maxAbsScaler();maxAbsScaler();varianceThreshold();varianceThreshold();minMaxScaler();adaBoost(decisionTree('gini',4,12,0.8955753946414917,1,'None'),74,1.4932288908626732,'SAMME')	invalid_ind (duplicated operator)	invalid_ind (duplicated operator)
robustScaler(False,True);selectPercentile(90.1038273587697);maxAbsScaler();randomForest(86,'entropy',0.6956345264363321,14,3,False,'balanced_subsample')	0.6199999999999999	cached
robustScaler(True,True);selectPercentile(90.1038273587697);selectFwe(0.0326841797004676);randomForest(86,'entropy',0.6956345264363321,14,3,False,'balanced_subsample')	0.6383333333333334	cached
robustScaler(True,True);selectPercentile(90.1038273587697);selectFwe(0.0326841797004676);randomForest(86,'entropy',0.6956345264363321,14,3,False,'balanced_subsample')	0.6383333333333334	cached
selectFwe(0.0392823053695414);adaBoost(decisionTree('entropy',24,7,0.22509934230030493,5,'None'),72,0.809010512563863,'SAMME')	0.5729629629629629	cached
robustScaler(True,True);minMaxScaler();adaBoost(decisionTree('entropy',24,13,0.0014632322837967449,10,'None'),73,0.2164989002043613,'SAMME')	0.6027777777777779	cached
maxAbsScaler();nystroem('poly',2.3695199774104716,54,3,0.3536970796999488);adaBoost(decisionTree('entropy',24,13,0.0014632322837967449,10,'None'),73,0.2164989002043613,'SAMME')	0.5329629629629629	cached
varianceThreshold();minMaxScaler();varianceThreshold();varianceThreshold();maxAbsScaler();varianceThreshold();minMaxScaler();qda(0.8171380001725462)	invalid_ind (duplicated operator)	invalid_ind (duplicated operator)
maxAbsScaler();adaBoost(decisionTree('entropy',24,13,0.0014632322837967449,10,'None'),73,0.2164989002043613,'SAMME')	0.6027777777777779	cached
pca(0.6557708649279069,False);fastICA(34,'parallel','arbitrary-variance','exp');selectPercentile(22.45313287357819);adaBoost(decisionTree('entropy',12,6,0.25945266013498836,9,'None'),73,0.2164989002043613,'SAMME')	0.3861111111111112	cached
robustScaler(True,True);selectPercentile(90.1038273587697);selectFwe(0.0326841797004676);randomForest(86,'entropy',0.6956345264363321,14,3,False,'balanced_subsample')	0.6383333333333334	2.579277276992798
maxAbsScaler();adaBoost(decisionTree('entropy',24,13,0.0014632322837967449,10,'None'),73,0.2164989002043613,'SAMME')	0.6027777777777779	2.8368287086486816
maxAbsScaler();maxAbsScaler();selectPercentile(77.2911650263623);minMaxScaler();nystroem('poly',4.949092197482372,29,4,-0.7723198328430974);nystroem('cosine',3.4878415009605916,54,5,0.3536970796999488);qda(0.8171380001725462)	invalid_ind (duplicated operator)	invalid_ind (duplicated operator)
selectFwe(0.011813723084443232);adaBoost(decisionTree('entropy',24,7,0.22509934230030493,5,'None'),72,1.4074314732884239,'SAMME')	0.597037037037037	2.8753745555877686
maxAbsScaler();nystroem('poly',1.1983302340208226,54,2,0.08154489278859844);adaBoost(decisionTree('entropy',10,13,0.9362036415013172,15,'None'),80,0.5218099187174834,'SAMME')	0.5474074074074073	cached
nystroem('poly',2.9114790550015544,51,3,0.7762723062582173);randomForest(86,'entropy',0.6956345264363321,14,3,False,'balanced_subsample')	0.5174074074074074	cached
maxAbsScaler();maxAbsScaler();minMaxScaler();randomForest(86,'entropy',0.6956345264363321,14,3,False,'balanced_subsample')	invalid_ind (duplicated operator)	invalid_ind (duplicated operator)
selectFwe(0.0392823053695414);adaBoost(decisionTree('entropy',24,7,0.22509934230030493,5,'None'),72,0.809010512563863,'SAMME')	0.5729629629629629	3.6578147411346436
maxAbsScaler();adaBoost(decisionTree('gini',21,5,0.3563198884690598,1,'None'),89,0.10631158193585655,'SAMME')	0.7262962962962962	4.005150556564331
nystroem('poly',2.9114790550015544,51,3,0.7762723062582173);kNN(2,'distance',1)	0.6792592592592593	2.706861734390259
robustScaler(True,True);minMaxScaler();kNN(2,'distance',1)	0.6681481481481482	2.520341396331787
robustScaler(False,True);selectPercentile(90.1038273587697);selectFwe(0.0326841797004676);kNN(2,'distance',1)	0.5877777777777777	cached
robustScaler(False,True);maxAbsScaler();mlpClassifier((18, 19),0.04338905221155612,0.8979170621498264,'sgd','identity')	eval_error (Solver produced non-finite parameter weights. The input data may contain large values and need to be preprocessed.)	eval_error (Solver produced non-finite parameter weights. The input data may contain large values and need to be preprocessed.)
maxAbsScaler();minMaxScaler();adaBoost(decisionTree('gini',4,12,0.8955753946414917,1,'None'),74,1.4932288908626732,'SAMME')	0.6135185185185186	4.093591928482056
robustScaler(True,True);fastICA(50,'parallel','unit-variance','logcosh');kNN(10,'distance',1)	0.5131481481481481	2.245450258255005
varianceThreshold();varianceThreshold();nystroem('cosine',3.4878415009605916,73,5,-0.31511366869620727);maxAbsScaler();minMaxScaler();adaBoost(decisionTree('entropy',24,13,0.0014632322837967449,10,'None'),73,0.2164989002043613,'SAMME')	invalid_ind (duplicated operator)	invalid_ind (duplicated operator)
maxAbsScaler();maxAbsScaler();minMaxScaler();randomForest(86,'entropy',0.6956345264363321,14,3,False,'balanced_subsample')	invalid_ind (duplicated operator)	invalid_ind (duplicated operator)
robustScaler(False,True);selectPercentile(90.1038273587697);maxAbsScaler();randomForest(86,'entropy',0.6956345264363321,14,3,False,'balanced_subsample')	0.6199999999999999	3.6783688068389893
robustScaler(False,False);selectPercentile(90.1038273587697);selectFwe(0.0326841797004676);randomForest(86,'entropy',0.6956345264363321,14,3,False,'balanced_subsample')	0.6346296296296297	3.2763845920562744
maxAbsScaler();adaBoost(decisionTree('entropy',12,6,0.25945266013498836,9,'balanced'),89,0.10631158193585655,'SAMME')	0.6685185185185187	cached
maxAbsScaler();adaBoost(decisionTree('gini',21,5,0.3563198884690598,1,'None'),89,0.10631158193585655,'SAMME')	0.7262962962962962	cached
varianceThreshold();minMaxScaler();varianceThreshold();varianceThreshold();maxAbsScaler();varianceThreshold();adaBoost(decisionTree('entropy',28,11,0.4233044713621945,20,'balanced'),18,0.5558161022909974,'SAMME')	invalid_ind (duplicated operator)	invalid_ind (duplicated operator)
maxAbsScaler();adaBoost(decisionTree('entropy',25,17,0.09043065843322673,9,'balanced'),38,0.13656746626208438,'SAMME')	eval_error (BaseClassifier in AdaBoostClassifier ensemble is worse than random, ensemble can not be fit.)	eval_error (BaseClassifier in AdaBoostClassifier ensemble is worse than random, ensemble can not be fit.)
robustScaler(True,True);minMaxScaler();kNN(2,'distance',1)	0.6681481481481482	2.386417865753174
robustScaler(True,True);minMaxScaler();kNN(2,'distance',1)	0.6681481481481482	2.3792829513549805
robustScaler(True,True);selectPercentile(90.1038273587697);selectFwe(0.0326841797004676);randomForest(86,'entropy',0.6956345264363321,14,3,False,'balanced_subsample')	0.6383333333333334	3.498304843902588
robustScaler(True,True);selectPercentile(90.1038273587697);selectFwe(0.0326841797004676);kNN(2,'distance',1)	0.5877777777777777	2.210031270980835
selectFwe(0.0392823053695414);adaBoost(decisionTree('entropy',24,7,0.22509934230030493,5,'None'),72,0.809010512563863,'SAMME')	0.5729629629629629	2.9744510650634766
robustScaler(False,True);minMaxScaler();adaBoost(decisionTree('entropy',24,13,0.0014632322837967449,10,'None'),73,0.2164989002043613,'SAMME')	0.6027777777777779	2.884958267211914
nystroem('poly',2.9114790550015544,51,3,0.7762723062582173);kNN(2,'distance',1)	0.6792592592592593	cached
robustScaler(True,True);selectPercentile(90.1038273587697);selectFwe(0.0326841797004676);kNN(2,'distance',1)	0.5877777777777777	cached
robustScaler(True,True);selectPercentile(90.1038273587697);selectFwe(0.0326841797004676);randomForest(86,'entropy',0.6956345264363321,14,3,False,'balanced_subsample')	0.6383333333333334	cached
maxAbsScaler();maxAbsScaler();minMaxScaler();randomForest(86,'entropy',0.6956345264363321,14,3,False,'balanced_subsample')	invalid_ind (duplicated operator)	invalid_ind (duplicated operator)
robustScaler(True,True);minMaxScaler();adaBoost(decisionTree('entropy',24,13,0.0014632322837967449,10,'None'),73,0.2164989002043613,'SAMME')	0.6027777777777779	cached
maxAbsScaler();adaBoost(decisionTree('entropy',12,6,0.25945266013498836,9,'balanced'),89,0.10631158193585655,'SAMME')	0.6685185185185187	cached
maxAbsScaler();adaBoost(decisionTree('entropy',12,6,0.25945266013498836,9,'balanced'),89,0.10631158193585655,'SAMME')	0.6685185185185187	cached
nystroem('poly',2.9114790550015544,51,3,0.7762723062582173);randomForest(86,'entropy',0.6956345264363321,14,3,False,'balanced_subsample')	0.5174074074074074	cached
robustScaler(True,True);selectPercentile(90.1038273587697);selectFwe(0.0326841797004676);kNN(2,'distance',1)	0.5877777777777777	cached
robustScaler(True,True);selectPercentile(90.1038273587697);selectFwe(0.0326841797004676);randomForest(86,'entropy',0.6956345264363321,14,3,False,'balanced_subsample')	0.6383333333333334	cached
minMaxScaler();fastICA(57,'deflation','arbitrary-variance','cube');fastICA(39,'parallel','unit-variance','cube');nystroem('poly',2.3695199774104716,54,3,0.3536970796999488);randomForest(86,'entropy',0.6956345264363321,14,3,False,'balanced_subsample')	invalid_ind (duplicated operator)	invalid_ind (duplicated operator)
nystroem('poly',2.9114790550015544,51,3,0.7762723062582173);kNN(2,'distance',1)	0.6792592592592593	cached
robustScaler(True,True);selectPercentile(90.1038273587697);selectFwe(0.0326841797004676);kNN(2,'distance',1)	0.5877777777777777	cached
robustScaler(False,True);selectPercentile(90.1038273587697);maxAbsScaler();adaBoost(decisionTree('entropy',24,13,0.0014632322837967449,10,'None'),73,0.2164989002043613,'SAMME')	0.5731481481481482	3.274103879928589
maxAbsScaler();adaBoost(decisionTree('entropy',12,6,0.25945266013498836,9,'balanced'),89,0.10631158193585655,'SAMME')	0.6685185185185187	3.8083713054656982
maxAbsScaler();adaBoost(decisionTree('gini',21,5,0.3563198884690598,1,'None'),89,0.10631158193585655,'SAMME')	0.7262962962962962	4.172216892242432
maxAbsScaler();nystroem('rbf',2.3695199774104716,54,3,0.3536970796999488);adaBoost(decisionTree('entropy',24,13,0.0014632322837967449,10,'None'),73,0.2164989002043613,'SAMME')	0.5496296296296296	5.048011779785156
maxAbsScaler();minMaxScaler();adaBoost(decisionTree('entropy',19,10,0.5002798709340673,8,'balanced'),78,1.0759288987093334,'SAMME')	0.6307407407407408	5.132700681686401
maxAbsScaler();maxAbsScaler();minMaxScaler();randomForest(86,'entropy',0.6956345264363321,14,3,False,'balanced_subsample')	invalid_ind (duplicated operator)	invalid_ind (duplicated operator)
robustScaler(True,True);minMaxScaler();kNN(2,'distance',1)	0.6681481481481482	2.6084201335906982
selectFwe(0.011813723084443232);adaBoost(decisionTree('entropy',22,6,0.1274307077182104,6,'None'),72,1.4074314732884239,'SAMME')	0.51	4.329082727432251
selectFwe(0.0392823053695414);adaBoost(decisionTree('entropy',24,7,0.22509934230030493,5,'None'),72,0.809010512563863,'SAMME')	0.5729629629629629	cached
robustScaler(False,False);selectPercentile(39.47281070817191);selectFwe(0.0326841797004676);randomForest(86,'entropy',0.6956345264363321,6,3,False,'balanced_subsample')	0.6427777777777777	4.373157739639282
robustScaler(True,True);selectPercentile(90.1038273587697);selectFwe(0.0326841797004676);randomForest(86,'entropy',0.6956345264363321,14,3,False,'balanced_subsample')	0.6383333333333334	cached
minMaxScaler();pca(0.5261591489473244,True);varianceThreshold();minMaxScaler();fastICA(71,'deflation','arbitrary-variance','cube');minMaxScaler();randomForest(86,'entropy',0.6956345264363321,14,3,False,'balanced_subsample')	invalid_ind (duplicated operator)	invalid_ind (duplicated operator)
nystroem('poly',2.3695199774104716,54,3,0.3536970796999488);adaBoost(decisionTree('entropy',24,7,0.22509934230030493,5,'None'),72,0.809010512563863,'SAMME')	0.597037037037037	6.224973678588867
nystroem('poly',2.9114790550015544,51,3,0.7762723062582173);randomForest(86,'entropy',0.6956345264363321,14,3,False,'balanced_subsample')	0.5174074074074074	8.22396969795227
robustScaler(False,False);selectPercentile(90.1038273587697);selectFwe(0.0326841797004676);adaBoost(decisionTree('gini',4,12,0.8955753946414917,1,'None'),74,1.4932288908626732,'SAMME')	0.5864814814814815	5.092634916305542
varianceThreshold();maxAbsScaler();maxAbsScaler();varianceThreshold();varianceThreshold();minMaxScaler();randomForest(86,'entropy',0.6956345264363321,14,3,False,'balanced_subsample')	invalid_ind (duplicated operator)	invalid_ind (duplicated operator)
robustScaler(True,True);selectPercentile(90.1038273587697);selectFwe(0.0326841797004676);randomForest(86,'entropy',0.6956345264363321,14,3,False,'balanced_subsample')	0.6383333333333334	4.391498327255249
robustScaler(True,True);varianceThreshold();kNN(10,'distance',1)	0.5685185185185184	3.4951908588409424
varianceThreshold();maxAbsScaler();maxAbsScaler();varianceThreshold();fastICA(50,'parallel','unit-variance','logcosh');minMaxScaler();adaBoost(decisionTree('gini',4,12,0.8955753946414917,1,'None'),74,1.4932288908626732,'SAMME')	invalid_ind (duplicated operator)	invalid_ind (duplicated operator)
maxAbsScaler();maxAbsScaler();minMaxScaler();randomForest(86,'entropy',0.6956345264363321,14,3,False,'balanced_subsample')	invalid_ind (duplicated operator)	invalid_ind (duplicated operator)
selectFwe(0.0392823053695414);kNN(2,'distance',1)	0.6053703703703703	2.905653953552246
maxAbsScaler();adaBoost(decisionTree('gini',21,6,0.20400675859989004,9,'None'),89,0.10631158193585655,'SAMME')	0.6101851851851852	4.03992223739624
selectFwe(0.0392823053695414);adaBoost(decisionTree('entropy',24,7,0.22509934230030493,5,'None'),72,0.809010512563863,'SAMME')	0.5729629629629629	4.064926624298096
robustScaler(False,True);adaBoost(decisionTree('gini',21,5,0.3563198884690598,1,'None'),89,0.10631158193585655,'SAMME')	0.7096296296296296	4.599040985107422
maxAbsScaler();selectPercentile(90.1038273587697);maxAbsScaler();randomForest(86,'entropy',0.6956345264363321,14,3,False,'balanced_subsample')	invalid_ind (duplicated operator)	invalid_ind (duplicated operator)
maxAbsScaler();adaBoost(decisionTree('gini',17,2,0.5597862200963497,2,'balanced'),73,0.2164989002043613,'SAMME')	0.7359259259259259	4.018287420272827
maxAbsScaler();adaBoost(decisionTree('entropy',12,5,0.3563198884690598,1,'balanced'),89,0.10631158193585655,'SAMME')	0.6862962962962962	3.29839825630188
robustScaler(True,True);selectPercentile(90.1038273587697);selectFwe(0.0326841797004676);randomForest(86,'entropy',0.6956345264363321,14,3,False,'balanced_subsample')	0.6383333333333334	cached
robustScaler(True,True);selectPercentile(90.1038273587697);selectFwe(0.0326841797004676);kNN(2,'distance',1)	0.5877777777777777	cached
varianceThreshold();maxAbsScaler();maxAbsScaler();varianceThreshold();varianceThreshold();minMaxScaler();randomForest(86,'entropy','sqrt',16,8,False,'balanced_subsample')	invalid_ind (duplicated operator)	invalid_ind (duplicated operator)
robustScaler(True,True);selectPercentile(90.1038273587697);selectFwe(0.0326841797004676);randomForest(86,'entropy',0.6956345264363321,14,3,False,'balanced_subsample')	0.6383333333333334	cached
robustScaler(True,True);selectPercentile(90.1038273587697);selectFwe(0.0326841797004676);kNN(2,'distance',1)	0.5877777777777777	cached
robustScaler(True,True);minMaxScaler();adaBoost(decisionTree('entropy',24,13,0.0014632322837967449,10,'None'),73,0.2164989002043613,'SAMME')	0.6027777777777779	cached
robustScaler(True,True);selectPercentile(90.1038273587697);selectFwe(0.0326841797004676);kNN(2,'distance',1)	0.5877777777777777	cached
robustScaler(True,True);selectPercentile(90.1038273587697);maxAbsScaler();kNN(2,'distance',1)	0.6685185185185185	2.039724826812744
robustScaler(True,True);selectPercentile(15.244955633978607);selectFwe(0.0326841797004676);randomForest(68,'entropy',0.6956345264363321,14,3,False,'balanced_subsample')	0.4568518518518519	2.7357163429260254
maxAbsScaler();adaBoost(decisionTree('gini',17,2,0.5597862200963497,2,'balanced'),73,0.2164989002043613,'SAMME')	0.7359259259259259	cached
robustScaler(True,True);minMaxScaler();adaBoost(decisionTree('gini',24,13,0.0014632322837967449,10,'None'),73,0.2164989002043613,'SAMME')	0.6235185185185185	3.2973546981811523
maxAbsScaler();adaBoost(decisionTree('gini',17,2,0.5597862200963497,2,'balanced'),73,0.2164989002043613,'SAMME')	0.7359259259259259	4.234733581542969
minMaxScaler();fastICA(57,'deflation','arbitrary-variance','cube');fastICA(39,'parallel','unit-variance','cube');nystroem('poly',2.3695199774104716,54,3,0.3536970796999488);randomForest(86,'entropy',0.6956345264363321,14,3,False,'balanced_subsample')	invalid_ind (duplicated operator)	invalid_ind (duplicated operator)
maxAbsScaler();adaBoost(decisionTree('entropy',12,5,0.3563198884690598,1,'balanced'),89,0.10631158193585655,'SAMME')	0.6862962962962962	4.496961355209351
nystroem('poly',2.3695199774104716,54,3,0.3536970796999488);kNN(2,'distance',1)	0.675925925925926	3.6768853664398193
selectFwe(0.02507091658402152);adaBoost(decisionTree('entropy',10,6,0.25945266013498836,9,'balanced'),89,1.5304981388820953,'SAMME')	0.49759259259259264	5.028884172439575
robustScaler(True,True);selectPercentile(90.1038273587697);selectFwe(0.0326841797004676);kNN(2,'distance',1)	0.5877777777777777	cached
maxAbsScaler();adaBoost(decisionTree('entropy',12,6,0.25945266013498836,9,'balanced'),89,0.10631158193585655,'SAMME')	0.6685185185185187	cached
robustScaler(True,True);selectPercentile(90.1038273587697);selectFwe(0.0326841797004676);randomForest(86,'entropy',0.6641401178838762,14,3,False,'balanced_subsample')	0.6383333333333334	4.103027820587158
robustScaler(False,False);selectPercentile(39.47281070817191);selectFwe(0.0326841797004676);randomForest(86,'entropy',0.6956345264363321,6,3,False,'balanced_subsample')	0.6427777777777777	cached
robustScaler(False,False);selectPercentile(39.47281070817191);selectFwe(0.0326841797004676);randomForest(86,'entropy',0.6956345264363321,6,3,False,'balanced_subsample')	0.6427777777777777	cached
nystroem('poly',2.9114790550015544,51,3,0.7762723062582173);kNN(2,'distance',1)	0.6792592592592593	cached
nystroem('poly',2.9114790550015544,51,3,0.7762723062582173);kNN(2,'distance',1)	0.6792592592592593	cached
selectFwe(0.0392823053695414);adaBoost(decisionTree('entropy',24,7,0.22509934230030493,5,'None'),72,0.809010512563863,'SAMME')	0.5729629629629629	cached
maxAbsScaler();adaBoost(decisionTree('gini',21,6,0.20400675859989004,9,'None'),89,0.10631158193585655,'SAMME')	0.6101851851851852	cached
minMaxScaler();pca(0.5649055778841248,True);logisticRegression('l2','saga',1000,4.454570018222778,'balanced')	0.40166666666666667	3.1296298503875732
maxAbsScaler();adaBoost(decisionTree('entropy',12,6,0.8784398658016668,9,'balanced'),17,0.10631158193585655,'SAMME')	0.584074074074074	4.25357985496521
maxAbsScaler();adaBoost(decisionTree('gini',21,5,0.3563198884690598,1,'None'),89,0.10631158193585655,'SAMME')	0.7262962962962962	4.79638671875
minMaxScaler();fastICA(57,'deflation','arbitrary-variance','cube');fastICA(39,'parallel','unit-variance','cube');nystroem('poly',2.3695199774104716,54,3,0.3536970796999488);randomForest(86,'entropy',0.6956345264363321,14,3,False,'balanced_subsample')	invalid_ind (duplicated operator)	invalid_ind (duplicated operator)
robustScaler(True,True);selectPercentile(90.1038273587697);selectFwe(0.0326841797004676);randomForest(86,'entropy',0.6956345264363321,14,3,False,'balanced_subsample')	0.6383333333333334	cached
maxAbsScaler();adaBoost(decisionTree('entropy',12,5,0.25945266013498836,9,'balanced'),89,0.10631158193585655,'SAMME')	0.6685185185185187	5.050036907196045
maxAbsScaler();selectPercentile(90.1038273587697);selectFwe(0.0326841797004676);randomForest(86,'entropy',0.6956345264363321,14,3,False,'balanced_subsample')	0.6383333333333334	4.912255048751831
maxAbsScaler();adaBoost(decisionTree('entropy',12,5,0.3563198884690598,1,'balanced'),89,0.10631158193585655,'SAMME')	0.6862962962962962	5.0293238162994385
minMaxScaler();fastICA(57,'deflation','arbitrary-variance','cube');maxAbsScaler();nystroem('poly',2.3695199774104716,54,3,0.3536970796999488);randomForest(86,'entropy',0.6956345264363321,14,3,False,'balanced_subsample')	0.4812962962962962	7.828800439834595
maxAbsScaler();adaBoost(decisionTree('gini',21,6,0.20400675859989004,9,'None'),89,0.10631158193585655,'SAMME')	0.6101851851851852	4.489268779754639
maxAbsScaler();adaBoost(decisionTree('entropy',7,11,0.28571516917924633,15,'None'),48,0.10631158193585655,'SAMME')	0.5485185185185186	3.739164352416992
robustScaler(False,False);selectPercentile(39.47281070817191);selectFwe(0.0326841797004676);randomForest(86,'entropy',0.6956345264363321,6,3,False,'balanced_subsample')	0.6427777777777777	3.598106622695923
robustScaler(True,True);adaBoost(decisionTree('gini',21,5,0.3563198884690598,1,'None'),89,0.10631158193585655,'SAMME')	0.7096296296296296	4.768404722213745
robustScaler(True,True);selectPercentile(90.1038273587697);selectFwe(0.0326841797004676);randomForest(86,'entropy',0.6956345264363321,14,3,False,'balanced_subsample')	0.6383333333333334	3.1007227897644043
fastICA(39,'parallel','unit-variance','cube');adaBoost(decisionTree('entropy',12,5,0.3563198884690598,1,'balanced'),89,0.10631158193585655,'SAMME')	0.5803703703703704	3.9437880516052246
robustScaler(False,True);selectPercentile(90.1038273587697);maxAbsScaler();kNN(2,'distance',1)	0.602962962962963	1.9947974681854248
pca(0.9144079287934966,False);adaBoost(decisionTree('gini',21,5,0.3563198884690598,1,'None'),89,0.10631158193585655,'SAMME')	0.5270370370370371	3.1627142429351807
maxAbsScaler();adaBoost(decisionTree('gini',21,5,0.3563198884690598,1,'None'),89,0.10631158193585655,'SAMME')	0.7262962962962962	3.717571496963501
robustScaler(True,True);selectPercentile(90.1038273587697);adaBoost(decisionTree('gini',17,2,0.5597862200963497,2,'balanced'),73,0.2164989002043613,'SAMME')	0.6648148148148147	3.856861114501953
maxAbsScaler();maxAbsScaler();kNN(2,'distance',1)	invalid_ind (duplicated operator)	invalid_ind (duplicated operator)
maxAbsScaler();adaBoost(decisionTree('gini',14,16,0.5513698795164818,10,'balanced'),89,0.10631158193585655,'SAMME')	0.6257407407407407	4.730889797210693
robustScaler(True,False);selectPercentile(39.47281070817191);selectFwe(0.0326841797004676);randomForest(86,'entropy',0.6956345264363321,6,3,False,'balanced_subsample')	0.6594444444444444	3.3486852645874023
robustScaler(True,True);selectPercentile(90.1038273587697);selectFwe(0.0326841797004676);randomForest(86,'entropy',0.6956345264363321,14,3,False,'balanced_subsample')	0.6383333333333334	cached
robustScaler(True,True);minMaxScaler();selectFwe(0.0326841797004676);kNN(2,'distance',1)	0.6077777777777778	2.3938984870910645
selectPercentile(77.6967591625968);fastICA(57,'deflation','arbitrary-variance','cube');fastICA(39,'parallel','unit-variance','cube');nystroem('poly',2.3695199774104716,54,3,0.3536970796999488);randomForest(86,'entropy',0.6956345264363321,14,3,False,'balanced_subsample')	invalid_ind (duplicated operator)	invalid_ind (duplicated operator)
robustScaler(False,True);selectPercentile(24.901788235821066);selectFwe(0.0326841797004676);randomForest(72,'entropy',0.6956345264363321,6,3,False,'balanced_subsample')	0.4674074074074074	3.5762341022491455
robustScaler(True,True);selectPercentile(90.1038273587697);selectFwe(0.0326841797004676);randomForest(86,'entropy',0.6956345264363321,14,3,False,'balanced_subsample')	0.6383333333333334	4.32197904586792
robustScaler(True,True);selectPercentile(90.1038273587697);selectFwe(0.008496634936051217);randomForest(86,'entropy',0.6956345264363321,14,3,False,'balanced_subsample')	0.6383333333333334	3.8703253269195557
robustScaler(False,False);selectPercentile(90.1038273587697);maxAbsScaler();kNN(2,'distance',1)	0.602962962962963	2.8195366859436035
robustScaler(True,True);adaBoost(decisionTree('entropy',12,5,0.25945266013498836,9,'balanced'),89,0.10631158193585655,'SAMME')	0.6685185185185187	5.6278321743011475
maxAbsScaler();adaBoost(decisionTree('gini',21,5,0.3563198884690598,1,'None'),89,0.10631158193585655,'SAMME')	0.7262962962962962	4.715714454650879
robustScaler(True,True);selectPercentile(90.1038273587697);selectFwe(0.0326841797004676);randomForest(86,'entropy',0.6956345264363321,14,3,True,'balanced_subsample')	0.6553703703703704	4.8622472286224365
robustScaler(True,True);selectPercentile(90.1038273587697);selectFwe(0.0326841797004676);kNN(2,'distance',1)	0.5877777777777777	cached
robustScaler(True,True);selectPercentile(39.47281070817191);selectFwe(0.0326841797004676);randomForest(86,'entropy',0.6956345264363321,6,3,False,'balanced_subsample')	0.6427777777777777	4.069320917129517
maxAbsScaler();adaBoost(decisionTree('entropy',12,5,0.3563198884690598,1,'balanced'),89,0.10631158193585655,'SAMME')	0.6862962962962962	cached
robustScaler(True,True);selectPercentile(90.1038273587697);selectFwe(0.0326841797004676);randomForest(86,'entropy',0.6956345264363321,14,3,False,'balanced_subsample')	0.6383333333333334	3.7953083515167236
maxAbsScaler();adaBoost(decisionTree('gini',17,2,0.5597862200963497,2,'balanced'),89,0.10631158193585655,'SAMME')	0.6859259259259259	5.62011981010437
robustScaler(True,True);adaBoost(decisionTree('gini',14,4,0.3543324926143999,14,'None'),89,0.10631158193585655,'SAMME')	0.6181481481481483	4.491250514984131
nystroem('sigmoid',0.48564255268356255,71,3,0.0379552206062066);kNN(2,'distance',1)	0.16666666666666666	3.95230770111084
minMaxScaler();minMaxScaler();nystroem('sigmoid',0.0900359966946997,97,4,-0.7394166763641075);selectPercentile(90.1038273587697);maxAbsScaler();kNN(2,'distance',1)	invalid_ind (duplicated operator)	invalid_ind (duplicated operator)
nystroem('poly',2.9114790550015544,51,3,0.7762723062582173);kNN(2,'distance',1)	0.6792592592592593	cached
maxAbsScaler();adaBoost(decisionTree('gini',8,8,0.5676973712861412,6,'None'),89,0.10631158193585655,'SAMME')	0.6209259259259259	5.493174314498901
maxAbsScaler();adaBoost(decisionTree('gini',21,5,0.3563198884690598,1,'None'),89,0.10631158193585655,'SAMME')	0.7262962962962962	cached
maxAbsScaler();adaBoost(decisionTree('gini',5,2,0.5597862200963497,2,'balanced'),73,0.2164989002043613,'SAMME')	0.7125925925925927	5.415055751800537
robustScaler(True,True);selectPercentile(90.1038273587697);selectFwe(0.0326841797004676);randomForest(86,'entropy',0.6956345264363321,14,3,False,'balanced_subsample')	0.6383333333333334	cached
robustScaler(True,True);selectPercentile(90.1038273587697);selectFwe(0.0326841797004676);kNN(2,'distance',1)	0.5877777777777777	cached
maxAbsScaler();adaBoost(decisionTree('entropy',12,6,0.25945266013498836,9,'balanced'),89,0.10631158193585655,'SAMME')	0.6685185185185187	cached
robustScaler(False,False);selectPercentile(39.47281070817191);selectFwe(0.0326841797004676);randomForest(86,'entropy',0.6956345264363321,6,3,False,'balanced_subsample')	0.6427777777777777	cached
maxAbsScaler();adaBoost(decisionTree('entropy',12,5,0.3563198884690598,1,'balanced'),73,0.2164989002043613,'SAMME')	0.6796296296296296	5.282944202423096
nystroem('poly',2.9114790550015544,51,3,0.7762723062582173);adaBoost(decisionTree('gini',21,5,0.3563198884690598,1,'None'),89,0.10631158193585655,'SAMME')	0.6127777777777779	5.901097297668457
nystroem('poly',2.3695199774104716,54,3,0.3536970796999488);kNN(2,'distance',1)	0.675925925925926	3.3120815753936768
fastICA(39,'parallel','unit-variance','cube');adaBoost(decisionTree('entropy',12,5,0.3563198884690598,1,'balanced'),89,0.10631158193585655,'SAMME')	0.5803703703703704	5.246566534042358
robustScaler(True,True);kNN(2,'distance',1)	0.6335185185185186	2.106844186782837
robustScaler(True,True);selectPercentile(90.1038273587697);selectFwe(0.0326841797004676);randomForest(86,'entropy',0.6956345264363321,14,3,False,'balanced_subsample')	0.6383333333333334	2.7925610542297363
robustScaler(True,True);minMaxScaler();adaBoost(decisionTree('entropy',22,13,0.9761610918257522,8,'balanced'),96,1.664853020402191,'SAMME')	0.6264814814814815	3.265883207321167
maxAbsScaler();adaBoost(decisionTree('entropy',12,5,0.3563198884690598,1,'balanced'),73,0.2164989002043613,'SAMME')	0.6796296296296296	cached
maxAbsScaler();adaBoost(decisionTree('gini',21,5,0.3563198884690598,1,'None'),89,0.10631158193585655,'SAMME')	0.7262962962962962	cached
maxAbsScaler();adaBoost(decisionTree('gini',14,16,0.5513698795164818,10,'balanced'),89,0.10631158193585655,'SAMME')	0.6257407407407407	cached
maxAbsScaler();adaBoost(decisionTree('gini',21,5,0.3563198884690598,1,'None'),89,0.10631158193585655,'SAMME')	0.7262962962962962	cached
maxAbsScaler();adaBoost(decisionTree('entropy',12,5,0.3563198884690598,1,'balanced'),73,0.2164989002043613,'SAMME')	0.6796296296296296	cached
robustScaler(True,True);adaBoost(decisionTree('entropy',12,5,0.25945266013498836,9,'balanced'),89,0.10631158193585655,'SAMME')	0.6685185185185187	cached
maxAbsScaler();adaBoost(decisionTree('gini',17,2,0.5597862200963497,2,'balanced'),89,0.10631158193585655,'SAMME')	0.6859259259259259	cached
maxAbsScaler();adaBoost(decisionTree('gini',21,5,0.3563198884690598,1,'None'),89,0.10631158193585655,'SAMME')	0.7262962962962962	cached
robustScaler(False,True);selectPercentile(90.1038273587697);maxAbsScaler();kNN(2,'distance',1)	0.602962962962963	2.5992085933685303
robustScaler(True,True);selectPercentile(90.1038273587697);selectFwe(0.0326841797004676);randomForest(86,'entropy',0.6956345264363321,14,3,False,'balanced_subsample')	0.6383333333333334	2.761453628540039
maxAbsScaler();adaBoost(decisionTree('gini',21,5,0.3563198884690598,1,'None'),73,0.2164989002043613,'SAMME')	0.6992592592592592	3.255345106124878
nystroem('poly',2.9114790550015544,51,3,0.7762723062582173);kNN(2,'distance',1)	0.6792592592592593	3.24263334274292
maxAbsScaler();adaBoost(decisionTree('gini',17,2,0.5597862200963497,2,'balanced'),73,0.2164989002043613,'SAMME')	0.7359259259259259	3.6521012783050537
robustScaler(True,True);selectPercentile(90.1038273587697);maxAbsScaler();kNN(2,'distance',1)	0.6685185185185185	2.4764256477355957
maxAbsScaler();adaBoost(decisionTree('entropy',12,5,0.3563198884690598,1,'balanced'),73,0.2164989002043613,'SAMME')	0.6796296296296296	3.7222509384155273
maxAbsScaler();adaBoost(decisionTree('entropy',12,5,0.3563198884690598,1,'balanced'),73,0.2164989002043613,'SAMME')	0.6796296296296296	cached
robustScaler(True,True);selectPercentile(90.1038273587697);selectFwe(0.008496634936051217);randomForest(86,'entropy',0.6956345264363321,14,3,False,'balanced_subsample')	0.6383333333333334	cached
maxAbsScaler();adaBoost(decisionTree('entropy',12,4,0.8311941941283708,16,'None'),68,1.4601334848563186,'SAMME')	0.5257407407407407	3.3603389263153076
maxAbsScaler();adaBoost(decisionTree('gini',21,5,0.3563198884690598,1,'None'),89,0.10631158193585655,'SAMME')	0.7262962962962962	4.405944347381592
maxAbsScaler();adaBoost(decisionTree('entropy',12,5,0.3563198884690598,1,'balanced'),89,0.10631158193585655,'SAMME')	0.6862962962962962	4.878235578536987
fastICA(39,'parallel','unit-variance','cube');selectPercentile(90.1038273587697);selectFwe(0.0326841797004676);kNN(2,'distance',1)	0.5444444444444445	2.887505531311035
maxAbsScaler();adaBoost(decisionTree('entropy',12,5,0.3563198884690598,1,'balanced'),89,0.10631158193585655,'SAMME')	0.6862962962962962	4.479897975921631
robustScaler(True,True);selectPercentile(90.1038273587697);selectFwe(0.0326841797004676);randomForest(86,'entropy',0.6956345264363321,14,3,False,'balanced_subsample')	0.6383333333333334	4.754197597503662
robustScaler(True,True);minMaxScaler();adaBoost(decisionTree('entropy',22,13,0.9761610918257522,8,'balanced'),89,0.10631158193585655,'SAMME')	0.5818518518518518	5.9842259883880615
maxAbsScaler();adaBoost(decisionTree('gini',17,2,0.5597862200963497,2,'balanced'),73,0.10631158193585655,'SAMME')	0.725925925925926	5.543445110321045
robustScaler(True,True);adaBoost(decisionTree('entropy',12,5,0.3563198884690598,1,'balanced'),89,0.10631158193585655,'SAMME')	0.6696296296296296	5.503805875778198
robustScaler(True,True);selectPercentile(90.1038273587697);selectFwe(0.0326841797004676);randomForest(86,'entropy',0.6956345264363321,14,3,False,'balanced_subsample')	0.6383333333333334	cached
maxAbsScaler();adaBoost(decisionTree('gini',5,2,0.5597862200963497,2,'balanced'),73,0.2164989002043613,'SAMME')	0.7125925925925927	cached
maxAbsScaler();adaBoost(decisionTree('gini',21,5,0.3563198884690598,1,'None'),89,0.10631158193585655,'SAMME')	0.7262962962962962	cached
robustScaler(False,True);adaBoost(decisionTree('gini',21,5,0.3563198884690598,1,'None'),89,0.10631158193585655,'SAMME')	0.7096296296296296	cached
pca(0.7469446564081719,False);adaBoost(decisionTree('entropy',12,5,0.3563198884690598,1,'balanced'),73,0.2164989002043613,'SAMME')	0.5537037037037036	5.710045337677002
maxAbsScaler();adaBoost(decisionTree('gini',21,5,0.9583339539516342,1,'None'),89,0.10631158193585655,'SAMME')	0.6268518518518518	3.5918502807617188
robustScaler(True,True);adaBoost(decisionTree('entropy',12,5,0.25945266013498836,9,'balanced'),96,1.664853020402191,'SAMME')	0.5901851851851853	5.57416033744812
robustScaler(True,True);selectPercentile(90.1038273587697);maxAbsScaler();kNN(38,'distance',1)	0.3796296296296296	2.9380414485931396
nystroem('poly',2.9114790550015544,51,3,0.7762723062582173);adaBoost(decisionTree('gini',29,11,0.3444872663859535,7,'balanced'),87,0.6565346180138372,'SAMME')	0.5794444444444444	5.55685830116272
selectFwe(0.04979211108214695);randomForest(86,'entropy',0.6956345264363321,14,3,True,'balanced_subsample')	0.6553703703703704	4.530332565307617
maxAbsScaler();adaBoost(decisionTree('gini',17,2,0.5597862200963497,2,'None'),89,0.10631158193585655,'SAMME')	0.7011111111111111	4.338358640670776
robustScaler(True,True);logisticRegression('l2','saga',1000,4.897617566618999,'balanced')	0.7162962962962964	2.371682643890381
robustScaler(True,True);selectPercentile(90.1038273587697);selectFwe(0.0326841797004676);kNN(2,'distance',1)	0.5877777777777777	2.0558364391326904
robustScaler(False,True);adaBoost(decisionTree('gini',21,5,0.3563198884690598,1,'balanced'),89,0.10631158193585655,'SAMME')	0.6875925925925925	3.1688568592071533
maxAbsScaler();adaBoost(decisionTree('entropy',12,5,0.3563198884690598,1,'balanced'),89,0.10631158193585655,'SAMME')	0.6862962962962962	cached
maxAbsScaler();adaBoost(decisionTree('gini',17,2,0.5597862200963497,2,'balanced'),73,0.2164989002043613,'SAMME')	0.7359259259259259	cached
maxAbsScaler();adaBoost(decisionTree('entropy',12,5,0.3563198884690598,1,'balanced'),73,0.2164989002043613,'SAMME')	0.6796296296296296	cached
maxAbsScaler();adaBoost(decisionTree('gini',21,5,0.3563198884690598,1,'None'),89,0.10631158193585655,'SAMME')	0.7262962962962962	cached
varianceThreshold();maxAbsScaler();robustScaler(True,False);varianceThreshold();selectPercentile(71.58841227556057);adaBoost(decisionTree('entropy',7,16,0.37870736754059164,12,'balanced'),41,0.3021741822749574,'SAMME')	invalid_ind (duplicated operator)	invalid_ind (duplicated operator)
maxAbsScaler();kNN(2,'distance',1)	0.602962962962963	1.924487829208374
nystroem('poly',2.9114790550015544,35,3,0.7762723062582173);kNN(2,'distance',1)	0.6792592592592593	1.9733774662017822
robustScaler(True,True);selectPercentile(90.1038273587697);selectFwe(0.008496634936051217);randomForest(86,'entropy',0.6956345264363321,14,3,False,'balanced_subsample')	0.6383333333333334	cached
maxAbsScaler();adaBoost(decisionTree('entropy',12,5,0.3563198884690598,1,'balanced'),73,0.2164989002043613,'SAMME')	0.6796296296296296	cached
robustScaler(True,True);minMaxScaler();adaBoost(decisionTree('entropy',22,13,0.9761610918257522,8,'balanced'),89,0.10631158193585655,'SAMME')	0.5818518518518518	cached
maxAbsScaler();adaBoost(decisionTree('gini',14,16,0.5513698795164818,10,'balanced'),89,0.10631158193585655,'SAMME')	0.6257407407407407	cached
maxAbsScaler();adaBoost(decisionTree('gini',21,5,0.3563198884690598,1,'None'),89,0.10631158193585655,'SAMME')	0.7262962962962962	cached
robustScaler(True,True);selectPercentile(92.0687205765915);selectFwe(0.0326841797004676);randomForest(86,'entropy',0.6956345264363321,14,3,False,'balanced_subsample')	0.6383333333333334	3.040527582168579
maxAbsScaler();adaBoost(decisionTree('gini',17,2,0.5597862200963497,2,'balanced'),89,0.10631158193585655,'SAMME')	0.6859259259259259	cached
selectFwe(0.006855592920415126);randomForest(86,'entropy',0.6956345264363321,14,3,True,'balanced_subsample')	0.6553703703703704	3.9901046752929688
robustScaler(True,True);selectPercentile(90.1038273587697);maxAbsScaler();kNN(2,'distance',1)	0.6685185185185185	cached
maxAbsScaler();adaBoost(decisionTree('gini',21,5,0.3563198884690598,1,'None'),89,0.10631158193585655,'SAMME')	0.7262962962962962	cached
maxAbsScaler();adaBoost(decisionTree('gini',21,5,0.3563198884690598,1,'None'),89,0.10631158193585655,'SAMME')	0.7262962962962962	cached
maxAbsScaler();adaBoost(decisionTree('gini',21,5,0.3563198884690598,1,'None'),89,0.10631158193585655,'SAMME')	0.7262962962962962	cached
maxAbsScaler();adaBoost(decisionTree('entropy',12,2,0.3563198884690598,2,'balanced'),89,0.10631158193585655,'SAMME')	0.6742592592592592	4.212991952896118
nystroem('poly',2.3695199774104716,54,3,0.3536970796999488);kNN(2,'distance',1)	0.675925925925926	3.158479928970337
selectFwe(0.03308930350282354);adaBoost(decisionTree('gini',21,5,0.3563198884690598,1,'None'),89,0.10631158193585655,'SAMME')	0.6094444444444443	4.317500352859497
maxAbsScaler();adaBoost(decisionTree('gini',21,5,0.3563198884690598,1,'None'),89,0.10631158193585655,'SAMME')	0.7262962962962962	cached
nystroem('poly',2.9114790550015544,51,3,0.7762723062582173);adaBoost(decisionTree('gini',21,5,0.3563198884690598,1,'None'),89,0.10631158193585655,'SAMME')	0.6127777777777779	4.625858783721924
robustScaler(True,True);logisticRegression('l2','saga',1000,0.4730295315122013,'balanced')	0.6362962962962962	3.2116873264312744
maxAbsScaler();adaBoost(decisionTree('gini',5,5,0.5597862200963497,1,'balanced'),73,0.2164989002043613,'SAMME')	0.7262962962962963	4.600361108779907
maxAbsScaler();adaBoost(decisionTree('entropy',12,5,0.38861722520906883,1,'balanced'),73,0.2164989002043613,'SAMME')	0.6796296296296296	3.1722633838653564
maxAbsScaler();adaBoost(decisionTree('gini',5,2,0.5597862200963497,2,'balanced'),73,0.2164989002043613,'SAMME')	0.7125925925925927	3.55315899848938
robustScaler(True,True);selectPercentile(90.1038273587697);selectFwe(0.0326841797004676);randomForest(86,'entropy',0.6956345264363321,14,3,False,'balanced_subsample')	0.6383333333333334	cached
robustScaler(True,True);adaBoost(decisionTree('entropy',12,5,0.25945266013498836,9,'balanced'),89,0.10631158193585655,'SAMME')	0.6685185185185187	cached
robustScaler(False,False);adaBoost(decisionTree('gini',21,5,0.3563198884690598,1,'None'),89,0.10631158193585655,'SAMME')	0.7096296296296296	3.6367642879486084
maxAbsScaler();adaBoost(decisionTree('gini',21,5,0.3563198884690598,1,'None'),89,0.10631158193585655,'SAMME')	0.7262962962962962	cached
maxAbsScaler();adaBoost(decisionTree('entropy',12,5,0.3563198884690598,1,'balanced'),73,0.2164989002043613,'SAMME')	0.6796296296296296	3.8164243698120117
robustScaler(True,True);logisticRegression('l2','saga',1000,4.897617566618999,'balanced')	0.7162962962962964	2.422187566757202
maxAbsScaler();adaBoost(decisionTree('gini',21,5,0.3563198884690598,1,'None'),89,0.2164989002043613,'SAMME')	0.6962962962962963	3.388437032699585
selectFwe(0.04979211108214695);randomForest(86,'entropy',0.6956345264363321,14,3,True,'balanced_subsample')	0.6553703703703704	3.886194944381714
maxAbsScaler();adaBoost(decisionTree('gini',17,2,0.5597862200963497,2,'balanced'),73,0.10631158193585655,'SAMME')	0.725925925925926	3.678074359893799
nystroem('poly',2.9114790550015544,51,3,0.7762723062582173);randomForest(86,'entropy',0.6956345264363321,14,3,False,'balanced_subsample')	0.5174074074074074	5.674774169921875
robustScaler(False,True);adaBoost(decisionTree('gini',21,5,0.3563198884690598,1,'balanced'),89,0.10631158193585655,'SAMME')	0.6875925925925925	4.43329644203186
robustScaler(True,True);selectPercentile(90.1038273587697);selectFwe(0.028538411234105925);kNN(2,'uniform',1)	0.5394444444444445	2.579515218734741
maxAbsScaler();adaBoost(decisionTree('gini',5,2,0.5597862200963497,2,'balanced'),73,0.2164989002043613,'SAMME')	0.7125925925925927	cached
maxAbsScaler();adaBoost(decisionTree('gini',21,5,0.3563198884690598,1,'None'),89,0.10631158193585655,'SAMME')	0.7262962962962962	cached
maxAbsScaler();adaBoost(decisionTree('gini',5,2,0.5597862200963497,2,'balanced'),73,0.2164989002043613,'SAMME')	0.7125925925925927	cached
maxAbsScaler();adaBoost(decisionTree('gini',17,2,0.5597862200963497,2,'balanced'),73,0.10631158193585655,'SAMME')	0.725925925925926	cached
maxAbsScaler();adaBoost(decisionTree('gini',21,5,0.3563198884690598,1,'None'),89,0.10631158193585655,'SAMME')	0.7262962962962962	cached
maxAbsScaler();adaBoost(decisionTree('gini',5,5,0.5597862200963497,1,'balanced'),73,0.2164989002043613,'SAMME')	0.7262962962962963	cached
maxAbsScaler();adaBoost(decisionTree('gini',21,5,0.3563198884690598,1,'None'),89,0.10631158193585655,'SAMME')	0.7262962962962962	cached
maxAbsScaler();adaBoost(decisionTree('gini',21,5,0.3563198884690598,1,'None'),89,0.10631158193585655,'SAMME')	0.7262962962962962	cached
maxAbsScaler();kNN(49,'distance',2)	0.45555555555555555	2.4671974182128906
nystroem('poly',2.9114790550015544,35,3,0.7762723062582173);kNN(1,'distance',1)	0.6792592592592593	2.747035503387451
maxAbsScaler();adaBoost(decisionTree('entropy',1,14,0.07564776134445228,19,'balanced'),73,0.2164989002043613,'SAMME')	eval_error (BaseClassifier in AdaBoostClassifier ensemble is worse than random, ensemble can not be fit.)	eval_error (BaseClassifier in AdaBoostClassifier ensemble is worse than random, ensemble can not be fit.)
maxAbsScaler();adaBoost(decisionTree('gini',5,5,0.5597862200963497,1,'balanced'),73,0.2164989002043613,'SAMME')	0.7262962962962963	cached
maxAbsScaler();adaBoost(decisionTree('gini',17,2,0.5597862200963497,2,'None'),89,0.10631158193585655,'SAMME')	0.7011111111111111	4.265974521636963
maxAbsScaler();adaBoost(decisionTree('gini',21,5,0.3563198884690598,1,'None'),89,0.10631158193585655,'SAMME')	0.7262962962962962	5.21859335899353
robustScaler(True,True);selectPercentile(90.1038273587697);selectFwe(0.019398859906358392);randomForest(86,'entropy',0.6956345264363321,14,3,False,'balanced_subsample')	0.6383333333333334	3.5672919750213623
nystroem('poly',2.9114790550015544,35,3,0.7762723062582173);adaBoost(decisionTree('gini',21,5,0.3563198884690598,1,'None'),89,0.2164989002043613,'SAMME')	0.6414814814814814	4.771996259689331
maxAbsScaler();adaBoost(decisionTree('entropy',12,5,0.38861722520906883,1,'balanced'),73,0.2164989002043613,'SAMME')	0.6796296296296296	cached
maxAbsScaler();adaBoost(decisionTree('gini',5,5,0.5597862200963497,1,'balanced'),73,0.2164989002043613,'SAMME')	0.7262962962962963	cached
maxAbsScaler();adaBoost(decisionTree('entropy',12,2,0.3563198884690598,2,'balanced'),89,0.10631158193585655,'SAMME')	0.6742592592592592	5.060293197631836
maxAbsScaler();adaBoost(decisionTree('gini',21,5,0.3563198884690598,1,'balanced'),73,0.10631158193585655,'SAMME')	0.700925925925926	4.05469012260437
maxAbsScaler();adaBoost(decisionTree('entropy',12,5,0.3563198884690598,1,'balanced'),73,0.2164989002043613,'SAMME')	0.6796296296296296	4.822015047073364
robustScaler(True,True);logisticRegression('l2','saga',1000,4.897617566618999,'balanced')	0.7162962962962964	cached
maxAbsScaler();adaBoost(decisionTree('gini',21,5,0.3563198884690598,1,'None'),89,0.10631158193585655,'SAMME')	0.7262962962962962	cached
maxAbsScaler();adaBoost(decisionTree('gini',21,5,0.3563198884690598,1,'None'),89,0.10631158193585655,'SAMME')	0.7262962962962962	cached
robustScaler(True,True);selectPercentile(90.1038273587697);selectFwe(0.0326841797004676);randomForest(86,'entropy',0.6956345264363321,14,3,False,'balanced_subsample')	0.6383333333333334	cached
robustScaler(False,False);adaBoost(decisionTree('gini',21,5,0.3563198884690598,1,'None'),89,0.10631158193585655,'SAMME')	0.7096296296296296	cached
maxAbsScaler();adaBoost(decisionTree('gini',21,5,0.3563198884690598,1,'None'),89,0.10631158193585655,'SAMME')	0.7262962962962962	cached
maxAbsScaler();adaBoost(decisionTree('gini',5,5,0.5597862200963497,1,'balanced'),73,0.2164989002043613,'SAMME')	0.7262962962962963	cached
maxAbsScaler();kNN(2,'distance',1)	0.602962962962963	2.438183307647705
maxAbsScaler();adaBoost(decisionTree('gini',21,5,0.3563198884690598,1,'None'),89,0.10631158193585655,'SAMME')	0.7262962962962962	4.757370948791504
maxAbsScaler();adaBoost(decisionTree('gini',5,2,0.5597862200963497,2,'balanced'),73,0.2164989002043613,'SAMME')	0.7125925925925927	cached
maxAbsScaler();adaBoost(decisionTree('entropy',12,5,0.3563198884690598,1,'balanced'),73,0.2164989002043613,'SAMME')	0.6796296296296296	cached
maxAbsScaler();adaBoost(decisionTree('gini',21,5,0.3563198884690598,1,'None'),89,0.2164989002043613,'SAMME')	0.6962962962962963	4.756896257400513
fastICA(36,'parallel','arbitrary-variance','cube');adaBoost(decisionTree('gini',21,5,0.3563198884690598,1,'None'),89,0.10631158193585655,'SAMME')	0.5424074074074074	5.031028985977173
maxAbsScaler();adaBoost(decisionTree('gini',14,5,0.5597862200963497,1,'balanced'),36,0.2164989002043613,'SAMME')	0.6575925925925926	3.6629068851470947
maxAbsScaler();adaBoost(decisionTree('gini',17,2,0.5597862200963497,2,'balanced'),73,0.10631158193585655,'SAMME')	0.725925925925926	3.8441648483276367
nystroem('poly',2.9114790550015544,35,3,0.7762723062582173);adaBoost(decisionTree('entropy',12,5,0.3563198884690598,1,'balanced'),73,0.2164989002043613,'SAMME')	0.6257407407407407	4.938133716583252
maxAbsScaler();adaBoost(decisionTree('gini',21,5,0.3563198884690598,1,'None'),89,0.10631158193585655,'SAMME')	0.7262962962962962	3.6483101844787598
maxAbsScaler();adaBoost(decisionTree('gini',21,5,0.3563198884690598,1,'None'),89,0.2164989002043613,'SAMME')	0.6962962962962963	3.630650281906128
maxAbsScaler();adaBoost(decisionTree('gini',17,2,0.5597862200963497,2,'balanced'),73,0.2164989002043613,'SAMME')	0.7359259259259259	2.7907891273498535
maxAbsScaler();adaBoost(decisionTree('gini',21,5,0.3563198884690598,1,'None'),89,0.10631158193585655,'SAMME')	0.7262962962962962	cached
maxAbsScaler();adaBoost(decisionTree('gini',21,5,0.3563198884690598,1,'None'),89,0.10631158193585655,'SAMME')	0.7262962962962962	cached
maxAbsScaler();adaBoost(decisionTree('gini',21,5,0.3563198884690598,1,'None'),89,0.10631158193585655,'SAMME')	0.7262962962962962	cached
maxAbsScaler();adaBoost(decisionTree('gini',21,5,0.3563198884690598,1,'None'),89,0.10631158193585655,'SAMME')	0.7262962962962962	cached
maxAbsScaler();adaBoost(decisionTree('gini',21,5,0.3563198884690598,1,'None'),89,0.10631158193585655,'SAMME')	0.7262962962962962	cached
maxAbsScaler();adaBoost(decisionTree('gini',21,5,0.3563198884690598,1,'None'),89,0.10631158193585655,'SAMME')	0.7262962962962962	cached
maxAbsScaler();adaBoost(decisionTree('gini',21,5,0.3563198884690598,1,'None'),89,0.10631158193585655,'SAMME')	0.7262962962962962	2.921598434448242
maxAbsScaler();adaBoost(decisionTree('gini',5,5,0.5597862200963497,1,'balanced'),73,0.2164989002043613,'SAMME')	0.7262962962962963	3.0379343032836914
maxAbsScaler();adaBoost(decisionTree('gini',21,5,0.39537276393451415,1,'None'),89,0.10631158193585655,'SAMME')	0.7262962962962962	3.475430965423584
maxAbsScaler();adaBoost(decisionTree('gini',21,5,0.3563198884690598,1,'None'),89,0.10631158193585655,'SAMME')	0.7262962962962962	cached
maxAbsScaler();adaBoost(decisionTree('gini',21,5,0.3563198884690598,1,'None'),89,0.10631158193585655,'SAMME')	0.7262962962962962	cached
maxAbsScaler();adaBoost(decisionTree('gini',17,2,0.5597862200963497,2,'balanced'),73,0.10631158193585655,'SAMME')	0.725925925925926	cached
maxAbsScaler();adaBoost(decisionTree('gini',21,5,0.3563198884690598,1,'None'),89,0.10631158193585655,'SAMME')	0.7262962962962962	cached
maxAbsScaler();adaBoost(decisionTree('gini',21,5,0.3563198884690598,1,'None'),89,0.2164989002043613,'SAMME')	0.6962962962962963	cached
maxAbsScaler();adaBoost(decisionTree('gini',21,5,0.3563198884690598,1,'None'),89,0.2164989002043613,'SAMME')	0.6962962962962963	cached
maxAbsScaler();adaBoost(decisionTree('gini',21,5,0.3563198884690598,1,'None'),89,0.10631158193585655,'SAMME')	0.7262962962962962	cached
nystroem('poly',2.9114790550015544,35,3,0.7762723062582173);adaBoost(decisionTree('gini',21,5,0.3563198884690598,1,'balanced'),73,0.10631158193585655,'SAMME')	0.6127777777777779	3.713376998901367
robustScaler(False,False);adaBoost(decisionTree('entropy',12,5,0.3563198884690598,1,'balanced'),73,0.2164989002043613,'SAMME')	0.662962962962963	4.4631078243255615
maxAbsScaler();adaBoost(decisionTree('entropy',25,15,0.24287890945219393,6,'balanced'),41,0.3772679593785376,'SAMME')	0.6625925925925926	2.898427724838257
maxAbsScaler();adaBoost(decisionTree('gini',21,5,0.3563198884690598,1,'None'),89,0.10631158193585655,'SAMME')	0.7262962962962962	cached
maxAbsScaler();adaBoost(decisionTree('gini',21,5,0.3563198884690598,1,'None'),89,0.2164989002043613,'SAMME')	0.6962962962962963	cached
maxAbsScaler();adaBoost(decisionTree('gini',5,2,0.5597862200963497,2,'balanced'),73,0.2164989002043613,'SAMME')	0.7125925925925927	cached
maxAbsScaler();kNN(1,'distance',1)	0.602962962962963	2.8549368381500244
maxAbsScaler();adaBoost(decisionTree('gini',21,5,0.3563198884690598,1,'None'),89,0.10631158193585655,'SAMME')	0.7262962962962962	cached
maxAbsScaler();adaBoost(decisionTree('gini',21,5,0.3563198884690598,1,'None'),89,0.2164989002043613,'SAMME')	0.6962962962962963	cached
maxAbsScaler();adaBoost(decisionTree('entropy',12,5,0.3563198884690598,1,'balanced'),73,0.2164989002043613,'SAMME')	0.6796296296296296	3.6565160751342773
maxAbsScaler();adaBoost(decisionTree('gini',5,5,0.5597862200963497,1,'balanced'),73,0.2164989002043613,'SAMME')	0.7262962962962963	cached
maxAbsScaler();adaBoost(decisionTree('gini',21,5,0.3563198884690598,1,'None'),89,0.10631158193585655,'SAMME')	0.7262962962962962	cached
maxAbsScaler();adaBoost(decisionTree('gini',21,5,0.3563198884690598,1,'None'),89,0.10631158193585655,'SAMME')	0.7262962962962962	4.806841611862183
maxAbsScaler();adaBoost(decisionTree('gini',21,5,0.3563198884690598,1,'None'),89,0.10631158193585655,'SAMME')	0.7262962962962962	cached
maxAbsScaler();adaBoost(decisionTree('gini',21,5,0.3563198884690598,1,'None'),89,0.10631158193585655,'SAMME')	0.7262962962962962	cached
maxAbsScaler();adaBoost(decisionTree('gini',21,5,0.3563198884690598,1,'None'),89,0.10631158193585655,'SAMME')	0.7262962962962962	3.894454002380371
maxAbsScaler();adaBoost(decisionTree('gini',17,2,0.5597862200963497,2,'balanced'),73,0.2164989002043613,'SAMME')	0.7359259259259259	4.18860936164856
maxAbsScaler();adaBoost(decisionTree('gini',15,12,0.16343870461931143,8,'None'),89,0.10631158193585655,'SAMME')	0.6498148148148148	4.67772912979126
maxAbsScaler();adaBoost(decisionTree('gini',5,5,0.5597862200963497,1,'balanced'),73,0.2164989002043613,'SAMME')	0.7262962962962963	cached
maxAbsScaler();adaBoost(decisionTree('gini',5,2,0.5597862200963497,2,'balanced'),73,0.10631158193585655,'SAMME')	0.7292592592592593	4.797542095184326
maxAbsScaler();adaBoost(decisionTree('entropy',19,3,0.1801040800454079,8,'None'),90,0.5132605737796178,'SAMME')	0.6087037037037037	4.386238098144531
maxAbsScaler();adaBoost(decisionTree('gini',5,5,0.5597862200963497,1,'balanced'),73,0.2164989002043613,'SAMME')	0.7262962962962963	cached
maxAbsScaler();adaBoost(decisionTree('gini',17,2,0.5597862200963497,2,'None'),89,0.10631158193585655,'SAMME')	0.7011111111111111	3.867340326309204
maxAbsScaler();adaBoost(decisionTree('gini',21,5,0.3563198884690598,1,'None'),89,0.2164989002043613,'SAMME')	0.6962962962962963	3.4610750675201416
maxAbsScaler();adaBoost(decisionTree('gini',21,5,0.3563198884690598,1,'None'),89,0.10631158193585655,'SAMME')	0.7262962962962962	cached
maxAbsScaler();adaBoost(decisionTree('gini',21,5,0.3563198884690598,1,'None'),89,0.10631158193585655,'SAMME')	0.7262962962962962	cached
maxAbsScaler();adaBoost(decisionTree('gini',21,5,0.3563198884690598,1,'None'),89,0.10631158193585655,'SAMME')	0.7262962962962962	cached
maxAbsScaler();adaBoost(decisionTree('gini',21,5,0.3563198884690598,1,'None'),89,0.10631158193585655,'SAMME')	0.7262962962962962	cached
maxAbsScaler();adaBoost(decisionTree('gini',17,2,0.5597862200963497,2,'balanced'),73,0.2164989002043613,'SAMME')	0.7359259259259259	cached
maxAbsScaler();adaBoost(decisionTree('gini',21,5,0.3563198884690598,1,'None'),89,0.10631158193585655,'SAMME')	0.7262962962962962	cached
maxAbsScaler();adaBoost(decisionTree('gini',5,5,0.5597862200963497,1,'balanced'),73,0.2164989002043613,'SAMME')	0.7262962962962963	cached
maxAbsScaler();adaBoost(decisionTree('gini',5,5,0.5597862200963497,1,'balanced'),73,0.2164989002043613,'SAMME')	0.7262962962962963	cached
maxAbsScaler();adaBoost(decisionTree('gini',2,4,0.7550250928085819,12,'None'),16,1.1316310842615627,'SAMME')	0.5140740740740741	2.035600423812866
robustScaler(False,True);logisticRegression('l2','saga',1000,4.897617566618999,'balanced')	0.5466666666666666	2.7292754650115967
robustScaler(True,True);adaBoost(decisionTree('gini',21,5,0.3563198884690598,1,'None'),89,0.10631158193585655,'SAMME')	0.7096296296296296	2.9096291065216064
maxAbsScaler();adaBoost(decisionTree('gini',17,2,0.5597862200963497,2,'balanced'),73,0.10631158193585655,'SAMME')	0.725925925925926	3.2736473083496094
maxAbsScaler();adaBoost(decisionTree('gini',5,2,0.5597862200963497,2,'balanced'),89,0.10631158193585655,'SAMME')	0.7325925925925925	4.264677047729492
maxAbsScaler();logisticRegression('l2','saga',1000,4.897617566618999,'balanced')	0.6042592592592593	1.9719905853271484
maxAbsScaler();adaBoost(decisionTree('gini',21,5,0.3563198884690598,1,'None'),89,0.10631158193585655,'SAMME')	0.7262962962962962	3.6476027965545654
maxAbsScaler();adaBoost(decisionTree('gini',5,5,0.5597862200963497,1,'balanced'),73,0.2164989002043613,'SAMME')	0.7262962962962963	3.5007712841033936
maxAbsScaler();adaBoost(decisionTree('gini',21,5,0.3563198884690598,1,'None'),89,0.10631158193585655,'SAMME')	0.7262962962962962	cached
maxAbsScaler();adaBoost(decisionTree('gini',21,5,0.3563198884690598,1,'None'),89,0.2164989002043613,'SAMME')	0.6962962962962963	3.5440244674682617
maxAbsScaler();adaBoost(decisionTree('gini',21,5,0.3563198884690598,1,'None'),89,0.10631158193585655,'SAMME')	0.7262962962962962	cached
maxAbsScaler();adaBoost(decisionTree('gini',21,5,0.3563198884690598,1,'None'),89,0.10631158193585655,'SAMME')	0.7262962962962962	cached
maxAbsScaler();adaBoost(decisionTree('gini',21,5,0.3563198884690598,1,'None'),89,0.10631158193585655,'SAMME')	0.7262962962962962	cached
maxAbsScaler();adaBoost(decisionTree('gini',21,5,0.3563198884690598,1,'None'),89,0.10631158193585655,'SAMME')	0.7262962962962962	cached
maxAbsScaler();adaBoost(decisionTree('gini',21,5,0.3563198884690598,1,'None'),89,0.10631158193585655,'SAMME')	0.7262962962962962	cached
maxAbsScaler();adaBoost(decisionTree('gini',21,5,0.3563198884690598,1,'None'),89,0.10631158193585655,'SAMME')	0.7262962962962962	cached
maxAbsScaler();adaBoost(decisionTree('gini',21,5,0.3563198884690598,1,'None'),89,0.10631158193585655,'SAMME')	0.7262962962962962	cached
nystroem('poly',2.9114790550015544,35,3,0.7762723062582173);adaBoost(decisionTree('gini',21,5,0.3563198884690598,1,'balanced'),73,0.10631158193585655,'SAMME')	0.6127777777777779	cached
maxAbsScaler();adaBoost(decisionTree('gini',21,5,0.3563198884690598,1,'None'),73,0.2164989002043613,'SAMME')	0.6992592592592592	3.825815200805664
maxAbsScaler();adaBoost(decisionTree('gini',21,5,0.3563198884690598,1,'None'),89,0.10631158193585655,'SAMME')	0.7262962962962962	cached
maxAbsScaler();adaBoost(decisionTree('gini',5,5,0.5597862200963497,1,'balanced'),73,0.10631158193585655,'SAMME')	0.7125925925925927	3.6563637256622314
pca(0.7195598255822193,True);adaBoost(decisionTree('gini',21,5,0.3563198884690598,1,'None'),89,0.10631158193585655,'SAMME')	0.5275925925925926	3.815856456756592
maxAbsScaler();adaBoost(decisionTree('entropy',23,6,0.4896220235744184,11,'None'),89,0.10631158193585655,'SAMME')	0.5431481481481482	3.6297388076782227
maxAbsScaler();adaBoost(decisionTree('gini',17,2,0.5597862200963497,2,'balanced'),73,0.10631158193585655,'SAMME')	0.725925925925926	cached
maxAbsScaler();adaBoost(decisionTree('gini',5,2,0.5597862200963497,2,'balanced'),73,0.10631158193585655,'SAMME')	0.7292592592592593	cached
maxAbsScaler();adaBoost(decisionTree('gini',21,5,0.3563198884690598,1,'None'),89,0.10631158193585655,'SAMME')	0.7262962962962962	cached
maxAbsScaler();adaBoost(decisionTree('gini',5,5,0.5597862200963497,1,'balanced'),73,0.2164989002043613,'SAMME')	0.7262962962962963	cached
maxAbsScaler();adaBoost(decisionTree('gini',21,5,0.3563198884690598,1,'balanced'),73,0.2164989002043613,'SAMME')	0.665925925925926	3.6668541431427
maxAbsScaler();adaBoost(decisionTree('entropy',11,7,0.6984925170659746,7,'None'),89,0.10631158193585655,'SAMME')	0.6175925925925927	4.038423538208008
maxAbsScaler();adaBoost(decisionTree('gini',21,5,0.3563198884690598,1,'None'),89,0.2164989002043613,'SAMME')	0.6962962962962963	4.175997972488403
maxAbsScaler();adaBoost(decisionTree('gini',21,5,0.3563198884690598,1,'balanced'),73,0.10631158193585655,'SAMME')	0.700925925925926	3.5252761840820312
pca(0.5666280391679255,True);adaBoost(decisionTree('entropy',12,5,0.3563198884690598,1,'None'),89,0.10631158193585655,'SAMME')	0.5149999999999999	3.3244147300720215
maxAbsScaler();adaBoost(decisionTree('gini',21,5,0.3563198884690598,1,'None'),89,0.10631158193585655,'SAMME')	0.7262962962962962	cached
maxAbsScaler();adaBoost(decisionTree('gini',21,5,0.3563198884690598,1,'None'),73,0.2164989002043613,'SAMME')	0.6992592592592592	cached
maxAbsScaler();adaBoost(decisionTree('gini',21,5,0.3563198884690598,1,'None'),89,0.10631158193585655,'SAMME')	0.7262962962962962	cached
maxAbsScaler();adaBoost(decisionTree('gini',21,5,0.3563198884690598,1,'None'),89,0.10631158193585655,'SAMME')	0.7262962962962962	cached
maxAbsScaler();adaBoost(decisionTree('gini',21,5,0.3563198884690598,1,'None'),89,0.10631158193585655,'SAMME')	0.7262962962962962	cached
maxAbsScaler();adaBoost(decisionTree('gini',21,5,0.3563198884690598,1,'None'),89,0.10631158193585655,'SAMME')	0.7262962962962962	cached
maxAbsScaler();adaBoost(decisionTree('gini',21,5,0.3563198884690598,1,'balanced'),73,0.2164989002043613,'SAMME')	0.665925925925926	cached
maxAbsScaler();adaBoost(decisionTree('gini',21,5,0.3563198884690598,1,'None'),89,0.10631158193585655,'SAMME')	0.7262962962962962	cached
maxAbsScaler();adaBoost(decisionTree('gini',21,5,0.3563198884690598,1,'None'),89,0.10631158193585655,'SAMME')	0.7262962962962962	cached
maxAbsScaler();adaBoost(decisionTree('gini',21,5,0.3563198884690598,1,'None'),89,0.10631158193585655,'SAMME')	0.7262962962962962	cached
maxAbsScaler();adaBoost(decisionTree('gini',21,5,0.3563198884690598,1,'None'),89,0.10631158193585655,'SAMME')	0.7262962962962962	cached
maxAbsScaler();adaBoost(decisionTree('gini',21,5,0.3563198884690598,1,'None'),89,0.10631158193585655,'SAMME')	0.7262962962962962	cached
maxAbsScaler();adaBoost(decisionTree('gini',21,5,0.3563198884690598,1,'None'),89,0.10631158193585655,'SAMME')	0.7262962962962962	cached
maxAbsScaler();adaBoost(decisionTree('gini',17,2,0.5597862200963497,2,'balanced'),73,0.10631158193585655,'SAMME')	0.725925925925926	cached
maxAbsScaler();adaBoost(decisionTree('gini',5,15,0.8184114707756128,4,'balanced'),48,0.22274287495186948,'SAMME')	0.6525925925925925	3.5448694229125977
maxAbsScaler();adaBoost(decisionTree('gini',21,5,0.3563198884690598,1,'None'),89,0.10631158193585655,'SAMME')	0.7262962962962962	cached
maxAbsScaler();adaBoost(decisionTree('gini',17,2,0.5597862200963497,2,'balanced'),73,0.10631158193585655,'SAMME')	0.725925925925926	cached
maxAbsScaler();adaBoost(decisionTree('gini',5,2,0.5597862200963497,2,'balanced'),73,0.10631158193585655,'SAMME')	0.7292592592592593	cached
maxAbsScaler();adaBoost(decisionTree('gini',21,5,0.3563198884690598,1,'None'),89,0.10631158193585655,'SAMME')	0.7262962962962962	cached
maxAbsScaler();adaBoost(decisionTree('gini',21,5,0.3563198884690598,1,'None'),89,0.10631158193585655,'SAMME')	0.7262962962962962	cached
maxAbsScaler();adaBoost(decisionTree('gini',21,5,0.3563198884690598,1,'None'),89,0.10631158193585655,'SAMME')	0.7262962962962962	cached
maxAbsScaler();adaBoost(decisionTree('gini',17,2,0.5597862200963497,2,'balanced'),73,0.10631158193585655,'SAMME')	0.725925925925926	cached
maxAbsScaler();adaBoost(decisionTree('gini',21,5,0.3563198884690598,1,'None'),89,0.10631158193585655,'SAMME')	0.7262962962962962	3.600670337677002
maxAbsScaler();adaBoost(decisionTree('gini',5,2,0.5597862200963497,2,'None'),89,0.10631158193585655,'SAMME')	0.652962962962963	4.077931880950928
maxAbsScaler();adaBoost(decisionTree('gini',21,5,0.3563198884690598,1,'balanced'),73,0.2164989002043613,'SAMME')	0.665925925925926	4.476753234863281
selectFwe(0.0037209210646618543);adaBoost(decisionTree('gini',17,2,0.5597862200963497,2,'None'),89,0.10631158193585655,'SAMME')	0.5694444444444444	4.547152519226074
robustScaler(True,True);logisticRegression('l2','saga',1000,4.897617566618999,'balanced')	0.7162962962962964	3.4836080074310303
maxAbsScaler();adaBoost(decisionTree('gini',21,5,0.3563198884690598,1,'None'),89,0.10631158193585655,'SAMME')	0.7262962962962962	cached
maxAbsScaler();adaBoost(decisionTree('gini',5,2,0.5597862200963497,2,'balanced'),89,0.10631158193585655,'SAMME')	0.7325925925925925	cached
maxAbsScaler();adaBoost(decisionTree('gini',21,5,0.3563198884690598,1,'balanced'),73,0.10631158193585655,'SAMME')	0.700925925925926	4.7752907276153564
maxAbsScaler();adaBoost(decisionTree('gini',21,5,0.3563198884690598,1,'balanced'),89,0.10631158193585655,'SAMME')	0.700925925925926	4.797601222991943
maxAbsScaler();adaBoost(decisionTree('gini',21,5,0.3563198884690598,1,'None'),89,0.10631158193585655,'SAMME')	0.7262962962962962	cached
maxAbsScaler();adaBoost(decisionTree('gini',21,5,0.3563198884690598,1,'None'),89,0.10631158193585655,'SAMME')	0.7262962962962962	cached
maxAbsScaler();adaBoost(decisionTree('gini',21,5,0.3563198884690598,1,'None'),89,0.10631158193585655,'SAMME')	0.7262962962962962	cached
maxAbsScaler();adaBoost(decisionTree('gini',17,2,0.5597862200963497,2,'balanced'),73,0.10631158193585655,'SAMME')	0.725925925925926	cached
maxAbsScaler();adaBoost(decisionTree('gini',5,5,0.5597862200963497,1,'None'),89,0.2164989002043613,'SAMME')	0.6475925925925926	4.823284149169922
maxAbsScaler();adaBoost(decisionTree('gini',21,5,0.3563198884690598,1,'balanced'),73,0.2164989002043613,'SAMME')	0.665925925925926	5.189594984054565
maxAbsScaler();adaBoost(decisionTree('entropy',3,18,0.13794073761025172,6,'None'),87,0.11973980926010934,'SAMME')	0.5461111111111111	4.368952989578247
maxAbsScaler();adaBoost(decisionTree('gini',17,2,0.5597862200963497,2,'balanced'),73,0.10631158193585655,'SAMME')	0.725925925925926	cached
maxAbsScaler();adaBoost(decisionTree('gini',17,2,0.5597862200963497,2,'None'),89,0.10631158193585655,'SAMME')	0.7011111111111111	3.8586676120758057
maxAbsScaler();adaBoost(decisionTree('gini',21,5,0.3563198884690598,1,'None'),89,0.10631158193585655,'SAMME')	0.7262962962962962	cached
maxAbsScaler();adaBoost(decisionTree('gini',21,5,0.3563198884690598,1,'None'),89,0.10631158193585655,'SAMME')	0.7262962962962962	cached
maxAbsScaler();adaBoost(decisionTree('gini',17,2,0.5597862200963497,2,'balanced'),73,0.2164989002043613,'SAMME')	0.7359259259259259	cached
maxAbsScaler();adaBoost(decisionTree('gini',21,5,0.3563198884690598,1,'None'),89,0.10631158193585655,'SAMME')	0.7262962962962962	cached
maxAbsScaler();adaBoost(decisionTree('gini',21,5,0.3563198884690598,1,'None'),89,0.10631158193585655,'SAMME')	0.7262962962962962	cached
maxAbsScaler();adaBoost(decisionTree('gini',21,5,0.3563198884690598,1,'None'),89,0.10631158193585655,'SAMME')	0.7262962962962962	cached
maxAbsScaler();adaBoost(decisionTree('gini',7,13,0.8519311113656178,6,'None'),82,0.1451174454330747,'SAMME')	0.6825925925925926	2.9540364742279053
maxAbsScaler();adaBoost(decisionTree('gini',21,5,0.3563198884690598,1,'None'),89,0.10631158193585655,'SAMME')	0.7262962962962962	cached
maxAbsScaler();adaBoost(decisionTree('gini',17,5,0.3563198884690598,1,'balanced'),73,0.2164989002043613,'SAMME')	0.665925925925926	3.277097702026367
maxAbsScaler();adaBoost(decisionTree('gini',22,3,0.6040850504605892,8,'balanced'),55,1.57212803325942,'SAMME')	0.6198148148148148	3.4561657905578613
maxAbsScaler();adaBoost(decisionTree('entropy',21,5,0.3563198884690598,1,'None'),89,0.10631158193585655,'SAMME')	0.7246296296296296	3.7216031551361084
selectFwe(0.03252165819680081);minMaxScaler();pca(0.8440881033668511,True);nystroem('sigmoid',1.0921295796711605,43,4,0.21399838390020287);adaBoost(decisionTree('gini',17,2,0.5597862200963497,2,'balanced'),73,0.2164989002043613,'SAMME')	0.5288888888888887	4.296831846237183
maxAbsScaler();adaBoost(decisionTree('gini',21,5,0.3563198884690598,1,'None'),89,0.10631158193585655,'SAMME')	0.7262962962962962	cached
maxAbsScaler();adaBoost(decisionTree('gini',21,5,0.3563198884690598,1,'None'),89,0.10631158193585655,'SAMME')	0.7262962962962962	cached
maxAbsScaler();adaBoost(decisionTree('gini',21,6,0.3563198884690598,1,'None'),89,0.10631158193585655,'SAMME')	0.7225925925925927	3.5871551036834717
maxAbsScaler();adaBoost(decisionTree('gini',21,2,0.5597862200963497,2,'None'),89,0.10631158193585655,'SAMME')	0.7011111111111111	3.430727481842041
maxAbsScaler();adaBoost(decisionTree('gini',21,18,0.3563198884690598,1,'None'),89,0.10631158193585655,'SAMME')	0.7092592592592593	3.401563882827759
maxAbsScaler();adaBoost(decisionTree('gini',21,2,0.3563198884690598,2,'None'),89,0.10631158193585655,'SAMME')	0.7212962962962963	3.10317063331604
maxAbsScaler();adaBoost(decisionTree('gini',21,5,0.3563198884690598,1,'balanced'),73,0.10631158193585655,'SAMME')	0.700925925925926	3.827241897583008
maxAbsScaler();adaBoost(decisionTree('gini',21,5,0.3563198884690598,1,'balanced'),73,0.2164989002043613,'SAMME')	0.665925925925926	cached
robustScaler(True,True);logisticRegression('l2','saga',1000,4.897617566618999,'balanced')	0.7162962962962964	cached
maxAbsScaler();adaBoost(decisionTree('entropy',29,12,0.032834988821685895,3,'balanced'),54,1.9264440393817028,'SAMME')	0.5888888888888888	3.1719400882720947
maxAbsScaler();adaBoost(decisionTree('gini',21,5,0.3563198884690598,1,'None'),89,0.10631158193585655,'SAMME')	0.7262962962962962	cached
maxAbsScaler();adaBoost(decisionTree('gini',17,5,0.5597862200963497,1,'balanced'),73,0.10631158193585655,'SAMME')	0.7162962962962962	3.151801109313965
maxAbsScaler();adaBoost(decisionTree('gini',21,5,0.3563198884690598,1,'None'),89,0.10631158193585655,'SAMME')	0.7262962962962962	cached
maxAbsScaler();adaBoost(decisionTree('gini',21,5,0.3563198884690598,1,'None'),89,0.10631158193585655,'SAMME')	0.7262962962962962	cached
maxAbsScaler();adaBoost(decisionTree('gini',21,5,0.3563198884690598,1,'None'),89,0.10631158193585655,'SAMME')	0.7262962962962962	cached
maxAbsScaler();adaBoost(decisionTree('gini',21,5,0.3563198884690598,1,'None'),89,0.10631158193585655,'SAMME')	0.7262962962962962	cached
maxAbsScaler();adaBoost(decisionTree('gini',17,5,0.5597862200963497,1,'balanced'),73,0.10631158193585655,'SAMME')	0.7162962962962962	4.2537641525268555
maxAbsScaler();adaBoost(decisionTree('gini',21,2,0.5597862200963497,2,'None'),89,0.10631158193585655,'SAMME')	0.7011111111111111	3.98848557472229
maxAbsScaler();adaBoost(decisionTree('gini',21,5,0.3563198884690598,1,'balanced'),73,0.2164989002043613,'SAMME')	0.665925925925926	4.7495973110198975
robustScaler(True,True);adaBoost(decisionTree('gini',21,5,0.3563198884690598,1,'None'),89,0.10631158193585655,'SAMME')	0.7096296296296296	4.435358285903931
maxAbsScaler();adaBoost(decisionTree('gini',26,20,0.12231109985506217,3,'None'),73,0.10631158193585655,'SAMME')	0.6501851851851852	4.468870401382446
maxAbsScaler();adaBoost(decisionTree('gini',21,2,0.3563198884690598,2,'None'),89,0.10631158193585655,'SAMME')	0.7212962962962963	5.479400396347046
maxAbsScaler();adaBoost(decisionTree('gini',21,5,0.3563198884690598,1,'None'),89,0.10631158193585655,'SAMME')	0.7262962962962962	cached
maxAbsScaler();adaBoost(decisionTree('gini',21,5,0.3563198884690598,1,'None'),89,0.10631158193585655,'SAMME')	0.7262962962962962	cached
maxAbsScaler();adaBoost(decisionTree('gini',17,5,0.3563198884690598,1,'balanced'),73,0.624037704723628,'SAMME')	0.6531481481481481	4.878208637237549
maxAbsScaler();adaBoost(decisionTree('gini',5,5,0.5597862200963497,1,'None'),89,0.10631158193585655,'SAMME')	0.6655555555555556	5.454810380935669
maxAbsScaler();logisticRegression('l2','saga',1000,4.897617566618999,'balanced')	0.6042592592592593	2.9027023315429688
maxAbsScaler();adaBoost(decisionTree('gini',21,5,0.3563198884690598,1,'None'),89,0.10631158193585655,'SAMME')	0.7262962962962962	3.8039016723632812
maxAbsScaler();adaBoost(decisionTree('gini',21,5,0.3563198884690598,1,'None'),89,0.10631158193585655,'SAMME')	0.7262962962962962	cached
maxAbsScaler();adaBoost(decisionTree('gini',21,5,0.3563198884690598,1,'None'),89,0.10631158193585655,'SAMME')	0.7262962962962962	cached
maxAbsScaler();adaBoost(decisionTree('gini',21,5,0.3563198884690598,1,'None'),89,0.10631158193585655,'SAMME')	0.7262962962962962	cached
maxAbsScaler();adaBoost(decisionTree('gini',21,5,0.3563198884690598,1,'None'),89,0.10631158193585655,'SAMME')	0.7262962962962962	cached
maxAbsScaler();adaBoost(decisionTree('gini',21,5,0.3563198884690598,1,'None'),89,0.10631158193585655,'SAMME')	0.7262962962962962	cached
maxAbsScaler();adaBoost(decisionTree('gini',21,5,0.3563198884690598,1,'None'),89,0.10631158193585655,'SAMME')	0.7262962962962962	cached
minMaxScaler();maxAbsScaler();robustScaler(True,False);selectFwe(0.018487579780202705);selectFwe(0.014680794391858732);maxAbsScaler();adaBoost(decisionTree('gini',21,5,0.3563198884690598,1,'None'),73,0.2164989002043613,'SAMME')	invalid_ind (duplicated operator)	invalid_ind (duplicated operator)
maxAbsScaler();adaBoost(decisionTree('gini',21,5,0.3563198884690598,1,'None'),89,0.10631158193585655,'SAMME')	0.7262962962962962	cached
maxAbsScaler();adaBoost(decisionTree('gini',21,5,0.3563198884690598,1,'None'),89,0.10631158193585655,'SAMME')	0.7262962962962962	cached
maxAbsScaler();adaBoost(decisionTree('gini',21,5,0.3563198884690598,1,'None'),89,0.10631158193585655,'SAMME')	0.7262962962962962	cached
maxAbsScaler();adaBoost(decisionTree('gini',21,5,0.3563198884690598,1,'None'),89,0.10631158193585655,'SAMME')	0.7262962962962962	cached
robustScaler(True,True);logisticRegression('l2','saga',1000,4.897617566618999,'balanced')	0.7162962962962964	2.4712071418762207
maxAbsScaler();adaBoost(decisionTree('gini',5,5,0.5597862200963497,1,'None'),89,0.10631158193585655,'SAMME')	0.6655555555555556	3.6459054946899414
maxAbsScaler();adaBoost(decisionTree('gini',17,2,0.5597862200963497,2,'balanced'),89,0.10631158193585655,'SAMME')	0.6859259259259259	3.9626049995422363
maxAbsScaler();adaBoost(decisionTree('gini',21,5,0.3563198884690598,1,'None'),89,0.10631158193585655,'SAMME')	0.7262962962962962	4.120421886444092
maxAbsScaler();adaBoost(decisionTree('gini',21,5,0.3563198884690598,1,'None'),89,0.2164989002043613,'SAMME')	0.6962962962962963	4.297815561294556
maxAbsScaler();adaBoost(decisionTree('gini',17,5,0.5597862200963497,1,'balanced'),73,0.10631158193585655,'SAMME')	0.7162962962962962	3.967957019805908
maxAbsScaler();adaBoost(decisionTree('gini',21,5,0.3563198884690598,1,'None'),89,0.10631158193585655,'SAMME')	0.7262962962962962	cached
maxAbsScaler();adaBoost(decisionTree('gini',5,2,0.5597862200963497,2,'balanced'),89,0.10631158193585655,'SAMME')	0.7325925925925925	cached
maxAbsScaler();adaBoost(decisionTree('gini',21,5,0.3563198884690598,1,'balanced'),73,0.10631158193585655,'SAMME')	0.700925925925926	4.2356321811676025
maxAbsScaler();adaBoost(decisionTree('gini',21,5,0.3563198884690598,1,'None'),89,0.10631158193585655,'SAMME')	0.7262962962962962	4.602276086807251
maxAbsScaler();adaBoost(decisionTree('gini',21,5,0.3563198884690598,1,'None'),89,0.10631158193585655,'SAMME')	0.7262962962962962	cached
maxAbsScaler();adaBoost(decisionTree('gini',21,5,0.3563198884690598,1,'None'),89,0.10631158193585655,'SAMME')	0.7262962962962962	cached
maxAbsScaler();adaBoost(decisionTree('gini',21,5,0.3563198884690598,1,'None'),89,0.10631158193585655,'SAMME')	0.7262962962962962	cached
maxAbsScaler();adaBoost(decisionTree('gini',21,6,0.3563198884690598,1,'balanced'),73,0.10631158193585655,'SAMME')	0.7159259259259259	4.54139256477356
maxAbsScaler();adaBoost(decisionTree('gini',21,5,0.3563198884690598,1,'None'),89,0.10631158193585655,'SAMME')	0.7262962962962962	cached
maxAbsScaler();adaBoost(decisionTree('gini',5,5,0.5597862200963497,1,'balanced'),73,0.10631158193585655,'SAMME')	0.7125925925925927	4.459600448608398
maxAbsScaler();adaBoost(decisionTree('gini',21,5,0.3563198884690598,1,'None'),89,0.10631158193585655,'SAMME')	0.7262962962962962	cached
maxAbsScaler();adaBoost(decisionTree('gini',5,5,0.5597862200963497,1,'balanced'),73,0.2164989002043613,'SAMME')	0.7262962962962963	cached
maxAbsScaler();adaBoost(decisionTree('gini',21,2,0.3563198884690598,2,'None'),73,0.2164989002043613,'SAMME')	0.6892592592592593	4.140448093414307
nystroem('rbf',3.431031424102192,26,3,-0.5452383259491949);adaBoost(decisionTree('gini',21,5,0.3563198884690598,1,'None'),89,0.10631158193585655,'SAMME')	0.47055555555555556	4.381635427474976
maxAbsScaler();adaBoost(decisionTree('gini',21,18,0.3563198884690598,1,'None'),89,0.10631158193585655,'SAMME')	0.7092592592592593	cached
maxAbsScaler();minMaxScaler();adaBoost(decisionTree('gini',21,5,0.3563198884690598,1,'None'),89,0.10631158193585655,'SAMME')	0.7096296296296296	4.59895133972168
maxAbsScaler();adaBoost(decisionTree('entropy',21,5,0.3563198884690598,1,'None'),89,0.10631158193585655,'SAMME')	0.7246296296296296	cached
maxAbsScaler();adaBoost(decisionTree('gini',21,5,0.3563198884690598,1,'None'),89,0.10631158193585655,'SAMME')	0.7262962962962962	cached
maxAbsScaler();adaBoost(decisionTree('gini',21,5,0.3563198884690598,1,'None'),89,0.10631158193585655,'SAMME')	0.7262962962962962	5.1533730030059814
maxAbsScaler();varianceThreshold();nystroem('poly',0.14379052731534117,29,2,-0.3921934960605675);minMaxScaler();selectFwe(0.007262191493001783);adaBoost(decisionTree('gini',21,5,0.3563198884690598,1,'None'),89,0.10631158193585655,'SAMME')	0.5559259259259259	5.753850698471069
maxAbsScaler();adaBoost(decisionTree('gini',5,5,0.5597862200963497,1,'balanced'),89,0.10631158193585655,'SAMME')	0.6792592592592593	4.103382587432861
maxAbsScaler();adaBoost(decisionTree('gini',5,5,0.3563198884690598,1,'balanced'),89,0.10631158193585655,'SAMME')	0.7429629629629628	3.1421358585357666
maxAbsScaler();adaBoost(decisionTree('gini',21,2,0.5597862200963497,2,'None'),89,0.10631158193585655,'SAMME')	0.7011111111111111	2.3516268730163574
maxAbsScaler();adaBoost(decisionTree('gini',21,5,0.3563198884690598,1,'None'),89,0.10631158193585655,'SAMME')	0.7262962962962962	cached
maxAbsScaler();adaBoost(decisionTree('gini',21,5,0.3563198884690598,1,'None'),89,0.10631158193585655,'SAMME')	0.7262962962962962	cached
maxAbsScaler();adaBoost(decisionTree('gini',21,5,0.3563198884690598,1,'None'),89,0.10631158193585655,'SAMME')	0.7262962962962962	cached
maxAbsScaler();adaBoost(decisionTree('gini',21,5,0.3563198884690598,1,'None'),89,0.10631158193585655,'SAMME')	0.7262962962962962	cached
maxAbsScaler();adaBoost(decisionTree('gini',21,5,0.3563198884690598,1,'None'),89,0.10631158193585655,'SAMME')	0.7262962962962962	cached
maxAbsScaler();adaBoost(decisionTree('gini',21,5,0.3563198884690598,1,'None'),89,0.10631158193585655,'SAMME')	0.7262962962962962	cached
maxAbsScaler();adaBoost(decisionTree('gini',21,5,0.3563198884690598,1,'None'),89,0.10631158193585655,'SAMME')	0.7262962962962962	cached
maxAbsScaler();adaBoost(decisionTree('gini',21,5,0.3563198884690598,1,'None'),89,0.10631158193585655,'SAMME')	0.7262962962962962	cached
maxAbsScaler();adaBoost(decisionTree('gini',21,5,0.3563198884690598,1,'None'),89,0.10631158193585655,'SAMME')	0.7262962962962962	cached
maxAbsScaler();adaBoost(decisionTree('gini',21,5,0.3563198884690598,1,'None'),89,0.10631158193585655,'SAMME')	0.7262962962962962	cached
maxAbsScaler();adaBoost(decisionTree('gini',21,5,0.3563198884690598,1,'None'),89,0.10631158193585655,'SAMME')	0.7262962962962962	cached
maxAbsScaler();adaBoost(decisionTree('gini',21,5,0.3563198884690598,1,'None'),89,0.10631158193585655,'SAMME')	0.7262962962962962	cached
maxAbsScaler();adaBoost(decisionTree('gini',21,5,0.3563198884690598,1,'None'),89,0.10631158193585655,'SAMME')	0.7262962962962962	cached
maxAbsScaler();adaBoost(decisionTree('gini',21,5,0.3563198884690598,1,'None'),89,0.10631158193585655,'SAMME')	0.7262962962962962	cached
selectPercentile(16.164217526303723);adaBoost(decisionTree('gini',5,5,0.5597862200963497,1,'balanced'),73,0.10631158193585655,'SAMME')	0.4492592592592592	2.6701126098632812
maxAbsScaler();adaBoost(decisionTree('gini',24,4,0.05141155151406385,3,'None'),89,0.10631158193585655,'SAMME')	0.6272222222222222	2.6941142082214355
maxAbsScaler();adaBoost(decisionTree('gini',16,5,0.3563198884690598,1,'None'),89,0.10631158193585655,'SAMME')	0.7262962962962962	2.9967567920684814
maxAbsScaler();adaBoost(decisionTree('gini',21,5,0.3563198884690598,1,'None'),89,0.10631158193585655,'SAMME')	0.7262962962962962	cached
maxAbsScaler();adaBoost(decisionTree('gini',21,5,0.3563198884690598,1,'None'),89,0.2164989002043613,'SAMME')	0.6962962962962963	cached
varianceThreshold();pca(0.7928380300533242,False);nystroem('sigmoid',5.595429768679832,74,4,-0.6706720927290248);pca(0.6620407263511682,True);minMaxScaler();adaBoost(decisionTree('gini',5,2,0.5597862200963497,2,'balanced'),89,0.10631158193585655,'SAMME')	invalid_ind (duplicated operator)	invalid_ind (duplicated operator)
maxAbsScaler();adaBoost(decisionTree('gini',6,11,0.3563198884690598,17,'None'),89,0.10631158193585655,'SAMME')	0.5314814814814814	3.7973647117614746
maxAbsScaler();adaBoost(decisionTree('gini',21,5,0.3563198884690598,1,'None'),89,0.10631158193585655,'SAMME')	0.7262962962962962	cached
maxAbsScaler();adaBoost(decisionTree('gini',17,5,0.3563198884690598,1,'balanced'),73,0.2164989002043613,'SAMME')	0.665925925925926	4.17110800743103
robustScaler(True,True);logisticRegression('l2','saga',1000,4.897617566618999,'balanced')	0.7162962962962964	2.284714698791504
nystroem('sigmoid',4.1111475520881084,53,4,-0.654151066513929);adaBoost(decisionTree('gini',21,5,0.3563198884690598,1,'None'),89,0.10631158193585655,'SAMME')	0.16666666666666666	3.6981165409088135
maxAbsScaler();adaBoost(decisionTree('gini',21,3,0.32378619138697695,15,'balanced'),89,0.10631158193585655,'SAMME')	0.6237037037037038	4.438028335571289
minMaxScaler();pca(0.5163436193478389,False);maxAbsScaler();minMaxScaler();nystroem('rbf',2.068164785944931,92,3,0.9384554415534883);maxAbsScaler();bernoulliNB(2.1101551183507565,True)	invalid_ind (duplicated operator)	invalid_ind (duplicated operator)
maxAbsScaler();adaBoost(decisionTree('gini',5,2,0.5597862200963497,2,'balanced'),89,0.10631158193585655,'SAMME')	0.7325925925925925	cached
maxAbsScaler();adaBoost(decisionTree('gini',21,5,0.3563198884690598,1,'None'),89,0.10631158193585655,'SAMME')	0.7262962962962962	cached
maxAbsScaler();adaBoost(decisionTree('gini',21,5,0.3563198884690598,1,'None'),89,0.10631158193585655,'SAMME')	0.7262962962962962	cached
varianceThreshold();maxAbsScaler();maxAbsScaler();selectPercentile(24.427816309406943);minMaxScaler();adaBoost(decisionTree('entropy',8,8,0.16679399383722937,10,'balanced'),28,0.16374422389464469,'SAMME')	invalid_ind (duplicated operator)	invalid_ind (duplicated operator)
maxAbsScaler();adaBoost(decisionTree('gini',21,2,0.5597862200963497,2,'None'),89,0.10631158193585655,'SAMME')	0.7011111111111111	3.8272805213928223
maxAbsScaler();adaBoost(decisionTree('gini',21,2,0.5597862200963497,2,'None'),89,0.10631158193585655,'SAMME')	0.7011111111111111	cached
maxAbsScaler();adaBoost(decisionTree('gini',21,5,0.3563198884690598,1,'balanced'),73,0.10631158193585655,'SAMME')	0.700925925925926	cached
maxAbsScaler();adaBoost(decisionTree('gini',21,5,0.3563198884690598,1,'None'),89,0.10631158193585655,'SAMME')	0.7262962962962962	4.352888345718384
maxAbsScaler();adaBoost(decisionTree('gini',21,6,0.3563198884690598,1,'balanced'),73,0.10631158193585655,'SAMME')	0.7159259259259259	4.128875970840454
maxAbsScaler();adaBoost(decisionTree('entropy',24,18,0.8600381023336636,16,'None'),82,0.1561934915420889,'SAMME')	0.5298148148148148	3.264803886413574
maxAbsScaler();adaBoost(decisionTree('gini',30,17,0.645882778255922,15,'None'),88,1.4555495132910639,'SAMME')	0.5644444444444444	3.1677825450897217
maxAbsScaler();adaBoost(decisionTree('gini',21,5,0.3563198884690598,1,'None'),89,0.2164989002043613,'SAMME')	0.6962962962962963	3.1055870056152344
mlpClassifier((35, 18),0.07589128694217963,0.14406528023517626,'adam','logistic')	0.16666666666666666	1.8713581562042236
minMaxScaler();maxAbsScaler();selectPercentile(34.66679400893736);fastICA(84,'deflation','unit-variance','exp');varianceThreshold();varianceThreshold();varianceThreshold();lda(0.21388488155612984,160,0.06082344138652685)	invalid_ind (duplicated operator)	invalid_ind (duplicated operator)
maxAbsScaler();adaBoost(decisionTree('gini',21,5,0.3563198884690598,1,'None'),89,0.10631158193585655,'SAMME')	0.7262962962962962	cached
maxAbsScaler();adaBoost(decisionTree('gini',21,5,0.3563198884690598,1,'None'),89,0.10631158193585655,'SAMME')	0.7262962962962962	cached
maxAbsScaler();adaBoost(decisionTree('gini',21,5,0.3563198884690598,1,'None'),89,0.10631158193585655,'SAMME')	0.7262962962962962	cached
maxAbsScaler();adaBoost(decisionTree('gini',21,5,0.3563198884690598,1,'None'),89,0.10631158193585655,'SAMME')	0.7262962962962962	cached
maxAbsScaler();adaBoost(decisionTree('gini',5,2,0.5597862200963497,2,'balanced'),89,0.10631158193585655,'SAMME')	0.7325925925925925	cached
maxAbsScaler();adaBoost(decisionTree('gini',21,5,0.3563198884690598,1,'None'),89,0.10631158193585655,'SAMME')	0.7262962962962962	cached
maxAbsScaler();adaBoost(decisionTree('gini',29,15,0.8506072750652349,6,'None'),85,0.2753367221567861,'SAMME')	0.6942592592592594	3.152236223220825
maxAbsScaler();adaBoost(decisionTree('gini',5,2,0.5597862200963497,2,'balanced'),89,0.10631158193585655,'SAMME')	0.7325925925925925	cached
maxAbsScaler();adaBoost(decisionTree('gini',21,5,0.3563198884690598,1,'None'),89,0.10631158193585655,'SAMME')	0.7262962962962962	cached
maxAbsScaler();adaBoost(decisionTree('gini',21,5,0.3563198884690598,1,'None'),89,0.10631158193585655,'SAMME')	0.7262962962962962	cached
maxAbsScaler();adaBoost(decisionTree('entropy',24,18,0.8600381023336636,16,'None'),89,0.10631158193585655,'SAMME')	0.4898148148148148	3.3579652309417725
maxAbsScaler();adaBoost(decisionTree('gini',21,5,0.3563198884690598,1,'None'),89,0.10631158193585655,'SAMME')	0.7262962962962962	3.5110440254211426
maxAbsScaler();adaBoost(decisionTree('gini',5,5,0.5597862200963497,1,'None'),89,0.10631158193585655,'SAMME')	0.6655555555555556	4.640707969665527
maxAbsScaler();adaBoost(decisionTree('gini',21,5,0.3563198884690598,1,'balanced'),73,0.2164989002043613,'SAMME')	0.665925925925926	4.721156597137451
maxAbsScaler();adaBoost(decisionTree('gini',21,2,0.3563198884690598,1,'None'),89,0.10631158193585655,'SAMME')	0.5725925925925925	2.965297222137451
robustScaler(True,True);logisticRegression('l2','saga',1000,4.897617566618999,'balanced')	0.7162962962962964	2.778902769088745
maxAbsScaler();adaBoost(decisionTree('gini',21,5,0.3563198884690598,1,'None'),89,0.10631158193585655,'SAMME')	0.7262962962962962	4.332824468612671
maxAbsScaler();adaBoost(decisionTree('gini',5,5,0.5597862200963497,1,'None'),89,0.10631158193585655,'SAMME')	0.6655555555555556	4.441758394241333
maxAbsScaler();adaBoost(decisionTree('gini',21,5,0.3563198884690598,1,'balanced'),73,0.2164989002043613,'SAMME')	0.665925925925926	5.337333679199219
maxAbsScaler();adaBoost(decisionTree('gini',27,5,0.49808591420219017,1,'None'),89,0.10631158193585655,'SAMME')	0.7225925925925927	4.436577796936035
maxAbsScaler();adaBoost(decisionTree('gini',21,5,0.3563198884690598,1,'None'),89,0.10631158193585655,'SAMME')	0.7262962962962962	cached
maxAbsScaler();adaBoost(decisionTree('gini',21,5,0.3563198884690598,1,'None'),89,0.10631158193585655,'SAMME')	0.7262962962962962	cached
maxAbsScaler();adaBoost(decisionTree('gini',21,5,0.3563198884690598,1,'None'),89,0.10631158193585655,'SAMME')	0.7262962962962962	cached
maxAbsScaler();adaBoost(decisionTree('gini',5,5,0.3563198884690598,1,'balanced'),89,0.10631158193585655,'SAMME')	0.7429629629629628	cached
minMaxScaler();maxAbsScaler();minMaxScaler();adaBoost(decisionTree('gini',21,5,0.3563198884690598,1,'None'),89,0.10631158193585655,'SAMME')	invalid_ind (duplicated operator)	invalid_ind (duplicated operator)
maxAbsScaler();adaBoost(decisionTree('gini',21,5,0.5597862200963497,2,'None'),89,0.10631158193585655,'SAMME')	0.7759259259259259	5.213374614715576
maxAbsScaler();maxAbsScaler();adaBoost(decisionTree('gini',21,5,0.3563198884690598,1,'None'),89,0.10631158193585655,'SAMME')	invalid_ind (duplicated operator)	invalid_ind (duplicated operator)
maxAbsScaler();adaBoost(decisionTree('gini',6,11,0.3563198884690598,17,'None'),89,0.10631158193585655,'SAMME')	0.5314814814814814	cached
robustScaler(True,True);logisticRegression('l2','saga',1000,4.897617566618999,'balanced')	0.7162962962962964	cached
robustScaler(True,True);logisticRegression('l2','saga',1000,4.897617566618999,'balanced')	0.7162962962962964	cached
maxAbsScaler();adaBoost(decisionTree('gini',16,5,0.3563198884690598,1,'None'),89,0.10631158193585655,'SAMME')	0.7262962962962962	cached
maxAbsScaler();adaBoost(decisionTree('gini',21,5,0.3563198884690598,1,'None'),89,0.10631158193585655,'SAMME')	0.7262962962962962	cached
maxAbsScaler();adaBoost(decisionTree('gini',5,5,0.3563198884690598,1,'balanced'),89,0.10631158193585655,'SAMME')	0.7429629629629628	5.045706272125244
robustScaler(True,True);logisticRegression('l2','saga',1000,4.897617566618999,'balanced')	0.7162962962962964	3.0424630641937256
maxAbsScaler();adaBoost(decisionTree('gini',17,5,0.5597862200963497,1,'balanced'),73,0.2164989002043613,'SAMME')	0.6442592592592592	4.27890419960022
maxAbsScaler();adaBoost(decisionTree('gini',21,5,0.3563198884690598,1,'None'),89,0.10631158193585655,'SAMME')	0.7262962962962962	3.5955710411071777
maxAbsScaler();adaBoost(decisionTree('gini',21,5,0.3563198884690598,1,'None'),89,0.10631158193585655,'SAMME')	0.7262962962962962	3.176201581954956
maxAbsScaler();adaBoost(decisionTree('gini',21,2,0.3563198884690598,2,'None'),89,0.10631158193585655,'SAMME')	0.7212962962962963	3.019475221633911
maxAbsScaler();adaBoost(decisionTree('gini',5,5,0.3563198884690598,1,'balanced'),89,0.10631158193585655,'SAMME')	0.7429629629629628	3.0491385459899902
