pipeline	fitness	fit_time
selectFwe(0.003032124184343105);nystroem('poly',1.2883386062650757,76,5,0.28777743677545375);minMaxScaler();minMaxScaler();adaBoost(decisionTree('gini',26,15,0.9874559311566145,11,'balanced'),58,0.9745610554644287,'SAMME')	invalid_ind (duplicated operator)	invalid_ind (duplicated operator)
pca(0.8247045418937757,False);varianceThreshold();minMaxScaler();minMaxScaler();varianceThreshold();pca(0.5604475704226722,True);mlpClassifier((45, 11),0.07999474075467382,0.5609816454564671,'adam','tanh')	invalid_ind (duplicated operator)	invalid_ind (duplicated operator)
minMaxScaler();minMaxScaler();bernoulliNB(12.24537850659824,True)	invalid_ind (duplicated operator)	invalid_ind (duplicated operator)
selectPercentile(67.00640740415653);nystroem('rbf',7.926058949227791,82,3,-0.7865126050343756);fastICA(74,'parallel','unit-variance','logcosh');nystroem('poly',0.7431471479208718,86,5,0.8775295667392682);minMaxScaler();minMaxScaler();mlpClassifier((82, 19),0.06636741280111591,0.4317587470324145,'sgd','logistic')	invalid_ind (duplicated operator)	invalid_ind (duplicated operator)
varianceThreshold();maxAbsScaler();varianceThreshold();minMaxScaler();minMaxScaler();adaBoost(decisionTree('gini',14,17,0.7014887154027867,7,'None'),84,1.5056805564104314,'SAMME')	invalid_ind (duplicated operator)	invalid_ind (duplicated operator)
maxAbsScaler();minMaxScaler();varianceThreshold();varianceThreshold();selectFwe(0.013717875939369706);maxAbsScaler();adaBoost(decisionTree('entropy',13,6,0.5443565347702323,4,'None'),19,1.0841935221591743,'SAMME')	invalid_ind (duplicated operator)	invalid_ind (duplicated operator)
maxAbsScaler();selectPercentile(67.49729644755728);minMaxScaler();pca(0.827620118724357,False);varianceThreshold();maxAbsScaler();logisticRegression('l2','newton-cg',1000,11.788446672408776,'balanced')	invalid_ind (duplicated operator)	invalid_ind (duplicated operator)
gaussianNB(0.005345998845496758)	0.5850983229222828	1.892878770828247
robustScaler(False,False);bernoulliNB(3.6778538478223917,False)	0.8750115076700858	1.98447847366333
maxAbsScaler();minMaxScaler();minMaxScaler();pca(0.8907533052867602,False);nystroem('sigmoid',2.3676461338319124,84,4,0.2672838046821482);maxAbsScaler();lda(0.7268343838605282,1,0.010305868227100022)	invalid_ind (duplicated operator)	invalid_ind (duplicated operator)
nystroem('rbf',6.282217837690618,98,3,0.7931343299680971);maxAbsScaler();varianceThreshold();extraTreesClassifier(62,'gini','sqrt',12,5,False,'None')	0.5	5.671726226806641
varianceThreshold();multinomialNB(75.28608193509555,True)	0.7639029098142702	4.024343252182007
robustScaler(False,False);robustScaler(False,False);adaBoost(decisionTree('entropy',7,7,0.33297797756233527,4,'None'),25,0.9291257421941627,'SAMME')	invalid_ind (duplicated operator)	invalid_ind (duplicated operator)
varianceThreshold();varianceThreshold();varianceThreshold();varianceThreshold();bernoulliNB(62.686980826808785,True)	invalid_ind (duplicated operator)	invalid_ind (duplicated operator)
fastICA(51,'deflation','unit-variance','exp');maxAbsScaler();robustScaler(True,True);fastICA(7,'parallel','unit-variance','cube');maxAbsScaler();varianceThreshold();logisticRegression('l1','saga',1000,16.14854951391938,'None')	invalid_ind (duplicated operator)	invalid_ind (duplicated operator)
minMaxScaler();maxAbsScaler();selectPercentile(36.27029952852126);qda(0.32311751938124933)	0.5001444059361948	4.551352024078369
maxAbsScaler();fastICA(11,'parallel','unit-variance','exp');minMaxScaler();minMaxScaler();adaBoost(decisionTree('entropy',28,13,0.4477453867296215,12,'None'),38,1.902739586516493,'SAMME')	invalid_ind (duplicated operator)	invalid_ind (duplicated operator)
minMaxScaler();minMaxScaler();robustScaler(False,True);nystroem('poly',6.73981210400215,78,5,-0.2644494481674715);varianceThreshold();gaussianNB(0.00586365944648733)	invalid_ind (duplicated operator)	invalid_ind (duplicated operator)
varianceThreshold();selectPercentile(23.532616542094964);nystroem('sigmoid',4.656629713872288,78,3,-0.06503028902992924);pca(0.9293557312154097,False);selectFwe(0.01171306329048771);decisionTree('entropy',13,16,0.7778103285353217,10,'None')	eval_error (Found array with 0 feature(s) (shape=(2453, 0)) while a minimum of 1 is required by DecisionTreeClassifier.)	eval_error (Found array with 0 feature(s) (shape=(2453, 0)) while a minimum of 1 is required by DecisionTreeClassifier.)
minMaxScaler();pca(0.7370034193859818,True);pca(0.7315326987572575,True);robustScaler(True,False);varianceThreshold();extraTreesClassifier(69,'entropy','log2',19,2,False,'balanced')	invalid_ind (duplicated operator)	invalid_ind (duplicated operator)
mlpClassifier((85, 2),0.09528060055435454,0.015833460534613757,'sgd','tanh')	0.5517625908469819	12.400940656661987
maxAbsScaler();varianceThreshold();robustScaler(True,True);qda(0.5088301878465372)	0.7512428420104997	5.463542938232422
extraTreesClassifier(91,'entropy','sqrt',8,7,False,'balanced_subsample')	0.9259974081113361	8.562680959701538
pca(0.7844126162861844,False);pca(0.7205513760275748,False);adaBoost(decisionTree('entropy',28,12,0.2867938203820377,10,'None'),33,0.15494279835117597,'SAMME')	invalid_ind (duplicated operator)	invalid_ind (duplicated operator)
pca(0.7071723441242446,True);minMaxScaler();selectPercentile(76.86904177432002);adaBoost(decisionTree('entropy',28,9,0.8276009370306416,19,'None'),13,0.42548904503074875,'SAMME')	eval_error (Found array with 0 feature(s) (shape=(2453, 0)) while a minimum of 1 is required by AdaBoostClassifier.)	eval_error (Found array with 0 feature(s) (shape=(2453, 0)) while a minimum of 1 is required by AdaBoostClassifier.)
maxAbsScaler();varianceThreshold();varianceThreshold();pca(0.7066327603503131,True);selectPercentile(52.572473535560945);fastICA(2,'deflation','unit-variance','exp');qda(0.04713710527610748)	invalid_ind (duplicated operator)	invalid_ind (duplicated operator)
robustScaler(True,False);varianceThreshold();adaBoost(decisionTree('gini',9,5,0.131313347183873,5,'None'),26,0.5334912774697786,'SAMME')	0.9403099436613014	5.264360189437866
nystroem('sigmoid',2.2106474537829452,66,5,-0.07186365816035423);pca(0.6002084008710409,True);lda(0.8587736847999885,246,0.0161415339953486)	eval_error (n_components cannot be larger than min(n_features, n_classes - 1).)	eval_error (n_components cannot be larger than min(n_features, n_classes - 1).)
minMaxScaler();nystroem('sigmoid',0.13932962697589146,58,5,-0.5775479081083481);selectPercentile(12.52779336457872);adaBoost(decisionTree('gini',19,17,0.14619796964054443,8,'balanced'),57,0.0832370546964789,'SAMME')	0.87077321295418	9.012925863265991
fastICA(41,'parallel','arbitrary-variance','logcosh');selectFwe(0.02526831841372631);nystroem('cosine',1.3267430144553578,97,2,-0.5264535486502138);minMaxScaler();varianceThreshold();varianceThreshold();adaBoost(decisionTree('entropy',20,9,0.17576060208656763,17,'None'),86,0.8172450800922813,'SAMME')	invalid_ind (duplicated operator)	invalid_ind (duplicated operator)
varianceThreshold();adaBoost(decisionTree('entropy',8,17,0.13891719199939578,10,'None'),80,0.2419705886154548,'SAMME')	0.9451127938371696	9.023422956466675
minMaxScaler();maxAbsScaler();pca(0.90968106321025,True);selectPercentile(96.51986805524741);nystroem('sigmoid',0.17085521007575558,59,5,0.17322624182877266);adaBoost(decisionTree('gini',2,13,0.46081784817900406,18,'None'),91,1.416073580656632,'SAMME')	0.8876138473390789	23.760215520858765
maxAbsScaler();extraTreesClassifier(94,'entropy','log2',11,4,True,'None')	0.9019395489483315	6.804366111755371
minMaxScaler();maxAbsScaler();robustScaler(True,False);varianceThreshold();qda(0.05480254893384695)	0.84213376798829	4.465987205505371
maxAbsScaler();pca(0.7747606203968,False);adaBoost(decisionTree('gini',10,2,0.8235705112332644,9,'None'),86,1.2089263684377511,'SAMME')	0.8964386438886927	38.54057168960571
adaBoost(decisionTree('entropy',29,20,0.22600741598132768,11,'balanced'),92,0.5473840821457541,'SAMME')	0.9470056703716736	16.01824116706848
bernoulliNB(7.7473803445245375,True)	0.8683559879093128	4.597067832946777
minMaxScaler();robustScaler(True,True);nystroem('cosine',3.6414422968828246,51,2,0.42763404034839847);selectFwe(0.004040464196837461);maxAbsScaler();randomForest(47,'entropy',0.9363835123141007,3,20,True,'balanced')	0.8863192378833474	43.544864654541016
varianceThreshold();selectFwe(0.01882471416403296);maxAbsScaler();fastICA(35,'deflation','arbitrary-variance','logcosh');selectPercentile(45.791557689978596);adaBoost(decisionTree('entropy',24,15,0.504151452822573,19,'None'),65,0.33674340719252865,'SAMME')	0.9202837117373324	193.49544620513916
fastICA(46,'deflation','arbitrary-variance','logcosh');varianceThreshold();maxAbsScaler();adaBoost(decisionTree('gini',19,13,0.8238569694362355,7,'balanced'),99,1.3131997280403833,'SAMME')	0.9080087700206821	260.8178608417511
maxAbsScaler();lda(0.8587736847999885,168,0.04895509564563562)	eval_error (n_components cannot be larger than min(n_features, n_classes - 1).)	eval_error (n_components cannot be larger than min(n_features, n_classes - 1).)
pca(0.7205513760275748,False);varianceThreshold();robustScaler(True,True);qda(0.5088301878465372)	0.5797288353486786	3.4137980937957764
nystroem('sigmoid',2.2106474537829452,66,5,-0.07186365816035423);pca(0.6002084008710409,True);extraTreesClassifier(94,'entropy','log2',11,4,True,'None')	0.5	8.02466082572937
varianceThreshold();nystroem('rbf',2.7737341218725122,61,5,-0.043847257219563174);varianceThreshold();varianceThreshold();bernoulliNB(12.24537850659824,True)	invalid_ind (duplicated operator)	invalid_ind (duplicated operator)
minMaxScaler();minMaxScaler();bernoulliNB(62.686980826808785,True)	invalid_ind (duplicated operator)	invalid_ind (duplicated operator)
pca(0.7844126162861844,False);maxAbsScaler();adaBoost(decisionTree('entropy',28,12,0.2867938203820377,10,'None'),33,0.15494279835117597,'SAMME')	0.6629730512895217	9.49370288848877
nystroem('rbf',6.282217837690618,98,3,0.7931343299680971);maxAbsScaler();varianceThreshold();extraTreesClassifier(62,'gini','sqrt',12,5,False,'None')	0.5	7.676276922225952
pca(0.7071723441242446,True);minMaxScaler();selectPercentile(76.86904177432002);adaBoost(decisionTree('entropy',28,9,0.8276009370306416,19,'None'),13,0.42548904503074875,'SAMME')	eval_error (Found array with 0 feature(s) (shape=(2453, 0)) while a minimum of 1 is required by AdaBoostClassifier.)	eval_error (Found array with 0 feature(s) (shape=(2453, 0)) while a minimum of 1 is required by AdaBoostClassifier.)
minMaxScaler();extraTreesClassifier(69,'entropy','log2',19,2,False,'balanced')	0.9435221308372738	8.919144630432129
maxAbsScaler();pca(0.7315326987572575,True);robustScaler(True,False);varianceThreshold();minMaxScaler();bernoulliNB(12.24537850659824,True)	0.5033257797920554	5.085599422454834
minMaxScaler();nystroem('sigmoid',0.13932962697589146,58,5,0.2672838046821482);selectPercentile(12.52779336457872);adaBoost(decisionTree('gini',19,17,0.14619796964054443,8,'balanced'),57,0.0832370546964789,'SAMME')	0.8775724160394169	13.472137451171875
nystroem('cosine',0.4139939169044041,98,5,-0.004432926838504825);nystroem('sigmoid',2.3676461338319124,84,4,-0.5775479081083481);maxAbsScaler();lda(0.7268343838605282,1,0.010305868227100022)	invalid_ind (duplicated operator)	invalid_ind (duplicated operator)
minMaxScaler();robustScaler(True,True);nystroem('cosine',3.6414422968828246,51,2,0.42763404034839847);selectFwe(0.004040464196837461);maxAbsScaler();randomForest(47,'entropy',0.9363835123141007,3,20,True,'balanced')	0.8863192378833474	38.310073375701904
minMaxScaler();robustScaler(True,True);nystroem('cosine',2.2106474537829452,51,5,-0.07186365816035423);selectFwe(0.004040464196837461);maxAbsScaler();randomForest(47,'entropy',0.9363835123141007,3,20,True,'balanced')	0.8863192378833474	39.52071499824524
nystroem('sigmoid',3.6414422968828246,66,2,0.42763404034839847);pca(0.6002084008710409,True);lda(0.8587736847999885,246,0.0161415339953486)	eval_error (n_components cannot be larger than min(n_features, n_classes - 1).)	eval_error (n_components cannot be larger than min(n_features, n_classes - 1).)
minMaxScaler();robustScaler(True,True);nystroem('cosine',3.6414422968828246,51,2,0.42763404034839847);minMaxScaler();maxAbsScaler();randomForest(47,'entropy',0.9363835123141007,3,20,True,'balanced')	invalid_ind (duplicated operator)	invalid_ind (duplicated operator)
maxAbsScaler();selectPercentile(67.49729644755728);selectFwe(0.004040464196837461);pca(0.827620118724357,False);varianceThreshold();maxAbsScaler();logisticRegression('l2','newton-cg',1000,11.788446672408776,'balanced')	invalid_ind (duplicated operator)	invalid_ind (duplicated operator)
pca(0.8247045418937757,False);varianceThreshold();minMaxScaler();minMaxScaler();varianceThreshold();pca(0.5604475704226722,True);mlpClassifier((45, 11),0.07999474075467382,0.5609816454564671,'adam','tanh')	invalid_ind (duplicated operator)	invalid_ind (duplicated operator)
maxAbsScaler();minMaxScaler();minMaxScaler();pca(0.8907533052867602,False);nystroem('sigmoid',2.3676461338319124,84,4,0.2672838046821482);maxAbsScaler();lda(0.7268343838605282,1,0.010305868227100022)	invalid_ind (duplicated operator)	invalid_ind (duplicated operator)
extraTreesClassifier(71,'entropy','log2',8,11,True,'balanced')	0.8953244255984893	6.537647008895874
maxAbsScaler();selectPercentile(67.49729644755728);minMaxScaler();pca(0.827620118724357,False);varianceThreshold();maxAbsScaler();logisticRegression('l2','newton-cg',1000,11.788446672408776,'balanced')	invalid_ind (duplicated operator)	invalid_ind (duplicated operator)
robustScaler(False,False);robustScaler(False,False);adaBoost(decisionTree('entropy',7,7,0.33297797756233527,4,'None'),25,0.9291257421941627,'SAMME')	invalid_ind (duplicated operator)	invalid_ind (duplicated operator)
maxAbsScaler();minMaxScaler();varianceThreshold();varianceThreshold();selectFwe(0.013717875939369706);maxAbsScaler();adaBoost(decisionTree('entropy',13,6,0.5443565347702323,4,'None'),19,1.0841935221591743,'SAMME')	invalid_ind (duplicated operator)	invalid_ind (duplicated operator)
fastICA(28,'deflation','unit-variance','exp');selectPercentile(67.49729644755728);minMaxScaler();pca(0.827620118724357,False);varianceThreshold();maxAbsScaler();logisticRegression('l2','newton-cg',1000,11.788446672408776,'balanced')	0.8049491387489394	21.641557931900024
maxAbsScaler();fastICA(11,'parallel','unit-variance','exp');minMaxScaler();minMaxScaler();adaBoost(decisionTree('entropy',28,13,0.4477453867296215,12,'None'),38,1.902739586516493,'SAMME')	invalid_ind (duplicated operator)	invalid_ind (duplicated operator)
maxAbsScaler();pca(0.7747606203968,False);adaBoost(decisionTree('gini',28,12,0.2293482179872739,3,'None'),86,1.2089263684377511,'SAMME')	0.8879846419498827	31.39466667175293
maxAbsScaler();varianceThreshold();varianceThreshold();pca(0.7066327603503131,True);selectPercentile(52.572473535560945);fastICA(2,'deflation','unit-variance','exp');qda(0.04713710527610748)	invalid_ind (duplicated operator)	invalid_ind (duplicated operator)
mlpClassifier((60, 9),0.09528060055435454,0.015833460534613757,'sgd','tanh')	0.5606076055669372	24.271673440933228
selectPercentile(67.00640740415653);nystroem('rbf',7.926058949227791,82,3,-0.7865126050343756);fastICA(74,'parallel','unit-variance','logcosh');varianceThreshold();minMaxScaler();minMaxScaler();mlpClassifier((82, 19),0.06636741280111591,0.4317587470324145,'sgd','logistic')	invalid_ind (duplicated operator)	invalid_ind (duplicated operator)
minMaxScaler();pca(0.7370034193859818,True);pca(0.7315326987572575,True);robustScaler(True,False);nystroem('poly',0.7431471479208718,86,5,0.8775295667392682);extraTreesClassifier(69,'entropy','log2',19,2,False,'balanced')	invalid_ind (duplicated operator)	invalid_ind (duplicated operator)
varianceThreshold();selectPercentile(23.532616542094964);nystroem('sigmoid',4.656629713872288,78,3,-0.06503028902992924);pca(0.9293557312154097,False);selectFwe(0.01171306329048771);decisionTree('entropy',13,16,0.7778103285353217,10,'None')	eval_error (Found array with 0 feature(s) (shape=(2453, 0)) while a minimum of 1 is required by DecisionTreeClassifier.)	eval_error (Found array with 0 feature(s) (shape=(2453, 0)) while a minimum of 1 is required by DecisionTreeClassifier.)
varianceThreshold();maxAbsScaler();varianceThreshold();minMaxScaler();minMaxScaler();adaBoost(decisionTree('gini',14,17,0.7014887154027867,7,'None'),84,1.5056805564104314,'SAMME')	invalid_ind (duplicated operator)	invalid_ind (duplicated operator)
nystroem('sigmoid',2.2106474537829452,66,5,-0.07186365816035423);pca(0.6002084008710409,True);adaBoost(decisionTree('entropy',28,13,0.4477453867296215,12,'None'),38,1.902739586516493,'SAMME')	0.5	7.639447450637817
maxAbsScaler();fastICA(11,'parallel','unit-variance','exp');minMaxScaler();minMaxScaler();lda(0.8587736847999885,246,0.0161415339953486)	invalid_ind (duplicated operator)	invalid_ind (duplicated operator)
varianceThreshold();selectFwe(0.01882471416403296);maxAbsScaler();fastICA(74,'parallel','unit-variance','logcosh');selectPercentile(45.791557689978596);adaBoost(decisionTree('entropy',24,15,0.504151452822573,19,'None'),65,0.33674340719252865,'SAMME')	0.9282501148249969	55.26574945449829
selectPercentile(67.00640740415653);nystroem('rbf',7.926058949227791,82,3,-0.7865126050343756);fastICA(35,'deflation','arbitrary-variance','logcosh');nystroem('poly',0.7431471479208718,86,5,0.8775295667392682);minMaxScaler();minMaxScaler();mlpClassifier((82, 19),0.06636741280111591,0.4317587470324145,'sgd','logistic')	invalid_ind (duplicated operator)	invalid_ind (duplicated operator)
minMaxScaler();robustScaler(True,True);nystroem('cosine',3.6414422968828246,51,2,0.17322624182877266);selectFwe(0.009321573654867478);maxAbsScaler();randomForest(47,'entropy',0.9363835123141007,12,20,True,'balanced')	0.8856379221132252	36.171321630477905
minMaxScaler();maxAbsScaler();pca(0.90968106321025,True);selectPercentile(96.51986805524741);nystroem('sigmoid',0.17085521007575558,59,5,0.42763404034839847);adaBoost(decisionTree('gini',2,13,0.46081784817900406,18,'None'),91,1.416073580656632,'SAMME')	0.8705722302366146	20.51730704307556
varianceThreshold();selectFwe(0.01882471416403296);maxAbsScaler();fastICA(35,'deflation','arbitrary-variance','logcosh');selectPercentile(45.791557689978596);adaBoost(decisionTree('entropy',24,15,0.504151452822573,19,'None'),65,0.33674340719252865,'SAMME')	0.9202837117373324	167.80858635902405
gaussianNB(0.005345998845496758)	0.5850983229222828	1.3729827404022217
minMaxScaler();pca(0.7370034193859818,True);pca(0.7315326987572575,True);robustScaler(True,False);nystroem('rbf',7.926058949227791,86,3,-0.7865126050343756);extraTreesClassifier(69,'entropy','log2',19,2,False,'balanced')	invalid_ind (duplicated operator)	invalid_ind (duplicated operator)
selectPercentile(67.00640740415653);nystroem('poly',0.7431471479208718,82,5,0.8775295667392682);fastICA(35,'deflation','arbitrary-variance','logcosh');nystroem('poly',0.7431471479208718,86,5,0.8775295667392682);minMaxScaler();minMaxScaler();mlpClassifier((82, 19),0.06636741280111591,0.4317587470324145,'sgd','logistic')	invalid_ind (duplicated operator)	invalid_ind (duplicated operator)
maxAbsScaler();fastICA(11,'parallel','unit-variance','exp');minMaxScaler();minMaxScaler();lda(0.8587736847999885,246,0.0161415339953486)	invalid_ind (duplicated operator)	invalid_ind (duplicated operator)
minMaxScaler();pca(0.7370034193859818,True);pca(0.7315326987572575,True);robustScaler(True,False);nystroem('poly',0.7431471479208718,86,5,0.8775295667392682);extraTreesClassifier(69,'entropy','log2',19,2,False,'balanced')	invalid_ind (duplicated operator)	invalid_ind (duplicated operator)
maxAbsScaler();minMaxScaler();varianceThreshold();varianceThreshold();selectFwe(0.013717875939369706);maxAbsScaler();adaBoost(decisionTree('entropy',13,6,0.5443565347702323,4,'None'),25,0.9291257421941627,'SAMME')	invalid_ind (duplicated operator)	invalid_ind (duplicated operator)
robustScaler(False,False);robustScaler(False,False);adaBoost(decisionTree('entropy',7,7,0.33297797756233527,4,'None'),19,1.0841935221591743,'SAMME')	invalid_ind (duplicated operator)	invalid_ind (duplicated operator)
selectPercentile(67.00640740415653);nystroem('rbf',7.926058949227791,82,3,-0.7865126050343756);fastICA(2,'deflation','unit-variance','exp');varianceThreshold();minMaxScaler();minMaxScaler();mlpClassifier((82, 19),0.06636741280111591,0.4317587470324145,'sgd','logistic')	invalid_ind (duplicated operator)	invalid_ind (duplicated operator)
maxAbsScaler();varianceThreshold();varianceThreshold();pca(0.7066327603503131,True);selectPercentile(52.572473535560945);fastICA(74,'parallel','unit-variance','logcosh');qda(0.04713710527610748)	invalid_ind (duplicated operator)	invalid_ind (duplicated operator)
maxAbsScaler();pca(0.7747606203968,False);adaBoost(decisionTree('gini',28,12,0.2293482179872739,3,'None'),86,1.2089263684377511,'SAMME')	0.8879846419498827	cached
minMaxScaler();extraTreesClassifier(69,'entropy','log2',19,2,False,'balanced')	0.9435221308372738	cached
maxAbsScaler();minMaxScaler();selectPercentile(56.93623153874503);maxAbsScaler();randomForest(47,'entropy',0.9363835123141007,3,20,True,'balanced')	invalid_ind (duplicated operator)	invalid_ind (duplicated operator)
pca(0.8247045418937757,False);varianceThreshold();minMaxScaler();minMaxScaler();varianceThreshold();pca(0.5604475704226722,True);mlpClassifier((45, 11),0.07999474075467382,0.5609816454564671,'adam','tanh')	invalid_ind (duplicated operator)	invalid_ind (duplicated operator)
minMaxScaler();nystroem('sigmoid',0.13932962697589146,58,5,0.2672838046821482);selectPercentile(12.52779336457872);adaBoost(decisionTree('gini',19,17,0.14619796964054443,8,'balanced'),57,0.0832370546964789,'SAMME')	0.8775724160394169	cached
minMaxScaler();extraTreesClassifier(69,'entropy','log2',19,2,False,'balanced')	0.9435221308372738	cached
maxAbsScaler();minMaxScaler();varianceThreshold();varianceThreshold();selectFwe(0.013717875939369706);maxAbsScaler();adaBoost(decisionTree('entropy',13,6,0.5443565347702323,4,'None'),91,1.416073580656632,'SAMME')	invalid_ind (duplicated operator)	invalid_ind (duplicated operator)
pca(0.7583896953801443,False);minMaxScaler();selectPercentile(76.86904177432002);adaBoost(decisionTree('entropy',28,9,0.8276009370306416,19,'None'),13,0.42548904503074875,'SAMME')	eval_error (Found array with 0 feature(s) (shape=(2453, 0)) while a minimum of 1 is required by AdaBoostClassifier.)	eval_error (Found array with 0 feature(s) (shape=(2453, 0)) while a minimum of 1 is required by AdaBoostClassifier.)
maxAbsScaler();varianceThreshold();varianceThreshold();pca(0.7071723441242446,True);selectPercentile(52.572473535560945);fastICA(2,'deflation','unit-variance','exp');qda(0.04713710527610748)	invalid_ind (duplicated operator)	invalid_ind (duplicated operator)
minMaxScaler();robustScaler(True,True);nystroem('cosine',3.6414422968828246,51,2,0.42763404034839847);minMaxScaler();maxAbsScaler();randomForest(47,'entropy',0.9363835123141007,3,20,True,'balanced')	invalid_ind (duplicated operator)	invalid_ind (duplicated operator)
nystroem('poly',0.7431471479208718,86,5,0.8775295667392682);pca(0.7370034193859818,True);extraTreesClassifier(69,'entropy','log2',19,2,False,'balanced')	0.6731487964109734	4.889726161956787
minMaxScaler();pca(0.6002084008710409,True);pca(0.7315326987572575,True);robustScaler(True,False);nystroem('sigmoid',2.2106474537829452,66,5,-0.07186365816035423);extraTreesClassifier(94,'entropy','log2',11,4,True,'None')	invalid_ind (duplicated operator)	invalid_ind (duplicated operator)
extraTreesClassifier(91,'entropy','sqrt',8,7,False,'balanced_subsample')	0.9259974081113361	5.502787828445435
minMaxScaler();maxAbsScaler();pca(0.90968106321025,True);selectPercentile(96.51986805524741);nystroem('sigmoid',0.17085521007575558,59,5,0.42763404034839847);adaBoost(decisionTree('gini',2,13,0.46081784817900406,18,'None'),19,1.0841935221591743,'SAMME')	0.7914434720989076	6.656920433044434
varianceThreshold();adaBoost(decisionTree('entropy',8,17,0.13891719199939578,10,'None'),80,0.2419705886154548,'SAMME')	0.9451127938371696	11.01241660118103
maxAbsScaler();varianceThreshold();varianceThreshold();pca(0.7066327603503131,True);selectPercentile(52.572473535560945);fastICA(2,'deflation','unit-variance','exp');qda(0.04713710527610748)	invalid_ind (duplicated operator)	invalid_ind (duplicated operator)
fastICA(28,'deflation','unit-variance','exp');selectPercentile(67.49729644755728);minMaxScaler();pca(0.90968106321025,True);varianceThreshold();selectFwe(0.0442264966079209);logisticRegression('l2','newton-cg',1000,11.788446672408776,'balanced')	0.8370993114845501	12.662353754043579
varianceThreshold();adaBoost(decisionTree('entropy',24,17,0.504151452822573,10,'None'),65,0.33674340719252865,'SAMME')	0.9464702815208934	19.30273747444153
maxAbsScaler();pca(0.7747606203968,False);adaBoost(decisionTree('gini',28,12,0.2293482179872739,3,'None'),86,1.2089263684377511,'SAMME')	0.8879846419498827	20.29916763305664
adaBoost(decisionTree('entropy',29,20,0.22600741598132768,11,'balanced'),92,0.5473840821457541,'SAMME')	0.9470056703716736	15.783119916915894
minMaxScaler();robustScaler(True,True);nystroem('cosine',3.6414422968828246,51,2,0.42763404034839847);selectFwe(0.004040464196837461);maxAbsScaler();randomForest(47,'entropy',0.9363835123141007,3,20,True,'balanced')	0.8863192378833474	cached
maxAbsScaler();fastICA(11,'parallel','unit-variance','exp');minMaxScaler();minMaxScaler();lda(0.8587736847999885,246,0.0161415339953486)	invalid_ind (duplicated operator)	invalid_ind (duplicated operator)
nystroem('cosine',2.2106474537829452,98,5,-0.07186365816035423);nystroem('sigmoid',2.3676461338319124,84,4,-0.5775479081083481);maxAbsScaler();lda(0.7268343838605282,1,0.010305868227100022)	invalid_ind (duplicated operator)	invalid_ind (duplicated operator)
minMaxScaler();robustScaler(True,True);nystroem('cosine',3.6414422968828246,51,2,0.42763404034839847);selectFwe(0.004040464196837461);maxAbsScaler();randomForest(47,'entropy',0.9363835123141007,3,20,True,'balanced')	0.8863192378833474	35.78645324707031
extraTreesClassifier(33,'gini','log2',3,13,True,'balanced_subsample')	0.8867687097597237	6.48402214050293
maxAbsScaler();minMaxScaler();minMaxScaler();pca(0.8907533052867602,False);nystroem('sigmoid',2.3676461338319124,84,3,-0.7865126050343756);maxAbsScaler();lda(0.7268343838605282,1,0.010305868227100022)	invalid_ind (duplicated operator)	invalid_ind (duplicated operator)
selectPercentile(67.00640740415653);nystroem('rbf',7.926058949227791,82,4,0.2672838046821482);fastICA(35,'deflation','arbitrary-variance','logcosh');nystroem('poly',0.7431471479208718,86,5,0.8775295667392682);minMaxScaler();minMaxScaler();mlpClassifier((82, 19),0.06636741280111591,0.4317587470324145,'sgd','logistic')	invalid_ind (duplicated operator)	invalid_ind (duplicated operator)
minMaxScaler();maxAbsScaler();pca(0.827620118724357,False);selectPercentile(96.51986805524741);nystroem('sigmoid',0.17085521007575558,59,5,0.42763404034839847);adaBoost(decisionTree('gini',2,13,0.46081784817900406,18,'None'),91,1.416073580656632,'SAMME')	0.9052433019535375	24.81979775428772
minMaxScaler();robustScaler(True,True);nystroem('cosine',0.4139939169044041,51,5,-0.004432926838504825);selectFwe(0.004040464196837461);maxAbsScaler();randomForest(47,'entropy',0.9363835123141007,3,20,True,'balanced')	0.8863192378833474	39.85740041732788
varianceThreshold();selectFwe(0.03272333774363708);maxAbsScaler();fastICA(74,'parallel','unit-variance','logcosh');selectPercentile(45.791557689978596);adaBoost(decisionTree('entropy',24,15,0.504151452822573,19,'None'),65,0.33674340719252865,'SAMME')	0.9282501148249969	48.45777869224548
nystroem('sigmoid',2.2106474537829452,66,5,-0.07186365816035423);pca(0.6002084008710409,True);adaBoost(decisionTree('entropy',28,13,0.4477453867296215,12,'None'),38,1.902739586516493,'SAMME')	0.5	cached
varianceThreshold();selectFwe(0.01882471416403296);maxAbsScaler();fastICA(35,'deflation','arbitrary-variance','logcosh');selectPercentile(45.791557689978596);adaBoost(decisionTree('entropy',8,15,0.13891719199939578,19,'None'),80,0.2419705886154548,'SAMME')	0.9096884698329898	139.57679867744446
minMaxScaler();robustScaler(True,True);nystroem('cosine',3.6414422968828246,51,2,0.42763404034839847);selectFwe(0.004040464196837461);maxAbsScaler();randomForest(47,'entropy',0.9363835123141007,3,20,True,'balanced')	0.8863192378833474	cached
minMaxScaler();maxAbsScaler();pca(0.90968106321025,True);selectPercentile(96.51986805524741);nystroem('sigmoid',0.17085521007575558,59,5,0.42763404034839847);adaBoost(decisionTree('gini',2,13,0.46081784817900406,18,'None'),19,1.0841935221591743,'SAMME')	0.7914434720989076	cached
minMaxScaler();robustScaler(True,True);nystroem('cosine',3.6414422968828246,51,2,0.42763404034839847);selectFwe(0.004040464196837461);maxAbsScaler();randomForest(47,'entropy',0.9363835123141007,3,20,True,'balanced')	0.8863192378833474	cached
maxAbsScaler();minMaxScaler();selectPercentile(56.93623153874503);maxAbsScaler();randomForest(47,'entropy',0.9363835123141007,3,20,True,'balanced')	invalid_ind (duplicated operator)	invalid_ind (duplicated operator)
maxAbsScaler();minMaxScaler();selectPercentile(56.93623153874503);maxAbsScaler();randomForest(47,'entropy',0.9363835123141007,3,20,True,'balanced')	invalid_ind (duplicated operator)	invalid_ind (duplicated operator)
minMaxScaler();robustScaler(True,True);nystroem('cosine',3.6414422968828246,51,2,0.42763404034839847);minMaxScaler();maxAbsScaler();randomForest(47,'entropy',0.9363835123141007,3,20,True,'balanced')	invalid_ind (duplicated operator)	invalid_ind (duplicated operator)
maxAbsScaler();minMaxScaler();varianceThreshold();varianceThreshold();varianceThreshold();maxAbsScaler();adaBoost(decisionTree('entropy',8,6,0.5443565347702323,4,'None'),80,0.2419705886154548,'SAMME')	invalid_ind (duplicated operator)	invalid_ind (duplicated operator)
nystroem('cosine',2.2106474537829452,98,5,-0.07186365816035423);nystroem('sigmoid',2.3676461338319124,84,4,-0.5775479081083481);maxAbsScaler();adaBoost(decisionTree('entropy',29,20,0.22600741598132768,11,'balanced'),92,0.5473840821457541,'SAMME')	invalid_ind (duplicated operator)	invalid_ind (duplicated operator)
extraTreesClassifier(33,'gini','log2',3,13,True,'balanced_subsample')	0.8867687097597237	3.4200844764709473
varianceThreshold();selectFwe(0.03272333774363708);maxAbsScaler();fastICA(74,'parallel','unit-variance','logcosh');selectPercentile(45.791557689978596);adaBoost(decisionTree('entropy',24,15,0.504151452822573,19,'None'),65,0.33674340719252865,'SAMME')	0.9282501148249969	cached
varianceThreshold();selectFwe(0.01882471416403296);maxAbsScaler();fastICA(74,'parallel','unit-variance','logcosh');selectPercentile(45.791557689978596);adaBoost(decisionTree('entropy',24,15,0.504151452822573,19,'None'),65,0.33674340719252865,'SAMME')	0.9282501148249969	cached
minMaxScaler();extraTreesClassifier(69,'entropy','log2',19,2,False,'balanced')	0.9435221308372738	6.63985013961792
maxAbsScaler();varianceThreshold();varianceThreshold();pca(0.7071723441242446,True);selectPercentile(52.572473535560945);fastICA(2,'deflation','unit-variance','exp');qda(0.04713710527610748)	invalid_ind (duplicated operator)	invalid_ind (duplicated operator)
robustScaler(False,False);robustScaler(False,False);adaBoost(decisionTree('entropy',7,7,0.33297797756233527,4,'None'),19,1.0841935221591743,'SAMME')	invalid_ind (duplicated operator)	invalid_ind (duplicated operator)
lda(0.7268343838605282,1,0.010305868227100022)	0.8611460268177676	7.588023662567139
varianceThreshold();adaBoost(decisionTree('entropy',13,17,0.13891719199939578,14,'None'),25,0.9291257421941627,'SAMME')	0.9408349009823598	8.09471082687378
varianceThreshold();nystroem('sigmoid',0.13932962697589146,58,5,0.2672838046821482);selectPercentile(12.52779336457872);adaBoost(decisionTree('gini',19,17,0.14619796964054443,8,'balanced'),57,0.0832370546964789,'SAMME')	0.6097064722375272	7.377751588821411
pca(0.8247045418937757,False);varianceThreshold();minMaxScaler();minMaxScaler();minMaxScaler();pca(0.5604475704226722,True);mlpClassifier((45, 11),0.07999474075467382,0.5609816454564671,'adam','tanh')	invalid_ind (duplicated operator)	invalid_ind (duplicated operator)
maxAbsScaler();pca(0.7747606203968,False);adaBoost(decisionTree('gini',9,12,0.131313347183873,3,'None'),26,0.5334912774697786,'SAMME')	0.9059561797452597	9.83430290222168
nystroem('sigmoid',2.2106474537829452,66,5,-0.07186365816035423);pca(0.6002084008710409,True);adaBoost(decisionTree('entropy',28,13,0.4477453867296215,12,'None'),65,0.33674340719252865,'SAMME')	0.5	11.607791423797607
minMaxScaler();maxAbsScaler();fastICA(11,'parallel','unit-variance','exp');selectPercentile(96.51986805524741);nystroem('sigmoid',0.17085521007575558,59,5,0.42763404034839847);adaBoost(decisionTree('gini',2,13,0.46081784817900406,18,'None'),19,1.0841935221591743,'SAMME')	0.8453687306526001	24.48356819152832
maxAbsScaler();pca(0.90968106321025,True);minMaxScaler();minMaxScaler();lda(0.8587736847999885,246,0.0161415339953486)	invalid_ind (duplicated operator)	invalid_ind (duplicated operator)
maxAbsScaler();fastICA(97,'deflation','unit-variance','logcosh');maxAbsScaler();gaussianNB(0.004527612497523343)	invalid_ind (duplicated operator)	invalid_ind (duplicated operator)
minMaxScaler();extraTreesClassifier(69,'entropy','log2',19,2,False,'balanced')	0.9435221308372738	10.26296591758728
maxAbsScaler();fastICA(11,'parallel','unit-variance','exp');minMaxScaler();minMaxScaler();maxAbsScaler();randomForest(47,'entropy',0.9363835123141007,3,20,True,'balanced')	invalid_ind (duplicated operator)	invalid_ind (duplicated operator)
minMaxScaler();robustScaler(True,True);nystroem('cosine',3.6414422968828246,51,2,0.42763404034839847);minMaxScaler();lda(0.8587736847999885,246,0.0161415339953486)	invalid_ind (duplicated operator)	invalid_ind (duplicated operator)
maxAbsScaler();varianceThreshold();varianceThreshold();pca(0.7071723441242446,True);selectPercentile(52.572473535560945);fastICA(2,'deflation','unit-variance','exp');qda(0.04713710527610748)	invalid_ind (duplicated operator)	invalid_ind (duplicated operator)
robustScaler(True,False);varianceThreshold();adaBoost(decisionTree('gini',28,5,0.2293482179872739,5,'None'),86,1.2089263684377511,'SAMME')	0.9417874013164997	30.18178653717041
maxAbsScaler();minMaxScaler();varianceThreshold();varianceThreshold();selectFwe(0.013717875939369706);maxAbsScaler();adaBoost(decisionTree('entropy',13,6,0.5443565347702323,4,'None'),25,0.33674340719252865,'SAMME')	invalid_ind (duplicated operator)	invalid_ind (duplicated operator)
varianceThreshold();selectFwe(0.03272333774363708);maxAbsScaler();fastICA(74,'parallel','unit-variance','logcosh');selectPercentile(45.791557689978596);adaBoost(decisionTree('entropy',24,15,0.504151452822573,19,'None'),38,1.902739586516493,'SAMME')	0.9055368945378757	43.35639929771423
maxAbsScaler();minMaxScaler();varianceThreshold();varianceThreshold();selectFwe(0.013717875939369706);maxAbsScaler();extraTreesClassifier(91,'entropy','sqrt',8,7,False,'balanced_subsample')	invalid_ind (duplicated operator)	invalid_ind (duplicated operator)
varianceThreshold();adaBoost(decisionTree('entropy',24,17,0.504151452822573,10,'None'),65,0.33674340719252865,'SAMME')	0.9464702815208934	30.042237520217896
minMaxScaler();robustScaler(True,True);nystroem('cosine',3.6414422968828246,51,2,0.42763404034839847);maxAbsScaler();maxAbsScaler();randomForest(47,'entropy',0.9363835123141007,3,20,True,'balanced')	invalid_ind (duplicated operator)	invalid_ind (duplicated operator)
selectFwe(0.004040464196837461);fastICA(11,'parallel','unit-variance','exp');minMaxScaler();minMaxScaler();lda(0.8587736847999885,246,0.0161415339953486)	invalid_ind (duplicated operator)	invalid_ind (duplicated operator)
adaBoost(decisionTree('gini',27,7,0.6442882297417183,4,'None'),93,1.7208785342310122,'SAMME')	0.9350334272354879	45.11673164367676
varianceThreshold();selectFwe(0.03272333774363708);maxAbsScaler();fastICA(74,'parallel','unit-variance','logcosh');selectPercentile(45.791557689978596);adaBoost(decisionTree('entropy',24,15,0.504151452822573,19,'None'),65,0.9291257421941627,'SAMME')	0.9192869724431327	60.48506951332092
varianceThreshold();selectFwe(0.004040464196837461);maxAbsScaler();fastICA(35,'deflation','arbitrary-variance','logcosh');selectPercentile(45.791557689978596);adaBoost(decisionTree('entropy',8,15,0.13891719199939578,19,'None'),80,0.2419705886154548,'SAMME')	0.9173753088981279	206.88906955718994
varianceThreshold();selectFwe(0.01882471416403296);maxAbsScaler();fastICA(35,'deflation','arbitrary-variance','logcosh');selectPercentile(45.791557689978596);adaBoost(decisionTree('entropy',8,15,0.13891719199939578,19,'None'),80,1.2089263684377511,'SAMME')	0.9157648448658364	205.70532751083374
maxAbsScaler();pca(0.7747606203968,True);adaBoost(decisionTree('entropy',28,12,0.2293482179872739,3,'None'),86,0.2419705886154548,'SAMME')	0.9060674548206382	11.027937412261963
minMaxScaler();robustScaler(True,True);nystroem('cosine',3.6414422968828246,51,2,0.42763404034839847);selectFwe(0.01882471416403296);maxAbsScaler();randomForest(47,'entropy',0.9363835123141007,3,20,False,'balanced')	0.8672922083254327	25.841601848602295
varianceThreshold();adaBoost(decisionTree('entropy',8,17,0.13891719199939578,10,'None'),80,0.2419705886154548,'SAMME')	0.9451127938371696	cached
maxAbsScaler();varianceThreshold();varianceThreshold();pca(0.7071723441242446,True);selectPercentile(52.572473535560945);fastICA(2,'deflation','unit-variance','exp');qda(0.04713710527610748)	invalid_ind (duplicated operator)	invalid_ind (duplicated operator)
varianceThreshold();selectFwe(0.03272333774363708);maxAbsScaler();fastICA(74,'parallel','unit-variance','logcosh');selectPercentile(45.791557689978596);adaBoost(decisionTree('gini',9,15,0.131313347183873,5,'None'),26,0.5334912774697786,'SAMME')	0.9159568452030294	14.726275205612183
varianceThreshold();adaBoost(decisionTree('entropy',28,12,0.2823422417705822,10,'None'),65,0.33674340719252865,'SAMME')	0.9458970052241623	16.547115802764893
adaBoost(decisionTree('entropy',29,20,0.22600741598132768,11,'balanced'),92,0.5473840821457541,'SAMME')	0.9470056703716736	20.05215287208557
robustScaler(False,False);maxAbsScaler();adaBoost(decisionTree('gini',24,17,0.46265130254665854,11,'balanced'),53,1.3017644849929482,'SAMME')	0.9385070422014186	14.406121730804443
selectFwe(0.004040464196837461);fastICA(11,'parallel','unit-variance','exp');minMaxScaler();minMaxScaler();lda(0.8587736847999885,246,0.0161415339953486)	invalid_ind (duplicated operator)	invalid_ind (duplicated operator)
maxAbsScaler();varianceThreshold();varianceThreshold();pca(0.7071723441242446,True);selectPercentile(52.572473535560945);fastICA(2,'deflation','unit-variance','exp');qda(0.04713710527610748)	invalid_ind (duplicated operator)	invalid_ind (duplicated operator)
robustScaler(True,True);varianceThreshold();adaBoost(decisionTree('entropy',24,5,0.504151452822573,19,'None'),65,0.33674340719252865,'SAMME')	0.9494706175082648	24.88317036628723
minMaxScaler();robustScaler(True,True);nystroem('cosine',3.6414422968828246,51,2,0.42763404034839847);selectFwe(0.004040464196837461);maxAbsScaler();randomForest(47,'entropy',0.9363835123141007,3,20,True,'balanced')	0.8863192378833474	40.99123954772949
selectFwe(0.047011324737690166);minMaxScaler();extraTreesClassifier(69,'entropy','log2',19,2,False,'balanced')	0.94445364645916	7.288010835647583
extraTreesClassifier(33,'gini','log2',3,13,True,'balanced_subsample')	0.8867687097597237	6.0634613037109375
maxAbsScaler();fastICA(97,'deflation','unit-variance','logcosh');maxAbsScaler();gaussianNB(0.004527612497523343)	invalid_ind (duplicated operator)	invalid_ind (duplicated operator)
adaBoost(decisionTree('gini',27,7,0.6442882297417183,4,'None'),93,1.7208785342310122,'SAMME')	0.9350334272354879	42.99505138397217
varianceThreshold();selectFwe(0.01882471416403296);maxAbsScaler();fastICA(74,'parallel','unit-variance','logcosh');selectPercentile(45.791557689978596);adaBoost(decisionTree('entropy',24,15,0.504151452822573,19,'None'),65,0.33674340719252865,'SAMME')	0.9282501148249969	cached
varianceThreshold();adaBoost(decisionTree('entropy',13,17,0.13891719199939578,14,'None'),25,0.7673306530029956,'SAMME')	0.9440008930876708	7.677396774291992
maxAbsScaler();minMaxScaler();varianceThreshold();varianceThreshold();selectFwe(0.017851891722561262);maxAbsScaler();extraTreesClassifier(91,'entropy','sqrt',8,7,False,'balanced_subsample')	invalid_ind (duplicated operator)	invalid_ind (duplicated operator)
maxAbsScaler();minMaxScaler();varianceThreshold();varianceThreshold();varianceThreshold();maxAbsScaler();adaBoost(decisionTree('entropy',8,6,0.5443565347702323,4,'None'),80,0.2419705886154548,'SAMME')	invalid_ind (duplicated operator)	invalid_ind (duplicated operator)
nystroem('sigmoid',2.2106474537829452,66,5,-0.07186365816035423);pca(0.6002084008710409,True);adaBoost(decisionTree('entropy',28,13,0.4477453867296215,12,'None'),65,0.33674340719252865,'SAMME')	0.5	cached
robustScaler(True,True);robustScaler(False,False);adaBoost(decisionTree('entropy',7,7,0.33297797756233527,4,'None'),19,1.0841935221591743,'SAMME')	invalid_ind (duplicated operator)	invalid_ind (duplicated operator)
adaBoost(decisionTree('gini',27,7,0.6442882297417183,4,'None'),93,1.7208785342310122,'SAMME')	0.9350334272354879	42.92908596992493
minMaxScaler();maxAbsScaler();fastICA(11,'parallel','unit-variance','exp');selectPercentile(96.51986805524741);nystroem('sigmoid',0.17085521007575558,59,5,0.42763404034839847);adaBoost(decisionTree('gini',2,13,0.46081784817900406,18,'None'),19,1.0841935221591743,'SAMME')	0.8453687306526001	cached
minMaxScaler();robustScaler(True,True);nystroem('cosine',3.6414422968828246,51,2,0.42763404034839847);maxAbsScaler();maxAbsScaler();randomForest(47,'entropy',0.9363835123141007,3,20,True,'balanced')	invalid_ind (duplicated operator)	invalid_ind (duplicated operator)
minMaxScaler();robustScaler(True,True);nystroem('cosine',3.6414422968828246,51,2,0.42763404034839847);selectFwe(0.01882471416403296);maxAbsScaler();randomForest(47,'entropy',0.9363835123141007,3,20,False,'balanced')	0.8672922083254327	75.44905519485474
maxAbsScaler();varianceThreshold();varianceThreshold();pca(0.7071723441242446,True);selectPercentile(52.572473535560945);fastICA(2,'deflation','unit-variance','exp');qda(0.04713710527610748)	invalid_ind (duplicated operator)	invalid_ind (duplicated operator)
minMaxScaler();robustScaler(True,True);nystroem('cosine',3.6414422968828246,51,2,0.42763404034839847);selectFwe(0.004040464196837461);maxAbsScaler();randomForest(47,'entropy',0.9363835123141007,3,20,True,'balanced')	0.8863192378833474	45.32604146003723
robustScaler(True,False);varianceThreshold();adaBoost(decisionTree('gini',28,5,0.2293482179872739,5,'None'),86,1.2089263684377511,'SAMME')	0.9417874013164997	20.14931321144104
varianceThreshold();selectFwe(0.01882471416403296);maxAbsScaler();fastICA(74,'parallel','unit-variance','logcosh');selectPercentile(45.791557689978596);adaBoost(decisionTree('entropy',24,15,0.504151452822573,19,'None'),65,0.33674340719252865,'SAMME')	0.9282501148249969	cached
maxAbsScaler();minMaxScaler();varianceThreshold();varianceThreshold();varianceThreshold();maxAbsScaler();adaBoost(decisionTree('entropy',8,6,0.5443565347702323,4,'None'),80,0.2419705886154548,'SAMME')	invalid_ind (duplicated operator)	invalid_ind (duplicated operator)
maxAbsScaler();varianceThreshold();varianceThreshold();pca(0.7071723441242446,True);selectPercentile(52.572473535560945);fastICA(2,'deflation','unit-variance','exp');adaBoost(decisionTree('entropy',24,17,0.504151452822573,10,'None'),65,0.33674340719252865,'SAMME')	invalid_ind (duplicated operator)	invalid_ind (duplicated operator)
varianceThreshold();qda(0.04713710527610748)	0.8399161382325501	5.053638458251953
minMaxScaler();robustScaler(True,True);nystroem('cosine',3.6414422968828246,51,2,0.42763404034839847);selectFwe(0.01882471416403296);maxAbsScaler();randomForest(47,'entropy',0.9363835123141007,3,20,False,'balanced')	0.8672922083254327	78.55917620658875
adaBoost(decisionTree('gini',27,7,0.6442882297417183,4,'None'),93,1.7208785342310122,'SAMME')	0.9350334272354879	44.10059213638306
varianceThreshold();adaBoost(decisionTree('entropy',13,17,0.13891719199939578,14,'None'),25,0.9291257421941627,'SAMME')	0.9408349009823598	10.064791202545166
varianceThreshold();selectFwe(0.004040464196837461);maxAbsScaler();fastICA(35,'deflation','arbitrary-variance','logcosh');selectPercentile(45.791557689978596);adaBoost(decisionTree('entropy',8,15,0.13891719199939578,19,'None'),26,0.5334912774697786,'SAMME')	0.9114781134473343	219.16077876091003
varianceThreshold();selectFwe(0.004040464196837461);maxAbsScaler();fastICA(35,'deflation','arbitrary-variance','logcosh');selectPercentile(45.791557689978596);adaBoost(decisionTree('entropy',24,15,0.504151452822573,19,'None'),65,0.33674340719252865,'SAMME')	0.9180087628348176	243.25644540786743
robustScaler(True,False);varianceThreshold();adaBoost(decisionTree('gini',9,5,0.131313347183873,5,'None'),80,0.2419705886154548,'SAMME')	0.9507015700188708	12.023284673690796
varianceThreshold();adaBoost(decisionTree('entropy',8,17,0.13891719199939578,10,'None'),80,0.2419705886154548,'SAMME')	0.9451127938371696	11.621734619140625
varianceThreshold();selectFwe(0.004040464196837461);maxAbsScaler();fastICA(35,'deflation','arbitrary-variance','logcosh');selectPercentile(45.791557689978596);adaBoost(decisionTree('gini',8,15,0.13891719199939578,19,'None'),93,1.7208785342310122,'SAMME')	0.8907419719011964	172.71821665763855
adaBoost(decisionTree('entropy',27,7,0.6442882297417183,4,'None'),80,0.2419705886154548,'SAMME')	0.9442626581809179	10.643966436386108
maxAbsScaler();minMaxScaler();varianceThreshold();varianceThreshold();varianceThreshold();maxAbsScaler();adaBoost(decisionTree('entropy',8,6,0.5443565347702323,4,'None'),93,1.7208785342310122,'SAMME')	invalid_ind (duplicated operator)	invalid_ind (duplicated operator)
minMaxScaler();robustScaler(True,True);nystroem('cosine',3.6414422968828246,51,2,0.42763404034839847);maxAbsScaler();maxAbsScaler();adaBoost(decisionTree('gini',27,7,0.6442882297417183,4,'None'),93,1.7208785342310122,'SAMME')	invalid_ind (duplicated operator)	invalid_ind (duplicated operator)
maxAbsScaler();fastICA(97,'deflation','unit-variance','logcosh');maxAbsScaler();gaussianNB(0.004527612497523343)	invalid_ind (duplicated operator)	invalid_ind (duplicated operator)
minMaxScaler();robustScaler(True,True);nystroem('cosine',3.6414422968828246,51,2,0.42763404034839847);selectFwe(0.004040464196837461);maxAbsScaler();randomForest(47,'entropy',0.9363835123141007,3,20,True,'balanced')	0.8863192378833474	cached
minMaxScaler();extraTreesClassifier(69,'entropy','log2',19,2,False,'balanced')	0.9435221308372738	cached
minMaxScaler();maxAbsScaler();pca(0.5363809684723779,True);minMaxScaler();varianceThreshold();robustScaler(True,True);adaBoost(decisionTree('entropy',24,17,0.504151452822573,10,'None'),65,0.33674340719252865,'SAMME')	invalid_ind (duplicated operator)	invalid_ind (duplicated operator)
maxAbsScaler();minMaxScaler();varianceThreshold();varianceThreshold();selectFwe(0.024333448757370355);maxAbsScaler();extraTreesClassifier(69,'entropy','log2',19,2,False,'balanced')	invalid_ind (duplicated operator)	invalid_ind (duplicated operator)
selectPercentile(82.81299843587863);minMaxScaler();extraTreesClassifier(91,'entropy','sqrt',8,7,False,'balanced_subsample')	0.9227701525103738	3.2825515270233154
varianceThreshold();selectFwe(0.01882471416403296);maxAbsScaler();fastICA(74,'parallel','unit-variance','logcosh');selectPercentile(45.791557689978596);adaBoost(decisionTree('entropy',24,15,0.504151452822573,19,'None'),65,0.33674340719252865,'SAMME')	0.9282501148249969	cached
robustScaler(False,False);maxAbsScaler();adaBoost(decisionTree('gini',24,17,0.46265130254665854,11,'balanced'),53,1.3017644849929482,'SAMME')	0.9385070422014186	cached
randomForest(47,'entropy',0.9363835123141007,3,20,True,'balanced')	0.9168057013678954	6.329611301422119
minMaxScaler();robustScaler(True,True);nystroem('cosine',3.6414422968828246,51,2,0.42763404034839847);maxAbsScaler();maxAbsScaler();adaBoost(decisionTree('gini',27,7,0.6442882297417183,4,'None'),93,1.7208785342310122,'SAMME')	invalid_ind (duplicated operator)	invalid_ind (duplicated operator)
randomForest(47,'entropy',0.9363835123141007,3,20,True,'balanced')	0.9168057013678954	6.413708686828613
selectFwe(0.047011324737690166);minMaxScaler();extraTreesClassifier(69,'entropy','log2',19,2,False,'balanced')	0.94445364645916	3.817660331726074
adaBoost(decisionTree('entropy',13,7,0.13891719199939578,14,'None'),25,0.9291257421941627,'SAMME')	0.9408349009823598	4.746512413024902
adaBoost(decisionTree('gini',27,7,0.6442882297417183,4,'None'),80,0.2419705886154548,'SAMME')	0.9419242960364571	13.926357746124268
maxAbsScaler();varianceThreshold();varianceThreshold();pca(0.7071723441242446,True);selectPercentile(52.572473535560945);fastICA(83,'deflation','arbitrary-variance','exp');adaBoost(decisionTree('entropy',29,20,0.22600741598132768,11,'balanced'),92,0.5473840821457541,'SAMME')	invalid_ind (duplicated operator)	invalid_ind (duplicated operator)
qda(0.04713710527610748)	0.8399161382325501	5.458191156387329
minMaxScaler();robustScaler(True,True);nystroem('cosine',3.6414422968828246,51,2,0.42763404034839847);maxAbsScaler();maxAbsScaler();randomForest(47,'entropy',0.9363835123141007,3,20,True,'balanced')	invalid_ind (duplicated operator)	invalid_ind (duplicated operator)
robustScaler(True,True);varianceThreshold();adaBoost(decisionTree('entropy',24,5,0.504151452822573,19,'None'),65,0.33674340719252865,'SAMME')	0.9494706175082648	cached
minMaxScaler();robustScaler(True,True);nystroem('cosine',3.6414422968828246,51,2,0.42763404034839847);selectFwe(0.004040464196837461);maxAbsScaler();randomForest(47,'entropy',0.9363835123141007,3,20,True,'balanced')	0.8863192378833474	24.541120529174805
varianceThreshold();adaBoost(decisionTree('entropy',24,17,0.504151452822573,10,'None'),65,0.33674340719252865,'SAMME')	0.9464702815208934	17.732152700424194
varianceThreshold();adaBoost(decisionTree('entropy',13,17,0.13891719199939578,14,'None'),25,0.9291257421941627,'SAMME')	0.9408349009823598	4.621358871459961
varianceThreshold();adaBoost(decisionTree('entropy',13,17,0.13891719199939578,14,'None'),26,0.5334912774697786,'SAMME')	0.9447995680148455	5.459353685379028
adaBoost(decisionTree('entropy',29,20,0.22600741598132768,11,'balanced'),92,0.33674340719252865,'SAMME')	0.9498662851741869	17.004072427749634
maxAbsScaler();varianceThreshold();varianceThreshold();pca(0.7071723441242446,True);selectPercentile(52.572473535560945);fastICA(2,'deflation','unit-variance','exp');adaBoost(decisionTree('entropy',24,17,0.504151452822573,10,'None'),65,0.5473840821457541,'SAMME')	invalid_ind (duplicated operator)	invalid_ind (duplicated operator)
maxAbsScaler();varianceThreshold();varianceThreshold();pca(0.7071723441242446,True);selectPercentile(52.572473535560945);fastICA(2,'deflation','unit-variance','exp');adaBoost(decisionTree('entropy',24,17,0.504151452822573,10,'None'),65,0.33674340719252865,'SAMME')	invalid_ind (duplicated operator)	invalid_ind (duplicated operator)
varianceThreshold();adaBoost(decisionTree('gini',27,17,0.6442882297417183,4,'None'),93,1.7208785342310122,'SAMME')	0.9335236850960428	27.723535537719727
varianceThreshold();adaBoost(decisionTree('entropy',8,17,0.13891719199939578,10,'None'),80,0.2419705886154548,'SAMME')	0.9451127938371696	cached
varianceThreshold();adaBoost(decisionTree('entropy',13,17,0.13891719199939578,14,'None'),25,0.9291257421941627,'SAMME')	0.9408349009823598	cached
adaBoost(decisionTree('entropy',29,20,0.22600741598132768,11,'balanced'),92,0.5473840821457541,'SAMME')	0.9470056703716736	cached
robustScaler(True,False);varianceThreshold();adaBoost(decisionTree('gini',9,5,0.131313347183873,5,'None'),80,0.2419705886154548,'SAMME')	0.9507015700188708	cached
robustScaler(False,False);maxAbsScaler();adaBoost(decisionTree('gini',24,17,0.46265130254665854,11,'balanced'),53,1.3017644849929482,'SAMME')	0.9385070422014186	13.255996704101562
maxAbsScaler();minMaxScaler();varianceThreshold();varianceThreshold();selectFwe(0.017851891722561262);maxAbsScaler();extraTreesClassifier(91,'entropy','sqrt',8,7,False,'balanced_subsample')	invalid_ind (duplicated operator)	invalid_ind (duplicated operator)
minMaxScaler();extraTreesClassifier(69,'entropy','log2',19,2,False,'balanced')	0.9435221308372738	9.424619674682617
varianceThreshold();selectFwe(0.01882471416403296);maxAbsScaler();fastICA(74,'parallel','unit-variance','exp');selectPercentile(45.791557689978596);adaBoost(decisionTree('entropy',24,15,0.504151452822573,19,'None'),65,0.33674340719252865,'SAMME')	0.9277129395215784	44.096872329711914
selectFwe(0.047011324737690166);minMaxScaler();extraTreesClassifier(69,'entropy','log2',19,2,False,'balanced')	0.94445364645916	cached
adaBoost(decisionTree('entropy',27,7,0.6442882297417183,4,'None'),65,0.33674340719252865,'SAMME')	0.9448002925895201	26.373494625091553
varianceThreshold();adaBoost(decisionTree('entropy',28,12,0.2823422417705822,10,'None'),80,0.2419705886154548,'SAMME')	0.9500168250110681	17.765843391418457
varianceThreshold();selectFwe(0.004040464196837461);maxAbsScaler();fastICA(35,'deflation','arbitrary-variance','logcosh');selectPercentile(45.791557689978596);adaBoost(decisionTree('entropy',8,15,0.13891719199939578,19,'None'),25,0.7673306530029956,'SAMME')	0.9031192543180062	141.60998630523682
maxAbsScaler();varianceThreshold();varianceThreshold();pca(0.7071723441242446,True);selectPercentile(52.572473535560945);fastICA(83,'deflation','arbitrary-variance','exp');adaBoost(decisionTree('entropy',29,20,0.22600741598132768,11,'balanced'),92,0.5473840821457541,'SAMME')	invalid_ind (duplicated operator)	invalid_ind (duplicated operator)
varianceThreshold();adaBoost(decisionTree('entropy',13,17,0.13891719199939578,14,'None'),25,0.9291257421941627,'SAMME')	0.9408349009823598	cached
minMaxScaler();robustScaler(True,True);selectFwe(0.01882471416403296);maxAbsScaler();maxAbsScaler();randomForest(47,'entropy',0.9363835123141007,3,20,True,'balanced')	invalid_ind (duplicated operator)	invalid_ind (duplicated operator)
minMaxScaler();robustScaler(True,True);nystroem('cosine',3.6414422968828246,51,2,0.42763404034839847);maxAbsScaler();maxAbsScaler();adaBoost(decisionTree('gini',27,7,0.6442882297417183,4,'None'),93,1.7208785342310122,'SAMME')	invalid_ind (duplicated operator)	invalid_ind (duplicated operator)
varianceThreshold();adaBoost(decisionTree('gini',27,17,0.6442882297417183,4,'None'),93,1.7208785342310122,'SAMME')	0.9335236850960428	cached
varianceThreshold();nystroem('sigmoid',3.6414422968828246,51,2,0.42763404034839847);maxAbsScaler();fastICA(74,'parallel','unit-variance','exp');selectPercentile(45.791557689978596);adaBoost(decisionTree('entropy',24,15,0.504151452822573,19,'None'),65,0.33674340719252865,'SAMME')	eval_error (array must not contain infs or NaNs)	eval_error (array must not contain infs or NaNs)
robustScaler(True,True);varianceThreshold();adaBoost(decisionTree('entropy',24,5,0.504151452822573,19,'None'),65,0.33674340719252865,'SAMME')	0.9494706175082648	cached
minMaxScaler();robustScaler(True,True);selectFwe(0.004886630139513289);selectFwe(0.004040464196837461);maxAbsScaler();randomForest(47,'entropy',0.9363835123141007,3,20,True,'balanced')	invalid_ind (duplicated operator)	invalid_ind (duplicated operator)
minMaxScaler();robustScaler(True,True);maxAbsScaler();selectFwe(0.004040464196837461);maxAbsScaler();randomForest(47,'entropy',0.9363835123141007,3,20,True,'balanced')	invalid_ind (duplicated operator)	invalid_ind (duplicated operator)
adaBoost(decisionTree('entropy',26,3,0.47012867021313176,14,'None'),47,1.2396419682110826,'SAMME')	0.9368848911257489	20.64003562927246
maxAbsScaler();fastICA(97,'deflation','unit-variance','logcosh');maxAbsScaler();gaussianNB(0.004527612497523343)	invalid_ind (duplicated operator)	invalid_ind (duplicated operator)
maxAbsScaler();minMaxScaler();varianceThreshold();varianceThreshold();varianceThreshold();maxAbsScaler();adaBoost(decisionTree('entropy',8,6,0.5443565347702323,4,'None'),80,0.2419705886154548,'SAMME')	invalid_ind (duplicated operator)	invalid_ind (duplicated operator)
robustScaler(True,False);varianceThreshold();adaBoost(decisionTree('entropy',20,5,0.2823422417705822,5,'None'),80,1.3207320340163502,'SAMME')	0.9347199359436729	24.55938196182251
varianceThreshold();adaBoost(decisionTree('entropy',8,17,0.13891719199939578,10,'None'),93,1.7208785342310122,'SAMME')	0.9334507345570133	14.616053819656372
varianceThreshold();adaBoost(decisionTree('gini',9,12,0.131313347183873,10,'None'),80,0.2419705886154548,'SAMME')	0.9475142558980167	13.37117338180542
varianceThreshold();adaBoost(decisionTree('gini',27,17,0.6442882297417183,4,'None'),93,1.7208785342310122,'SAMME')	0.9335236850960428	cached
varianceThreshold();adaBoost(decisionTree('entropy',8,17,0.13891719199939578,10,'None'),80,0.2419705886154548,'SAMME')	0.9451127938371696	cached
minMaxScaler();robustScaler(True,True);nystroem('cosine',3.6414422968828246,51,2,0.42763404034839847);selectFwe(0.004040464196837461);maxAbsScaler();randomForest(47,'entropy',0.9363835123141007,3,20,True,'balanced')	0.8863192378833474	cached
adaBoost(decisionTree('entropy',29,20,0.22600741598132768,11,'balanced'),92,0.5473840821457541,'SAMME')	0.9470056703716736	cached
maxAbsScaler();minMaxScaler();varianceThreshold();varianceThreshold();selectFwe(0.024333448757370355);maxAbsScaler();extraTreesClassifier(69,'entropy','log2',19,2,False,'balanced')	invalid_ind (duplicated operator)	invalid_ind (duplicated operator)
maxAbsScaler();varianceThreshold();varianceThreshold();pca(0.7071723441242446,True);selectPercentile(52.572473535560945);fastICA(83,'deflation','arbitrary-variance','exp');adaBoost(decisionTree('entropy',29,20,0.22600741598132768,11,'balanced'),92,0.5473840821457541,'SAMME')	invalid_ind (duplicated operator)	invalid_ind (duplicated operator)
robustScaler(True,True);varianceThreshold();adaBoost(decisionTree('gini',27,5,0.6442882297417183,4,'None'),93,1.7208785342310122,'SAMME')	0.9343506623160163	41.968865156173706
adaBoost(decisionTree('entropy',28,6,0.37529337617337055,19,'balanced'),27,0.9111794355199028,'SAMME')	0.9455269351880331	15.587210893630981
varianceThreshold();adaBoost(decisionTree('entropy',13,17,0.13891719199939578,14,'None'),25,0.9291257421941627,'SAMME')	0.9408349009823598	cached
varianceThreshold();selectFwe(0.01882471416403296);maxAbsScaler();fastICA(74,'parallel','unit-variance','exp');selectPercentile(45.791557689978596);adaBoost(decisionTree('entropy',13,15,0.13891719199939578,14,'None'),26,0.5334912774697786,'SAMME')	0.915417230706096	28.097541570663452
selectFwe(0.047011324737690166);varianceThreshold();extraTreesClassifier(69,'entropy','log2',19,2,False,'balanced')	0.94445364645916	11.726018905639648
varianceThreshold();adaBoost(decisionTree('entropy',24,17,0.504151452822573,19,'None'),65,0.33674340719252865,'SAMME')	0.9500299612037957	27.842646598815918
maxAbsScaler();fastICA(97,'deflation','unit-variance','logcosh');varianceThreshold();gaussianNB(0.004527612497523343)	eval_timeout_error	eval_timeout_error
minMaxScaler();adaBoost(decisionTree('entropy',8,17,0.13891719199939578,10,'None'),80,0.2419705886154548,'SAMME')	0.9451127938371696	16.739351749420166
selectFwe(0.047011324737690166);minMaxScaler();extraTreesClassifier(69,'entropy','log2',19,2,False,'balanced')	0.94445364645916	cached
robustScaler(True,True);maxAbsScaler();adaBoost(decisionTree('gini',9,5,0.131313347183873,13,'None'),80,0.2419705886154548,'SAMME')	0.9450344579498579	18.33138680458069
varianceThreshold();adaBoost(decisionTree('entropy',24,17,0.504151452822573,19,'None'),65,0.33674340719252865,'SAMME')	0.9500299612037957	30.893439054489136
fastICA(87,'parallel','arbitrary-variance','logcosh');varianceThreshold();extraTreesClassifier(69,'entropy','log2',19,2,False,'balanced')	0.9303833384765936	26.3001606464386
minMaxScaler();adaBoost(decisionTree('gini',14,17,0.3947760431923658,15,'None'),48,0.09264837657279576,'SAMME')	0.9443870694490244	17.08997917175293
minMaxScaler();adaBoost(decisionTree('entropy',13,17,0.13891719199939578,14,'None'),25,0.9291257421941627,'SAMME')	0.9408349009823598	7.09908127784729
robustScaler(False,False);maxAbsScaler();adaBoost(decisionTree('gini',24,8,0.46265130254665854,11,'balanced'),41,1.3017644849929482,'SAMME')	0.9401599347634022	12.262998580932617
adaBoost(decisionTree('entropy',29,20,0.22600741598132768,11,'balanced'),92,0.5473840821457541,'SAMME')	0.9470056703716736	19.02522087097168
minMaxScaler();extraTreesClassifier(69,'entropy','log2',19,2,False,'balanced')	0.9435221308372738	6.223888635635376
adaBoost(decisionTree('entropy',17,10,0.811621859751381,20,'balanced'),25,0.41343482551985766,'SAMME')	0.9417213312676169	13.018965482711792
varianceThreshold();selectFwe(0.004040464196837461);nystroem('cosine',3.6414422968828246,51,2,0.42763404034839847);fastICA(35,'deflation','arbitrary-variance','logcosh');selectPercentile(45.791557689978596);adaBoost(decisionTree('entropy',8,15,0.13891719199939578,19,'None'),25,0.7673306530029956,'SAMME')	0.9004897607975076	218.72218441963196
robustScaler(True,True);maxAbsScaler();adaBoost(decisionTree('gini',9,5,0.131313347183873,13,'None'),80,0.2419705886154548,'SAMME')	0.9450344579498579	cached
selectFwe(0.047011324737690166);varianceThreshold();extraTreesClassifier(69,'entropy','log2',19,2,False,'balanced')	0.94445364645916	cached
varianceThreshold();adaBoost(decisionTree('entropy',24,17,0.504151452822573,19,'None'),65,0.33674340719252865,'SAMME')	0.9500299612037957	cached
maxAbsScaler();minMaxScaler();varianceThreshold();varianceThreshold();varianceThreshold();maxAbsScaler();adaBoost(decisionTree('entropy',8,6,0.5443565347702323,4,'None'),80,0.2419705886154548,'SAMME')	invalid_ind (duplicated operator)	invalid_ind (duplicated operator)
minMaxScaler();robustScaler(True,True);maxAbsScaler();selectFwe(0.004040464196837461);maxAbsScaler();randomForest(47,'entropy',0.9363835123141007,3,20,True,'balanced')	invalid_ind (duplicated operator)	invalid_ind (duplicated operator)
adaBoost(decisionTree('entropy',29,20,0.22600741598132768,11,'balanced'),92,0.5473840821457541,'SAMME')	0.9470056703716736	cached
adaBoost(decisionTree('entropy',29,20,0.22600741598132768,11,'balanced'),92,0.5473840821457541,'SAMME')	0.9470056703716736	cached
selectFwe(0.009193721517515331);minMaxScaler();extraTreesClassifier(69,'entropy','log2',19,2,False,'balanced')	0.9470856988630402	5.254786729812622
adaBoost(decisionTree('entropy',28,6,0.37529337617337055,19,'balanced'),27,0.9111794355199028,'SAMME')	0.9455269351880331	10.457436323165894
varianceThreshold();robustScaler(False,True);maxAbsScaler();selectFwe(0.004040464196837461);maxAbsScaler();randomForest(47,'entropy',0.9363835123141007,3,20,True,'balanced')	invalid_ind (duplicated operator)	invalid_ind (duplicated operator)
adaBoost(decisionTree('entropy',29,3,0.4183777969384278,11,'balanced'),92,0.5473840821457541,'SAMME')	0.9442409488939892	18.56497597694397
robustScaler(True,False);varianceThreshold();adaBoost(decisionTree('entropy',20,5,0.2823422417705822,5,'None'),80,1.3207320340163502,'SAMME')	0.9347199359436729	cached
maxAbsScaler();fastICA(97,'deflation','unit-variance','logcosh');maxAbsScaler();gaussianNB(0.004527612497523343)	invalid_ind (duplicated operator)	invalid_ind (duplicated operator)
varianceThreshold();adaBoost(decisionTree('entropy',13,17,0.13891719199939578,14,'None'),80,0.2419705886154548,'SAMME')	0.9496199018314894	13.377111911773682
adaBoost(decisionTree('entropy',17,10,0.811621859751381,20,'balanced'),65,0.33674340719252865,'SAMME')	0.9492454843473119	28.853960275650024
robustScaler(True,False);varianceThreshold();adaBoost(decisionTree('entropy',20,5,0.2823422417705822,5,'None'),80,1.3207320340163502,'SAMME')	0.9347199359436729	23.714812994003296
minMaxScaler();adaBoost(decisionTree('entropy',8,17,0.13891719199939578,10,'None'),80,0.2419705886154548,'SAMME')	0.9451127938371696	11.96471095085144
minMaxScaler();adaBoost(decisionTree('entropy',8,17,0.13891719199939578,10,'None'),25,0.9291257421941627,'SAMME')	0.9343186193235316	6.984339237213135
varianceThreshold();adaBoost(decisionTree('entropy',28,12,0.2823422417705822,10,'None'),80,0.2419705886154548,'SAMME')	0.9500168250110681	cached
varianceThreshold();adaBoost(decisionTree('entropy',24,17,0.504151452822573,19,'None'),25,0.41343482551985766,'SAMME')	0.9437106320659318	10.495191812515259
varianceThreshold();adaBoost(decisionTree('entropy',8,17,0.13891719199939578,10,'None'),80,0.2419705886154548,'SAMME')	0.9451127938371696	cached
varianceThreshold();adaBoost(decisionTree('entropy',8,17,0.13891719199939578,10,'None'),80,0.2419705886154548,'SAMME')	0.9451127938371696	cached
maxAbsScaler();varianceThreshold();varianceThreshold();pca(0.7071723441242446,True);selectPercentile(52.572473535560945);fastICA(83,'deflation','arbitrary-variance','exp');adaBoost(decisionTree('gini',27,20,0.6442882297417183,4,'None'),93,1.7208785342310122,'SAMME')	invalid_ind (duplicated operator)	invalid_ind (duplicated operator)
adaBoost(decisionTree('gini',9,20,0.131313347183873,10,'None'),80,0.2419705886154548,'SAMME')	0.9475142558980167	11.580560445785522
varianceThreshold();adaBoost(decisionTree('gini',27,9,0.6442882297417183,4,'balanced'),76,1.7208785342310122,'SAMME')	0.9339639550156811	14.840770959854126
minMaxScaler();robustScaler(True,True);nystroem('cosine',3.6414422968828246,51,2,0.42763404034839847);maxAbsScaler();maxAbsScaler();adaBoost(decisionTree('gini',27,7,0.6442882297417183,4,'None'),93,1.7208785342310122,'SAMME')	invalid_ind (duplicated operator)	invalid_ind (duplicated operator)
maxAbsScaler();minMaxScaler();varianceThreshold();varianceThreshold();selectFwe(0.024333448757370355);maxAbsScaler();extraTreesClassifier(69,'entropy','log2',19,2,False,'balanced')	invalid_ind (duplicated operator)	invalid_ind (duplicated operator)
robustScaler(False,True);varianceThreshold();adaBoost(decisionTree('gini',9,5,0.131313347183873,5,'None'),80,0.2419705886154548,'SAMME')	0.9507015700188708	11.6197988986969
varianceThreshold();adaBoost(decisionTree('entropy',29,17,0.22600741598132768,11,'balanced'),92,0.5473840821457541,'SAMME')	0.9470056703716736	17.27334499359131
robustScaler(True,True);maxAbsScaler();adaBoost(decisionTree('gini',9,5,0.131313347183873,13,'None'),80,0.2419705886154548,'SAMME')	0.9450344579498579	cached
minMaxScaler();robustScaler(True,True);nystroem('cosine',3.6414422968828246,51,2,0.42763404034839847);maxAbsScaler();maxAbsScaler();adaBoost(decisionTree('gini',29,10,0.3840796972256528,16,'balanced'),93,1.7208785342310122,'SAMME')	invalid_ind (duplicated operator)	invalid_ind (duplicated operator)
adaBoost(decisionTree('gini',20,18,0.5853448570329837,4,'None'),92,0.33674340719252865,'SAMME')	0.9455257515081745	27.25835633277893
minMaxScaler();robustScaler(True,True);selectFwe(0.004886630139513289);selectFwe(0.004040464196837461);maxAbsScaler();randomForest(47,'entropy',0.9363835123141007,3,20,True,'balanced')	invalid_ind (duplicated operator)	invalid_ind (duplicated operator)
varianceThreshold();adaBoost(decisionTree('entropy',29,12,0.22600741598132768,11,'balanced'),92,0.5473840821457541,'SAMME')	0.9470056703716736	16.251174449920654
varianceThreshold();adaBoost(decisionTree('gini',9,12,0.131313347183873,10,'None'),80,0.5473840821457541,'SAMME')	0.9457560285256479	12.96160340309143
varianceThreshold();adaBoost(decisionTree('entropy',8,17,0.13891719199939578,10,'None'),100,0.2419705886154548,'SAMME')	0.9464561552840003	14.523334264755249
adaBoost(decisionTree('gini',28,3,0.47012867021313176,14,'None'),47,1.2396419682110826,'SAMME')	0.9353117357443577	16.429295539855957
robustScaler(False,False);varianceThreshold();adaBoost(decisionTree('gini',9,5,0.131313347183873,5,'None'),80,0.2419705886154548,'SAMME')	0.9511147931593665	11.577396869659424
adaBoost(decisionTree('entropy',29,20,0.22600741598132768,11,'balanced'),92,0.2419705886154548,'SAMME')	0.9469225039534008	21.42698574066162
maxAbsScaler();fastICA(97,'deflation','unit-variance','logcosh');varianceThreshold();gaussianNB(0.004527612497523343)	0.8059368875128232	256.82190132141113
maxAbsScaler();varianceThreshold();varianceThreshold();pca(0.7071723441242446,True);selectPercentile(52.572473535560945);fastICA(83,'deflation','arbitrary-variance','exp');adaBoost(decisionTree('gini',9,20,0.131313347183873,5,'None'),80,0.2419705886154548,'SAMME')	invalid_ind (duplicated operator)	invalid_ind (duplicated operator)
robustScaler(True,False);varianceThreshold();adaBoost(decisionTree('gini',9,5,0.131313347183873,5,'None'),80,0.2419705886154548,'SAMME')	0.9507015700188708	cached
robustScaler(False,False);varianceThreshold();adaBoost(decisionTree('gini',9,5,0.131313347183873,5,'None'),80,0.2419705886154548,'SAMME')	0.9511147931593665	cached
robustScaler(True,True);maxAbsScaler();adaBoost(decisionTree('gini',9,5,0.131313347183873,13,'None'),80,0.2419705886154548,'SAMME')	0.9450344579498579	cached
maxAbsScaler();minMaxScaler();varianceThreshold();varianceThreshold();selectFwe(0.024333448757370355);maxAbsScaler();extraTreesClassifier(69,'entropy','log2',19,2,False,'balanced')	invalid_ind (duplicated operator)	invalid_ind (duplicated operator)
minMaxScaler();adaBoost(decisionTree('entropy',8,17,0.13891719199939578,10,'None'),80,0.2419705886154548,'SAMME')	0.9451127938371696	cached
varianceThreshold();adaBoost(decisionTree('entropy',24,17,0.504151452822573,19,'None'),65,0.33674340719252865,'SAMME')	0.9500299612037957	cached
varianceThreshold();adaBoost(decisionTree('gini',8,17,0.13891719199939578,10,'None'),93,1.7208785342310122,'SAMME')	0.9342016194845535	7.785475015640259
minMaxScaler();robustScaler(True,True);nystroem('cosine',3.6414422968828246,51,2,0.42763404034839847);maxAbsScaler();maxAbsScaler();adaBoost(decisionTree('entropy',27,7,0.6442882297417183,4,'None'),80,0.2419705886154548,'SAMME')	invalid_ind (duplicated operator)	invalid_ind (duplicated operator)
adaBoost(decisionTree('entropy',29,20,0.4183777969384278,11,'balanced'),92,0.5473840821457541,'SAMME')	0.9442409488939892	14.350321531295776
robustScaler(False,False);varianceThreshold();adaBoost(decisionTree('entropy',24,5,0.504151452822573,19,'None'),65,0.33674340719252865,'SAMME')	0.9500299612037957	14.712910413742065
adaBoost(decisionTree('entropy',29,12,0.8181336059250612,8,'balanced'),65,0.33674340719252865,'SAMME')	0.9457911394747953	25.75215196609497
robustScaler(True,True);varianceThreshold();adaBoost(decisionTree('gini',9,5,0.131313347183873,5,'None'),80,0.2419705886154548,'SAMME')	0.9507015700188708	12.825068712234497
robustScaler(False,True);varianceThreshold();adaBoost(decisionTree('gini',27,5,0.6442882297417183,4,'None'),93,1.7208785342310122,'SAMME')	0.934620204094992	31.88967776298523
maxAbsScaler();varianceThreshold();varianceThreshold();pca(0.7071723441242446,True);selectPercentile(52.572473535560945);fastICA(83,'deflation','arbitrary-variance','exp');adaBoost(decisionTree('gini',29,20,0.6442882297417183,4,'balanced'),93,1.7208785342310122,'SAMME')	invalid_ind (duplicated operator)	invalid_ind (duplicated operator)
minMaxScaler();robustScaler(True,True);nystroem('cosine',1.3966172715185592,51,2,0.42763404034839847);maxAbsScaler();maxAbsScaler();adaBoost(decisionTree('gini',27,10,0.3840796972256528,16,'None'),93,1.7208785342310122,'SAMME')	invalid_ind (duplicated operator)	invalid_ind (duplicated operator)
minMaxScaler();robustScaler(True,True);nystroem('cosine',3.6414422968828246,51,2,0.42763404034839847);maxAbsScaler();maxAbsScaler();adaBoost(decisionTree('entropy',24,10,0.3840796972256528,16,'None'),25,0.41343482551985766,'SAMME')	invalid_ind (duplicated operator)	invalid_ind (duplicated operator)
adaBoost(decisionTree('entropy',29,3,0.22600741598132768,11,'balanced'),92,0.33674340719252865,'SAMME')	0.9498662851741869	21.718636989593506
adaBoost(decisionTree('entropy',8,20,0.22600741598132768,11,'None'),100,0.2419705886154548,'SAMME')	0.9462780157142096	16.132697582244873
varianceThreshold();adaBoost(decisionTree('gini',29,17,0.504151452822573,19,'balanced'),93,1.7208785342310122,'SAMME')	0.9320130007685009	13.463399887084961
minMaxScaler();robustScaler(True,True);nystroem('cosine',3.6414422968828246,51,2,0.42763404034839847);maxAbsScaler();maxAbsScaler();adaBoost(decisionTree('entropy',24,7,0.504151452822573,4,'None'),65,0.33674340719252865,'SAMME')	invalid_ind (duplicated operator)	invalid_ind (duplicated operator)
minMaxScaler();adaBoost(decisionTree('entropy',24,17,0.504151452822573,19,'None'),65,0.33674340719252865,'SAMME')	0.9492018003039636	20.54169011116028
varianceThreshold();adaBoost(decisionTree('entropy',29,17,0.13891719199939578,10,'balanced'),92,0.5473840821457541,'SAMME')	0.948533692560367	14.112839937210083
adaBoost(decisionTree('entropy',17,10,0.811621859751381,20,'balanced'),92,0.33674340719252865,'SAMME')	0.9485634440025151	34.92650842666626
robustScaler(True,False);varianceThreshold();adaBoost(decisionTree('entropy',20,5,0.2823422417705822,5,'None'),80,1.3207320340163502,'SAMME')	0.9347199359436729	cached
maxAbsScaler();fastICA(97,'deflation','unit-variance','logcosh');maxAbsScaler();gaussianNB(0.004527612497523343)	invalid_ind (duplicated operator)	invalid_ind (duplicated operator)
maxAbsScaler();varianceThreshold();varianceThreshold();pca(0.7071723441242446,True);selectPercentile(52.572473535560945);fastICA(83,'deflation','arbitrary-variance','exp');adaBoost(decisionTree('gini',27,20,0.6442882297417183,4,'None'),92,0.33674340719252865,'SAMME')	invalid_ind (duplicated operator)	invalid_ind (duplicated operator)
selectFwe(0.009193721517515331);minMaxScaler();extraTreesClassifier(69,'entropy','log2',19,2,False,'balanced')	0.9470856988630402	7.0611889362335205
adaBoost(decisionTree('gini',9,20,0.131313347183873,10,'None'),92,0.33674340719252865,'SAMME')	0.9504293235768893	13.429760217666626
adaBoost(decisionTree('entropy',29,20,0.22600741598132768,11,'balanced'),93,1.7208785342310122,'SAMME')	0.9233184839181888	11.326836109161377
adaBoost(decisionTree('entropy',29,3,0.4183777969384278,11,'balanced'),92,0.5473840821457541,'SAMME')	0.9442409488939892	cached
varianceThreshold();adaBoost(decisionTree('gini',9,12,0.131313347183873,10,'None'),80,0.5473840821457541,'SAMME')	0.9457560285256479	cached
robustScaler(True,False);varianceThreshold();adaBoost(decisionTree('gini',9,5,0.131313347183873,19,'None'),80,0.2419705886154548,'SAMME')	0.9456318827270327	10.717651844024658
varianceThreshold();adaBoost(decisionTree('entropy',8,17,0.13891719199939578,10,'None'),80,0.2419705886154548,'SAMME')	0.9451127938371696	cached
robustScaler(True,True);varianceThreshold();adaBoost(decisionTree('gini',27,5,0.6442882297417183,19,'None'),93,1.7208785342310122,'SAMME')	0.9283272670324504	31.226423501968384
adaBoost(decisionTree('entropy',29,20,0.131313347183873,10,'balanced'),92,0.5473840821457541,'SAMME')	0.948533692560367	14.312565088272095
adaBoost(decisionTree('entropy',29,20,0.22600741598132768,11,'balanced'),80,0.2419705886154548,'SAMME')	0.947875076121339	17.882936239242554
varianceThreshold();adaBoost(decisionTree('gini',15,17,0.12544891675245784,11,'None'),80,0.2419705886154548,'SAMME')	0.94550133755824	12.077514171600342
maxAbsScaler();fastICA(97,'deflation','unit-variance','logcosh');varianceThreshold();gaussianNB(0.004527612497523343)	0.8059368875128232	261.61730790138245
robustScaler(False,False);maxAbsScaler();adaBoost(decisionTree('gini',9,5,0.131313347183873,5,'None'),80,0.2419705886154548,'SAMME')	0.950288346878375	4.334839820861816
maxAbsScaler();varianceThreshold();varianceThreshold();pca(0.7071723441242446,True);selectPercentile(52.572473535560945);fastICA(83,'deflation','arbitrary-variance','exp');adaBoost(decisionTree('gini',27,20,0.6442882297417183,4,'None'),92,0.33674340719252865,'SAMME')	invalid_ind (duplicated operator)	invalid_ind (duplicated operator)
adaBoost(decisionTree('entropy',29,3,0.22600741598132768,11,'balanced'),92,0.33674340719252865,'SAMME')	0.9498662851741869	cached
varianceThreshold();adaBoost(decisionTree('entropy',29,17,0.13891719199939578,10,'balanced'),92,0.5473840821457541,'SAMME')	0.948533692560367	cached
robustScaler(False,True);varianceThreshold();adaBoost(decisionTree('gini',9,5,0.131313347183873,5,'None'),80,0.2419705886154548,'SAMME')	0.9507015700188708	cached
adaBoost(decisionTree('entropy',1,3,0.013232814648893476,5,'None'),92,0.33674340719252865,'SAMME')	0.8812603734178935	3.8336520195007324
varianceThreshold();adaBoost(decisionTree('entropy',28,12,0.2823422417705822,10,'None'),80,0.2419705886154548,'SAMME')	0.9500168250110681	cached
adaBoost(decisionTree('entropy',29,20,0.131313347183873,10,'balanced'),92,0.5473840821457541,'SAMME')	0.948533692560367	6.602401256561279
selectFwe(0.009193721517515331);minMaxScaler();extraTreesClassifier(69,'entropy','log2',19,2,False,'balanced')	0.9470856988630402	3.809739112854004
adaBoost(decisionTree('entropy',29,12,0.8181336059250612,8,'balanced'),65,0.33674340719252865,'SAMME')	0.9457911394747953	cached
robustScaler(True,False);varianceThreshold();adaBoost(decisionTree('gini',9,5,0.131313347183873,5,'None'),80,0.2419705886154548,'SAMME')	0.9507015700188708	cached
varianceThreshold();adaBoost(decisionTree('entropy',24,17,0.504151452822573,19,'None'),65,0.33674340719252865,'SAMME')	0.9500299612037957	cached
maxAbsScaler();fastICA(97,'deflation','unit-variance','logcosh');maxAbsScaler();gaussianNB(0.004527612497523343)	invalid_ind (duplicated operator)	invalid_ind (duplicated operator)
maxAbsScaler();varianceThreshold();varianceThreshold();pca(0.7071723441242446,True);selectPercentile(52.572473535560945);fastICA(83,'deflation','arbitrary-variance','exp');adaBoost(decisionTree('gini',29,20,0.6442882297417183,4,'balanced'),93,0.2419705886154548,'SAMME')	invalid_ind (duplicated operator)	invalid_ind (duplicated operator)
robustScaler(False,True);varianceThreshold();adaBoost(decisionTree('entropy',27,5,0.6442882297417183,4,'balanced'),65,0.33674340719252865,'SAMME')	0.946202188891267	14.426997184753418
adaBoost(decisionTree('entropy',29,3,0.22600741598132768,11,'balanced'),92,0.2419705886154548,'SAMME')	0.9469225039534008	12.623401403427124
varianceThreshold();adaBoost(decisionTree('entropy',29,12,0.8181336059250612,8,'balanced'),65,0.33674340719252865,'SAMME')	0.9457911394747953	16.920907020568848
adaBoost(decisionTree('entropy',8,20,0.22600741598132768,11,'None'),100,1.7208785342310122,'SAMME')	0.9319778898193537	11.819167613983154
robustScaler(False,True);varianceThreshold();adaBoost(decisionTree('gini',28,2,0.798010320920954,6,'None'),92,0.5473840821457541,'SAMME')	0.9437072028282513	22.86460852622986
robustScaler(False,False);maxAbsScaler();adaBoost(decisionTree('gini',9,5,0.131313347183873,5,'None'),80,0.33674340719252865,'SAMME')	0.9459014245060082	7.500160455703735
adaBoost(decisionTree('entropy',29,20,0.22600741598132768,11,'balanced'),93,1.7208785342310122,'SAMME')	0.9233184839181888	cached
minMaxScaler();adaBoost(decisionTree('entropy',8,17,0.13891719199939578,10,'None'),80,0.2419705886154548,'SAMME')	0.9451127938371696	cached
selectFwe(0.009193721517515331);minMaxScaler();extraTreesClassifier(69,'entropy','log2',19,2,False,'balanced')	0.9470856988630402	4.4633142948150635
adaBoost(decisionTree('entropy',28,12,0.2823422417705822,10,'None'),80,0.2419705886154548,'SAMME')	0.9500168250110681	12.381149768829346
robustScaler(True,False);varianceThreshold();adaBoost(decisionTree('gini',5,5,0.30156574569881633,11,'None'),80,0.5473840821457541,'SAMME')	0.9441250388862861	8.148741960525513
adaBoost(decisionTree('entropy',29,20,0.131313347183873,10,'None'),93,1.7208785342310122,'SAMME')	0.9313417312196582	10.469387292861938
varianceThreshold();adaBoost(decisionTree('gini',15,17,0.12544891675245784,11,'None'),80,0.2419705886154548,'SAMME')	0.94550133755824	7.581166982650757
robustScaler(False,False);varianceThreshold();adaBoost(decisionTree('gini',9,5,0.131313347183873,5,'None'),80,0.2419705886154548,'SAMME')	0.9511147931593665	cached
robustScaler(False,False);varianceThreshold();adaBoost(decisionTree('entropy',24,5,0.504151452822573,19,'None'),65,0.33674340719252865,'SAMME')	0.9500299612037957	cached
maxAbsScaler();fastICA(97,'deflation','unit-variance','logcosh');maxAbsScaler();gaussianNB(0.004527612497523343)	invalid_ind (duplicated operator)	invalid_ind (duplicated operator)
robustScaler(True,False);varianceThreshold();adaBoost(decisionTree('gini',16,5,0.812117978217466,11,'balanced'),93,1.7208785342310122,'SAMME')	0.9319842173557328	9.69685983657837
adaBoost(decisionTree('gini',29,12,0.8181336059250612,8,'None'),93,1.7208785342310122,'SAMME')	0.9291623603534692	26.46670651435852
adaBoost(decisionTree('entropy',29,12,0.8181336059250612,8,'balanced'),65,0.33674340719252865,'SAMME')	0.9457911394747953	cached
selectFwe(0.009193721517515331);minMaxScaler();adaBoost(decisionTree('gini',9,20,0.131313347183873,10,'None'),92,0.33674340719252865,'SAMME')	0.9423643723204025	8.147012948989868
adaBoost(decisionTree('entropy',29,20,0.131313347183873,10,'balanced'),92,0.2419705886154548,'SAMME')	0.9489525186625674	11.568028450012207
robustScaler(False,False);varianceThreshold();adaBoost(decisionTree('gini',9,5,0.131313347183873,5,'None'),80,0.2419705886154548,'SAMME')	0.9511147931593665	cached
adaBoost(decisionTree('entropy',29,3,0.22600741598132768,11,'balanced'),92,0.33674340719252865,'SAMME')	0.9498662851741869	cached
extraTreesClassifier(69,'entropy','log2',19,2,False,'balanced')	0.9435221308372738	3.6875293254852295
adaBoost(decisionTree('entropy',29,3,0.22600741598132768,11,'balanced'),92,0.33674340719252865,'SAMME')	0.9498662851741869	12.205759525299072
adaBoost(decisionTree('gini',19,17,0.6186332409602203,13,'None'),65,0.33674340719252865,'SAMME')	0.946183377903037	9.704269886016846
robustScaler(False,True);varianceThreshold();adaBoost(decisionTree('gini',11,2,0.7281034229628662,15,'None'),95,1.4589001111501323,'SAMME')	0.931030461507936	14.198100566864014
adaBoost(decisionTree('entropy',29,3,0.22600741598132768,11,'balanced'),92,0.33674340719252865,'SAMME')	0.9498662851741869	cached
robustScaler(False,True);varianceThreshold();adaBoost(decisionTree('entropy',27,5,0.6442882297417183,4,'balanced'),65,0.33674340719252865,'SAMME')	0.946202188891267	cached
robustScaler(True,True);varianceThreshold();adaBoost(decisionTree('entropy',24,5,0.504151452822573,19,'None'),65,0.33674340719252865,'SAMME')	0.9494706175082648	cached
adaBoost(decisionTree('entropy',28,12,0.2823422417705822,10,'None'),80,0.2419705886154548,'SAMME')	0.9500168250110681	cached
minMaxScaler();extraTreesClassifier(69,'entropy','log2',19,2,False,'balanced')	0.9435221308372738	3.37015962600708
adaBoost(decisionTree('gini',26,10,0.013430708616347542,15,'None'),92,0.2419705886154548,'SAMME')	0.9432742504891578	4.753422021865845
robustScaler(False,True);varianceThreshold();adaBoost(decisionTree('gini',9,5,0.131313347183873,5,'None'),80,0.2419705886154548,'SAMME')	0.9507015700188708	cached
selectFwe(0.009193721517515331);minMaxScaler();extraTreesClassifier(69,'entropy','log2',19,2,False,'balanced')	0.9470856988630402	cached
selectFwe(0.009193721517515331);minMaxScaler();adaBoost(decisionTree('entropy',8,17,0.13891719199939578,10,'None'),80,0.2419705886154548,'SAMME')	0.9457833407742811	7.095762491226196
robustScaler(False,False);varianceThreshold();adaBoost(decisionTree('gini',9,5,0.131313347183873,5,'None'),80,0.2419705886154548,'SAMME')	0.9511147931593665	cached
selectFwe(0.009193721517515331);minMaxScaler();extraTreesClassifier(69,'entropy','log2',19,2,False,'balanced')	0.9470856988630402	cached
selectFwe(0.009193721517515331);minMaxScaler();extraTreesClassifier(69,'entropy','log2',19,2,False,'balanced')	0.9470856988630402	cached
robustScaler(True,False);varianceThreshold();adaBoost(decisionTree('gini',9,5,0.131313347183873,5,'None'),80,0.2419705886154548,'SAMME')	0.9507015700188708	cached
robustScaler(True,False);varianceThreshold();adaBoost(decisionTree('entropy',24,5,0.504151452822573,19,'None'),65,0.33674340719252865,'SAMME')	0.9498862798422755	11.968693017959595
adaBoost(decisionTree('gini',19,20,0.6186332409602203,10,'None'),65,0.33674340719252865,'SAMME')	0.9439797147397238	12.26386308670044
robustScaler(False,True);varianceThreshold();adaBoost(decisionTree('entropy',29,2,0.798010320920954,6,'balanced'),92,0.33674340719252865,'SAMME')	0.9431037638402572	17.34798264503479
adaBoost(decisionTree('entropy',29,3,0.22600741598132768,11,'balanced'),93,0.33674340719252865,'SAMME')	0.9498662851741869	12.971142768859863
adaBoost(decisionTree('entropy',29,20,0.131313347183873,10,'balanced'),92,0.2419705886154548,'SAMME')	0.9489525186625674	cached
robustScaler(True,False);varianceThreshold();adaBoost(decisionTree('gini',16,5,0.812117978217466,11,'balanced'),93,1.7208785342310122,'SAMME')	0.9319842173557328	cached
varianceThreshold();adaBoost(decisionTree('entropy',29,12,0.8181336059250612,8,'balanced'),65,0.33674340719252865,'SAMME')	0.9457911394747953	cached
robustScaler(False,False);varianceThreshold();adaBoost(decisionTree('gini',9,5,0.131313347183873,5,'None'),80,0.2419705886154548,'SAMME')	0.9511147931593665	7.541761159896851
adaBoost(decisionTree('entropy',29,17,0.131313347183873,13,'balanced'),92,0.2419705886154548,'SAMME')	0.9499085200681862	11.144222021102905
adaBoost(decisionTree('entropy',29,12,0.8181336059250612,8,'balanced'),65,0.33674340719252865,'SAMME')	0.9457911394747953	cached
robustScaler(True,False);varianceThreshold();adaBoost(decisionTree('gini',9,5,0.131313347183873,5,'None'),80,0.2419705886154548,'SAMME')	0.9507015700188708	cached
robustScaler(False,True);varianceThreshold();adaBoost(decisionTree('entropy',27,5,0.6442882297417183,4,'balanced'),65,0.33674340719252865,'SAMME')	0.946202188891267	15.123528718948364
robustScaler(False,False);varianceThreshold();adaBoost(decisionTree('gini',9,5,0.131313347183873,5,'None'),80,0.2419705886154548,'SAMME')	0.9511147931593665	7.976956129074097
adaBoost(decisionTree('gini',28,3,0.22600741598132768,11,'None'),92,0.5473840821457541,'SAMME')	0.9426036317182482	11.688857793807983
adaBoost(decisionTree('gini',19,17,0.6186332409602203,13,'None'),65,0.33674340719252865,'SAMME')	0.946183377903037	cached
adaBoost(decisionTree('gini',19,17,0.6186332409602203,13,'None'),65,0.33674340719252865,'SAMME')	0.946183377903037	cached
adaBoost(decisionTree('entropy',29,20,0.131313347183873,10,'balanced'),92,0.5473840821457541,'SAMME')	0.948533692560367	cached
varianceThreshold();adaBoost(decisionTree('entropy',24,17,0.504151452822573,19,'None'),65,0.33674340719252865,'SAMME')	0.9500299612037957	cached
extraTreesClassifier(69,'entropy','log2',19,2,False,'balanced')	0.9435221308372738	4.792268753051758
nystroem('sigmoid',4.497836166007476,34,3,-0.7692244036178431);maxAbsScaler();adaBoost(decisionTree('gini',9,5,0.131313347183873,5,'None'),80,0.33674340719252865,'SAMME')	0.5	5.622887134552002
robustScaler(False,False);maxAbsScaler();adaBoost(decisionTree('gini',9,5,0.131313347183873,5,'None'),80,0.33674340719252865,'SAMME')	0.9459014245060082	cached
robustScaler(True,False);varianceThreshold();adaBoost(decisionTree('entropy',24,5,0.504151452822573,19,'None'),65,0.33674340719252865,'SAMME')	0.9498862798422755	13.203558206558228
selectFwe(0.009193721517515331);minMaxScaler();adaBoost(decisionTree('gini',9,20,0.131313347183873,10,'None'),80,0.2419705886154548,'SAMME')	0.9468737258725441	6.248342275619507
robustScaler(True,False);varianceThreshold();adaBoost(decisionTree('gini',9,5,0.812117978217466,11,'None'),80,0.2419705886154548,'SAMME')	0.9491661584158347	13.789737462997437
varianceThreshold();adaBoost(decisionTree('gini',9,17,0.131313347183873,5,'None'),80,0.2419705886154548,'SAMME')	0.9501192615227548	5.67115592956543
robustScaler(True,False);varianceThreshold();adaBoost(decisionTree('gini',9,5,0.131313347183873,5,'None'),92,0.33674340719252865,'SAMME')	0.9478311764275122	5.488927602767944
robustScaler(True,False);varianceThreshold();adaBoost(decisionTree('gini',16,5,0.131313347183873,5,'balanced'),93,1.7208785342310122,'SAMME')	0.9297586014507855	3.906345844268799
robustScaler(True,False);varianceThreshold();adaBoost(decisionTree('gini',9,5,0.131313347183873,5,'None'),80,0.2419705886154548,'SAMME')	0.9507015700188708	cached
adaBoost(decisionTree('entropy',28,12,0.2823422417705822,10,'None'),80,0.2419705886154548,'SAMME')	0.9500168250110681	cached
robustScaler(False,True);varianceThreshold();adaBoost(decisionTree('gini',9,5,0.131313347183873,5,'None'),80,0.2419705886154548,'SAMME')	0.9507015700188708	cached
varianceThreshold();adaBoost(decisionTree('entropy',28,12,0.2823422417705822,10,'None'),80,0.2419705886154548,'SAMME')	0.9500168250110681	cached
selectFwe(0.009193721517515331);minMaxScaler();extraTreesClassifier(69,'entropy','log2',19,2,False,'balanced')	0.9470856988630402	cached
adaBoost(decisionTree('entropy',29,3,0.22600741598132768,11,'balanced'),93,0.33674340719252865,'SAMME')	0.9498662851741869	cached
varianceThreshold();adaBoost(decisionTree('gini',9,17,0.131313347183873,5,'None'),80,0.2419705886154548,'SAMME')	0.9501192615227548	cached
robustScaler(False,False);varianceThreshold();adaBoost(decisionTree('gini',9,5,0.131313347183873,5,'None'),80,0.2419705886154548,'SAMME')	0.9511147931593665	cached
robustScaler(False,True);varianceThreshold();adaBoost(decisionTree('gini',9,5,0.131313347183873,5,'None'),80,0.2419705886154548,'SAMME')	0.9507015700188708	cached
robustScaler(False,False);varianceThreshold();adaBoost(decisionTree('gini',9,5,0.131313347183873,5,'None'),80,0.2419705886154548,'SAMME')	0.9511147931593665	cached
robustScaler(False,False);varianceThreshold();adaBoost(decisionTree('gini',9,5,0.131313347183873,5,'None'),80,0.2419705886154548,'SAMME')	0.9511147931593665	cached
robustScaler(False,False);robustScaler(False,False);adaBoost(decisionTree('gini',9,5,0.131313347183873,5,'None'),80,0.2419705886154548,'SAMME')	invalid_ind (duplicated operator)	invalid_ind (duplicated operator)
adaBoost(decisionTree('gini',19,17,0.6186332409602203,13,'None'),65,0.33674340719252865,'SAMME')	0.946183377903037	cached
varianceThreshold();adaBoost(decisionTree('gini',9,17,0.131313347183873,5,'None'),80,0.2419705886154548,'SAMME')	0.9501192615227548	cached
adaBoost(decisionTree('entropy',29,17,0.131313347183873,13,'balanced'),92,0.2419705886154548,'SAMME')	0.9499085200681862	cached
varianceThreshold();adaBoost(decisionTree('gini',9,17,0.131313347183873,5,'None'),80,0.2419705886154548,'SAMME')	0.9501192615227548	cached
robustScaler(True,False);varianceThreshold();adaBoost(decisionTree('gini',7,9,0.049616958042794757,18,'None'),80,0.2419705886154548,'SAMME')	0.9399840407514333	4.7630486488342285
robustScaler(True,True);varianceThreshold();adaBoost(decisionTree('entropy',24,5,0.504151452822573,19,'None'),65,0.33674340719252865,'SAMME')	0.9494706175082648	cached
robustScaler(False,False);robustScaler(False,False);adaBoost(decisionTree('gini',9,5,0.131313347183873,5,'None'),80,0.2419705886154548,'SAMME')	invalid_ind (duplicated operator)	invalid_ind (duplicated operator)
robustScaler(True,False);varianceThreshold();adaBoost(decisionTree('gini',9,5,0.131313347183873,5,'None'),80,0.2419705886154548,'SAMME')	0.9507015700188708	5.440281629562378
selectFwe(0.009193721517515331);minMaxScaler();adaBoost(decisionTree('entropy',28,12,0.2823422417705822,10,'None'),80,0.2419705886154548,'SAMME')	0.9476772073529507	8.881930351257324
selectFwe(0.009193721517515331);minMaxScaler();extraTreesClassifier(69,'entropy','log2',19,2,False,'balanced')	0.9470856988630402	4.61283540725708
adaBoost(decisionTree('entropy',24,17,0.504151452822573,19,'None'),65,0.33674340719252865,'SAMME')	0.9500299612037957	11.64534044265747
robustScaler(True,False);varianceThreshold();adaBoost(decisionTree('gini',9,5,0.131313347183873,5,'None'),92,0.33674340719252865,'SAMME')	0.9478311764275122	9.132054328918457
robustScaler(True,False);varianceThreshold();adaBoost(decisionTree('entropy',24,5,0.504151452822573,19,'None'),65,0.33674340719252865,'SAMME')	0.9498862798422755	cached
robustScaler(True,False);varianceThreshold();adaBoost(decisionTree('gini',9,5,0.131313347183873,5,'None'),80,0.2419705886154548,'SAMME')	0.9507015700188708	cached
extraTreesClassifier(69,'entropy','log2',19,2,False,'balanced')	0.9435221308372738	5.078634262084961
robustScaler(True,False);varianceThreshold();adaBoost(decisionTree('gini',9,5,0.131313347183873,5,'None'),80,0.2419705886154548,'SAMME')	0.9507015700188708	cached
varianceThreshold();adaBoost(decisionTree('entropy',24,17,0.504151452822573,19,'None'),65,0.33674340719252865,'SAMME')	0.9500299612037957	cached
varianceThreshold();adaBoost(decisionTree('entropy',13,4,0.8728616215529755,20,'balanced'),80,0.2419705886154548,'SAMME')	0.943743569291055	20.051804780960083
robustScaler(False,False);varianceThreshold();adaBoost(decisionTree('gini',9,5,0.131313347183873,5,'None'),92,0.33674340719252865,'SAMME')	0.9478311764275122	8.358930826187134
minMaxScaler();extraTreesClassifier(69,'entropy','log2',19,17,False,'balanced')	0.8798037067398667	4.126237154006958
varianceThreshold();adaBoost(decisionTree('gini',9,17,0.131313347183873,5,'None'),80,0.2419705886154548,'SAMME')	0.9501192615227548	cached
robustScaler(True,False);varianceThreshold();adaBoost(decisionTree('gini',9,5,0.131313347183873,5,'None'),80,0.2419705886154548,'SAMME')	0.9507015700188708	cached
robustScaler(True,False);varianceThreshold();adaBoost(decisionTree('gini',19,5,0.6186332409602203,13,'None'),65,0.33674340719252865,'SAMME')	0.946183377903037	12.34247374534607
adaBoost(decisionTree('entropy',29,3,0.22600741598132768,11,'None'),80,0.2419705886154548,'SAMME')	0.9472608204442654	10.371582984924316
robustScaler(True,False);varianceThreshold();adaBoost(decisionTree('entropy',29,5,0.504151452822573,19,'balanced'),92,0.2419705886154548,'SAMME')	0.950304646839292	17.640851259231567
adaBoost(decisionTree('entropy',29,3,0.22600741598132768,11,'balanced'),80,0.2419705886154548,'SAMME')	0.947875076121339	9.05296778678894
adaBoost(decisionTree('entropy',24,20,0.131313347183873,10,'None'),65,0.33674340719252865,'SAMME')	0.9488978721505154	5.132091999053955
varianceThreshold();adaBoost(decisionTree('entropy',28,12,0.2823422417705822,10,'balanced'),92,0.33674340719252865,'SAMME')	0.9517026547981748	9.13673448562622
adaBoost(decisionTree('entropy',29,3,0.22600741598132768,11,'balanced'),92,0.33674340719252865,'SAMME')	0.9498662851741869	cached
robustScaler(False,False);varianceThreshold();adaBoost(decisionTree('gini',9,5,0.131313347183873,5,'balanced'),92,0.33674340719252865,'SAMME')	0.9488496230456969	4.275034666061401
robustScaler(True,False);selectPercentile(83.74313477210417);adaBoost(decisionTree('gini',9,5,0.131313347183873,5,'None'),80,0.2419705886154548,'SAMME')	0.9459018836111921	5.864654302597046
robustScaler(False,True);varianceThreshold();adaBoost(decisionTree('gini',9,5,0.131313347183873,5,'None'),80,1.2897320400256933,'SAMME')	0.9404363350177387	6.400227069854736
robustScaler(True,False);varianceThreshold();adaBoost(decisionTree('gini',9,5,0.131313347183873,5,'None'),92,0.33674340719252865,'SAMME')	0.9478311764275122	7.410338878631592
adaBoost(decisionTree('entropy',29,3,0.22600741598132768,11,'balanced'),92,0.33674340719252865,'SAMME')	0.9498662851741869	12.137673377990723
selectFwe(0.009193721517515331);minMaxScaler();extraTreesClassifier(69,'entropy','log2',19,2,False,'balanced')	0.9470856988630402	5.090636730194092
adaBoost(decisionTree('entropy',29,3,0.22600741598132768,11,'None'),80,0.2419705886154548,'SAMME')	0.9472608204442654	11.354516983032227
robustScaler(False,False);varianceThreshold();adaBoost(decisionTree('gini',9,5,0.131313347183873,5,'None'),80,0.2419705886154548,'SAMME')	0.9511147931593665	cached
robustScaler(False,False);robustScaler(False,False);adaBoost(decisionTree('gini',9,5,0.131313347183873,5,'None'),80,0.2419705886154548,'SAMME')	invalid_ind (duplicated operator)	invalid_ind (duplicated operator)
varianceThreshold();adaBoost(decisionTree('entropy',28,12,0.2823422417705822,10,'balanced'),92,0.33674340719252865,'SAMME')	0.9517026547981748	cached
robustScaler(True,False);varianceThreshold();adaBoost(decisionTree('entropy',29,5,0.504151452822573,19,'balanced'),92,0.2419705886154548,'SAMME')	0.950304646839292	cached
robustScaler(False,False);varianceThreshold();adaBoost(decisionTree('gini',3,18,0.7843520424505122,8,'None'),83,0.39051446605807216,'SAMME')	0.9309312127421683	10.943912982940674
selectFwe(0.009193721517515331);minMaxScaler();extraTreesClassifier(69,'entropy','log2',19,2,False,'balanced')	0.9470856988630402	4.794373989105225
robustScaler(False,True);varianceThreshold();adaBoost(decisionTree('gini',9,5,0.131313347183873,5,'None'),80,0.2419705886154548,'SAMME')	0.9507015700188708	cached
robustScaler(True,False);varianceThreshold();adaBoost(decisionTree('gini',9,5,0.131313347183873,5,'None'),80,0.2419705886154548,'SAMME')	0.9507015700188708	cached
adaBoost(decisionTree('entropy',29,3,0.22600741598132768,11,'balanced'),93,0.2419705886154548,'SAMME')	0.9478740860771735	14.530698299407959
robustScaler(True,True);varianceThreshold();adaBoost(decisionTree('gini',9,5,0.131313347183873,5,'None'),80,0.2419705886154548,'SAMME')	0.9507015700188708	7.299473285675049
robustScaler(True,False);varianceThreshold();adaBoost(decisionTree('entropy',28,5,0.2823422417705822,5,'balanced'),92,0.33674340719252865,'SAMME')	0.9467419970238933	11.775145530700684
adaBoost(decisionTree('gini',9,17,0.131313347183873,13,'None'),80,0.2419705886154548,'SAMME')	0.9450344579498579	7.408023357391357
varianceThreshold();adaBoost(decisionTree('gini',9,17,0.131313347183873,5,'None'),22,0.35637905092646577,'SAMME')	0.9399996879714738	4.629273891448975
robustScaler(False,False);varianceThreshold();adaBoost(decisionTree('gini',9,5,0.131313347183873,5,'None'),80,0.2419705886154548,'SAMME')	0.9511147931593665	cached
robustScaler(False,True);varianceThreshold();adaBoost(decisionTree('gini',9,5,0.131313347183873,5,'None'),80,0.2419705886154548,'SAMME')	0.9507015700188708	cached
adaBoost(decisionTree('entropy',29,3,0.22600741598132768,11,'balanced'),80,0.33674340719252865,'SAMME')	0.9498662851741869	12.745077133178711
robustScaler(False,False);varianceThreshold();adaBoost(decisionTree('gini',9,5,0.131313347183873,5,'None'),80,0.2419705886154548,'SAMME')	0.9511147931593665	7.822906970977783
varianceThreshold();adaBoost(decisionTree('gini',9,17,0.131313347183873,5,'None'),80,0.2419705886154548,'SAMME')	0.9501192615227548	cached
varianceThreshold();adaBoost(decisionTree('gini',9,17,0.131313347183873,5,'None'),80,0.2419705886154548,'SAMME')	0.9501192615227548	cached
varianceThreshold();adaBoost(decisionTree('gini',9,12,0.131313347183873,10,'None'),80,0.2419705886154548,'SAMME')	0.9475142558980167	7.614985704421997
varianceThreshold();adaBoost(decisionTree('entropy',24,17,0.131313347183873,10,'None'),65,0.33674340719252865,'SAMME')	0.9488978721505154	8.925360918045044
robustScaler(True,False);varianceThreshold();adaBoost(decisionTree('gini',19,5,0.6186332409602203,5,'None'),65,0.33674340719252865,'SAMME')	0.9449293167751653	13.940933465957642
robustScaler(False,False);varianceThreshold();adaBoost(decisionTree('gini',9,5,0.131313347183873,5,'None'),80,0.2419705886154548,'SAMME')	0.9511147931593665	cached
robustScaler(True,False);varianceThreshold();adaBoost(decisionTree('entropy',29,5,0.504151452822573,19,'balanced'),92,0.2419705886154548,'SAMME')	0.950304646839292	cached
robustScaler(True,False);varianceThreshold();adaBoost(decisionTree('gini',9,5,0.131313347183873,5,'None'),80,0.2419705886154548,'SAMME')	0.9507015700188708	cached
adaBoost(decisionTree('entropy',29,3,0.22600741598132768,11,'None'),80,0.2419705886154548,'SAMME')	0.9472608204442654	cached
adaBoost(decisionTree('gini',29,3,0.22600741598132768,11,'None'),80,0.2419705886154548,'SAMME')	0.9456274634451866	8.970411539077759
varianceThreshold();adaBoost(decisionTree('entropy',28,12,0.2823422417705822,10,'balanced'),92,0.2419705886154548,'SAMME')	0.9482326627056172	13.789119720458984
adaBoost(decisionTree('entropy',24,20,0.504151452822573,19,'None'),65,0.33674340719252865,'SAMME')	0.9500299612037957	11.44573974609375
robustScaler(False,False);varianceThreshold();adaBoost(decisionTree('entropy',29,7,0.6890992580696219,4,'balanced'),92,0.33674340719252865,'SAMME')	0.9413223061978122	15.563775300979614
robustScaler(True,False);varianceThreshold();adaBoost(decisionTree('gini',9,5,0.131313347183873,5,'None'),80,0.2419705886154548,'SAMME')	0.9507015700188708	cached
robustScaler(False,False);varianceThreshold();adaBoost(decisionTree('entropy',9,5,0.131313347183873,5,'None'),80,0.2419705886154548,'SAMME')	0.9434379265187663	5.73908257484436
robustScaler(True,False);varianceThreshold();adaBoost(decisionTree('gini',9,5,0.131313347183873,5,'None'),80,0.2419705886154548,'SAMME')	0.9507015700188708	cached
varianceThreshold();adaBoost(decisionTree('entropy',24,17,0.131313347183873,10,'None'),65,0.33674340719252865,'SAMME')	0.9488978721505154	cached
robustScaler(True,False);varianceThreshold();adaBoost(decisionTree('entropy',29,5,0.504151452822573,19,'balanced'),92,0.2419705886154548,'SAMME')	0.950304646839292	cached
robustScaler(True,False);selectPercentile(83.74313477210417);adaBoost(decisionTree('gini',9,5,0.131313347183873,5,'None'),80,0.2419705886154548,'SAMME')	0.9459018836111921	cached
adaBoost(decisionTree('entropy',29,3,0.22600741598132768,11,'balanced'),92,0.33674340719252865,'SAMME')	0.9498662851741869	cached
robustScaler(True,False);varianceThreshold();adaBoost(decisionTree('gini',9,5,0.131313347183873,5,'None'),80,0.2419705886154548,'SAMME')	0.9507015700188708	cached
robustScaler(True,True);varianceThreshold();adaBoost(decisionTree('gini',9,5,0.131313347183873,5,'None'),80,0.2419705886154548,'SAMME')	0.9507015700188708	cached
robustScaler(True,False);varianceThreshold();adaBoost(decisionTree('gini',9,5,0.131313347183873,5,'None'),80,0.2419705886154548,'SAMME')	0.9507015700188708	cached
robustScaler(False,True);varianceThreshold();adaBoost(decisionTree('gini',9,5,0.131313347183873,5,'None'),80,0.2419705886154548,'SAMME')	0.9507015700188708	cached
varianceThreshold();adaBoost(decisionTree('gini',9,17,0.131313347183873,5,'None'),80,0.2419705886154548,'SAMME')	0.9501192615227548	cached
minMaxScaler();varianceThreshold();minMaxScaler();extraTreesClassifier(69,'entropy','log2',19,2,False,'balanced')	invalid_ind (duplicated operator)	invalid_ind (duplicated operator)
robustScaler(False,False);varianceThreshold();adaBoost(decisionTree('gini',9,5,0.131313347183873,5,'None'),65,0.33674340719252865,'SAMME')	0.9448127540265855	4.737388849258423
adaBoost(decisionTree('gini',24,15,0.0279451754385579,14,'None'),93,0.33674340719252865,'SAMME')	0.9424719526886097	4.970977067947388
robustScaler(True,False);varianceThreshold();adaBoost(decisionTree('gini',9,5,0.131313347183873,5,'None'),80,0.2419705886154548,'SAMME')	0.9507015700188708	7.6467485427856445
robustScaler(False,True);varianceThreshold();adaBoost(decisionTree('entropy',29,5,0.131313347183873,5,'balanced'),92,0.33674340719252865,'SAMME')	0.9485290576280425	8.98075795173645
adaBoost(decisionTree('gini',24,20,0.504151452822573,19,'None'),80,0.2419705886154548,'SAMME')	0.9485041845729242	13.210563659667969
varianceThreshold();adaBoost(decisionTree('entropy',24,17,0.131313347183873,10,'None'),80,0.2419705886154548,'SAMME')	0.948110956100517	9.852288722991943
robustScaler(False,True);varianceThreshold();adaBoost(decisionTree('gini',9,5,0.131313347183873,5,'None'),80,0.2419705886154548,'SAMME')	0.9507015700188708	cached
adaBoost(decisionTree('entropy',29,3,0.22600741598132768,11,'balanced'),80,0.33674340719252865,'SAMME')	0.9498662851741869	cached
adaBoost(decisionTree('gini',9,3,0.22600741598132768,11,'None'),80,0.2419705886154548,'SAMME')	0.9486524788519832	8.802112579345703
varianceThreshold();adaBoost(decisionTree('entropy',28,12,0.2823422417705822,10,'None'),80,0.2419705886154548,'SAMME')	0.9500168250110681	cached
adaBoost(decisionTree('entropy',29,3,0.22600741598132768,11,'None'),80,0.2419705886154548,'SAMME')	0.9472608204442654	cached
adaBoost(decisionTree('entropy',24,20,0.504151452822573,19,'None'),65,0.2419705886154548,'SAMME')	0.9468290517850303	14.2880117893219
adaBoost(decisionTree('entropy',9,17,0.131313347183873,13,'None'),65,0.33674340719252865,'SAMME')	0.9424626550197338	6.743113279342651
robustScaler(False,True);varianceThreshold();adaBoost(decisionTree('gini',9,5,0.131313347183873,5,'None'),80,0.2419705886154548,'SAMME')	0.9507015700188708	cached
robustScaler(True,False);varianceThreshold();adaBoost(decisionTree('gini',9,5,0.131313347183873,5,'None'),80,0.2419705886154548,'SAMME')	0.9507015700188708	cached
robustScaler(True,False);varianceThreshold();adaBoost(decisionTree('gini',9,5,0.131313347183873,5,'None'),80,0.2419705886154548,'SAMME')	0.9507015700188708	cached
varianceThreshold();adaBoost(decisionTree('entropy',28,12,0.2823422417705822,10,'None'),80,0.2419705886154548,'SAMME')	0.9500168250110681	13.068212270736694
robustScaler(True,False);varianceThreshold();adaBoost(decisionTree('gini',9,5,0.131313347183873,5,'None'),80,0.2419705886154548,'SAMME')	0.9507015700188708	7.496293067932129
robustScaler(False,False);varianceThreshold();adaBoost(decisionTree('gini',9,5,0.131313347183873,5,'None'),80,0.33674340719252865,'SAMME')	0.9463146476465042	7.20627760887146
robustScaler(True,True);selectFwe(0.024150889446192397);adaBoost(decisionTree('gini',9,5,0.131313347183873,5,'None'),80,0.2419705886154548,'SAMME')	0.9461707008154931	7.982710123062134
adaBoost(decisionTree('entropy',29,3,0.22600741598132768,11,'None'),80,0.2419705886154548,'SAMME')	0.9472608204442654	11.205822706222534
robustScaler(True,True);pca(0.6974109613977384,False);selectPercentile(14.107077991468222);decisionTree('entropy',2,4,0.01365386969309168,10,'None')	0.7135894628998898	2.9570233821868896
robustScaler(False,True);varianceThreshold();adaBoost(decisionTree('gini',9,5,0.131313347183873,5,'None'),80,0.2419705886154548,'SAMME')	0.9507015700188708	cached
robustScaler(True,False);varianceThreshold();adaBoost(decisionTree('gini',9,5,0.131313347183873,5,'None'),80,0.2419705886154548,'SAMME')	0.9507015700188708	cached
robustScaler(True,True);varianceThreshold();adaBoost(decisionTree('gini',9,5,0.8133599320289217,5,'balanced'),92,0.33674340719252865,'SAMME')	0.9450093672813173	11.696210622787476
robustScaler(False,False);varianceThreshold();adaBoost(decisionTree('gini',9,5,0.131313347183873,5,'None'),92,0.2419705886154548,'SAMME')	0.9505586132320254	6.904838562011719
minMaxScaler();pca(0.9547630498735822,True);adaBoost(decisionTree('gini',5,19,0.03189068263769501,14,'balanced'),63,0.47365462537349945,'SAMME')	0.8729965813383614	3.85439395904541
robustScaler(False,False);varianceThreshold();adaBoost(decisionTree('entropy',29,5,0.504151452822573,19,'balanced'),92,0.2419705886154548,'SAMME')	0.950304646839292	16.822924852371216
adaBoost(decisionTree('entropy',29,3,0.22600741598132768,11,'balanced'),80,0.33674340719252865,'SAMME')	0.9498662851741869	10.123627662658691
robustScaler(False,True);varianceThreshold();adaBoost(decisionTree('gini',9,5,0.131313347183873,5,'None'),80,0.2419705886154548,'SAMME')	0.9507015700188708	cached
robustScaler(True,False);varianceThreshold();adaBoost(decisionTree('gini',9,5,0.131313347183873,5,'None'),80,0.2419705886154548,'SAMME')	0.9507015700188708	cached
robustScaler(False,True);varianceThreshold();adaBoost(decisionTree('gini',9,5,0.131313347183873,5,'None'),80,0.2419705886154548,'SAMME')	0.9507015700188708	cached
robustScaler(True,False);varianceThreshold();adaBoost(decisionTree('gini',9,5,0.131313347183873,5,'None'),80,0.2419705886154548,'SAMME')	0.9507015700188708	cached
robustScaler(True,False);varianceThreshold();adaBoost(decisionTree('gini',9,5,0.131313347183873,5,'None'),80,0.2419705886154548,'SAMME')	0.9507015700188708	cached
robustScaler(False,False);varianceThreshold();adaBoost(decisionTree('gini',9,5,0.131313347183873,5,'None'),80,0.33674340719252865,'SAMME')	0.9463146476465042	cached
robustScaler(True,False);varianceThreshold();adaBoost(decisionTree('gini',9,5,0.131313347183873,5,'None'),80,0.2419705886154548,'SAMME')	0.9507015700188708	cached
varianceThreshold();adaBoost(decisionTree('entropy',28,12,0.2823422417705822,10,'None'),80,0.2419705886154548,'SAMME')	0.9500168250110681	cached
robustScaler(True,False);varianceThreshold();adaBoost(decisionTree('gini',9,5,0.131313347183873,5,'None'),80,0.2419705886154548,'SAMME')	0.9507015700188708	cached
robustScaler(True,False);varianceThreshold();adaBoost(decisionTree('gini',9,5,0.131313347183873,5,'None'),80,0.2419705886154548,'SAMME')	0.9507015700188708	cached
robustScaler(False,True);varianceThreshold();adaBoost(decisionTree('gini',9,5,0.131313347183873,5,'None'),80,0.2419705886154548,'SAMME')	0.9507015700188708	cached
robustScaler(False,True);varianceThreshold();adaBoost(decisionTree('gini',9,5,0.131313347183873,5,'None'),80,0.2419705886154548,'SAMME')	0.9507015700188708	cached
robustScaler(True,False);varianceThreshold();adaBoost(decisionTree('gini',9,5,0.131313347183873,5,'None'),80,0.2419705886154548,'SAMME')	0.9507015700188708	cached
robustScaler(True,False);varianceThreshold();adaBoost(decisionTree('gini',9,5,0.131313347183873,5,'None'),80,0.2419705886154548,'SAMME')	0.9507015700188708	cached
adaBoost(decisionTree('gini',24,20,0.504151452822573,19,'None'),80,0.2419705886154548,'SAMME')	0.9485041845729242	cached
robustScaler(True,False);varianceThreshold();adaBoost(decisionTree('entropy',9,5,0.131313347183873,5,'balanced'),92,0.33674340719252865,'SAMME')	0.948476582877071	5.46299409866333
robustScaler(True,False);varianceThreshold();adaBoost(decisionTree('gini',27,16,0.1575490793808214,10,'balanced'),80,0.2419705886154548,'SAMME')	0.9486332087585694	7.1572301387786865
robustScaler(True,False);varianceThreshold();adaBoost(decisionTree('gini',9,5,0.131313347183873,5,'None'),80,0.2419705886154548,'SAMME')	0.9507015700188708	cached
robustScaler(True,False);varianceThreshold();adaBoost(decisionTree('gini',9,5,0.131313347183873,5,'None'),80,0.2419705886154548,'SAMME')	0.9507015700188708	cached
adaBoost(decisionTree('entropy',29,3,0.22600741598132768,11,'balanced'),92,0.33674340719252865,'SAMME')	0.9498662851741869	cached
robustScaler(True,False);varianceThreshold();adaBoost(decisionTree('gini',9,5,0.131313347183873,5,'None'),80,0.2419705886154548,'SAMME')	0.9507015700188708	cached
robustScaler(True,False);varianceThreshold();adaBoost(decisionTree('gini',9,5,0.131313347183873,5,'None'),80,0.2419705886154548,'SAMME')	0.9507015700188708	cached
robustScaler(True,True);varianceThreshold();adaBoost(decisionTree('gini',9,5,0.131313347183873,5,'None'),80,0.2419705886154548,'SAMME')	0.9507015700188708	cached
robustScaler(True,True);varianceThreshold();adaBoost(decisionTree('gini',9,5,0.131313347183873,5,'None'),80,0.2419705886154548,'SAMME')	0.9507015700188708	cached
robustScaler(True,True);varianceThreshold();adaBoost(decisionTree('entropy',24,5,0.504151452822573,19,'None'),65,0.33674340719252865,'SAMME')	0.9494706175082648	cached
robustScaler(True,False);varianceThreshold();adaBoost(decisionTree('gini',9,5,0.131313347183873,5,'None'),80,0.2419705886154548,'SAMME')	0.9507015700188708	cached
robustScaler(False,True);varianceThreshold();adaBoost(decisionTree('gini',9,5,0.131313347183873,5,'None'),80,0.2419705886154548,'SAMME')	0.9507015700188708	cached
robustScaler(False,True);varianceThreshold();adaBoost(decisionTree('gini',9,5,0.131313347183873,5,'None'),80,0.2419705886154548,'SAMME')	0.9507015700188708	cached
robustScaler(False,True);varianceThreshold();adaBoost(decisionTree('gini',9,5,0.131313347183873,5,'None'),80,0.2419705886154548,'SAMME')	0.9507015700188708	cached
robustScaler(True,True);varianceThreshold();adaBoost(decisionTree('entropy',24,5,0.504151452822573,19,'None'),65,0.33674340719252865,'SAMME')	0.9494706175082648	cached
varianceThreshold();adaBoost(decisionTree('entropy',24,17,0.131313347183873,10,'None'),80,0.2419705886154548,'SAMME')	0.948110956100517	cached
varianceThreshold();adaBoost(decisionTree('gini',9,12,0.2823422417705822,10,'None'),80,0.2419705886154548,'SAMME')	0.9504480627313212	7.189022779464722
varianceThreshold();adaBoost(decisionTree('entropy',13,12,0.2823422417705822,10,'None'),80,1.653324381483732,'SAMME')	0.9265357651316692	11.511305332183838
robustScaler(False,True);varianceThreshold();adaBoost(decisionTree('gini',9,5,0.131313347183873,5,'None'),80,0.2419705886154548,'SAMME')	0.9507015700188708	cached
varianceThreshold();adaBoost(decisionTree('gini',24,12,0.504151452822573,19,'None'),80,0.2419705886154548,'SAMME')	0.9485041845729242	12.976309537887573
adaBoost(decisionTree('entropy',2,18,0.9859970419080718,3,'None'),80,0.2419705886154548,'SAMME')	0.9229018555177415	9.319167137145996
robustScaler(True,False);varianceThreshold();adaBoost(decisionTree('entropy',28,5,0.131313347183873,5,'None'),80,0.2419705886154548,'SAMME')	0.946577330950119	8.456701517105103
adaBoost(decisionTree('entropy',28,3,0.2823422417705822,10,'None'),80,0.2419705886154548,'SAMME')	0.9500168250110681	10.394135475158691
adaBoost(decisionTree('entropy',28,20,0.2823422417705822,10,'balanced'),92,0.33674340719252865,'SAMME')	0.9517026547981748	8.955806970596313
varianceThreshold();adaBoost(decisionTree('entropy',29,12,0.22600741598132768,11,'balanced'),80,0.33674340719252865,'SAMME')	0.9498662851741869	6.590239524841309
robustScaler(True,False);varianceThreshold();adaBoost(decisionTree('gini',9,5,0.131313347183873,5,'None'),80,0.2419705886154548,'SAMME')	0.9507015700188708	cached
robustScaler(True,False);varianceThreshold();adaBoost(decisionTree('gini',9,5,0.131313347183873,5,'None'),80,0.2419705886154548,'SAMME')	0.9507015700188708	cached
robustScaler(True,True);varianceThreshold();adaBoost(decisionTree('gini',9,5,0.131313347183873,5,'None'),80,0.2419705886154548,'SAMME')	0.9507015700188708	cached
robustScaler(True,False);varianceThreshold();adaBoost(decisionTree('gini',9,5,0.131313347183873,5,'None'),80,0.2419705886154548,'SAMME')	0.9507015700188708	cached
robustScaler(True,True);varianceThreshold();adaBoost(decisionTree('gini',12,4,0.4323441702359734,16,'None'),53,0.5960035489011668,'SAMME')	0.945651877395121	6.525770902633667
robustScaler(True,True);varianceThreshold();adaBoost(decisionTree('gini',9,5,0.131313347183873,5,'None'),80,0.2419705886154548,'SAMME')	0.9507015700188708	6.820601940155029
robustScaler(True,True);varianceThreshold();adaBoost(decisionTree('gini',9,5,0.131313347183873,5,'None'),80,0.33674340719252865,'SAMME')	0.9463146476465042	6.939450263977051
adaBoost(decisionTree('entropy',28,3,0.2823422417705822,11,'None'),80,0.2419705886154548,'SAMME')	0.9512318150131304	10.064879179000854
robustScaler(True,False);varianceThreshold();adaBoost(decisionTree('entropy',24,5,0.504151452822573,5,'None'),65,0.33674340719252865,'SAMME')	0.9460406865856825	12.670888185501099
robustScaler(False,False);varianceThreshold();adaBoost(decisionTree('gini',9,5,0.131313347183873,5,'None'),80,0.2419705886154548,'SAMME')	0.9511147931593665	8.096617221832275
robustScaler(True,False);varianceThreshold();adaBoost(decisionTree('entropy',24,5,0.504151452822573,19,'None'),65,0.33674340719252865,'SAMME')	0.9498862798422755	13.232276439666748
robustScaler(False,True);varianceThreshold();adaBoost(decisionTree('gini',9,5,0.131313347183873,5,'None'),80,0.2419705886154548,'SAMME')	0.9507015700188708	cached
varianceThreshold();adaBoost(decisionTree('gini',24,12,0.504151452822573,19,'None'),80,0.2419705886154548,'SAMME')	0.9485041845729242	cached
robustScaler(True,True);varianceThreshold();adaBoost(decisionTree('gini',9,5,0.131313347183873,5,'None'),80,0.2419705886154548,'SAMME')	0.9507015700188708	cached
robustScaler(False,True);varianceThreshold();adaBoost(decisionTree('gini',9,5,0.131313347183873,5,'None'),80,0.2419705886154548,'SAMME')	0.9507015700188708	cached
robustScaler(False,True);varianceThreshold();adaBoost(decisionTree('gini',9,5,0.131313347183873,5,'None'),80,0.2419705886154548,'SAMME')	0.9507015700188708	cached
robustScaler(False,True);varianceThreshold();adaBoost(decisionTree('gini',9,5,0.131313347183873,5,'None'),80,0.2419705886154548,'SAMME')	0.9507015700188708	cached
robustScaler(False,True);varianceThreshold();adaBoost(decisionTree('gini',9,5,0.131313347183873,5,'None'),80,0.2419705886154548,'SAMME')	0.9507015700188708	cached
robustScaler(False,True);varianceThreshold();adaBoost(decisionTree('gini',9,5,0.131313347183873,5,'None'),80,0.2419705886154548,'SAMME')	0.9507015700188708	cached
robustScaler(True,True);varianceThreshold();adaBoost(decisionTree('gini',9,5,0.131313347183873,19,'None'),80,0.2419705886154548,'SAMME')	0.9456318827270327	7.8656768798828125
adaBoost(decisionTree('entropy',28,20,0.2823422417705822,10,'balanced'),92,0.2419705886154548,'SAMME')	0.9482326627056172	14.286939144134521
robustScaler(True,False);varianceThreshold();adaBoost(decisionTree('gini',9,5,0.131313347183873,5,'None'),80,0.2419705886154548,'SAMME')	0.9507015700188708	cached
varianceThreshold();adaBoost(decisionTree('gini',9,17,0.131313347183873,5,'None'),80,0.2419705886154548,'SAMME')	0.9501192615227548	cached
adaBoost(decisionTree('entropy',29,3,0.22600741598132768,10,'balanced'),92,0.33674340719252865,'SAMME')	0.948805214427674	13.321338653564453
selectFwe(0.021430577172599375);varianceThreshold();adaBoost(decisionTree('gini',9,5,0.131313347183873,5,'balanced'),92,0.33674340719252865,'SAMME')	0.9467695747420173	8.385980129241943
adaBoost(decisionTree('gini',9,3,0.131313347183873,10,'None'),80,0.2419705886154548,'SAMME')	0.9475142558980167	9.107930421829224
varianceThreshold();adaBoost(decisionTree('entropy',28,12,0.2823422417705822,10,'balanced'),80,0.2419705886154548,'SAMME')	0.9501560870907422	15.374499797821045
robustScaler(False,True);varianceThreshold();adaBoost(decisionTree('gini',9,5,0.131313347183873,5,'None'),92,0.33674340719252865,'SAMME')	0.9478311764275122	11.921148777008057
robustScaler(False,True);varianceThreshold();adaBoost(decisionTree('gini',9,5,0.131313347183873,5,'None'),80,0.2419705886154548,'SAMME')	0.9507015700188708	cached
robustScaler(False,True);varianceThreshold();adaBoost(decisionTree('gini',9,5,0.5870447160337714,5,'None'),80,0.2419705886154548,'SAMME')	0.9492083933098335	19.87565517425537
robustScaler(True,False);varianceThreshold();adaBoost(decisionTree('gini',9,5,0.131313347183873,5,'None'),80,0.2419705886154548,'SAMME')	0.9507015700188708	cached
robustScaler(True,False);varianceThreshold();adaBoost(decisionTree('gini',9,5,0.131313347183873,5,'None'),80,0.2419705886154548,'SAMME')	0.9507015700188708	cached
robustScaler(True,False);varianceThreshold();adaBoost(decisionTree('gini',9,5,0.131313347183873,5,'None'),80,0.2419705886154548,'SAMME')	0.9507015700188708	cached
robustScaler(True,False);varianceThreshold();adaBoost(decisionTree('gini',9,5,0.131313347183873,5,'None'),80,0.2419705886154548,'SAMME')	0.9507015700188708	cached
varianceThreshold();adaBoost(decisionTree('gini',9,17,0.131313347183873,5,'None'),80,0.2419705886154548,'SAMME')	0.9501192615227548	cached
varianceThreshold();adaBoost(decisionTree('entropy',28,12,0.2823422417705822,10,'None'),80,0.2419705886154548,'SAMME')	0.9500168250110681	18.227193117141724
robustScaler(False,True);varianceThreshold();adaBoost(decisionTree('entropy',28,5,0.2823422417705822,5,'None'),80,0.2419705886154548,'SAMME')	0.9471125261652062	19.04800319671631
robustScaler(True,False);varianceThreshold();adaBoost(decisionTree('gini',9,5,0.131313347183873,5,'None'),80,0.2419705886154548,'SAMME')	0.9507015700188708	10.716878414154053
fastICA(89,'deflation','unit-variance','logcosh');adaBoost(decisionTree('entropy',28,12,0.2823422417705822,10,'balanced'),92,0.33674340719252865,'SAMME')	0.9332199984343562	259.75701689720154
robustScaler(False,True);varianceThreshold();adaBoost(decisionTree('gini',9,5,0.131313347183873,5,'None'),80,0.2419705886154548,'SAMME')	0.9507015700188708	cached
robustScaler(True,False);varianceThreshold();adaBoost(decisionTree('gini',9,5,0.131313347183873,5,'None'),80,0.2419705886154548,'SAMME')	0.9507015700188708	cached
robustScaler(True,True);varianceThreshold();adaBoost(decisionTree('gini',9,5,0.131313347183873,5,'None'),80,0.2419705886154548,'SAMME')	0.9507015700188708	cached
robustScaler(False,True);varianceThreshold();adaBoost(decisionTree('gini',9,5,0.131313347183873,5,'None'),80,0.2419705886154548,'SAMME')	0.9507015700188708	cached
robustScaler(False,True);varianceThreshold();adaBoost(decisionTree('gini',9,5,0.131313347183873,5,'None'),80,0.2419705886154548,'SAMME')	0.9507015700188708	cached
nystroem('sigmoid',7.751970310751668,69,2,-0.18547161532198464);varianceThreshold();adaBoost(decisionTree('gini',9,5,0.131313347183873,5,'None'),80,0.2419705886154548,'SAMME')	eval_error (No feature in X meets the variance threshold 0.00000)	eval_error (No feature in X meets the variance threshold 0.00000)
varianceThreshold();adaBoost(decisionTree('gini',9,12,0.131313347183873,19,'None'),80,0.2419705886154548,'SAMME')	0.9456318827270327	5.08227014541626
robustScaler(True,False);maxAbsScaler();adaBoost(decisionTree('gini',9,5,0.131313347183873,5,'None'),80,0.2419705886154548,'SAMME')	0.950288346878375	5.966701030731201
robustScaler(False,True);varianceThreshold();adaBoost(decisionTree('gini',9,5,0.131313347183873,5,'None'),80,0.2419705886154548,'SAMME')	0.9507015700188708	cached
varianceThreshold();adaBoost(decisionTree('entropy',28,12,0.2823422417705822,10,'None'),80,0.2419705886154548,'SAMME')	0.9500168250110681	cached
robustScaler(False,True);varianceThreshold();adaBoost(decisionTree('gini',9,5,0.131313347183873,5,'None'),80,0.2419705886154548,'SAMME')	0.9507015700188708	cached
varianceThreshold();adaBoost(decisionTree('gini',9,17,0.131313347183873,10,'None'),80,0.2419705886154548,'SAMME')	0.9475142558980167	6.08531379699707
robustScaler(False,False);varianceThreshold();adaBoost(decisionTree('gini',9,5,0.131313347183873,5,'None'),80,0.2419705886154548,'SAMME')	0.9511147931593665	cached
robustScaler(True,False);varianceThreshold();adaBoost(decisionTree('gini',9,5,0.131313347183873,5,'None'),80,0.33674340719252865,'SAMME')	0.9463146476465042	6.830048561096191
robustScaler(True,True);varianceThreshold();adaBoost(decisionTree('gini',9,5,0.131313347183873,5,'None'),80,0.2419705886154548,'SAMME')	0.9507015700188708	8.915826797485352
varianceThreshold();adaBoost(decisionTree('entropy',28,12,0.2823422417705822,10,'None'),80,0.2419705886154548,'SAMME')	0.9500168250110681	cached
varianceThreshold();adaBoost(decisionTree('entropy',28,12,0.2823422417705822,10,'balanced'),80,0.2419705886154548,'SAMME')	0.9501560870907422	cached
robustScaler(True,False);varianceThreshold();adaBoost(decisionTree('gini',9,5,0.131313347183873,5,'None'),80,0.2419705886154548,'SAMME')	0.9507015700188708	cached
robustScaler(False,True);varianceThreshold();adaBoost(decisionTree('gini',9,5,0.131313347183873,5,'None'),80,0.2419705886154548,'SAMME')	0.9507015700188708	cached
varianceThreshold();adaBoost(decisionTree('entropy',28,12,0.2823422417705822,10,'balanced'),92,0.33674340719252865,'SAMME')	0.9517026547981748	cached
robustScaler(False,True);varianceThreshold();adaBoost(decisionTree('gini',9,5,0.131313347183873,5,'None'),80,0.2419705886154548,'SAMME')	0.9507015700188708	cached
robustScaler(True,True);varianceThreshold();adaBoost(decisionTree('gini',9,5,0.131313347183873,5,'None'),80,0.2419705886154548,'SAMME')	0.9507015700188708	9.140045881271362
robustScaler(True,False);varianceThreshold();adaBoost(decisionTree('gini',9,5,0.131313347183873,5,'None'),80,0.2419705886154548,'SAMME')	0.9507015700188708	cached
fastICA(35,'parallel','unit-variance','cube');varianceThreshold();adaBoost(decisionTree('gini',9,5,0.131313347183873,5,'None'),80,0.2419705886154548,'SAMME')	0.9339613221864731	15.657287359237671
robustScaler(True,False);varianceThreshold();adaBoost(decisionTree('gini',9,5,0.131313347183873,5,'None'),80,0.2419705886154548,'SAMME')	0.9507015700188708	cached
varianceThreshold();adaBoost(decisionTree('entropy',28,12,0.2823422417705822,10,'balanced'),92,0.33674340719252865,'SAMME')	0.9517026547981748	cached
robustScaler(True,True);varianceThreshold();adaBoost(decisionTree('gini',9,5,0.131313347183873,5,'None'),80,0.2419705886154548,'SAMME')	0.9507015700188708	cached
selectFwe(0.031848281853294975);selectPercentile(63.85732916950171);maxAbsScaler();selectFwe(0.02948538018893834);minMaxScaler();varianceThreshold();adaBoost(decisionTree('gini',9,5,0.131313347183873,5,'None'),80,0.2419705886154548,'SAMME')	invalid_ind (duplicated operator)	invalid_ind (duplicated operator)
robustScaler(True,False);varianceThreshold();adaBoost(decisionTree('entropy',28,5,0.2823422417705822,5,'balanced'),92,0.33674340719252865,'SAMME')	0.9467419970238933	14.838039636611938
robustScaler(True,False);varianceThreshold();adaBoost(decisionTree('gini',9,5,0.131313347183873,5,'None'),80,0.2419705886154548,'SAMME')	0.9507015700188708	cached
robustScaler(True,False);varianceThreshold();adaBoost(decisionTree('gini',9,5,0.131313347183873,5,'None'),80,0.2419705886154548,'SAMME')	0.9507015700188708	cached
robustScaler(False,True);varianceThreshold();adaBoost(decisionTree('gini',9,5,0.131313347183873,5,'None'),52,0.2419705886154548,'SAMME')	0.9505369039450965	6.887563228607178
robustScaler(True,False);varianceThreshold();adaBoost(decisionTree('gini',9,5,0.131313347183873,5,'None'),80,0.2419705886154548,'SAMME')	0.9507015700188708	cached
robustScaler(True,True);varianceThreshold();adaBoost(decisionTree('gini',9,5,0.131313347183873,5,'None'),80,0.2419705886154548,'SAMME')	0.9507015700188708	cached
varianceThreshold();adaBoost(decisionTree('gini',28,12,0.2823422417705822,10,'balanced'),37,0.2419705886154548,'SAMME')	0.945128369223412	7.534783124923706
robustScaler(False,True);varianceThreshold();adaBoost(decisionTree('entropy',26,6,0.644019856807281,14,'None'),80,0.2419705886154548,'SAMME')	0.9450898290365843	19.960816621780396
robustScaler(True,False);selectFwe(0.011606368578250254);adaBoost(decisionTree('gini',9,5,0.131313347183873,5,'None'),80,0.2419705886154548,'SAMME')	0.9439801738449075	5.907221794128418
robustScaler(False,True);varianceThreshold();adaBoost(decisionTree('entropy',28,5,0.2823422417705822,5,'balanced'),92,0.33674340719252865,'SAMME')	0.9467419970238933	9.869751214981079
robustScaler(False,False);varianceThreshold();adaBoost(decisionTree('gini',9,5,0.9039376864685943,5,'None'),80,0.2419705886154548,'SAMME')	0.9491537467977817	13.88190746307373
robustScaler(True,True);varianceThreshold();adaBoost(decisionTree('gini',9,5,0.131313347183873,5,'None'),80,0.2419705886154548,'SAMME')	0.9507015700188708	cached
varianceThreshold();adaBoost(decisionTree('gini',9,12,0.131313347183873,10,'None'),80,0.2419705886154548,'SAMME')	0.9475142558980167	4.110039234161377
varianceThreshold();adaBoost(decisionTree('gini',9,12,0.131313347183873,19,'None'),80,0.2419705886154548,'SAMME')	0.9456318827270327	cached
robustScaler(True,True);varianceThreshold();adaBoost(decisionTree('gini',9,5,0.131313347183873,5,'None'),80,0.2419705886154548,'SAMME')	0.9507015700188708	cached
robustScaler(False,True);varianceThreshold();adaBoost(decisionTree('gini',9,5,0.131313347183873,5,'None'),80,0.2419705886154548,'SAMME')	0.9507015700188708	cached
robustScaler(True,True);varianceThreshold();adaBoost(decisionTree('gini',9,5,0.131313347183873,5,'None'),80,0.2419705886154548,'SAMME')	0.9507015700188708	cached
robustScaler(True,False);varianceThreshold();adaBoost(decisionTree('gini',9,5,0.131313347183873,5,'None'),80,0.2419705886154548,'SAMME')	0.9507015700188708	4.917801141738892
robustScaler(True,False);varianceThreshold();adaBoost(decisionTree('gini',9,5,0.131313347183873,5,'None'),80,0.2419705886154548,'SAMME')	0.9507015700188708	cached
varianceThreshold();adaBoost(decisionTree('entropy',28,12,0.2823422417705822,10,'balanced'),80,0.2419705886154548,'SAMME')	0.9501560870907422	cached
robustScaler(False,True);varianceThreshold();adaBoost(decisionTree('gini',9,5,0.131313347183873,5,'None'),80,0.2419705886154548,'SAMME')	0.9507015700188708	cached
robustScaler(False,True);varianceThreshold();adaBoost(decisionTree('entropy',24,5,0.131313347183873,5,'None'),65,0.33674340719252865,'SAMME')	0.9469742541296977	7.86047625541687
robustScaler(True,False);maxAbsScaler();adaBoost(decisionTree('gini',12,12,0.6155574366347354,12,'None'),80,0.2419705886154548,'SAMME')	0.9457554975866662	12.795198202133179
robustScaler(False,False);varianceThreshold();adaBoost(decisionTree('gini',9,5,0.9039376864685943,5,'None'),80,0.2419705886154548,'SAMME')	0.9491537467977817	cached
robustScaler(False,True);varianceThreshold();adaBoost(decisionTree('gini',9,5,0.131313347183873,5,'None'),80,0.2419705886154548,'SAMME')	0.9507015700188708	cached
robustScaler(False,True);varianceThreshold();adaBoost(decisionTree('gini',9,5,0.131313347183873,5,'None'),80,0.2419705886154548,'SAMME')	0.9507015700188708	cached
robustScaler(True,True);varianceThreshold();adaBoost(decisionTree('gini',9,5,0.131313347183873,5,'None'),80,0.2419705886154548,'SAMME')	0.9507015700188708	cached
adaBoost(decisionTree('entropy',28,3,0.2823422417705822,11,'None'),80,0.2419705886154548,'SAMME')	0.9512318150131304	cached
robustScaler(False,True);varianceThreshold();adaBoost(decisionTree('gini',9,5,0.131313347183873,5,'None'),80,0.2419705886154548,'SAMME')	0.9507015700188708	cached
robustScaler(False,True);varianceThreshold();adaBoost(decisionTree('gini',9,5,0.131313347183873,5,'None'),80,0.2419705886154548,'SAMME')	0.9507015700188708	cached
robustScaler(False,True);varianceThreshold();adaBoost(decisionTree('gini',9,5,0.131313347183873,5,'None'),80,0.2419705886154548,'SAMME')	0.9507015700188708	cached
robustScaler(True,False);varianceThreshold();adaBoost(decisionTree('gini',9,5,0.131313347183873,5,'None'),80,0.2419705886154548,'SAMME')	0.9507015700188708	cached
robustScaler(True,False);varianceThreshold();adaBoost(decisionTree('gini',9,5,0.131313347183873,5,'None'),80,0.2419705886154548,'SAMME')	0.9507015700188708	cached
adaBoost(decisionTree('entropy',28,3,0.2823422417705822,11,'None'),80,0.2419705886154548,'SAMME')	0.9512318150131304	cached
robustScaler(True,False);varianceThreshold();adaBoost(decisionTree('gini',9,5,0.131313347183873,5,'None'),80,0.2419705886154548,'SAMME')	0.9507015700188708	cached
varianceThreshold();adaBoost(decisionTree('entropy',28,12,0.2823422417705822,10,'None'),80,0.2419705886154548,'SAMME')	0.9500168250110681	cached
robustScaler(True,False);varianceThreshold();adaBoost(decisionTree('gini',9,5,0.131313347183873,5,'None'),80,0.2419705886154548,'SAMME')	0.9507015700188708	cached
robustScaler(False,True);varianceThreshold();adaBoost(decisionTree('gini',9,5,0.131313347183873,5,'None'),80,0.2419705886154548,'SAMME')	0.9507015700188708	cached
varianceThreshold();adaBoost(decisionTree('gini',14,7,0.7896897409752357,1,'None'),63,1.8120269381974696,'SAMME')	0.9350819178320681	14.36827826499939
robustScaler(True,True);varianceThreshold();adaBoost(decisionTree('gini',9,5,0.131313347183873,5,'None'),80,0.2419705886154548,'SAMME')	0.9507015700188708	cached
varianceThreshold();adaBoost(decisionTree('gini',9,17,0.131313347183873,10,'None'),80,0.2419705886154548,'SAMME')	0.9475142558980167	cached
robustScaler(True,False);varianceThreshold();adaBoost(decisionTree('gini',9,5,0.131313347183873,5,'None'),80,0.2419705886154548,'SAMME')	0.9507015700188708	cached
adaBoost(decisionTree('gini',14,2,0.8511494332795405,2,'balanced'),80,0.2419705886154548,'SAMME')	0.9439896871642619	15.269253492355347
varianceThreshold();adaBoost(decisionTree('gini',28,12,0.2823422417705822,10,'None'),80,0.2419705886154548,'SAMME')	0.9480848275317421	10.758396863937378
robustScaler(True,True);varianceThreshold();adaBoost(decisionTree('gini',9,5,0.504151452822573,19,'None'),80,0.2419705886154548,'SAMME')	0.9468888421536029	12.273770093917847
robustScaler(True,False);varianceThreshold();adaBoost(decisionTree('gini',9,5,0.131313347183873,5,'None'),80,0.2419705886154548,'SAMME')	0.9507015700188708	cached
robustScaler(True,False);varianceThreshold();adaBoost(decisionTree('gini',9,5,0.131313347183873,5,'None'),80,0.33674340719252865,'SAMME')	0.9463146476465042	6.785287380218506
robustScaler(True,True);varianceThreshold();adaBoost(decisionTree('entropy',9,5,0.131313347183873,5,'None'),80,0.2419705886154548,'SAMME')	0.9434379265187663	7.990108013153076
robustScaler(False,True);varianceThreshold();adaBoost(decisionTree('entropy',28,5,0.131313347183873,5,'None'),80,0.2419705886154548,'SAMME')	0.9463085137458179	8.688114404678345
robustScaler(False,True);varianceThreshold();adaBoost(decisionTree('entropy',28,5,0.2823422417705822,10,'balanced'),92,0.33674340719252865,'SAMME')	0.9517026547981748	12.193843126296997
robustScaler(False,True);varianceThreshold();adaBoost(decisionTree('gini',9,5,0.131313347183873,8,'None'),80,1.0608644844245063,'SAMME')	0.9364423756482886	6.722453832626343
varianceThreshold();adaBoost(decisionTree('gini',9,12,0.131313347183873,5,'None'),80,0.2419705886154548,'SAMME')	0.9515036023499281	4.531242609024048
varianceThreshold();adaBoost(decisionTree('entropy',28,12,0.2823422417705822,10,'balanced'),92,0.2419705886154548,'SAMME')	0.9482326627056172	10.535386562347412
robustScaler(False,True);varianceThreshold();adaBoost(decisionTree('gini',9,5,0.131313347183873,5,'None'),80,0.2419705886154548,'SAMME')	0.9507015700188708	cached
robustScaler(False,True);varianceThreshold();adaBoost(decisionTree('gini',9,5,0.131313347183873,5,'None'),80,0.2419705886154548,'SAMME')	0.9507015700188708	cached
robustScaler(False,True);varianceThreshold();adaBoost(decisionTree('gini',9,5,0.131313347183873,5,'None'),80,0.2419705886154548,'SAMME')	0.9507015700188708	cached
robustScaler(True,False);varianceThreshold();adaBoost(decisionTree('gini',9,5,0.131313347183873,5,'None'),80,0.2419705886154548,'SAMME')	0.9507015700188708	cached
robustScaler(True,False);varianceThreshold();adaBoost(decisionTree('gini',9,5,0.131313347183873,5,'None'),80,0.2419705886154548,'SAMME')	0.9507015700188708	cached
robustScaler(False,True);varianceThreshold();adaBoost(decisionTree('gini',9,5,0.131313347183873,5,'None'),80,0.2419705886154548,'SAMME')	0.9507015700188708	cached
pca(0.5502760756866036,True);nystroem('rbf',0.7460270036820227,22,4,0.19921568295439096);varianceThreshold();minMaxScaler();varianceThreshold();adaBoost(decisionTree('gini',9,5,0.131313347183873,5,'None'),80,0.2419705886154548,'SAMME')	invalid_ind (duplicated operator)	invalid_ind (duplicated operator)
robustScaler(False,True);varianceThreshold();adaBoost(decisionTree('gini',9,5,0.131313347183873,5,'None'),80,0.2419705886154548,'SAMME')	0.9507015700188708	cached
adaBoost(decisionTree('entropy',28,3,0.2823422417705822,11,'None'),37,0.2419705886154548,'SAMME')	0.9455017966634237	4.352127552032471
robustScaler(True,False);varianceThreshold();adaBoost(decisionTree('gini',9,5,0.131313347183873,5,'None'),80,0.2419705886154548,'SAMME')	0.9507015700188708	cached
adaBoost(decisionTree('entropy',28,3,0.2823422417705822,11,'None'),80,0.2419705886154548,'SAMME')	0.9512318150131304	cached
adaBoost(decisionTree('entropy',28,3,0.2823422417705822,11,'None'),80,0.2419705886154548,'SAMME')	0.9512318150131304	cached
varianceThreshold();adaBoost(decisionTree('gini',28,12,0.2823422417705822,10,'None'),80,0.2419705886154548,'SAMME')	0.9480848275317421	6.7013726234436035
robustScaler(False,True);varianceThreshold();adaBoost(decisionTree('gini',9,5,0.27003067183175333,13,'None'),80,0.2419705886154548,'SAMME')	0.9475901525918136	7.050498962402344
robustScaler(True,False);varianceThreshold();adaBoost(decisionTree('gini',9,5,0.131313347183873,5,'None'),80,0.2419705886154548,'SAMME')	0.9507015700188708	cached
varianceThreshold();adaBoost(decisionTree('gini',22,3,0.23254482138803656,20,'None'),82,0.24885175946678365,'SAMME')	0.9483622178302443	7.791925668716431
adaBoost(decisionTree('entropy',28,3,0.2823422417705822,11,'balanced'),92,0.33674340719252865,'SAMME')	0.9477387123403636	11.332131147384644
varianceThreshold();adaBoost(decisionTree('gini',9,12,0.131313347183873,5,'None'),80,0.2419705886154548,'SAMME')	0.9515036023499281	5.806211709976196
robustScaler(True,False);varianceThreshold();adaBoost(decisionTree('entropy',9,5,0.131313347183873,5,'balanced'),92,0.33674340719252865,'SAMME')	0.948476582877071	5.918120861053467
robustScaler(True,False);varianceThreshold();adaBoost(decisionTree('gini',9,5,0.131313347183873,5,'None'),80,0.2419705886154548,'SAMME')	0.9507015700188708	cached
robustScaler(True,True);varianceThreshold();adaBoost(decisionTree('gini',9,5,0.131313347183873,5,'None'),80,0.2419705886154548,'SAMME')	0.9507015700188708	cached
robustScaler(True,True);varianceThreshold();adaBoost(decisionTree('gini',9,5,0.131313347183873,5,'None'),80,0.2419705886154548,'SAMME')	0.9507015700188708	cached
robustScaler(False,True);varianceThreshold();adaBoost(decisionTree('gini',9,5,0.131313347183873,5,'None'),52,0.2419705886154548,'SAMME')	0.9505369039450965	cached
varianceThreshold();adaBoost(decisionTree('entropy',28,12,0.2823422417705822,5,'balanced'),80,0.2419705886154548,'SAMME')	0.9479458309215587	11.865480422973633
adaBoost(decisionTree('gini',9,3,0.2823422417705822,11,'None'),80,0.2419705886154548,'SAMME')	0.9472820706260101	10.902472734451294
robustScaler(True,False);varianceThreshold();adaBoost(decisionTree('gini',9,5,0.131313347183873,5,'None'),80,0.2419705886154548,'SAMME')	0.9507015700188708	8.256988525390625
varianceThreshold();adaBoost(decisionTree('entropy',19,14,0.17425523281443123,10,'balanced'),54,1.6604994489573424,'SAMME')	0.9297614997494842	6.235107660293579
varianceThreshold();adaBoost(decisionTree('gini',9,12,0.131313347183873,19,'None'),80,0.2419705886154548,'SAMME')	0.9456318827270327	cached
varianceThreshold();adaBoost(decisionTree('entropy',28,12,0.2823422417705822,10,'None'),80,0.2419705886154548,'SAMME')	0.9500168250110681	13.37326192855835
robustScaler(False,True);varianceThreshold();adaBoost(decisionTree('entropy',28,5,0.2823422417705822,10,'balanced'),92,0.33674340719252865,'SAMME')	0.9517026547981748	cached
robustScaler(True,False);varianceThreshold();adaBoost(decisionTree('gini',9,5,0.131313347183873,5,'None'),80,0.2419705886154548,'SAMME')	0.9507015700188708	cached
adaBoost(decisionTree('entropy',28,3,0.2823422417705822,11,'None'),80,0.2419705886154548,'SAMME')	0.9512318150131304	cached
robustScaler(False,True);varianceThreshold();adaBoost(decisionTree('gini',9,5,0.131313347183873,5,'None'),80,0.2419705886154548,'SAMME')	0.9507015700188708	cached
varianceThreshold();adaBoost(decisionTree('gini',28,12,0.2823422417705822,10,'None'),80,0.2419705886154548,'SAMME')	0.9480848275317421	cached
robustScaler(False,True);varianceThreshold();adaBoost(decisionTree('gini',9,5,0.131313347183873,5,'None'),80,0.2419705886154548,'SAMME')	0.9507015700188708	cached
robustScaler(False,True);varianceThreshold();adaBoost(decisionTree('entropy',28,5,0.131313347183873,5,'None'),80,0.2419705886154548,'SAMME')	0.9463085137458179	8.659913539886475
robustScaler(True,True);varianceThreshold();adaBoost(decisionTree('gini',9,5,0.131313347183873,5,'None'),80,0.33674340719252865,'SAMME')	0.9463146476465042	6.984639883041382
robustScaler(True,False);varianceThreshold();adaBoost(decisionTree('gini',9,5,0.131313347183873,7,'None'),80,0.2419705886154548,'SAMME')	0.948773460882409	6.297471284866333
robustScaler(True,False);varianceThreshold();adaBoost(decisionTree('gini',9,5,0.9425044651581395,5,'None'),80,0.2419705886154548,'SAMME')	0.9463104938341491	15.900308609008789
robustScaler(True,True);varianceThreshold();adaBoost(decisionTree('gini',9,5,0.131313347183873,5,'None'),80,0.2419705886154548,'SAMME')	0.9507015700188708	cached
robustScaler(False,True);varianceThreshold();adaBoost(decisionTree('gini',9,5,0.131313347183873,5,'None'),80,0.2419705886154548,'SAMME')	0.9507015700188708	cached
robustScaler(True,True);varianceThreshold();adaBoost(decisionTree('gini',9,5,0.131313347183873,5,'None'),80,0.33674340719252865,'SAMME')	0.9463146476465042	cached
adaBoost(decisionTree('entropy',28,3,0.2823422417705822,11,'None'),80,0.2419705886154548,'SAMME')	0.9512318150131304	cached
adaBoost(decisionTree('entropy',28,3,0.2823422417705822,11,'None'),80,0.2419705886154548,'SAMME')	0.9512318150131304	cached
robustScaler(True,True);varianceThreshold();adaBoost(decisionTree('gini',9,5,0.131313347183873,5,'None'),80,0.2419705886154548,'SAMME')	0.9507015700188708	cached
adaBoost(decisionTree('entropy',28,3,0.2823422417705822,11,'None'),80,0.2419705886154548,'SAMME')	0.9512318150131304	cached
adaBoost(decisionTree('entropy',28,3,0.2823422417705822,11,'None'),80,0.2419705886154548,'SAMME')	0.9512318150131304	cached
robustScaler(False,True);varianceThreshold();adaBoost(decisionTree('gini',9,5,0.131313347183873,5,'None'),80,0.2419705886154548,'SAMME')	0.9507015700188708	cached
robustScaler(True,True);varianceThreshold();adaBoost(decisionTree('gini',9,5,0.131313347183873,5,'None'),80,0.2419705886154548,'SAMME')	0.9507015700188708	cached
robustScaler(False,True);varianceThreshold();adaBoost(decisionTree('gini',9,5,0.131313347183873,5,'None'),80,0.2419705886154548,'SAMME')	0.9507015700188708	cached
robustScaler(True,False);varianceThreshold();adaBoost(decisionTree('gini',9,5,0.131313347183873,5,'None'),80,0.2419705886154548,'SAMME')	0.9507015700188708	cached
robustScaler(False,True);varianceThreshold();adaBoost(decisionTree('gini',9,5,0.131313347183873,5,'None'),52,0.2419705886154548,'SAMME')	0.9505369039450965	5.1849400997161865
adaBoost(decisionTree('gini',23,16,0.5164744704366273,9,'balanced'),30,0.3092457464315649,'SAMME')	0.9418350675512961	5.901283502578735
robustScaler(True,True);varianceThreshold();adaBoost(decisionTree('gini',9,5,0.131313347183873,5,'None'),80,0.2419705886154548,'SAMME')	0.9507015700188708	6.0702290534973145
robustScaler(False,True);varianceThreshold();adaBoost(decisionTree('entropy',28,5,0.131313347183873,5,'None'),80,0.2419705886154548,'SAMME')	0.9463085137458179	7.4082324504852295
adaBoost(decisionTree('gini',9,3,0.2823422417705822,11,'None'),80,0.2419705886154548,'SAMME')	0.9472820706260101	9.428229570388794
robustScaler(False,True);varianceThreshold();adaBoost(decisionTree('gini',9,5,0.131313347183873,5,'None'),80,0.2419705886154548,'SAMME')	0.9507015700188708	7.942870378494263
robustScaler(True,False);varianceThreshold();adaBoost(decisionTree('gini',9,5,0.131313347183873,5,'None'),80,0.2419705886154548,'SAMME')	0.9507015700188708	cached
robustScaler(False,True);varianceThreshold();adaBoost(decisionTree('gini',9,5,0.131313347183873,5,'None'),80,0.2419705886154548,'SAMME')	0.9507015700188708	cached
robustScaler(True,False);varianceThreshold();adaBoost(decisionTree('gini',9,5,0.2823422417705822,5,'None'),80,0.2419705886154548,'SAMME')	0.9475489077419802	8.858129501342773
robustScaler(True,False);varianceThreshold();adaBoost(decisionTree('gini',9,5,0.131313347183873,5,'None'),80,0.2419705886154548,'SAMME')	0.9507015700188708	cached
adaBoost(decisionTree('entropy',28,3,0.2823422417705822,11,'None'),80,0.2419705886154548,'SAMME')	0.9512318150131304	cached
adaBoost(decisionTree('gini',9,3,0.2823422417705822,11,'None'),80,0.2419705886154548,'SAMME')	0.9472820706260101	9.222767353057861
robustScaler(False,True);varianceThreshold();adaBoost(decisionTree('entropy',28,5,0.2823422417705822,10,'balanced'),80,0.2419705886154548,'SAMME')	0.9501560870907422	13.241066932678223
robustScaler(False,True);varianceThreshold();adaBoost(decisionTree('entropy',28,5,0.131313347183873,5,'None'),80,0.2419705886154548,'SAMME')	0.9463085137458179	10.246690034866333
robustScaler(False,False);varianceThreshold();adaBoost(decisionTree('gini',9,5,0.131313347183873,5,'None'),80,0.2419705886154548,'SAMME')	0.9511147931593665	7.863822937011719
robustScaler(False,True);varianceThreshold();adaBoost(decisionTree('gini',9,5,0.131313347183873,5,'None'),80,0.2419705886154548,'SAMME')	0.9507015700188708	cached
adaBoost(decisionTree('entropy',28,3,0.2823422417705822,11,'None'),80,0.2419705886154548,'SAMME')	0.9512318150131304	cached
robustScaler(True,True);varianceThreshold();adaBoost(decisionTree('gini',9,5,0.131313347183873,5,'None'),80,0.2419705886154548,'SAMME')	0.9507015700188708	cached
adaBoost(decisionTree('entropy',28,3,0.2823422417705822,11,'None'),31,0.2419705886154548,'SAMME')	0.9430224578204485	6.806096076965332
varianceThreshold();adaBoost(decisionTree('entropy',28,12,0.2823422417705822,10,'None'),80,0.2419705886154548,'SAMME')	0.9500168250110681	cached
robustScaler(False,True);varianceThreshold();adaBoost(decisionTree('gini',9,5,0.131313347183873,5,'None'),92,0.33674340719252865,'SAMME')	0.9478311764275122	7.943797826766968
robustScaler(True,False);varianceThreshold();adaBoost(decisionTree('gini',7,13,0.7832087976390947,16,'balanced'),80,0.2419705886154548,'SAMME')	0.9404109788797076	11.156725645065308
robustScaler(True,False);varianceThreshold();adaBoost(decisionTree('gini',9,5,0.131313347183873,5,'None'),80,0.2419705886154548,'SAMME')	0.9507015700188708	cached
adaBoost(decisionTree('gini',9,3,0.131313347183873,11,'None'),80,0.2419705886154548,'SAMME')	0.9478211541839616	6.8127851486206055
robustScaler(True,False);varianceThreshold();adaBoost(decisionTree('gini',9,5,0.131313347183873,5,'None'),92,0.33674340719252865,'SAMME')	0.9478311764275122	8.856253147125244
robustScaler(False,True);varianceThreshold();adaBoost(decisionTree('entropy',28,5,0.2823422417705822,5,'None'),80,0.2419705886154548,'SAMME')	0.9471125261652062	9.052062511444092
robustScaler(False,True);varianceThreshold();adaBoost(decisionTree('entropy',28,5,0.2823422417705822,10,'balanced'),80,0.2419705886154548,'SAMME')	0.9501560870907422	9.282575368881226
robustScaler(False,False);varianceThreshold();adaBoost(decisionTree('gini',16,14,0.9551057176782279,7,'None'),80,0.2419705886154548,'SAMME')	0.9460826560101905	16.21740746498108
robustScaler(True,False);varianceThreshold();adaBoost(decisionTree('gini',9,5,0.131313347183873,5,'None'),80,0.2419705886154548,'SAMME')	0.9507015700188708	cached
adaBoost(decisionTree('entropy',28,3,0.2823422417705822,11,'None'),80,0.2419705886154548,'SAMME')	0.9512318150131304	cached
robustScaler(False,True);varianceThreshold();adaBoost(decisionTree('gini',28,5,0.2823422417705822,10,'None'),80,0.2419705886154548,'SAMME')	0.9480848275317421	9.306244134902954
robustScaler(False,True);varianceThreshold();adaBoost(decisionTree('entropy',28,5,0.2823422417705822,5,'None'),80,0.2419705886154548,'SAMME')	0.9471125261652062	11.649856328964233
adaBoost(decisionTree('entropy',28,3,0.2823422417705822,11,'balanced'),80,0.2419705886154548,'SAMME')	0.9462280519905508	13.142629384994507
adaBoost(decisionTree('gini',11,4,0.7425726634160211,17,'None'),80,0.2419705886154548,'SAMME')	0.9444258032715449	15.77987790107727
adaBoost(decisionTree('entropy',28,3,0.2823422417705822,11,'None'),80,0.2419705886154548,'SAMME')	0.9512318150131304	cached
varianceThreshold();adaBoost(decisionTree('gini',9,12,0.131313347183873,5,'None'),80,0.2419705886154548,'SAMME')	0.9515036023499281	cached
adaBoost(decisionTree('gini',27,18,0.8993064140387265,2,'None'),47,1.6087582819889055,'SAMME')	0.9356685977539613	15.940981149673462
adaBoost(decisionTree('entropy',28,3,0.2823422417705822,11,'None'),80,0.2419705886154548,'SAMME')	0.9512318150131304	cached
robustScaler(True,True);varianceThreshold();adaBoost(decisionTree('gini',9,5,0.131313347183873,5,'None'),80,0.2419705886154548,'SAMME')	0.9507015700188708	cached
robustScaler(False,True);varianceThreshold();adaBoost(decisionTree('gini',9,5,0.131313347183873,5,'None'),80,0.2419705886154548,'SAMME')	0.9507015700188708	cached
robustScaler(False,True);varianceThreshold();adaBoost(decisionTree('entropy',9,5,0.131313347183873,5,'balanced'),80,0.2419705886154548,'SAMME')	0.9443834225979219	8.187960386276245
robustScaler(True,False);varianceThreshold();adaBoost(decisionTree('gini',9,5,0.131313347183873,5,'None'),80,0.2419705886154548,'SAMME')	0.9507015700188708	cached
robustScaler(True,False);varianceThreshold();adaBoost(decisionTree('gini',9,5,0.131313347183873,5,'None'),80,0.2419705886154548,'SAMME')	0.9507015700188708	cached
pca(0.9444896347865201,False);varianceThreshold();adaBoost(decisionTree('gini',9,5,0.131313347183873,5,'None'),80,0.2419705886154548,'SAMME')	0.6668008694951754	8.000250816345215
robustScaler(True,True);varianceThreshold();adaBoost(decisionTree('entropy',24,5,0.504151452822573,19,'None'),65,0.33674340719252865,'SAMME')	0.9494706175082648	cached
varianceThreshold();adaBoost(decisionTree('entropy',28,12,0.2823422417705822,10,'balanced'),92,0.33674340719252865,'SAMME')	0.9517026547981748	cached
robustScaler(False,True);varianceThreshold();adaBoost(decisionTree('entropy',28,5,0.131313347183873,5,'None'),80,0.2419705886154548,'SAMME')	0.9463085137458179	9.666695356369019
robustScaler(True,False);varianceThreshold();adaBoost(decisionTree('entropy',9,5,0.131313347183873,5,'None'),80,0.2419705886154548,'SAMME')	0.9434379265187663	8.56525444984436
robustScaler(False,True);varianceThreshold();adaBoost(decisionTree('entropy',28,5,0.2823422417705822,10,'None'),80,0.2419705886154548,'SAMME')	0.9496036018705721	13.407539129257202
adaBoost(decisionTree('entropy',28,3,0.2823422417705822,10,'balanced'),92,0.33674340719252865,'SAMME')	0.9517026547981748	14.595876693725586
adaBoost(decisionTree('entropy',28,17,0.2823422417705822,11,'None'),80,0.2419705886154548,'SAMME')	0.9512318150131304	12.390596389770508
robustScaler(False,True);varianceThreshold();adaBoost(decisionTree('entropy',28,5,0.2823422417705822,10,'balanced'),80,0.2419705886154548,'SAMME')	0.9501560870907422	cached
adaBoost(decisionTree('gini',9,8,0.23722771980857227,11,'None'),80,0.2419705886154548,'SAMME')	0.9494359656643013	9.245176553726196
adaBoost(decisionTree('gini',28,3,0.2823422417705822,11,'None'),80,0.2419705886154548,'SAMME')	0.9440701489195288	9.849623203277588
varianceThreshold();adaBoost(decisionTree('entropy',28,12,0.2823422417705822,10,'balanced'),92,0.33674340719252865,'SAMME')	0.9517026547981748	cached
robustScaler(False,True);varianceThreshold();adaBoost(decisionTree('entropy',28,5,0.2823422417705822,10,'balanced'),80,0.2419705886154548,'SAMME')	0.9501560870907422	cached
robustScaler(False,True);varianceThreshold();adaBoost(decisionTree('gini',9,5,0.131313347183873,5,'None'),92,0.33674340719252865,'SAMME')	0.9478311764275122	cached
robustScaler(True,False);varianceThreshold();adaBoost(decisionTree('gini',9,5,0.131313347183873,5,'None'),92,0.33674340719252865,'SAMME')	0.9478311764275122	cached
robustScaler(False,True);varianceThreshold();adaBoost(decisionTree('gini',9,5,0.131313347183873,5,'None'),80,0.2419705886154548,'SAMME')	0.9507015700188708	cached
robustScaler(False,False);varianceThreshold();adaBoost(decisionTree('gini',9,5,0.131313347183873,5,'None'),80,0.2419705886154548,'SAMME')	0.9511147931593665	cached
adaBoost(decisionTree('gini',9,3,0.131313347183873,5,'None'),80,0.2419705886154548,'SAMME')	0.9511147931593665	7.826096534729004
varianceThreshold();adaBoost(decisionTree('entropy',28,12,0.2823422417705822,10,'balanced'),92,0.2419705886154548,'SAMME')	0.9482326627056172	14.844592332839966
varianceThreshold();adaBoost(decisionTree('entropy',28,12,0.2823422417705822,11,'None'),80,0.2419705886154548,'SAMME')	0.9512318150131304	12.745036125183105
robustScaler(True,True);varianceThreshold();gaussianNB(0.008511535006399557)	0.7488294015955004	3.1565937995910645
robustScaler(False,True);varianceThreshold();adaBoost(decisionTree('gini',9,5,0.2823422417705822,5,'None'),80,0.2419705886154548,'SAMME')	0.9475489077419802	9.242106676101685
adaBoost(decisionTree('entropy',28,3,0.2823422417705822,11,'None'),80,0.509296824745315,'SAMME')	0.9445734448097273	12.58116626739502
adaBoost(decisionTree('gini',7,13,0.20299325598560225,13,'balanced'),15,1.2950254428513273,'SAMME')	0.9340964562950754	2.6630325317382812
adaBoost(decisionTree('gini',9,3,0.131313347183873,11,'None'),80,0.2419705886154548,'SAMME')	0.9478211541839616	5.0630199909210205
logisticRegression('l2','saga',1000,0.9622644392457521,'balanced')	0.575205298162178	16.05403184890747
