pipeline	fitness	fit_time
maxAbsScaler();pca(0.7444043365463215,False);maxAbsScaler();varianceThreshold();maxAbsScaler();selectFwe(0.014150298781154145);qda(0.853943007184872)	invalid_ind (duplicated operator)	invalid_ind (duplicated operator)
varianceThreshold();selectPercentile(13.523139146780435);maxAbsScaler();bernoulliNB(2.1620983813503516,True)	0.6665224920007529	2.4601736068725586
kNN(1,'uniform',2)	0.8973504046677961	3.336573600769043
nystroem('cosine',1.0430271987927875,27,4,0.997367136385104);maxAbsScaler();maxAbsScaler();maxAbsScaler();fastICA(59,'parallel','arbitrary-variance','cube');kNN(9,'distance',2)	invalid_ind (duplicated operator)	invalid_ind (duplicated operator)
kNN(11,'uniform',2)	0.8800900997553172	3.75710129737854
pca(0.9797696201249317,False);selectFwe(0.04794462400370385);fastICA(60,'parallel','unit-variance','logcosh');selectFwe(0.03130884067310971);kNN(10,'uniform',1)	invalid_ind (duplicated operator)	invalid_ind (duplicated operator)
minMaxScaler();varianceThreshold();nystroem('rbf',2.8895609644236675,70,2,0.44703655996625935);adaBoost(decisionTree('entropy',30,17,0.836005573572394,10,'None'),39,0.19747663730920903,'SAMME')	0.1	4.935655355453491
varianceThreshold();maxAbsScaler();robustScaler(True,True);fastICA(34,'parallel','unit-variance','exp');maxAbsScaler();nystroem('poly',1.636350974258943,13,5,0.7636350354068464);varianceThreshold();bernoulliNB(25.00796952126551,False)	invalid_ind (duplicated operator)	invalid_ind (duplicated operator)
varianceThreshold();fastICA(80,'parallel','unit-variance','logcosh');maxAbsScaler();maxAbsScaler();pca(0.8051269959643266,False);qda(0.8713710182669668)	invalid_ind (duplicated operator)	invalid_ind (duplicated operator)
maxAbsScaler();selectFwe(0.017915467040969437);selectFwe(0.04857105558504968);minMaxScaler();nystroem('cosine',3.612332936527493,79,2,-0.903311741357937);minMaxScaler();maxAbsScaler();bernoulliNB(11.150363387439373,False)	invalid_ind (duplicated operator)	invalid_ind (duplicated operator)
randomForest(23,'gini','None',16,15,False,'None')	0.6731326369282892	5.691549301147461
fastICA(80,'deflation','arbitrary-variance','cube');maxAbsScaler();selectPercentile(83.3799453376464);maxAbsScaler();minMaxScaler();bernoulliNB(2.741451119704649,False)	invalid_ind (duplicated operator)	invalid_ind (duplicated operator)
varianceThreshold();selectPercentile(83.92932750754994);qda(0.5505997883745034)	eval_error (The covariance matrix of class 0 is not full rank. When using `solver='svd'` the number of samples in each class should be more than the number of features, but class 0 has 85 samples and 215 features. Try using `solver='eigen'` and setting the parameter `shrinkage` for regularization.)	eval_error (The covariance matrix of class 0 is not full rank. When using `solver='svd'` the number of samples in each class should be more than the number of features, but class 0 has 85 samples and 215 features. Try using `solver='eigen'` and setting the parameter `shrinkage` for regularization.)
varianceThreshold();maxAbsScaler();minMaxScaler();maxAbsScaler();minMaxScaler();varianceThreshold();extraTreesClassifier(93,'entropy','sqrt',19,11,False,'None')	invalid_ind (duplicated operator)	invalid_ind (duplicated operator)
varianceThreshold();robustScaler(False,False);pca(0.6878132207637606,False);minMaxScaler();selectFwe(0.012429958422472279);minMaxScaler();decisionTree('entropy',19,14,0.5239835411813897,8,'balanced')	invalid_ind (duplicated operator)	invalid_ind (duplicated operator)
selectPercentile(70.29140150695602);robustScaler(True,True);fastICA(30,'deflation','unit-variance','logcosh');robustScaler(True,False);pca(0.7789217756933196,False);maxAbsScaler();logisticRegression('l1','saga',1000,2.181224406521431,'None')	invalid_ind (duplicated operator)	invalid_ind (duplicated operator)
varianceThreshold();bernoulliNB(14.729175296293572,True)	0.8371217203086768	3.615854501724243
varianceThreshold();varianceThreshold();gaussianNB(0.004561456779964369)	invalid_ind (duplicated operator)	invalid_ind (duplicated operator)
minMaxScaler();selectFwe(0.026567377838832073);minMaxScaler();extraTreesClassifier(83,'gini','log2',15,20,True,'None')	invalid_ind (duplicated operator)	invalid_ind (duplicated operator)
varianceThreshold();maxAbsScaler();pca(0.9862611172454252,True);minMaxScaler();varianceThreshold();robustScaler(False,True);decisionTree('entropy',14,5,0.5053767165880478,8,'None')	invalid_ind (duplicated operator)	invalid_ind (duplicated operator)
robustScaler(True,True);kNN(2,'uniform',1)	0.8537077169207604	4.639103174209595
minMaxScaler();minMaxScaler();pca(0.6061488435853455,False);pca(0.8512515473204645,False);adaBoost(decisionTree('gini',21,19,0.9169715656822659,3,'None'),90,0.38765645026086604,'SAMME')	invalid_ind (duplicated operator)	invalid_ind (duplicated operator)
multinomialNB(3.080566357882891,True)	0.8453437605872388	7.186224937438965
maxAbsScaler();pca(0.7553587729148059,False);varianceThreshold();maxAbsScaler();fastICA(64,'parallel','unit-variance','logcosh');mlpClassifier((91, 7),0.07322284167260698,0.20917883329237077,'adam','identity')	invalid_ind (duplicated operator)	invalid_ind (duplicated operator)
randomForest(69,'gini','log2',4,9,False,'balanced_subsample')	0.8960194616977226	10.928256750106812
robustScaler(True,False);pca(0.577675494583219,True);selectFwe(0.004433434348235422);fastICA(19,'deflation','unit-variance','exp');fastICA(4,'deflation','unit-variance','cube');varianceThreshold();randomForest(55,'entropy',0.6485318394888302,6,4,False,'balanced')	invalid_ind (duplicated operator)	invalid_ind (duplicated operator)
nystroem('poly',3.1719914632542565,22,2,-0.19415663267329997);varianceThreshold();minMaxScaler();maxAbsScaler();adaBoost(decisionTree('entropy',16,10,0.5134412166930334,6,'None'),36,1.9111547321302806,'SAMME')	0.7946333521550912	29.022765636444092
minMaxScaler();maxAbsScaler();kNN(3,'distance',1)	0.9052197063805758	8.323172092437744
varianceThreshold();maxAbsScaler();minMaxScaler();varianceThreshold();pca(0.8372724127499088,False);adaBoost(decisionTree('entropy',4,14,0.01824293705279667,4,'None'),55,0.8474705316254194,'SAMME')	invalid_ind (duplicated operator)	invalid_ind (duplicated operator)
selectPercentile(19.607198242253464);selectPercentile(16.154445984138384);selectFwe(0.026063302936226426);maxAbsScaler();adaBoost(decisionTree('entropy',17,15,0.5747328526438223,11,'balanced'),82,0.01869762844210748,'SAMME')	invalid_ind (duplicated operator)	invalid_ind (duplicated operator)
pca(0.9327789797556615,False);fastICA(88,'parallel','unit-variance','cube');selectPercentile(30.651032930779156);nystroem('cosine',2.5300884533946255,39,4,0.10260084685970172);minMaxScaler();logisticRegression('l1','sag',1000,0.8875305659718458,'None')	eval_error (Solver sag supports only 'l2' or None penalties, got l1 penalty.)	eval_error (Solver sag supports only 'l2' or None penalties, got l1 penalty.)
selectFwe(0.0015382798768397298);pca(0.7109527512982751,True);selectFwe(0.021257819713225292);decisionTree('entropy',7,20,0.7585504020651886,16,'None')	invalid_ind (duplicated operator)	invalid_ind (duplicated operator)
varianceThreshold();maxAbsScaler();varianceThreshold();maxAbsScaler();adaBoost(decisionTree('gini',19,9,0.04717086416499705,8,'balanced'),89,1.6958996055481452,'SAMME')	invalid_ind (duplicated operator)	invalid_ind (duplicated operator)
fastICA(93,'deflation','arbitrary-variance','logcosh');extraTreesClassifier(73,'gini','log2',10,11,True,'balanced_subsample')	eval_timeout_error	eval_timeout_error
minMaxScaler();maxAbsScaler();nystroem('poly',2.9052982609008846,40,5,0.7701512589223529);minMaxScaler();lda(0.40579673259262883,167,0.08931558179033042)	invalid_ind (duplicated operator)	invalid_ind (duplicated operator)
nystroem('cosine',0.05784056402101239,53,5,0.6755675022784686);randomForest(94,'gini',0.7143067956693883,9,6,False,'None')	0.7399059664972709	91.52435755729675
selectPercentile(74.52506113033547);fastICA(94,'parallel','unit-variance','logcosh');robustScaler(False,True);minMaxScaler();randomForest(96,'entropy',0.8245326211057018,17,18,True,'balanced_subsample')	eval_timeout_error	eval_timeout_error
lda(0.968375215281766,145,0.07800645740759034)	eval_error (n_components cannot be larger than min(n_features, n_classes - 1).)	eval_error (n_components cannot be larger than min(n_features, n_classes - 1).)
robustScaler(False,True);maxAbsScaler();mlpClassifier((60, 19),0.05140653258230293,0.897258844864606,'lbfgs','relu')	0.9198222284961416	201.2602117061615
varianceThreshold();minMaxScaler();bernoulliNB(15.385814491801957,True)	0.8362126293995861	4.52545690536499
kNN(11,'uniform',2)	0.8800900997553172	cached
minMaxScaler();varianceThreshold();nystroem('rbf',2.8895609644236675,70,2,0.44703655996625935);adaBoost(decisionTree('entropy',30,17,0.836005573572394,10,'None'),39,0.19747663730920903,'SAMME')	0.1	cached
varianceThreshold();robustScaler(False,False);pca(0.6878132207637606,False);minMaxScaler();selectFwe(0.012429958422472279);minMaxScaler();decisionTree('gini',19,14,0.5239835411813897,8,'balanced')	invalid_ind (duplicated operator)	invalid_ind (duplicated operator)
varianceThreshold();maxAbsScaler();varianceThreshold();maxAbsScaler();adaBoost(decisionTree('entropy',19,9,0.04717086416499705,8,'balanced'),89,1.6958996055481452,'SAMME')	invalid_ind (duplicated operator)	invalid_ind (duplicated operator)
varianceThreshold();maxAbsScaler();robustScaler(True,True);fastICA(34,'parallel','unit-variance','exp');maxAbsScaler();nystroem('poly',1.636350974258943,13,5,0.7636350354068464);varianceThreshold();bernoulliNB(14.729175296293572,False)	invalid_ind (duplicated operator)	invalid_ind (duplicated operator)
varianceThreshold();maxAbsScaler();pca(0.9862611172454252,True);minMaxScaler();varianceThreshold();maxAbsScaler();decisionTree('entropy',14,5,0.5053767165880478,8,'None')	invalid_ind (duplicated operator)	invalid_ind (duplicated operator)
varianceThreshold();robustScaler(False,True);minMaxScaler();maxAbsScaler();minMaxScaler();varianceThreshold();extraTreesClassifier(93,'entropy','sqrt',19,11,False,'None')	invalid_ind (duplicated operator)	invalid_ind (duplicated operator)
pca(0.9797696201249317,False);selectFwe(0.04794462400370385);fastICA(94,'parallel','unit-variance','logcosh');selectFwe(0.03130884067310971);kNN(10,'uniform',1)	invalid_ind (duplicated operator)	invalid_ind (duplicated operator)
multinomialNB(3.080566357882891,True)	0.8453437605872388	cached
varianceThreshold();maxAbsScaler();varianceThreshold();maxAbsScaler();adaBoost(decisionTree('gini',19,9,0.04717086416499705,8,'balanced'),89,1.6958996055481452,'SAMME')	invalid_ind (duplicated operator)	invalid_ind (duplicated operator)
varianceThreshold();fastICA(80,'parallel','unit-variance','logcosh');maxAbsScaler();maxAbsScaler();pca(0.8051269959643266,False);qda(0.8713710182669668)	invalid_ind (duplicated operator)	invalid_ind (duplicated operator)
varianceThreshold();maxAbsScaler();minMaxScaler();varianceThreshold();pca(0.8372724127499088,False);adaBoost(decisionTree('entropy',4,14,0.01824293705279667,4,'None'),55,0.8474705316254194,'SAMME')	invalid_ind (duplicated operator)	invalid_ind (duplicated operator)
lda(0.968375215281766,145,0.07800645740759034)	eval_error (n_components cannot be larger than min(n_features, n_classes - 1).)	eval_error (n_components cannot be larger than min(n_features, n_classes - 1).)
varianceThreshold();varianceThreshold();gaussianNB(0.004561456779964369)	invalid_ind (duplicated operator)	invalid_ind (duplicated operator)
varianceThreshold();bernoulliNB(25.00796952126551,True)	0.826842066629023	3.234971761703491
nystroem('cosine',1.0430271987927875,27,4,0.997367136385104);selectFwe(0.03390514558719705);maxAbsScaler();maxAbsScaler();fastICA(59,'parallel','arbitrary-variance','cube');kNN(9,'distance',2)	invalid_ind (duplicated operator)	invalid_ind (duplicated operator)
minMaxScaler();minMaxScaler();pca(0.6061488435853455,False);pca(0.8512515473204645,False);adaBoost(decisionTree('gini',21,19,0.9169715656822659,3,'None'),90,0.38765645026086604,'SAMME')	invalid_ind (duplicated operator)	invalid_ind (duplicated operator)
pca(0.9797696201249317,False);selectFwe(0.04794462400370385);fastICA(60,'parallel','unit-variance','logcosh');selectFwe(0.03130884067310971);kNN(10,'uniform',1)	invalid_ind (duplicated operator)	invalid_ind (duplicated operator)
kNN(11,'uniform',2)	0.8800900997553172	cached
maxAbsScaler();selectFwe(0.017915467040969437);selectFwe(0.04857105558504968);minMaxScaler();nystroem('cosine',3.612332936527493,79,2,-0.903311741357937);minMaxScaler();maxAbsScaler();randomForest(69,'gini','log2',4,9,False,'balanced_subsample')	invalid_ind (duplicated operator)	invalid_ind (duplicated operator)
varianceThreshold();minMaxScaler();bernoulliNB(14.729175296293572,True)	0.8371217203086768	5.356999635696411
lda(0.968375215281766,145,0.07800645740759034)	eval_error (n_components cannot be larger than min(n_features, n_classes - 1).)	eval_error (n_components cannot be larger than min(n_features, n_classes - 1).)
varianceThreshold();selectPercentile(13.523139146780435);maxAbsScaler();bernoulliNB(2.1620983813503516,True)	0.6665224920007529	cached
selectPercentile(19.607198242253464);selectPercentile(16.154445984138384);selectFwe(0.026063302936226426);maxAbsScaler();adaBoost(decisionTree('entropy',17,15,0.5747328526438223,11,'balanced'),82,0.01869762844210748,'SAMME')	invalid_ind (duplicated operator)	invalid_ind (duplicated operator)
robustScaler(True,False);pca(0.577675494583219,True);selectFwe(0.004433434348235422);fastICA(19,'deflation','unit-variance','exp');fastICA(4,'deflation','unit-variance','cube');varianceThreshold();randomForest(55,'entropy',0.6485318394888302,6,4,False,'balanced')	invalid_ind (duplicated operator)	invalid_ind (duplicated operator)
bernoulliNB(11.150363387439373,True)	0.8396612460003764	4.894632577896118
varianceThreshold();bernoulliNB(15.385814491801957,True)	0.8362126293995861	4.669479608535767
minMaxScaler();varianceThreshold();nystroem('rbf',2.8895609644236675,70,2,0.44703655996625935);bernoulliNB(2.1620983813503516,False)	0.542507528703181	4.985893249511719
minMaxScaler();varianceThreshold();nystroem('rbf',2.8895609644236675,70,2,-0.903311741357937);adaBoost(decisionTree('entropy',30,17,0.836005573572394,10,'None'),39,0.19747663730920903,'SAMME')	0.1	7.169368028640747
maxAbsScaler();minMaxScaler();minMaxScaler();minMaxScaler();bernoulliNB(11.150363387439373,False)	invalid_ind (duplicated operator)	invalid_ind (duplicated operator)
robustScaler(False,True);maxAbsScaler();mlpClassifier((60, 19),0.05140653258230293,0.897258844864606,'lbfgs','relu')	0.9198222284961416	cached
varianceThreshold();maxAbsScaler();minMaxScaler();varianceThreshold();pca(0.8372724127499088,False);adaBoost(decisionTree('entropy',4,14,0.01824293705279667,4,'None'),55,0.8474705316254194,'SAMME')	invalid_ind (duplicated operator)	invalid_ind (duplicated operator)
varianceThreshold();selectPercentile(13.523139146780435);maxAbsScaler();adaBoost(decisionTree('entropy',30,17,0.836005573572394,10,'None'),39,0.19747663730920903,'SAMME')	0.7027670054583097	6.483981132507324
minMaxScaler();maxAbsScaler();kNN(3,'uniform',1)	0.8920504423113119	5.504947900772095
fastICA(80,'deflation','arbitrary-variance','cube');maxAbsScaler();selectPercentile(83.3799453376464);maxAbsScaler();minMaxScaler();bernoulliNB(2.741451119704649,False)	invalid_ind (duplicated operator)	invalid_ind (duplicated operator)
pca(0.9327789797556615,False);fastICA(88,'parallel','unit-variance','cube');selectPercentile(30.651032930779156);nystroem('cosine',2.5300884533946255,39,4,0.10260084685970172);minMaxScaler();logisticRegression('l1','sag',1000,0.8875305659718458,'None')	eval_error (Solver sag supports only 'l2' or None penalties, got l1 penalty.)	eval_error (Solver sag supports only 'l2' or None penalties, got l1 penalty.)
varianceThreshold();maxAbsScaler();minMaxScaler();maxAbsScaler();minMaxScaler();varianceThreshold();extraTreesClassifier(93,'entropy','sqrt',19,11,False,'None')	invalid_ind (duplicated operator)	invalid_ind (duplicated operator)
nystroem('cosine',0.05784056402101239,53,5,0.6755675022784686);randomForest(94,'gini',0.7143067956693883,9,6,False,'None')	0.7399059664972709	34.26498031616211
selectFwe(0.0015382798768397298);pca(0.7109527512982751,True);selectFwe(0.021257819713225292);decisionTree('entropy',7,20,0.7585504020651886,16,'None')	invalid_ind (duplicated operator)	invalid_ind (duplicated operator)
selectPercentile(74.52506113033547);fastICA(60,'parallel','unit-variance','logcosh');robustScaler(False,True);minMaxScaler();randomForest(96,'entropy',0.8245326211057018,17,18,True,'balanced_subsample')	0.581570449840015	62.761874198913574
bernoulliNB(11.150363387439373,True)	0.8396612460003764	cached
varianceThreshold();maxAbsScaler();minMaxScaler();varianceThreshold();pca(0.8372724127499088,False);adaBoost(decisionTree('entropy',4,14,0.01824293705279667,4,'None'),55,0.8474705316254194,'SAMME')	invalid_ind (duplicated operator)	invalid_ind (duplicated operator)
varianceThreshold();maxAbsScaler();minMaxScaler();varianceThreshold();pca(0.8372724127499088,False);kNN(11,'uniform',2)	invalid_ind (duplicated operator)	invalid_ind (duplicated operator)
bernoulliNB(2.741451119704649,False)	0.8518734989648034	1.916304588317871
fastICA(80,'deflation','arbitrary-variance','cube');maxAbsScaler();selectPercentile(83.3799453376464);maxAbsScaler();minMaxScaler();lda(0.968375215281766,145,0.07800645740759034)	invalid_ind (duplicated operator)	invalid_ind (duplicated operator)
bernoulliNB(11.150363387439373,True)	0.8396612460003764	2.623239755630493
kNN(1,'uniform',2)	0.8973504046677961	3.047837257385254
pca(0.9797696201249317,False);selectFwe(0.04794462400370385);fastICA(60,'parallel','unit-variance','logcosh');selectFwe(0.03130884067310971);randomForest(69,'gini','log2',4,9,False,'balanced_subsample')	invalid_ind (duplicated operator)	invalid_ind (duplicated operator)
randomForest(69,'entropy','log2',4,9,False,'balanced_subsample')	0.9030678147939017	3.8723363876342773
adaBoost(decisionTree('entropy',4,14,0.01824293705279667,4,'None'),55,0.8474705316254194,'SAMME')	0.829397270845097	3.838108777999878
maxAbsScaler();fastICA(11,'parallel','arbitrary-variance','cube');minMaxScaler();minMaxScaler();bernoulliNB(11.150363387439373,True)	invalid_ind (duplicated operator)	invalid_ind (duplicated operator)
maxAbsScaler();minMaxScaler();minMaxScaler();minMaxScaler();bernoulliNB(10.32406708723849,False)	invalid_ind (duplicated operator)	invalid_ind (duplicated operator)
selectFwe(0.04794462400370385);pca(0.9797696201249317,True);selectFwe(0.021257819713225292);decisionTree('entropy',7,20,0.7585504020651886,16,'None')	invalid_ind (duplicated operator)	invalid_ind (duplicated operator)
pca(0.7109527512982751,False);selectFwe(0.0015382798768397298);fastICA(94,'parallel','unit-variance','logcosh');selectFwe(0.03130884067310971);kNN(10,'uniform',1)	invalid_ind (duplicated operator)	invalid_ind (duplicated operator)
minMaxScaler();maxAbsScaler();kNN(3,'distance',1)	0.9052197063805758	2.805253744125366
lda(0.968375215281766,145,0.07800645740759034)	eval_error (n_components cannot be larger than min(n_features, n_classes - 1).)	eval_error (n_components cannot be larger than min(n_features, n_classes - 1).)
varianceThreshold();maxAbsScaler();pca(0.9862611172454252,True);minMaxScaler();nystroem('cosine',3.612332936527493,79,2,-0.903311741357937);maxAbsScaler();decisionTree('entropy',14,5,0.5053767165880478,8,'None')	invalid_ind (duplicated operator)	invalid_ind (duplicated operator)
maxAbsScaler();selectFwe(0.017915467040969437);selectFwe(0.04857105558504968);minMaxScaler();varianceThreshold();minMaxScaler();maxAbsScaler();randomForest(69,'gini','log2',4,9,False,'balanced_subsample')	invalid_ind (duplicated operator)	invalid_ind (duplicated operator)
kNN(10,'uniform',1)	0.8840319217014869	2.612527847290039
nystroem('rbf',2.8895609644236675,70,2,0.44703655996625935);maxAbsScaler();kNN(3,'distance',1)	0.5894164502164502	4.270254850387573
minMaxScaler();varianceThreshold();minMaxScaler();adaBoost(decisionTree('entropy',30,17,0.836005573572394,10,'None'),39,0.19747663730920903,'SAMME')	invalid_ind (duplicated operator)	invalid_ind (duplicated operator)
pca(0.9797696201249317,False);selectFwe(0.04794462400370385);fastICA(94,'parallel','unit-variance','logcosh');selectFwe(0.03130884067310971);multinomialNB(3.080566357882891,True)	invalid_ind (duplicated operator)	invalid_ind (duplicated operator)
randomForest(69,'gini','log2',4,9,False,'balanced_subsample')	0.8960194616977226	6.462127447128296
selectFwe(0.0015382798768397298);pca(0.7109527512982751,True);selectFwe(0.021257819713225292);randomForest(69,'gini','log2',4,9,False,'balanced_subsample')	invalid_ind (duplicated operator)	invalid_ind (duplicated operator)
kNN(10,'uniform',1)	0.8840319217014869	7.235706567764282
varianceThreshold();selectPercentile(13.523139146780435);maxAbsScaler();bernoulliNB(2.1620983813503516,True)	0.6665224920007529	cached
minMaxScaler();varianceThreshold();nystroem('rbf',2.8895609644236675,70,2,0.44703655996625935);bernoulliNB(2.1620983813503516,False)	0.542507528703181	cached
varianceThreshold();maxAbsScaler();minMaxScaler();varianceThreshold();pca(0.8372724127499088,False);adaBoost(decisionTree('entropy',4,14,0.01824293705279667,4,'None'),55,0.8474705316254194,'SAMME')	invalid_ind (duplicated operator)	invalid_ind (duplicated operator)
bernoulliNB(11.150363387439373,True)	0.8396612460003764	cached
decisionTree('entropy',7,20,0.7585504020651886,16,'None')	0.6450344249952945	8.241773128509521
selectFwe(0.02197922566022458);selectFwe(0.004433434348235422);fastICA(19,'deflation','unit-variance','exp');varianceThreshold();varianceThreshold();randomForest(55,'entropy',0.6485318394888302,6,4,False,'balanced')	invalid_ind (duplicated operator)	invalid_ind (duplicated operator)
fastICA(4,'deflation','unit-variance','cube');maxAbsScaler();varianceThreshold();maxAbsScaler();adaBoost(decisionTree('entropy',19,9,0.04717086416499705,8,'balanced'),89,1.6958996055481452,'SAMME')	invalid_ind (duplicated operator)	invalid_ind (duplicated operator)
kNN(11,'uniform',2)	0.8800900997553172	7.656977653503418
selectFwe(0.0015382798768397298);pca(0.7109527512982751,True);selectFwe(0.021257819713225292);decisionTree('entropy',7,20,0.7585504020651886,16,'None')	invalid_ind (duplicated operator)	invalid_ind (duplicated operator)
pca(0.9327789797556615,False);fastICA(88,'parallel','unit-variance','cube');selectPercentile(30.651032930779156);nystroem('cosine',2.5300884533946255,39,4,0.10260084685970172);minMaxScaler();logisticRegression('l1','sag',1000,0.8875305659718458,'None')	eval_error (Solver sag supports only 'l2' or None penalties, got l1 penalty.)	eval_error (Solver sag supports only 'l2' or None penalties, got l1 penalty.)
robustScaler(False,True);maxAbsScaler();adaBoost(decisionTree('entropy',30,17,0.836005573572394,10,'None'),39,0.19747663730920903,'SAMME')	0.901488198757764	21.149789094924927
kNN(1,'uniform',2)	0.8973504046677961	4.458227872848511
varianceThreshold();maxAbsScaler();minMaxScaler();fastICA(2,'parallel','unit-variance','logcosh');pca(0.8372724127499088,False);kNN(3,'distance',1)	0.3583689817428948	38.985167503356934
minMaxScaler();maxAbsScaler();adaBoost(decisionTree('entropy',4,14,0.01824293705279667,4,'None'),55,0.8474705316254194,'SAMME')	0.829397270845097	9.512063026428223
minMaxScaler();varianceThreshold();nystroem('rbf',2.8895609644236675,70,2,0.44703655996625935);mlpClassifier((60, 19),0.05140653258230293,0.897258844864606,'lbfgs','relu')	0.1	55.4569137096405
maxAbsScaler();minMaxScaler();minMaxScaler();minMaxScaler();bernoulliNB(10.32406708723849,False)	invalid_ind (duplicated operator)	invalid_ind (duplicated operator)
varianceThreshold();maxAbsScaler();pca(0.9862611172454252,True);minMaxScaler();nystroem('cosine',3.612332936527493,79,2,-0.903311741357937);varianceThreshold();randomForest(55,'entropy',0.6485318394888302,6,4,False,'balanced')	invalid_ind (duplicated operator)	invalid_ind (duplicated operator)
selectFwe(0.02197922566022458);selectFwe(0.004433434348235422);fastICA(19,'deflation','unit-variance','exp');varianceThreshold();maxAbsScaler();decisionTree('entropy',14,5,0.5053767165880478,8,'None')	invalid_ind (duplicated operator)	invalid_ind (duplicated operator)
lda(0.968375215281766,145,0.07800645740759034)	eval_error (n_components cannot be larger than min(n_features, n_classes - 1).)	eval_error (n_components cannot be larger than min(n_features, n_classes - 1).)
pca(0.7109527512982751,False);selectFwe(0.0015382798768397298);fastICA(94,'parallel','unit-variance','logcosh');selectFwe(0.03130884067310971);kNN(10,'uniform',1)	invalid_ind (duplicated operator)	invalid_ind (duplicated operator)
bernoulliNB(2.741451119704649,False)	0.8518734989648034	cached
varianceThreshold();maxAbsScaler();pca(0.9862611172454252,True);minMaxScaler();nystroem('cosine',3.612332936527493,79,2,-0.903311741357937);maxAbsScaler();decisionTree('entropy',4,5,0.5053767165880478,8,'None')	invalid_ind (duplicated operator)	invalid_ind (duplicated operator)
kNN(1,'distance',1)	0.8973504046677961	3.0466527938842773
kNN(1,'uniform',1)	0.8973504046677961	3.9995126724243164
selectFwe(0.0015382798768397298);pca(0.7109527512982751,True);selectFwe(0.021257819713225292);randomForest(69,'gini','log2',4,9,False,'balanced_subsample')	invalid_ind (duplicated operator)	invalid_ind (duplicated operator)
kNN(10,'uniform',2)	0.881363391680783	5.560808897018433
minMaxScaler();maxAbsScaler();adaBoost(decisionTree('entropy',14,14,0.01824293705279667,4,'None'),55,0.8474705316254194,'SAMME')	0.9103231319405234	11.172537803649902
selectFwe(0.0015382798768397298);pca(0.7109527512982751,True);selectFwe(0.021257819713225292);randomForest(69,'gini','log2',4,9,False,'balanced_subsample')	invalid_ind (duplicated operator)	invalid_ind (duplicated operator)
bernoulliNB(11.150363387439373,True)	0.8396612460003764	9.44213581085205
pca(0.9327789797556615,False);fastICA(88,'parallel','unit-variance','cube');selectPercentile(30.651032930779156);nystroem('cosine',2.5300884533946255,39,4,0.10260084685970172);minMaxScaler();logisticRegression('l1','sag',1000,0.8875305659718458,'None')	eval_error (Solver sag supports only 'l2' or None penalties, got l1 penalty.)	eval_error (Solver sag supports only 'l2' or None penalties, got l1 penalty.)
adaBoost(decisionTree('entropy',12,11,0.7598675077792582,17,'balanced'),28,1.0984664929073125,'SAMME')	0.8628148315452663	23.611181020736694
robustScaler(False,True);maxAbsScaler();adaBoost(decisionTree('entropy',30,17,0.836005573572394,10,'None'),39,0.19747663730920903,'SAMME')	0.901488198757764	cached
fastICA(4,'deflation','unit-variance','cube');maxAbsScaler();varianceThreshold();maxAbsScaler();adaBoost(decisionTree('entropy',19,9,0.04717086416499705,8,'balanced'),89,1.6958996055481452,'SAMME')	invalid_ind (duplicated operator)	invalid_ind (duplicated operator)
minMaxScaler();maxAbsScaler();kNN(3,'distance',1)	0.9052197063805758	11.67772626876831
pca(0.9327789797556615,False);fastICA(88,'parallel','unit-variance','cube');selectPercentile(30.651032930779156);nystroem('cosine',2.5300884533946255,39,4,0.10260084685970172);minMaxScaler();logisticRegression('l1','sag',1000,0.8875305659718458,'None')	eval_error (Solver sag supports only 'l2' or None penalties, got l1 penalty.)	eval_error (Solver sag supports only 'l2' or None penalties, got l1 penalty.)
lda(0.968375215281766,145,0.07800645740759034)	eval_error (n_components cannot be larger than min(n_features, n_classes - 1).)	eval_error (n_components cannot be larger than min(n_features, n_classes - 1).)
pca(0.7109527512982751,False);selectFwe(0.0015382798768397298);fastICA(94,'parallel','unit-variance','logcosh');selectFwe(0.03130884067310971);kNN(10,'uniform',1)	invalid_ind (duplicated operator)	invalid_ind (duplicated operator)
lda(0.968375215281766,145,0.07800645740759034)	eval_error (n_components cannot be larger than min(n_features, n_classes - 1).)	eval_error (n_components cannot be larger than min(n_features, n_classes - 1).)
maxAbsScaler();selectFwe(0.017915467040969437);selectFwe(0.04857105558504968);minMaxScaler();varianceThreshold();minMaxScaler();maxAbsScaler();randomForest(69,'gini','log2',4,9,False,'balanced_subsample')	invalid_ind (duplicated operator)	invalid_ind (duplicated operator)
maxAbsScaler();selectFwe(0.017915467040969437);selectFwe(0.04857105558504968);minMaxScaler();varianceThreshold();minMaxScaler();maxAbsScaler();randomForest(69,'gini','log2',4,9,False,'balanced_subsample')	invalid_ind (duplicated operator)	invalid_ind (duplicated operator)
bernoulliNB(11.150363387439373,True)	0.8396612460003764	5.416784763336182
selectFwe(0.0227795476026577);pca(0.9327789797556615,True);selectFwe(0.021257819713225292);decisionTree('entropy',7,20,0.7585504020651886,16,'None')	invalid_ind (duplicated operator)	invalid_ind (duplicated operator)
decisionTree('entropy',7,20,0.7585504020651886,16,'None')	0.6450344249952945	5.836470603942871
adaBoost(decisionTree('entropy',3,4,0.809807909853507,16,'balanced'),33,1.4751565842172234,'SAMME')	0.7706846790890269	10.648741960525513
minMaxScaler();maxAbsScaler();adaBoost(decisionTree('entropy',4,14,0.01824293705279667,4,'None'),55,0.8474705316254194,'SAMME')	0.829397270845097	10.748521089553833
pca(0.8372724127499088,False);selectFwe(0.04794462400370385);fastICA(60,'parallel','unit-variance','logcosh');selectFwe(0.03130884067310971);randomForest(69,'gini','log2',4,9,False,'None')	invalid_ind (duplicated operator)	invalid_ind (duplicated operator)
varianceThreshold();maxAbsScaler();minMaxScaler();varianceThreshold();pca(0.9797696201249317,False);kNN(11,'uniform',2)	invalid_ind (duplicated operator)	invalid_ind (duplicated operator)
maxAbsScaler();minMaxScaler();nystroem('poly',0.1534759388967133,88,4,0.3700756113792081);minMaxScaler();pca(0.6345651166306652,False);maxAbsScaler();nystroem('poly',3.929860571678125,91,2,0.5020523820327871);mlpClassifier((68, 18),0.02763004893515926,0.8114892991549336,'sgd','tanh')	invalid_ind (duplicated operator)	invalid_ind (duplicated operator)
bernoulliNB(11.150363387439373,True)	0.8396612460003764	4.360992193222046
varianceThreshold();selectPercentile(13.523139146780435);maxAbsScaler();bernoulliNB(2.7950738801792654,True)	0.6675939205721815	6.029446601867676
bernoulliNB(2.1620983813503516,True)	0.8518734989648034	5.655461072921753
pca(0.7109527512982751,False);fastICA(88,'parallel','unit-variance','cube');selectPercentile(30.651032930779156);nystroem('cosine',2.5300884533946255,39,4,0.10260084685970172);minMaxScaler();logisticRegression('l1','sag',1000,0.8875305659718458,'None')	eval_error (Solver sag supports only 'l2' or None penalties, got l1 penalty.)	eval_error (Solver sag supports only 'l2' or None penalties, got l1 penalty.)
pca(0.7109527512982751,False);selectFwe(0.0015382798768397298);fastICA(94,'parallel','unit-variance','logcosh');minMaxScaler();kNN(10,'uniform',1)	0.8666805383022774	59.585978746414185
pca(0.9327789797556615,False);fastICA(88,'deflation','unit-variance','cube');selectPercentile(30.651032930779156);nystroem('cosine',2.5300884533946255,39,4,0.10260084685970172);minMaxScaler();logisticRegression('l1','sag',1000,0.8875305659718458,'None')	eval_error (Solver sag supports only 'l2' or None penalties, got l1 penalty.)	eval_error (Solver sag supports only 'l2' or None penalties, got l1 penalty.)
selectFwe(0.03130884067310971);maxAbsScaler();adaBoost(decisionTree('entropy',4,14,0.01824293705279667,4,'None'),55,0.8474705316254194,'SAMME')	0.8233688311688312	4.414019584655762
minMaxScaler();maxAbsScaler();bernoulliNB(11.150363387439373,True)	0.8396612460003764	2.53287672996521
lda(0.968375215281766,145,0.07800645740759034)	eval_error (n_components cannot be larger than min(n_features, n_classes - 1).)	eval_error (n_components cannot be larger than min(n_features, n_classes - 1).)
kNN(1,'uniform',1)	0.8973504046677961	cached
kNN(1,'uniform',1)	0.8973504046677961	3.3457322120666504
minMaxScaler();maxAbsScaler();adaBoost(decisionTree('entropy',4,14,0.01824293705279667,4,'None'),55,0.8474705316254194,'SAMME')	0.829397270845097	6.687450170516968
bernoulliNB(11.150363387439373,True)	0.8396612460003764	3.6610162258148193
kNN(3,'distance',1)	0.9052197063805758	5.49202561378479
pca(0.9327789797556615,False);fastICA(88,'parallel','unit-variance','cube');selectPercentile(30.651032930779156);nystroem('cosine',2.5300884533946255,39,4,0.10260084685970172);minMaxScaler();logisticRegression('l1','sag',1000,0.8875305659718458,'None')	eval_error (Solver sag supports only 'l2' or None penalties, got l1 penalty.)	eval_error (Solver sag supports only 'l2' or None penalties, got l1 penalty.)
minMaxScaler();maxAbsScaler();adaBoost(decisionTree('entropy',14,14,0.01824293705279667,4,'None'),55,0.8474705316254194,'SAMME')	0.9103231319405234	12.071517705917358
kNN(1,'uniform',1)	0.8973504046677961	cached
adaBoost(decisionTree('gini',18,15,0.48583808627043934,2,'balanced'),41,0.7192687310126962,'SAMME')	0.92796295878035	22.288604497909546
selectFwe(0.04213839701663231);selectFwe(0.046984721276768136);fastICA(19,'deflation','unit-variance','exp');varianceThreshold();maxAbsScaler();decisionTree('entropy',14,5,0.5053767165880478,8,'None')	invalid_ind (duplicated operator)	invalid_ind (duplicated operator)
bernoulliNB(2.741451119704649,False)	0.8518734989648034	cached
varianceThreshold();maxAbsScaler();pca(0.9862611172454252,True);minMaxScaler();nystroem('cosine',3.612332936527493,79,2,-0.903311741357937);maxAbsScaler();decisionTree('entropy',4,5,0.5053767165880478,8,'None')	invalid_ind (duplicated operator)	invalid_ind (duplicated operator)
selectFwe(0.03130884067310971);maxAbsScaler();adaBoost(decisionTree('entropy',4,14,0.01824293705279667,4,'None'),55,0.8474705316254194,'SAMME')	0.8233688311688312	cached
varianceThreshold();maxAbsScaler();minMaxScaler();varianceThreshold();pca(0.9797696201249317,False);kNN(11,'uniform',2)	invalid_ind (duplicated operator)	invalid_ind (duplicated operator)
pca(0.7109527512982751,False);selectFwe(0.0015382798768397298);fastICA(94,'parallel','unit-variance','logcosh');minMaxScaler();kNN(10,'uniform',1)	0.8666805383022774	cached
pca(0.7109527512982751,False);selectFwe(0.0015382798768397298);fastICA(94,'parallel','unit-variance','logcosh');selectFwe(0.03130884067310971);kNN(10,'uniform',1)	invalid_ind (duplicated operator)	invalid_ind (duplicated operator)
randomForest(69,'gini',0.7819602863323101,4,3,False,'balanced')	0.8134781479390174	33.70177435874939
selectFwe(0.013742366128126012);selectPercentile(66.54231122087671);maxAbsScaler();nystroem('poly',7.639635131593467,21,5,0.6158402609146598);varianceThreshold();pca(0.7958904394697037,True);mlpClassifier((29, 14),0.09033229002126046,0.4921096039946715,'adam','identity')	0.581268887634105	17.49431824684143
bernoulliNB(2.741451119704649,False)	0.8518734989648034	8.633285522460938
pca(0.9327789797556615,False);fastICA(88,'deflation','unit-variance','cube');selectPercentile(30.651032930779156);minMaxScaler();minMaxScaler();logisticRegression('l1','sag',1000,0.8875305659718458,'None')	invalid_ind (duplicated operator)	invalid_ind (duplicated operator)
nystroem('cosine',2.5300884533946255,39,4,0.10260084685970172);maxAbsScaler();adaBoost(decisionTree('entropy',4,14,0.01824293705279667,4,'None'),55,0.8474705316254194,'SAMME')	0.7127135328439677	20.73752737045288
pca(0.7109527512982751,False);selectFwe(0.04794462400370385);fastICA(94,'parallel','unit-variance','logcosh');selectFwe(0.03130884067310971);kNN(10,'uniform',1)	invalid_ind (duplicated operator)	invalid_ind (duplicated operator)
pca(0.8372724127499088,False);selectFwe(0.0015382798768397298);fastICA(60,'parallel','unit-variance','logcosh');selectFwe(0.03130884067310971);randomForest(69,'gini','log2',4,9,False,'None')	invalid_ind (duplicated operator)	invalid_ind (duplicated operator)
pca(0.7109527512982751,False);selectFwe(0.0015382798768397298);fastICA(94,'parallel','unit-variance','logcosh');selectFwe(0.03130884067310971);bernoulliNB(2.1620983813503516,True)	invalid_ind (duplicated operator)	invalid_ind (duplicated operator)
pca(0.7109527512982751,False);fastICA(88,'parallel','unit-variance','cube');selectPercentile(30.651032930779156);nystroem('cosine',2.5300884533946255,39,4,0.10260084685970172);minMaxScaler();logisticRegression('l1','sag',1000,0.8875305659718458,'None')	eval_error (Solver sag supports only 'l2' or None penalties, got l1 penalty.)	eval_error (Solver sag supports only 'l2' or None penalties, got l1 penalty.)
selectFwe(0.0015382798768397298);pca(0.7109527512982751,True);selectFwe(0.021257819713225292);randomForest(69,'gini','log2',4,9,False,'balanced_subsample')	invalid_ind (duplicated operator)	invalid_ind (duplicated operator)
adaBoost(decisionTree('entropy',12,11,0.7598675077792582,17,'balanced'),28,1.0984664929073125,'SAMME')	0.8628148315452663	cached
kNN(10,'uniform',1)	0.8840319217014869	10.268508672714233
maxAbsScaler();selectFwe(0.017915467040969437);selectFwe(0.04857105558504968);minMaxScaler();varianceThreshold();minMaxScaler();maxAbsScaler();randomForest(69,'gini','log2',4,9,False,'balanced_subsample')	invalid_ind (duplicated operator)	invalid_ind (duplicated operator)
kNN(1,'distance',1)	0.8973504046677961	cached
pca(0.8372724127499088,False);selectFwe(0.04794462400370385);fastICA(60,'parallel','unit-variance','logcosh');selectFwe(0.03130884067310971);randomForest(69,'gini','log2',4,9,False,'balanced_subsample')	invalid_ind (duplicated operator)	invalid_ind (duplicated operator)
randomForest(69,'entropy','log2',4,9,False,'None')	0.898320026350461	18.37397265434265
pca(0.9327789797556615,False);fastICA(88,'deflation','unit-variance','cube');selectPercentile(30.651032930779156);nystroem('cosine',2.5300884533946255,39,4,0.10260084685970172);minMaxScaler();logisticRegression('l1','sag',1000,0.8875305659718458,'None')	eval_error (Solver sag supports only 'l2' or None penalties, got l1 penalty.)	eval_error (Solver sag supports only 'l2' or None penalties, got l1 penalty.)
pca(0.7109527512982751,False);selectFwe(0.0015382798768397298);maxAbsScaler();mlpClassifier((60, 19),0.05140653258230293,0.897258844864606,'lbfgs','relu')	0.9297577639751553	151.09238839149475
pca(0.9327789797556615,False);fastICA(88,'deflation','unit-variance','cube');selectPercentile(30.651032930779156);nystroem('cosine',2.5300884533946255,39,4,0.10260084685970172);minMaxScaler();kNN(1,'distance',1)	0.6256132881611143	151.02502608299255
logisticRegression('l1','sag',1000,0.8875305659718458,'None')	eval_error (Solver sag supports only 'l2' or None penalties, got l1 penalty.)	eval_error (Solver sag supports only 'l2' or None penalties, got l1 penalty.)
robustScaler(False,True);maxAbsScaler();mlpClassifier((60, 19),0.05140653258230293,0.897258844864606,'lbfgs','relu')	0.9198222284961416	256.1108295917511
robustScaler(False,True);fastICA(94,'parallel','unit-variance','logcosh');selectFwe(0.03130884067310971);kNN(10,'uniform',1)	0.6829394127611519	140.78683018684387
pca(0.7109527512982751,False);selectFwe(0.0015382798768397298);fastICA(94,'parallel','unit-variance','logcosh');selectFwe(0.03130884067310971);bernoulliNB(2.1620983813503516,True)	invalid_ind (duplicated operator)	invalid_ind (duplicated operator)
logisticRegression('l1','sag',1000,0.8875305659718458,'None')	eval_error (Solver sag supports only 'l2' or None penalties, got l1 penalty.)	eval_error (Solver sag supports only 'l2' or None penalties, got l1 penalty.)
minMaxScaler();maxAbsScaler();bernoulliNB(1.883836706565028,True)	0.8517211180124225	3.6059956550598145
kNN(29,'distance',1)	0.8708311876529269	4.063251972198486
kNN(1,'uniform',1)	0.8973504046677961	4.611050367355347
kNN(1,'uniform',1)	0.8973504046677961	4.764788627624512
pca(0.7109527512982751,False);fastICA(88,'deflation','unit-variance','exp');selectPercentile(30.651032930779156);nystroem('cosine',2.5300884533946255,39,4,0.10260084685970172);minMaxScaler();logisticRegression('l1','sag',1000,0.8875305659718458,'None')	eval_error (Solver sag supports only 'l2' or None penalties, got l1 penalty.)	eval_error (Solver sag supports only 'l2' or None penalties, got l1 penalty.)
selectFwe(0.04213839701663231);selectFwe(0.046984721276768136);fastICA(19,'parallel','unit-variance','cube');varianceThreshold();maxAbsScaler();decisionTree('entropy',14,5,0.5053767165880478,8,'None')	invalid_ind (duplicated operator)	invalid_ind (duplicated operator)
pca(0.7109527512982751,False);selectFwe(0.0015382798768397298);fastICA(94,'parallel','unit-variance','logcosh');selectFwe(0.03130884067310971);kNN(10,'uniform',1)	invalid_ind (duplicated operator)	invalid_ind (duplicated operator)
selectFwe(0.04794462400370385);pca(0.7109527512982751,True);selectFwe(0.021257819713225292);randomForest(69,'gini','log2',4,9,False,'balanced_subsample')	invalid_ind (duplicated operator)	invalid_ind (duplicated operator)
adaBoost(decisionTree('entropy',12,11,0.7598675077792582,17,'balanced'),28,1.0984664929073125,'SAMME')	0.8628148315452663	11.134389877319336
adaBoost(decisionTree('entropy',4,14,0.01824293705279667,4,'None'),55,0.8474705316254194,'SAMME')	0.829397270845097	8.109019041061401
bernoulliNB(11.150363387439373,True)	0.8396612460003764	3.8324239253997803
randomForest(69,'entropy','log2',4,9,False,'None')	0.898320026350461	cached
maxAbsScaler();selectFwe(0.017915467040969437);selectFwe(0.04857105558504968);minMaxScaler();varianceThreshold();minMaxScaler();maxAbsScaler();randomForest(69,'gini','log2',4,9,False,'balanced_subsample')	invalid_ind (duplicated operator)	invalid_ind (duplicated operator)
kNN(1,'uniform',1)	0.8973504046677961	4.880826950073242
pca(0.7109527512982751,False);fastICA(88,'parallel','unit-variance','cube');selectPercentile(30.651032930779156);nystroem('cosine',2.5300884533946255,39,4,0.10260084685970172);minMaxScaler();logisticRegression('l1','sag',1000,0.8875305659718458,'None')	eval_error (Solver sag supports only 'l2' or None penalties, got l1 penalty.)	eval_error (Solver sag supports only 'l2' or None penalties, got l1 penalty.)
kNN(1,'uniform',1)	0.8973504046677961	8.546590566635132
minMaxScaler();maxAbsScaler();adaBoost(decisionTree('entropy',14,14,0.01824293705279667,4,'None'),55,0.8474705316254194,'SAMME')	0.9103231319405234	10.440193176269531
randomForest(69,'entropy','log2',4,9,False,'None')	0.898320026350461	10.78230905532837
bernoulliNB(2.741451119704649,False)	0.8518734989648034	5.086935520172119
adaBoost(decisionTree('entropy',12,11,0.7598675077792582,17,'balanced'),28,1.0984664929073125,'SAMME')	0.8628148315452663	16.021695137023926
nystroem('sigmoid',2.21461204448059,58,4,-0.07774929985891488);qda(0.8438805459235589)	0.1	11.789098262786865
selectFwe(0.0015382798768397298);pca(0.7109527512982751,True);selectFwe(0.021257819713225292);randomForest(69,'gini','log2',5,9,False,'balanced_subsample')	invalid_ind (duplicated operator)	invalid_ind (duplicated operator)
pca(0.7109527512982751,False);fastICA(88,'deflation','unit-variance','cube');selectPercentile(30.651032930779156);minMaxScaler();minMaxScaler();logisticRegression('l1','sag',1000,0.8875305659718458,'None')	invalid_ind (duplicated operator)	invalid_ind (duplicated operator)
adaBoost(decisionTree('gini',18,15,0.48583808627043934,2,'balanced'),41,0.7192687310126962,'SAMME')	0.92796295878035	20.779911041259766
pca(0.7109527512982751,False);fastICA(88,'parallel','unit-variance','cube');selectPercentile(30.651032930779156);nystroem('cosine',2.5300884533946255,39,4,0.10260084685970172);minMaxScaler();logisticRegression('l1','sag',1000,0.8875305659718458,'None')	eval_error (Solver sag supports only 'l2' or None penalties, got l1 penalty.)	eval_error (Solver sag supports only 'l2' or None penalties, got l1 penalty.)
kNN(1,'uniform',1)	0.8973504046677961	6.706431150436401
logisticRegression('l1','sag',1000,0.8875305659718458,'None')	eval_error (Solver sag supports only 'l2' or None penalties, got l1 penalty.)	eval_error (Solver sag supports only 'l2' or None penalties, got l1 penalty.)
randomForest(79,'entropy','log2',13,7,True,'None')	0.888814963297572	13.950738191604614
minMaxScaler();maxAbsScaler();adaBoost(decisionTree('entropy',30,14,0.836005573572394,10,'None'),39,0.19747663730920903,'SAMME')	0.901488198757764	27.66672420501709
randomForest(69,'entropy','log2',4,9,False,'balanced_subsample')	0.9030678147939017	18.670737504959106
robustScaler(False,True);maxAbsScaler();adaBoost(decisionTree('entropy',14,17,0.01824293705279667,4,'None'),55,0.8474705316254194,'SAMME')	0.8887882928665538	19.6028892993927
kNN(3,'distance',1)	0.9052197063805758	11.558821201324463
minMaxScaler();maxAbsScaler();selectPercentile(54.83619077679194);adaBoost(decisionTree('gini',1,10,0.534987322902797,12,'balanced'),49,0.09437942027974634,'SAMME')	0.2688062300018822	20.628081798553467
bernoulliNB(2.741451119704649,False)	0.8518734989648034	10.328849077224731
pca(0.9327789797556615,False);selectFwe(0.0015382798768397298);maxAbsScaler();mlpClassifier((60, 19),0.05140653258230293,0.897258844864606,'lbfgs','relu')	0.9296278938452852	141.73697304725647
pca(0.7109527512982751,False);selectFwe(0.0015382798768397298);maxAbsScaler();mlpClassifier((60, 19),0.05140653258230293,0.897258844864606,'lbfgs','relu')	0.9297577639751553	136.150652885437
robustScaler(False,True);maxAbsScaler();adaBoost(decisionTree('entropy',30,17,0.836005573572394,10,'None'),39,0.19747663730920903,'SAMME')	0.901488198757764	14.981161832809448
robustScaler(False,True);maxAbsScaler();mlpClassifier((60, 19),0.05140653258230293,0.897258844864606,'lbfgs','relu')	0.9198222284961416	206.25276112556458
selectFwe(0.04794462400370385);pca(0.7109527512982751,True);selectFwe(0.021257819713225292);randomForest(69,'gini','log2',4,9,False,'balanced_subsample')	invalid_ind (duplicated operator)	invalid_ind (duplicated operator)
randomForest(69,'entropy','log2',4,9,False,'balanced_subsample')	0.9030678147939017	cached
minMaxScaler();maxAbsScaler();bernoulliNB(1.883836706565028,True)	0.8517211180124225	2.492504119873047
robustScaler(True,True);maxAbsScaler();kNN(1,'uniform',1)	0.8973504046677961	6.909553050994873
robustScaler(False,True);maxAbsScaler();adaBoost(decisionTree('entropy',14,17,0.01824293705279667,4,'None'),55,0.8474705316254194,'SAMME')	0.8887882928665538	10.362094402313232
pca(0.7109527512982751,False);selectFwe(0.0015382798768397298);maxAbsScaler();logisticRegression('l1','sag',1000,0.8875305659718458,'None')	eval_error (Solver sag supports only 'l2' or None penalties, got l1 penalty.)	eval_error (Solver sag supports only 'l2' or None penalties, got l1 penalty.)
kNN(3,'distance',1)	0.9052197063805758	4.054667711257935
adaBoost(decisionTree('entropy',14,17,0.01824293705279667,4,'None'),55,0.8474705316254194,'SAMME')	0.8887882928665538	8.43608570098877
adaBoost(decisionTree('gini',18,15,0.48583808627043934,2,'balanced'),41,0.7192687310126962,'SAMME')	0.92796295878035	cached
kNN(1,'uniform',1)	0.8973504046677961	cached
minMaxScaler();maxAbsScaler();adaBoost(decisionTree('entropy',30,14,0.836005573572394,10,'None'),39,0.19747663730920903,'SAMME')	0.901488198757764	17.705626964569092
logisticRegression('l1','sag',1000,0.8875305659718458,'None')	eval_error (Solver sag supports only 'l2' or None penalties, got l1 penalty.)	eval_error (Solver sag supports only 'l2' or None penalties, got l1 penalty.)
minMaxScaler();maxAbsScaler();adaBoost(decisionTree('entropy',14,14,0.01824293705279667,4,'None'),55,0.8474705316254194,'SAMME')	0.9103231319405234	cached
kNN(1,'uniform',1)	0.8973504046677961	10.220787525177002
adaBoost(decisionTree('entropy',14,14,0.01824293705279667,4,'None'),55,0.8474705316254194,'SAMME')	0.9103231319405234	14.264439821243286
pca(0.7109527512982751,False);fastICA(59,'parallel','unit-variance','cube');selectPercentile(10.887470903247172);nystroem('cosine',2.5300884533946255,39,3,0.10260084685970172);minMaxScaler();logisticRegression('l1','sag',1000,0.8875305659718458,'balanced')	eval_error (Solver sag supports only 'l2' or None penalties, got l1 penalty.)	eval_error (Solver sag supports only 'l2' or None penalties, got l1 penalty.)
pca(0.7109527512982751,False);selectFwe(0.0015382798768397298);maxAbsScaler();mlpClassifier((60, 19),0.05140653258230293,0.897258844864606,'lbfgs','relu')	0.9297577639751553	cached
varianceThreshold();varianceThreshold();maxAbsScaler();selectFwe(0.031526425584834095);fastICA(94,'parallel','unit-variance','logcosh');selectFwe(0.03130884067310971);kNN(3,'distance',1)	invalid_ind (duplicated operator)	invalid_ind (duplicated operator)
minMaxScaler();maxAbsScaler();adaBoost(decisionTree('entropy',14,14,0.01824293705279667,4,'None'),55,0.8474705316254194,'SAMME')	0.9103231319405234	16.122365474700928
randomForest(69,'entropy','log2',4,9,False,'balanced_subsample')	0.9030678147939017	cached
pca(0.7109527512982751,False);fastICA(88,'deflation','unit-variance','exp');selectPercentile(30.651032930779156);minMaxScaler();minMaxScaler();logisticRegression('l1','sag',1000,0.8875305659718458,'balanced')	invalid_ind (duplicated operator)	invalid_ind (duplicated operator)
minMaxScaler();maxAbsScaler();adaBoost(decisionTree('entropy',30,14,0.836005573572394,10,'None'),39,0.19747663730920903,'SAMME')	0.901488198757764	cached
robustScaler(False,True);maxAbsScaler();mlpClassifier((60, 19),0.05140653258230293,0.897258844864606,'lbfgs','relu')	0.9198222284961416	cached
pca(0.7109527512982751,False);fastICA(88,'parallel','unit-variance','cube');selectPercentile(30.651032930779156);minMaxScaler();minMaxScaler();logisticRegression('l1','sag',1000,0.8875305659718458,'None')	invalid_ind (duplicated operator)	invalid_ind (duplicated operator)
bernoulliNB(0.07713166000196733,False)	0.8633328063241106	6.017871618270874
minMaxScaler();maxAbsScaler();randomForest(69,'entropy','log2',4,9,False,'None')	0.898320026350461	11.722123861312866
pca(0.9327789797556615,False);selectFwe(0.0015382798768397298);maxAbsScaler();mlpClassifier((60, 19),0.05140653258230293,0.897258844864606,'lbfgs','relu')	0.9296278938452852	cached
minMaxScaler();maxAbsScaler();bernoulliNB(1.883836706565028,True)	0.8517211180124225	cached
pca(0.7109527512982751,False);fastICA(88,'deflation','unit-variance','cube');selectPercentile(30.651032930779156);minMaxScaler();minMaxScaler();logisticRegression('l1','sag',1000,0.8875305659718458,'None')	invalid_ind (duplicated operator)	invalid_ind (duplicated operator)
pca(0.7109527512982751,False);selectFwe(0.0015382798768397298);maxAbsScaler();mlpClassifier((60, 19),0.05140653258230293,0.897258844864606,'lbfgs','relu')	0.9297577639751553	cached
maxAbsScaler();fastICA(34,'parallel','unit-variance','cube');selectFwe(0.04857105558504968);minMaxScaler();varianceThreshold();minMaxScaler();maxAbsScaler();randomForest(69,'gini','log2',4,9,False,'balanced_subsample')	invalid_ind (duplicated operator)	invalid_ind (duplicated operator)
selectFwe(0.017915467040969437);pca(0.7109527512982751,True);selectFwe(0.021257819713225292);randomForest(69,'gini','log2',4,9,False,'balanced_subsample')	invalid_ind (duplicated operator)	invalid_ind (duplicated operator)
kNN(1,'uniform',1)	0.8973504046677961	8.134758710861206
adaBoost(decisionTree('entropy',12,11,0.07974584059075629,17,'balanced'),28,1.0984664929073125,'SAMME')	0.850569696969697	15.482964038848877
pca(0.7109527512982751,False);fastICA(88,'deflation','unit-variance','cube');selectPercentile(30.651032930779156);nystroem('cosine',2.5300884533946255,39,4,0.10260084685970172);minMaxScaler();logisticRegression('l1','sag',1000,0.8875305659718458,'None')	eval_error (Solver sag supports only 'l2' or None penalties, got l1 penalty.)	eval_error (Solver sag supports only 'l2' or None penalties, got l1 penalty.)
randomForest(79,'entropy','log2',13,7,True,'None')	0.888814963297572	13.473696947097778
pca(0.7109527512982751,False);fastICA(88,'parallel','unit-variance','cube');selectPercentile(30.651032930779156);nystroem('cosine',2.5300884533946255,39,4,0.10260084685970172);minMaxScaler();randomForest(69,'entropy','log2',4,9,False,'None')	0.6195397139092791	84.4918737411499
logisticRegression('l1','sag',1000,0.8875305659718458,'None')	eval_error (Solver sag supports only 'l2' or None penalties, got l1 penalty.)	eval_error (Solver sag supports only 'l2' or None penalties, got l1 penalty.)
mlpClassifier((60, 19),0.05140653258230293,0.897258844864606,'lbfgs','relu')	0.9198222284961416	204.69221878051758
robustScaler(False,True);maxAbsScaler();mlpClassifier((60, 19),0.05140653258230293,0.897258844864606,'lbfgs','relu')	0.9198222284961416	169.2138707637787
pca(0.7109527512982751,False);fastICA(88,'deflation','unit-variance','exp');selectPercentile(30.651032930779156);minMaxScaler();minMaxScaler();kNN(4,'uniform',2)	invalid_ind (duplicated operator)	invalid_ind (duplicated operator)
kNN(3,'distance',1)	0.9052197063805758	cached
pca(0.7109527512982751,False);selectFwe(0.0015382798768397298);maxAbsScaler();mlpClassifier((60, 19),0.05140653258230293,0.897258844864606,'lbfgs','relu')	0.9297577639751553	cached
pca(0.7109527512982751,False);selectFwe(0.0015382798768397298);maxAbsScaler();mlpClassifier((60, 19),0.05140653258230293,0.897258844864606,'lbfgs','relu')	0.9297577639751553	cached
minMaxScaler();maxAbsScaler();adaBoost(decisionTree('entropy',14,14,0.01824293705279667,4,'None'),55,0.8474705316254194,'SAMME')	0.9103231319405234	cached
varianceThreshold();varianceThreshold();maxAbsScaler();selectFwe(0.031526425584834095);fastICA(94,'parallel','unit-variance','cube');selectFwe(0.03130884067310971);kNN(3,'distance',1)	invalid_ind (duplicated operator)	invalid_ind (duplicated operator)
logisticRegression('l1','sag',1000,0.8875305659718458,'None')	eval_error (Solver sag supports only 'l2' or None penalties, got l1 penalty.)	eval_error (Solver sag supports only 'l2' or None penalties, got l1 penalty.)
logisticRegression('l1','sag',1000,0.8875305659718458,'balanced')	eval_error (Solver sag supports only 'l2' or None penalties, got l1 penalty.)	eval_error (Solver sag supports only 'l2' or None penalties, got l1 penalty.)
kNN(1,'uniform',1)	0.8973504046677961	8.08939814567566
varianceThreshold();pca(0.7656498474928501,True);lda(0.5746136820780505,184,0.00912591384224967)	eval_error (n_components cannot be larger than min(n_features, n_classes - 1).)	eval_error (n_components cannot be larger than min(n_features, n_classes - 1).)
adaBoost(decisionTree('entropy',8,11,0.43139798195255974,2,'None'),24,1.4164960283403436,'SAMME')	0.8831781667607755	13.424342393875122
randomForest(69,'entropy','log2',4,9,False,'balanced_subsample')	0.9030678147939017	cached
logisticRegression('l1','sag',1000,6.28475169123665,'None')	eval_error (Solver sag supports only 'l2' or None penalties, got l1 penalty.)	eval_error (Solver sag supports only 'l2' or None penalties, got l1 penalty.)
robustScaler(False,True);maxAbsScaler();mlpClassifier((60, 19),0.05140653258230293,0.897258844864606,'lbfgs','relu')	0.9198222284961416	cached
adaBoost(decisionTree('gini',18,15,0.48583808627043934,2,'balanced'),41,0.7192687310126962,'SAMME')	0.92796295878035	26.27107071876526
pca(0.9327789797556615,False);selectFwe(0.0015382798768397298);maxAbsScaler();randomForest(69,'entropy','log2',4,7,False,'balanced_subsample')	0.8750616789008093	84.85920834541321
robustScaler(False,False);maxAbsScaler();mlpClassifier((100, 7),0.06285959441424752,0.897258844864606,'lbfgs','relu')	eval_timeout_error	eval_timeout_error
minMaxScaler();fastICA(95,'parallel','arbitrary-variance','exp');adaBoost(decisionTree('entropy',30,14,0.836005573572394,10,'None'),39,0.19747663730920903,'SAMME')	eval_timeout_error	eval_timeout_error
pca(0.7109527512982751,False);fastICA(88,'parallel','unit-variance','cube');selectPercentile(30.651032930779156);minMaxScaler();minMaxScaler();logisticRegression('l1','sag',1000,0.8875305659718458,'None')	invalid_ind (duplicated operator)	invalid_ind (duplicated operator)
adaBoost(decisionTree('entropy',14,14,0.01824293705279667,4,'None'),55,0.8474705316254194,'SAMME')	0.9103231319405234	22.55745220184326
adaBoost(decisionTree('entropy',14,14,0.01824293705279667,4,'None'),55,0.8474705316254194,'SAMME')	0.9103231319405234	cached
adaBoost(decisionTree('entropy',14,14,0.01824293705279667,4,'None'),55,0.8474705316254194,'SAMME')	0.9103231319405234	cached
pca(0.7109527512982751,False);selectFwe(0.0015382798768397298);maxAbsScaler();mlpClassifier((60, 19),0.05140653258230293,0.897258844864606,'lbfgs','relu')	0.9297577639751553	cached
pca(0.7109527512982751,False);fastICA(88,'parallel','unit-variance','cube');selectPercentile(30.651032930779156);nystroem('cosine',2.5300884533946255,39,4,0.10260084685970172);minMaxScaler();randomForest(69,'entropy','log2',4,9,False,'None')	0.6195397139092791	cached
randomForest(69,'entropy','log2',4,9,False,'balanced_subsample')	0.9030678147939017	26.57487988471985
kNN(1,'uniform',2)	0.8973504046677961	14.7025625705719
mlpClassifier((60, 19),0.05140653258230293,0.897258844864606,'lbfgs','relu')	eval_timeout_error	eval_timeout_error
maxAbsScaler();fastICA(34,'parallel','unit-variance','cube');selectFwe(0.04857105558504968);minMaxScaler();varianceThreshold();minMaxScaler();maxAbsScaler();kNN(1,'uniform',1)	invalid_ind (duplicated operator)	invalid_ind (duplicated operator)
pca(0.8189801339789804,False);fastICA(88,'parallel','unit-variance','cube');selectPercentile(30.651032930779156);nystroem('cosine',2.5300884533946255,39,4,0.10260084685970172);minMaxScaler();randomForest(69,'entropy','log2',4,9,False,'None')	0.6183963109354413	169.45232367515564
robustScaler(True,True);maxAbsScaler();kNN(1,'uniform',1)	0.8973504046677961	17.65148615837097
randomForest(69,'gini','log2',4,9,False,'balanced_subsample')	0.8960194616977226	22.11657953262329
pca(0.7109527512982751,False);selectFwe(0.0015382798768397298);maxAbsScaler();mlpClassifier((60, 19),0.05140653258230293,0.897258844864606,'lbfgs','relu')	0.9297577639751553	cached
pca(0.7109527512982751,False);fastICA(88,'parallel','unit-variance','cube');selectPercentile(47.04467048056395);minMaxScaler();minMaxScaler();logisticRegression('l1','sag',1000,0.8875305659718458,'None')	invalid_ind (duplicated operator)	invalid_ind (duplicated operator)
minMaxScaler();maxAbsScaler();bernoulliNB(0.07713166000196733,False)	0.8633328063241106	13.25517749786377
adaBoost(decisionTree('entropy',14,14,0.01824293705279667,4,'None'),55,0.8474705316254194,'SAMME')	0.9103231319405234	19.016024589538574
pca(0.7109527512982751,False);selectFwe(0.0015382798768397298);maxAbsScaler();mlpClassifier((60, 19),0.052304611803006426,0.897258844864606,'lbfgs','relu')	0.9342778091473743	199.48001503944397
logisticRegression('l1','sag',1000,0.8875305659718458,'None')	eval_error (Solver sag supports only 'l2' or None penalties, got l1 penalty.)	eval_error (Solver sag supports only 'l2' or None penalties, got l1 penalty.)
pca(0.5060173104515137,True);selectFwe(0.0015382798768397298);maxAbsScaler();mlpClassifier((60, 19),0.05140653258230293,0.897258844864606,'lbfgs','relu')	0.9083416713721062	202.0729169845581
pca(0.9327789797556615,False);fastICA(88,'deflation','unit-variance','cube');selectPercentile(30.651032930779156);minMaxScaler();minMaxScaler();logisticRegression('l1','sag',1000,0.8875305659718458,'None')	invalid_ind (duplicated operator)	invalid_ind (duplicated operator)
mlpClassifier((60, 19),0.05140653258230293,0.897258844864606,'lbfgs','relu')	0.9198222284961416	149.26511931419373
pca(0.7109527512982751,False);fastICA(88,'parallel','unit-variance','cube');selectPercentile(30.651032930779156);minMaxScaler();minMaxScaler();logisticRegression('l1','sag',1000,0.8875305659718458,'None')	invalid_ind (duplicated operator)	invalid_ind (duplicated operator)
adaBoost(decisionTree('entropy',14,14,0.01824293705279667,4,'None'),55,0.8474705316254194,'SAMME')	0.9103231319405234	cached
adaBoost(decisionTree('entropy',14,14,0.01824293705279667,4,'None'),55,0.8474705316254194,'SAMME')	0.9103231319405234	cached
randomForest(69,'entropy','log2',4,9,False,'balanced_subsample')	0.9030678147939017	cached
adaBoost(decisionTree('entropy',14,14,0.01824293705279667,4,'None'),55,0.8474705316254194,'SAMME')	0.9103231319405234	cached
adaBoost(decisionTree('entropy',14,14,0.01824293705279667,4,'None'),55,0.8474705316254194,'SAMME')	0.9103231319405234	cached
varianceThreshold();varianceThreshold();maxAbsScaler();selectFwe(0.031526425584834095);fastICA(94,'parallel','unit-variance','cube');minMaxScaler();kNN(3,'distance',1)	invalid_ind (duplicated operator)	invalid_ind (duplicated operator)
logisticRegression('l1','sag',1000,6.28475169123665,'None')	eval_error (Solver sag supports only 'l2' or None penalties, got l1 penalty.)	eval_error (Solver sag supports only 'l2' or None penalties, got l1 penalty.)
adaBoost(decisionTree('entropy',14,14,0.01824293705279667,4,'None'),55,0.8474705316254194,'SAMME')	0.9103231319405234	14.317317962646484
adaBoost(decisionTree('gini',18,15,0.48583808627043934,2,'balanced'),41,0.7192687310126962,'SAMME')	0.92796295878035	21.28713083267212
selectPercentile(26.481621223267446);robustScaler(False,True);varianceThreshold();maxAbsScaler();maxAbsScaler();logisticRegression('l1','sag',1000,0.8875305659718458,'None')	invalid_ind (duplicated operator)	invalid_ind (duplicated operator)
pca(0.7109527512982751,False);selectFwe(0.0015382798768397298);maxAbsScaler();mlpClassifier((60, 19),0.052304611803006426,0.897258844864606,'lbfgs','relu')	0.9342778091473743	cached
pca(0.7109527512982751,False);fastICA(88,'parallel','unit-variance','cube');selectPercentile(30.651032930779156);nystroem('cosine',2.5300884533946255,39,4,0.10260084685970172);minMaxScaler();randomForest(69,'entropy','log2',4,9,False,'None')	0.6195397139092791	cached
pca(0.7109527512982751,False);selectFwe(0.0015382798768397298);maxAbsScaler();mlpClassifier((60, 19),0.05140653258230293,0.897258844864606,'lbfgs','relu')	0.9297577639751553	cached
adaBoost(decisionTree('gini',18,15,0.48583808627043934,2,'balanced'),41,0.7192687310126962,'SAMME')	0.92796295878035	21.763815879821777
kNN(1,'uniform',1)	0.8973504046677961	8.24681830406189
randomForest(69,'entropy','log2',4,9,False,'balanced_subsample')	0.9030678147939017	17.556331396102905
varianceThreshold();maxAbsScaler();lda(0.5746136820780505,184,0.00912591384224967)	eval_error (n_components cannot be larger than min(n_features, n_classes - 1).)	eval_error (n_components cannot be larger than min(n_features, n_classes - 1).)
maxAbsScaler();fastICA(34,'parallel','unit-variance','cube');selectFwe(0.04857105558504968);minMaxScaler();varianceThreshold();minMaxScaler();pca(0.7656498474928501,True);kNN(1,'uniform',1)	invalid_ind (duplicated operator)	invalid_ind (duplicated operator)
mlpClassifier((60, 19),0.05140653258230293,0.897258844864606,'lbfgs','relu')	0.9198222284961416	cached
pca(0.7109527512982751,False);selectFwe(0.0015382798768397298);maxAbsScaler();mlpClassifier((60, 19),0.05140653258230293,0.897258844864606,'lbfgs','relu')	0.9297577639751553	cached
pca(0.7109527512982751,False);fastICA(88,'parallel','unit-variance','cube');selectPercentile(30.651032930779156);minMaxScaler();minMaxScaler();adaBoost(decisionTree('entropy',14,14,0.01824293705279667,4,'None'),55,0.8474705316254194,'SAMME')	invalid_ind (duplicated operator)	invalid_ind (duplicated operator)
logisticRegression('l1','sag',1000,6.28475169123665,'None')	eval_error (Solver sag supports only 'l2' or None penalties, got l1 penalty.)	eval_error (Solver sag supports only 'l2' or None penalties, got l1 penalty.)
logisticRegression('l1','sag',1000,0.8875305659718458,'None')	eval_error (Solver sag supports only 'l2' or None penalties, got l1 penalty.)	eval_error (Solver sag supports only 'l2' or None penalties, got l1 penalty.)
logisticRegression('l1','sag',1000,0.8875305659718458,'None')	eval_error (Solver sag supports only 'l2' or None penalties, got l1 penalty.)	eval_error (Solver sag supports only 'l2' or None penalties, got l1 penalty.)
mlpClassifier((60, 19),0.05140653258230293,0.897258844864606,'lbfgs','relu')	eval_timeout_error	eval_timeout_error
kNN(3,'distance',1)	0.9052197063805758	18.336591482162476
pca(0.9327789797556615,True);selectFwe(0.04558895442174593);maxAbsScaler();mlpClassifier((60, 19),0.05140653258230293,0.897258844864606,'sgd','relu')	eval_timeout_error	eval_timeout_error
pca(0.9327789797556615,False);selectFwe(0.0015382798768397298);maxAbsScaler();mlpClassifier((60, 19),0.05140653258230293,0.897258844864606,'lbfgs','relu')	0.9296278938452852	cached
adaBoost(decisionTree('entropy',14,14,0.01824293705279667,4,'None'),55,0.8474705316254194,'SAMME')	0.9103231319405234	cached
robustScaler(False,True);maxAbsScaler();mlpClassifier((60, 19),0.05140653258230293,0.897258844864606,'lbfgs','relu')	0.9198222284961416	cached
robustScaler(False,True);maxAbsScaler();mlpClassifier((60, 19),0.05140653258230293,0.897258844864606,'lbfgs','relu')	eval_timeout_error	eval_timeout_error
varianceThreshold();minMaxScaler();selectFwe(0.02797346937566603);adaBoost(decisionTree('gini',10,17,0.6693649445790858,14,'balanced'),24,1.4230221615428527,'SAMME')	0.8495287784679089	27.9036865234375
pca(0.7109527512982751,False);selectFwe(0.0015382798768397298);maxAbsScaler();mlpClassifier((60, 19),0.05140653258230293,0.897258844864606,'lbfgs','relu')	0.9297577639751553	170.81754112243652
robustScaler(True,True);maxAbsScaler();kNN(1,'uniform',1)	0.8973504046677961	14.702149391174316
mlpClassifier((60, 19),0.05140653258230293,0.897258844864606,'lbfgs','relu')	eval_timeout_error	eval_timeout_error
randomForest(69,'entropy','log2',4,9,False,'balanced_subsample')	0.9030678147939017	17.15110158920288
pca(0.7109527512982751,False);selectFwe(0.0015382798768397298);maxAbsScaler();mlpClassifier((60, 19),0.05140653258230293,0.897258844864606,'lbfgs','relu')	0.9297577639751553	171.06339478492737
pca(0.5060173104515137,True);selectFwe(0.0015382798768397298);maxAbsScaler();mlpClassifier((60, 19),0.05140653258230293,0.897258844864606,'lbfgs','relu')	0.9083416713721062	173.96462965011597
minMaxScaler();fastICA(95,'parallel','arbitrary-variance','exp');adaBoost(decisionTree('entropy',30,14,0.836005573572394,10,'None'),39,0.19747663730920903,'SAMME')	eval_timeout_error	eval_timeout_error
pca(0.7109527512982751,False);selectFwe(0.0015382798768397298);maxAbsScaler();mlpClassifier((60, 19),0.05140653258230293,0.897258844864606,'lbfgs','relu')	0.9297577639751553	cached
mlpClassifier((60, 19),0.05140653258230293,0.897258844864606,'lbfgs','relu')	0.9198222284961416	cached
kNN(1,'uniform',1)	0.8973504046677961	cached
randomForest(69,'entropy','log2',4,9,False,'balanced_subsample')	0.9030678147939017	cached
selectPercentile(26.481621223267446);robustScaler(False,True);varianceThreshold();maxAbsScaler();maxAbsScaler();logisticRegression('l1','sag',1000,0.8875305659718458,'None')	invalid_ind (duplicated operator)	invalid_ind (duplicated operator)
pca(0.7109527512982751,False);selectFwe(0.0015382798768397298);maxAbsScaler();mlpClassifier((60, 19),0.05140653258230293,0.897258844864606,'lbfgs','relu')	0.9297577639751553	cached
mlpClassifier((60, 19),0.05140653258230293,0.897258844864606,'lbfgs','relu')	0.9198222284961416	cached
randomForest(69,'entropy','log2',4,9,False,'balanced_subsample')	0.9030678147939017	7.6736931800842285
mlpClassifier((60, 19),0.05140653258230293,0.897258844864606,'lbfgs','relu')	eval_timeout_error	eval_timeout_error
mlpClassifier((60, 19),0.05140653258230293,0.897258844864606,'lbfgs','relu')	eval_timeout_error	eval_timeout_error
mlpClassifier((60, 19),0.05140653258230293,0.897258844864606,'lbfgs','relu')	eval_timeout_error	eval_timeout_error
minMaxScaler();fastICA(95,'parallel','arbitrary-variance','exp');adaBoost(decisionTree('entropy',30,14,0.836005573572394,10,'None'),39,0.19747663730920903,'SAMME')	eval_timeout_error	eval_timeout_error
adaBoost(decisionTree('entropy',14,14,0.01824293705279667,4,'None'),55,0.8474705316254194,'SAMME')	0.9103231319405234	cached
adaBoost(decisionTree('gini',18,15,0.48583808627043934,2,'balanced'),41,0.7192687310126962,'SAMME')	0.92796295878035	cached
robustScaler(False,True);maxAbsScaler();logisticRegression('l1','sag',1000,0.8875305659718458,'None')	eval_error (Solver sag supports only 'l2' or None penalties, got l1 penalty.)	eval_error (Solver sag supports only 'l2' or None penalties, got l1 penalty.)
randomForest(69,'entropy','log2',4,9,False,'balanced_subsample')	0.9030678147939017	23.53456449508667
logisticRegression('l1','sag',1000,6.28475169123665,'None')	eval_error (Solver sag supports only 'l2' or None penalties, got l1 penalty.)	eval_error (Solver sag supports only 'l2' or None penalties, got l1 penalty.)
selectFwe(0.019651788872653324);robustScaler(True,False);adaBoost(decisionTree('entropy',5,4,0.923021880549738,20,'balanced'),39,0.7295431839317805,'SAMME')	0.8820264257481648	46.004342555999756
varianceThreshold();varianceThreshold();lda(0.5746136820780505,184,0.00912591384224967)	invalid_ind (duplicated operator)	invalid_ind (duplicated operator)
mlpClassifier((60, 19),0.05140653258230293,0.897258844864606,'lbfgs','relu')	eval_timeout_error	eval_timeout_error
pca(0.7109527512982751,False);fastICA(88,'parallel','unit-variance','logcosh');selectPercentile(30.651032930779156);minMaxScaler();minMaxScaler();logisticRegression('l1','sag',1000,0.8875305659718458,'None')	invalid_ind (duplicated operator)	invalid_ind (duplicated operator)
maxAbsScaler();minMaxScaler();selectFwe(0.02797346937566603);adaBoost(decisionTree('gini',10,17,0.6693649445790858,14,'balanced'),24,1.4230221615428527,'SAMME')	0.8495287784679089	30.369804859161377
pca(0.9327789797556615,False);selectFwe(0.0015382798768397298);maxAbsScaler();mlpClassifier((60, 19),0.05140653258230293,0.897258844864606,'lbfgs','relu')	0.9296278938452852	cached
mlpClassifier((60, 19),0.05140653258230293,0.897258844864606,'lbfgs','relu')	0.9198222284961416	cached
logisticRegression('l1','sag',1000,0.8875305659718458,'None')	eval_error (Solver sag supports only 'l2' or None penalties, got l1 penalty.)	eval_error (Solver sag supports only 'l2' or None penalties, got l1 penalty.)
selectPercentile(26.481621223267446);robustScaler(False,True);varianceThreshold();maxAbsScaler();maxAbsScaler();logisticRegression('l1','sag',1000,0.8875305659718458,'None')	invalid_ind (duplicated operator)	invalid_ind (duplicated operator)
adaBoost(decisionTree('entropy',14,14,0.01824293705279667,4,'None'),55,0.8474705316254194,'SAMME')	0.9103231319405234	22.620810985565186
varianceThreshold();varianceThreshold();maxAbsScaler();selectFwe(0.031526425584834095);fastICA(94,'parallel','unit-variance','cube');minMaxScaler();kNN(3,'distance',1)	invalid_ind (duplicated operator)	invalid_ind (duplicated operator)
pca(0.7109527512982751,False);selectFwe(0.0015382798768397298);maxAbsScaler();mlpClassifier((60, 19),0.052304611803006426,0.897258844864606,'lbfgs','relu')	0.9342778091473743	cached
selectPercentile(26.481621223267446);robustScaler(False,False);varianceThreshold();maxAbsScaler();maxAbsScaler();logisticRegression('None','sag',1000,0.8875305659718458,'None')	invalid_ind (duplicated operator)	invalid_ind (duplicated operator)
robustScaler(False,True);maxAbsScaler();mlpClassifier((60, 19),0.05140653258230293,0.897258844864606,'lbfgs','relu')	eval_timeout_error	eval_timeout_error
pca(0.7109527512982751,False);selectFwe(0.0015382798768397298);maxAbsScaler();logisticRegression('l1','sag',1000,6.28475169123665,'None')	eval_error (Solver sag supports only 'l2' or None penalties, got l1 penalty.)	eval_error (Solver sag supports only 'l2' or None penalties, got l1 penalty.)
adaBoost(decisionTree('entropy',14,14,0.01824293705279667,4,'None'),55,0.8474705316254194,'SAMME')	0.9103231319405234	22.18191957473755
randomForest(47,'entropy',0.6011422899769034,5,20,True,'balanced_subsample')	0.7433738753999624	24.707776308059692
pca(0.7109527512982751,False);selectFwe(0.0015382798768397298);maxAbsScaler();mlpClassifier((60, 19),0.05140653258230293,0.897258844864606,'lbfgs','relu')	0.9297577639751553	207.41192197799683
pca(0.7109527512982751,False);selectFwe(0.014593485674991812);maxAbsScaler();mlpClassifier((60, 19),0.05140653258230293,0.22054702652044456,'adam','relu')	0.8406255411255412	135.03725051879883
mlpClassifier((60, 19),0.05140653258230293,0.897258844864606,'lbfgs','relu')	eval_timeout_error	eval_timeout_error
mlpClassifier((60, 19),0.05140653258230293,0.897258844864606,'lbfgs','relu')	eval_timeout_error	eval_timeout_error
fastICA(13,'parallel','unit-variance','logcosh');logisticRegression('l2','saga',1000,0.5213210452201332,'balanced')	0.8346189723320159	87.01938152313232
mlpClassifier((60, 19),0.052304611803006426,0.897258844864606,'lbfgs','relu')	0.9278238283455675	152.41404604911804
logisticRegression('l1','sag',1000,0.8875305659718458,'None')	eval_error (Solver sag supports only 'l2' or None penalties, got l1 penalty.)	eval_error (Solver sag supports only 'l2' or None penalties, got l1 penalty.)
selectPercentile(41.22167592825315);robustScaler(False,False);varianceThreshold();maxAbsScaler();maxAbsScaler();logisticRegression('l1','sag',1000,21.692555089945042,'None')	invalid_ind (duplicated operator)	invalid_ind (duplicated operator)
maxAbsScaler();minMaxScaler();selectFwe(0.02797346937566603);adaBoost(decisionTree('gini',10,17,0.6693649445790858,14,'balanced'),24,1.4230221615428527,'SAMME')	0.8495287784679089	14.812857866287231
logisticRegression('None','sag',1000,0.8875305659718458,'None')	eval_timeout_error	eval_timeout_error
selectPercentile(26.481621223267446);robustScaler(False,False);varianceThreshold();maxAbsScaler();maxAbsScaler();mlpClassifier((60, 19),0.05140653258230293,0.897258844864606,'lbfgs','relu')	invalid_ind (duplicated operator)	invalid_ind (duplicated operator)
mlpClassifier((60, 19),0.05140653258230293,0.897258844864606,'lbfgs','relu')	0.9198222284961416	cached
mlpClassifier((60, 19),0.05140653258230293,0.897258844864606,'lbfgs','relu')	eval_timeout_error	eval_timeout_error
varianceThreshold();varianceThreshold();maxAbsScaler();selectFwe(0.031526425584834095);fastICA(94,'parallel','unit-variance','cube');minMaxScaler();kNN(3,'distance',1)	invalid_ind (duplicated operator)	invalid_ind (duplicated operator)
varianceThreshold();varianceThreshold();lda(0.5746136820780505,184,0.00912591384224967)	invalid_ind (duplicated operator)	invalid_ind (duplicated operator)
selectPercentile(26.481621223267446);robustScaler(False,True);varianceThreshold();maxAbsScaler();maxAbsScaler();logisticRegression('l1','sag',1000,0.8875305659718458,'None')	invalid_ind (duplicated operator)	invalid_ind (duplicated operator)
mlpClassifier((60, 19),0.05140653258230293,0.897258844864606,'lbfgs','relu')	eval_timeout_error	eval_timeout_error
mlpClassifier((60, 19),0.05140653258230293,0.897258844864606,'lbfgs','relu')	eval_timeout_error	eval_timeout_error
mlpClassifier((60, 19),0.05140653258230293,0.897258844864606,'lbfgs','relu')	eval_timeout_error	eval_timeout_error
adaBoost(decisionTree('entropy',14,14,0.01824293705279667,4,'None'),55,0.8474705316254194,'SAMME')	0.9103231319405234	23.355987548828125
robustScaler(False,True);maxAbsScaler();logisticRegression('l1','sag',1000,0.8875305659718458,'None')	eval_error (Solver sag supports only 'l2' or None penalties, got l1 penalty.)	eval_error (Solver sag supports only 'l2' or None penalties, got l1 penalty.)
robustScaler(False,True);maxAbsScaler();mlpClassifier((60, 19),0.05140653258230293,0.897258844864606,'lbfgs','relu')	0.9198222284961416	cached
pca(0.7109527512982751,False);selectFwe(0.019651788872653324);maxAbsScaler();mlpClassifier((60, 19),0.05140653258230293,0.897258844864606,'lbfgs','relu')	0.9195518351214004	205.16305661201477
minMaxScaler();fastICA(95,'parallel','arbitrary-variance','exp');adaBoost(decisionTree('entropy',30,14,0.836005573572394,10,'None'),39,0.19747663730920903,'SAMME')	eval_timeout_error	eval_timeout_error
adaBoost(decisionTree('entropy',14,14,0.01824293705279667,4,'None'),55,0.8474705316254194,'SAMME')	0.9103231319405234	cached
pca(0.7109527512982751,False);fastICA(88,'parallel','unit-variance','logcosh');selectPercentile(30.651032930779156);minMaxScaler();minMaxScaler();logisticRegression('l1','sag',1000,0.8875305659718458,'None')	invalid_ind (duplicated operator)	invalid_ind (duplicated operator)
maxAbsScaler();robustScaler(False,True);maxAbsScaler();maxAbsScaler();selectPercentile(25.07966491486119);minMaxScaler();nystroem('rbf',0.029362576025796696,42,3,-0.5996673996774693);logisticRegression('l1','sag',1000,0.8875305659718458,'None')	invalid_ind (duplicated operator)	invalid_ind (duplicated operator)
pca(0.7109527512982751,False);selectFwe(0.0015382798768397298);maxAbsScaler();mlpClassifier((60, 19),0.05140653258230293,0.897258844864606,'lbfgs','relu')	0.9297577639751553	230.39945578575134
mlpClassifier((60, 19),0.05140653258230293,0.897258844864606,'lbfgs','relu')	eval_timeout_error	eval_timeout_error
selectFwe(0.0015382798768397298);robustScaler(True,False);adaBoost(decisionTree('entropy',5,4,0.923021880549738,20,'balanced'),39,0.7295431839317805,'SAMME')	0.8770413325804629	37.24826264381409
randomForest(69,'entropy','log2',4,9,False,'balanced_subsample')	0.9030678147939017	22.763874053955078
mlpClassifier((60, 19),0.052304611803006426,0.897258844864606,'lbfgs','relu')	eval_timeout_error	eval_timeout_error
selectFwe(0.019651788872653324);robustScaler(True,False);logisticRegression('l1','sag',1000,6.28475169123665,'None')	eval_error (Solver sag supports only 'l2' or None penalties, got l1 penalty.)	eval_error (Solver sag supports only 'l2' or None penalties, got l1 penalty.)
logisticRegression('l1','sag',1000,0.8875305659718458,'None')	eval_error (Solver sag supports only 'l2' or None penalties, got l1 penalty.)	eval_error (Solver sag supports only 'l2' or None penalties, got l1 penalty.)
robustScaler(False,True);maxAbsScaler();mlpClassifier((60, 19),0.05140653258230293,0.897258844864606,'lbfgs','relu')	0.9198222284961416	cached
mlpClassifier((60, 19),0.05140653258230293,0.897258844864606,'lbfgs','relu')	0.9198222284961416	cached
selectPercentile(26.481621223267446);robustScaler(False,False);varianceThreshold();maxAbsScaler();maxAbsScaler();logisticRegression('None','sag',1000,0.8875305659718458,'None')	invalid_ind (duplicated operator)	invalid_ind (duplicated operator)
selectFwe(0.0170457544193561);robustScaler(True,False);adaBoost(decisionTree('entropy',5,4,0.923021880549738,20,'balanced'),39,0.7295431839317805,'SAMME')	0.8820264257481648	39.04934072494507
adaBoost(decisionTree('entropy',5,4,0.923021880549738,20,'balanced'),39,0.7295431839317805,'SAMME')	0.8861493318275926	37.472811222076416
adaBoost(decisionTree('gini',18,15,0.48583808627043934,2,'balanced'),41,0.7192687310126962,'SAMME')	0.92796295878035	34.31934976577759
pca(0.7109527512982751,False);selectFwe(0.0015382798768397298);maxAbsScaler();mlpClassifier((60, 19),0.05140653258230293,0.897258844864606,'lbfgs','relu')	0.9297577639751553	cached
mlpClassifier((60, 19),0.05140653258230293,0.897258844864606,'lbfgs','relu')	eval_timeout_error	eval_timeout_error
adaBoost(decisionTree('gini',21,17,0.29333522733329154,9,'None'),73,0.04291243056839338,'SAMME')	0.9040442687747035	29.31809687614441
pca(0.9327789797556615,False);selectFwe(0.0015382798768397298);maxAbsScaler();mlpClassifier((60, 19),0.052304611803006426,0.897258844864606,'lbfgs','relu')	0.9340721814417468	143.1175992488861
robustScaler(False,True);maxAbsScaler();mlpClassifier((60, 19),0.05140653258230293,0.897258844864606,'lbfgs','relu')	0.9198222284961416	123.76403570175171
fastICA(13,'parallel','unit-variance','logcosh');logisticRegression('l2','saga',1000,0.5213210452201332,'None')	0.8396552042160739	3.449794054031372
pca(0.7109527512982751,False);selectFwe(0.0015382798768397298);maxAbsScaler();mlpClassifier((60, 19),0.052304611803006426,0.897258844864606,'lbfgs','relu')	0.9342778091473743	cached
pca(0.7109527512982751,False);fastICA(88,'parallel','unit-variance','logcosh');selectPercentile(30.651032930779156);minMaxScaler();minMaxScaler();logisticRegression('l1','sag',1000,0.8875305659718458,'None')	invalid_ind (duplicated operator)	invalid_ind (duplicated operator)
pca(0.9327789797556615,False);selectFwe(0.0015382798768397298);maxAbsScaler();mlpClassifier((60, 19),0.05140653258230293,0.897258844864606,'lbfgs','relu')	0.9296278938452852	cached
mlpClassifier((60, 19),0.05140653258230293,0.897258844864606,'lbfgs','relu')	eval_timeout_error	eval_timeout_error
pca(0.9327789797556615,False);selectFwe(0.0015382798768397298);maxAbsScaler();mlpClassifier((60, 19),0.052304611803006426,0.897258844864606,'lbfgs','relu')	0.9340721814417468	cached
mlpClassifier((60, 19),0.05140653258230293,0.897258844864606,'lbfgs','relu')	eval_timeout_error	eval_timeout_error
minMaxScaler();fastICA(92,'parallel','arbitrary-variance','exp');adaBoost(decisionTree('entropy',30,14,0.836005573572394,3,'None'),39,1.8579880660464538,'SAMME')	eval_timeout_error	eval_timeout_error
randomForest(69,'entropy','log2',4,9,False,'balanced_subsample')	0.9030678147939017	cached
mlpClassifier((60, 19),0.05140653258230293,0.897258844864606,'lbfgs','relu')	0.9198222284961416	cached
robustScaler(False,True);maxAbsScaler();logisticRegression('l1','sag',1000,0.8875305659718458,'balanced')	eval_error (Solver sag supports only 'l2' or None penalties, got l1 penalty.)	eval_error (Solver sag supports only 'l2' or None penalties, got l1 penalty.)
fastICA(13,'parallel','unit-variance','logcosh');logisticRegression('l2','saga',1000,0.5213210452201332,'None')	0.8396552042160739	82.08285546302795
adaBoost(decisionTree('gini',18,15,0.48583808627043934,10,'balanced'),41,0.7192687310126962,'SAMME')	0.90913547901374	22.31078815460205
logisticRegression('l1','sag',1000,0.8875305659718458,'None')	eval_error (Solver sag supports only 'l2' or None penalties, got l1 penalty.)	eval_error (Solver sag supports only 'l2' or None penalties, got l1 penalty.)
adaBoost(decisionTree('entropy',14,14,0.01824293705279667,4,'None'),55,0.8474705316254194,'SAMME')	0.9103231319405234	17.278873205184937
fastICA(13,'parallel','unit-variance','logcosh');logisticRegression('l2','saga',1000,0.5213210452201332,'None')	0.8396552042160739	77.61756443977356
pca(0.7109527512982751,False);selectFwe(0.0015382798768397298);maxAbsScaler();mlpClassifier((60, 19),0.05140653258230293,0.897258844864606,'lbfgs','relu')	0.9297577639751553	cached
maxAbsScaler();robustScaler(False,True);maxAbsScaler();maxAbsScaler();selectPercentile(25.07966491486119);minMaxScaler();nystroem('rbf',0.029362576025796696,42,3,-0.5996673996774693);logisticRegression('l1','sag',1000,0.8875305659718458,'None')	invalid_ind (duplicated operator)	invalid_ind (duplicated operator)
selectPercentile(26.481621223267446);robustScaler(False,False);varianceThreshold();maxAbsScaler();maxAbsScaler();logisticRegression('None','sag',1000,0.8875305659718458,'None')	invalid_ind (duplicated operator)	invalid_ind (duplicated operator)
mlpClassifier((60, 19),0.05140653258230293,0.897258844864606,'lbfgs','relu')	eval_timeout_error	eval_timeout_error
robustScaler(False,True);maxAbsScaler();mlpClassifier((60, 19),0.05140653258230293,0.897258844864606,'lbfgs','relu')	0.9198222284961416	cached
minMaxScaler();selectPercentile(13.750502222890342);adaBoost(decisionTree('entropy',30,14,0.836005573572394,10,'None'),39,0.19747663730920903,'SAMME')	0.6963644645209863	18.048023223876953
mlpClassifier((60, 19),0.05140653258230293,0.897258844864606,'lbfgs','relu')	0.9198222284961416	cached
pca(0.7109527512982751,False);selectFwe(0.0015382798768397298);maxAbsScaler();mlpClassifier((60, 19),0.05140653258230293,0.897258844864606,'lbfgs','relu')	0.9297577639751553	cached
mlpClassifier((60, 19),0.052304611803006426,0.897258844864606,'lbfgs','relu')	0.9278238283455675	cached
mlpClassifier((60, 19),0.05140653258230293,0.897258844864606,'lbfgs','relu')	eval_timeout_error	eval_timeout_error
varianceThreshold();selectPercentile(84.93993629364108);varianceThreshold();adaBoost(decisionTree('gini',29,17,0.049609015358666575,2,'balanced'),99,0.20372556827202284,'SAMME')	invalid_ind (duplicated operator)	invalid_ind (duplicated operator)
robustScaler(True,True);selectFwe(0.0036153935291485945);maxAbsScaler();mlpClassifier((60, 19),0.05140653258230293,0.897258844864606,'lbfgs','relu')	eval_timeout_error	eval_timeout_error
robustScaler(False,True);maxAbsScaler();mlpClassifier((60, 19),0.05140653258230293,0.897258844864606,'lbfgs','relu')	0.9198222284961416	cached
adaBoost(decisionTree('gini',4,19,0.819122777820449,12,'balanced'),43,1.1886779670708814,'SAMME')	0.8508305477131565	32.71816945075989
logisticRegression('None','sag',1000,0.8875305659718458,'None')	0.9162911914172783	296.087007522583
selectPercentile(26.481621223267446);robustScaler(False,False);varianceThreshold();maxAbsScaler();maxAbsScaler();mlpClassifier((60, 19),0.05140653258230293,0.897258844864606,'lbfgs','relu')	invalid_ind (duplicated operator)	invalid_ind (duplicated operator)
robustScaler(False,True);maxAbsScaler();mlpClassifier((60, 19),0.05140653258230293,0.897258844864606,'lbfgs','relu')	0.9198222284961416	cached
pca(0.7109527512982751,False);selectFwe(0.0015382798768397298);maxAbsScaler();mlpClassifier((60, 19),0.052304611803006426,0.897258844864606,'lbfgs','relu')	0.9342778091473743	cached
selectPercentile(26.481621223267446);robustScaler(False,False);varianceThreshold();maxAbsScaler();maxAbsScaler();mlpClassifier((60, 19),0.05140653258230293,0.897258844864606,'lbfgs','relu')	invalid_ind (duplicated operator)	invalid_ind (duplicated operator)
selectPercentile(26.481621223267446);robustScaler(False,False);varianceThreshold();maxAbsScaler();maxAbsScaler();logisticRegression('None','sag',1000,0.8875305659718458,'None')	invalid_ind (duplicated operator)	invalid_ind (duplicated operator)
robustScaler(False,True);maxAbsScaler();mlpClassifier((57, 4),0.05140653258230293,0.897258844864606,'lbfgs','relu')	eval_timeout_error	eval_timeout_error
pca(0.7109527512982751,False);selectFwe(0.0015382798768397298);maxAbsScaler();mlpClassifier((60, 19),0.05140653258230293,0.897258844864606,'lbfgs','relu')	0.9297577639751553	193.84345769882202
pca(0.7109527512982751,False);selectFwe(0.0015382798768397298);maxAbsScaler();adaBoost(decisionTree('entropy',14,14,0.01824293705279667,4,'None'),55,0.8474705316254194,'SAMME')	0.8350293054771315	85.99570965766907
mlpClassifier((60, 19),0.05140653258230293,0.897258844864606,'lbfgs','relu')	0.9198222284961416	308.78895330429077
mlpClassifier((60, 19),0.052304611803006426,0.897258844864606,'lbfgs','relu')	0.9278238283455675	92.93150782585144
varianceThreshold();selectPercentile(84.93993629364108);varianceThreshold();mlpClassifier((60, 19),0.05140653258230293,0.897258844864606,'lbfgs','relu')	invalid_ind (duplicated operator)	invalid_ind (duplicated operator)
selectPercentile(26.481621223267446);robustScaler(False,False);varianceThreshold();maxAbsScaler();maxAbsScaler();logisticRegression('None','sag',1000,0.8875305659718458,'None')	invalid_ind (duplicated operator)	invalid_ind (duplicated operator)
logisticRegression('None','sag',1000,0.8875305659718458,'None')	0.9162911914172783	cached
pca(0.7109527512982751,False);selectFwe(0.0015382798768397298);maxAbsScaler();logisticRegression('l1','sag',1000,0.8875305659718458,'None')	eval_error (Solver sag supports only 'l2' or None penalties, got l1 penalty.)	eval_error (Solver sag supports only 'l2' or None penalties, got l1 penalty.)
adaBoost(decisionTree('gini',18,15,0.48583808627043934,10,'balanced'),41,0.7192687310126962,'SAMME')	0.90913547901374	15.039232730865479
adaBoost(decisionTree('gini',29,17,0.049609015358666575,2,'balanced'),99,0.20372556827202284,'SAMME')	0.9325400150574061	15.370067834854126
adaBoost(decisionTree('entropy',23,14,0.8017979687389748,2,'None'),57,0.4338685702702316,'SAMME')	0.9275338226990402	43.91335654258728
randomForest(69,'entropy','log2',4,9,False,'balanced_subsample')	0.9030678147939017	19.777406215667725
selectPercentile(26.481621223267446);robustScaler(False,False);varianceThreshold();maxAbsScaler();maxAbsScaler();mlpClassifier((60, 19),0.05140653258230293,0.897258844864606,'lbfgs','relu')	invalid_ind (duplicated operator)	invalid_ind (duplicated operator)
mlpClassifier((60, 19),0.05140653258230293,0.897258844864606,'lbfgs','relu')	eval_timeout_error	eval_timeout_error
adaBoost(decisionTree('gini',18,15,0.48583808627043934,2,'balanced'),41,0.7192687310126962,'SAMME')	0.92796295878035	cached
mlpClassifier((60, 19),0.05140653258230293,0.897258844864606,'lbfgs','relu')	eval_timeout_error	eval_timeout_error
robustScaler(False,True);maxAbsScaler();mlpClassifier((60, 19),0.05140653258230293,0.897258844864606,'lbfgs','relu')	0.9198222284961416	cached
selectPercentile(26.481621223267446);robustScaler(False,False);varianceThreshold();maxAbsScaler();maxAbsScaler();adaBoost(decisionTree('gini',18,15,0.48583808627043934,10,'balanced'),41,0.7192687310126962,'SAMME')	invalid_ind (duplicated operator)	invalid_ind (duplicated operator)
mlpClassifier((60, 19),0.05140653258230293,0.897258844864606,'lbfgs','relu')	eval_timeout_error	eval_timeout_error
maxAbsScaler();robustScaler(False,True);maxAbsScaler();maxAbsScaler();selectPercentile(25.07966491486119);minMaxScaler();nystroem('rbf',0.029362576025796696,42,3,-0.5996673996774693);logisticRegression('l1','sag',1000,0.8875305659718458,'None')	invalid_ind (duplicated operator)	invalid_ind (duplicated operator)
robustScaler(True,True);selectFwe(0.0036153935291485945);maxAbsScaler();mlpClassifier((60, 19),0.05140653258230293,0.897258844864606,'lbfgs','relu')	eval_timeout_error	eval_timeout_error
nystroem('poly',0.6419256940759603,52,3,-0.8133173730649519);fastICA(94,'deflation','arbitrary-variance','logcosh');logisticRegression('None','lbfgs',1000,0.3133256580761614,'None')	eval_timeout_error	eval_timeout_error
maxAbsScaler();robustScaler(False,True);maxAbsScaler();maxAbsScaler();selectPercentile(25.07966491486119);minMaxScaler();nystroem('rbf',0.029362576025796696,42,3,-0.5996673996774693);logisticRegression('l1','sag',1000,0.8875305659718458,'None')	invalid_ind (duplicated operator)	invalid_ind (duplicated operator)
mlpClassifier((60, 19),0.05140653258230293,0.897258844864606,'lbfgs','relu')	eval_timeout_error	eval_timeout_error
mlpClassifier((60, 19),0.052304611803006426,0.897258844864606,'lbfgs','relu')	0.9278238283455675	cached
pca(0.9327789797556615,False);selectFwe(0.0015382798768397298);maxAbsScaler();mlpClassifier((60, 19),0.05140653258230293,0.897258844864606,'lbfgs','relu')	0.9296278938452852	cached
fastICA(92,'parallel','unit-variance','exp');logisticRegression('l2','saga',1000,0.5213210452201332,'None')	eval_timeout_error	eval_timeout_error
pca(0.9327789797556615,False);selectFwe(0.0015382798768397298);maxAbsScaler();mlpClassifier((60, 19),0.05140653258230293,0.897258844864606,'lbfgs','relu')	eval_timeout_error	eval_timeout_error
mlpClassifier((60, 19),0.05140653258230293,0.897258844864606,'lbfgs','relu')	eval_timeout_error	eval_timeout_error
mlpClassifier((60, 19),0.052304611803006426,0.897258844864606,'lbfgs','relu')	0.9278238283455675	cached
pca(0.7109527512982751,False);selectFwe(0.0015382798768397298);maxAbsScaler();mlpClassifier((60, 19),0.052304611803006426,0.897258844864606,'lbfgs','relu')	0.9342778091473743	cached
pca(0.7109527512982751,False);selectFwe(0.0015382798768397298);maxAbsScaler();mlpClassifier((60, 19),0.05140653258230293,0.897258844864606,'lbfgs','relu')	0.9297577639751553	cached
fastICA(63,'deflation','unit-variance','logcosh');varianceThreshold();selectFwe(0.0015382798768397298);maxAbsScaler();mlpClassifier((60, 19),0.05140653258230293,0.897258844864606,'lbfgs','relu')	eval_timeout_error	eval_timeout_error
adaBoost(decisionTree('entropy',13,17,0.4623564577723145,2,'None'),15,0.2255994618802586,'SAMME')	0.877526388104649	30.712037086486816
maxAbsScaler();minMaxScaler();selectPercentile(64.57673831689686);minMaxScaler();selectFwe(0.04463680411700134);minMaxScaler();selectPercentile(14.066914888545645);lda(0.5180132478194824,173,0.01200532668486487)	invalid_ind (duplicated operator)	invalid_ind (duplicated operator)
pca(0.7109527512982751,False);selectFwe(0.0015382798768397298);maxAbsScaler();mlpClassifier((60, 19),0.052304611803006426,0.897258844864606,'lbfgs','relu')	0.9342778091473743	250.40027046203613
robustScaler(False,True);maxAbsScaler();mlpClassifier((60, 19),0.052304611803006426,0.897258844864606,'lbfgs','relu')	eval_timeout_error	eval_timeout_error
mlpClassifier((60, 19),0.05140653258230293,0.897258844864606,'lbfgs','relu')	eval_timeout_error	eval_timeout_error
pca(0.7109527512982751,False);selectFwe(0.0015382798768397298);maxAbsScaler();mlpClassifier((60, 19),0.05140653258230293,0.897258844864606,'lbfgs','relu')	eval_timeout_error	eval_timeout_error
selectPercentile(26.481621223267446);robustScaler(False,False);varianceThreshold();maxAbsScaler();maxAbsScaler();mlpClassifier((60, 19),0.052304611803006426,0.897258844864606,'lbfgs','relu')	invalid_ind (duplicated operator)	invalid_ind (duplicated operator)
minMaxScaler();fastICA(13,'parallel','arbitrary-variance','logcosh');adaBoost(decisionTree('entropy',30,14,0.836005573572394,3,'None'),39,1.8579880660464538,'SAMME')	0.8585905138339921	176.92730164527893
fastICA(13,'parallel','unit-variance','logcosh');logisticRegression('l2','saga',1000,0.5213210452201332,'None')	0.8396552042160739	107.06377387046814
selectPercentile(26.481621223267446);robustScaler(False,False);varianceThreshold();maxAbsScaler();maxAbsScaler();mlpClassifier((60, 19),0.05140653258230293,0.897258844864606,'lbfgs','relu')	invalid_ind (duplicated operator)	invalid_ind (duplicated operator)
mlpClassifier((60, 19),0.05140653258230293,0.897258844864606,'lbfgs','identity')	0.9068477696216828	184.5301377773285
selectPercentile(26.481621223267446);robustScaler(False,False);varianceThreshold();maxAbsScaler();maxAbsScaler();adaBoost(decisionTree('gini',18,15,0.48583808627043934,10,'balanced'),41,0.7192687310126962,'SAMME')	invalid_ind (duplicated operator)	invalid_ind (duplicated operator)
selectPercentile(26.481621223267446);robustScaler(False,False);varianceThreshold();maxAbsScaler();maxAbsScaler();mlpClassifier((60, 19),0.05140653258230293,0.897258844864606,'lbfgs','relu')	invalid_ind (duplicated operator)	invalid_ind (duplicated operator)
selectPercentile(26.481621223267446);robustScaler(False,False);varianceThreshold();maxAbsScaler();maxAbsScaler();adaBoost(decisionTree('gini',18,15,0.48583808627043934,10,'balanced'),41,0.7192687310126962,'SAMME')	invalid_ind (duplicated operator)	invalid_ind (duplicated operator)
selectPercentile(26.481621223267446);robustScaler(False,False);varianceThreshold();maxAbsScaler();maxAbsScaler();mlpClassifier((60, 19),0.05140653258230293,0.897258844864606,'lbfgs','relu')	invalid_ind (duplicated operator)	invalid_ind (duplicated operator)
adaBoost(decisionTree('entropy',5,14,0.9783253687222203,5,'balanced'),15,0.2255994618802586,'SAMME')	0.8411198569546396	13.428197622299194
pca(0.7109527512982751,False);selectFwe(0.0015382798768397298);maxAbsScaler();logisticRegression('l1','sag',1000,0.8875305659718458,'None')	eval_error (Solver sag supports only 'l2' or None penalties, got l1 penalty.)	eval_error (Solver sag supports only 'l2' or None penalties, got l1 penalty.)
adaBoost(decisionTree('gini',18,15,0.48583808627043934,10,'balanced'),41,0.7192687310126962,'SAMME')	0.90913547901374	35.85685110092163
adaBoost(decisionTree('entropy',23,14,0.8017979687389748,2,'None'),57,0.4338685702702316,'SAMME')	0.9275338226990402	cached
pca(0.7109527512982751,False);selectFwe(0.0015382798768397298);maxAbsScaler();mlpClassifier((60, 19),0.05140653258230293,0.897258844864606,'lbfgs','relu')	0.9297577639751553	cached
mlpClassifier((60, 19),0.05140653258230293,0.897258844864606,'lbfgs','relu')	eval_timeout_error	eval_timeout_error
mlpClassifier((60, 19),0.05140653258230293,0.897258844864606,'lbfgs','relu')	eval_timeout_error	eval_timeout_error
mlpClassifier((60, 19),0.052304611803006426,0.897258844864606,'lbfgs','relu')	0.9278238283455675	cached
robustScaler(True,True);selectFwe(0.0036153935291485945);maxAbsScaler();mlpClassifier((60, 19),0.05140653258230293,0.897258844864606,'lbfgs','relu')	eval_timeout_error	eval_timeout_error
mlpClassifier((60, 19),0.052304611803006426,0.897258844864606,'lbfgs','relu')	0.9278238283455675	cached
varianceThreshold();selectPercentile(84.93993629364108);varianceThreshold();mlpClassifier((60, 19),0.05140653258230293,0.897258844864606,'lbfgs','relu')	timeout_error	timeout_error
pca(0.9327789797556615,False);selectFwe(0.0015382798768397298);maxAbsScaler();mlpClassifier((60, 19),0.05140653258230293,0.897258844864606,'lbfgs','relu')	0.9296278938452852	cached
varianceThreshold();selectPercentile(84.93993629364108);varianceThreshold();mlpClassifier((60, 19),0.05140653258230293,0.897258844864606,'lbfgs','relu')	timeout_error	timeout_error
pca(0.7109527512982751,False);selectFwe(0.0015382798768397298);maxAbsScaler();mlpClassifier((60, 19),0.052304611803006426,0.897258844864606,'lbfgs','identity')	timeout_error	timeout_error
mlpClassifier((39, 9),0.05140653258230293,0.897258844864606,'lbfgs','tanh')	timeout_error	timeout_error
mlpClassifier((60, 19),0.05140653258230293,0.897258844864606,'lbfgs','relu')	timeout_error	timeout_error
adaBoost(decisionTree('entropy',13,17,0.4623564577723145,2,'None'),15,0.2255994618802586,'SAMME')	timeout_error	timeout_error
robustScaler(True,True);selectFwe(0.0036153935291485945);maxAbsScaler();mlpClassifier((60, 19),0.05140653258230293,0.897258844864606,'lbfgs','relu')	timeout_error	timeout_error
selectPercentile(26.481621223267446);robustScaler(False,False);varianceThreshold();maxAbsScaler();maxAbsScaler();adaBoost(decisionTree('gini',18,15,0.48583808627043934,10,'balanced'),41,0.7192687310126962,'SAMME')	timeout_error	timeout_error
robustScaler(True,True);selectFwe(0.03998001585554083);maxAbsScaler();mlpClassifier((60, 19),0.07461319518104956,0.5742341550236985,'lbfgs','relu')	timeout_error	timeout_error
pca(0.7109527512982751,False);selectFwe(0.0015382798768397298);maxAbsScaler();mlpClassifier((60, 19),0.052304611803006426,0.897258844864606,'lbfgs','relu')	0.9342778091473743	cached
robustScaler(False,True);selectFwe(0.0036153935291485945);maxAbsScaler();mlpClassifier((60, 19),0.05140653258230293,0.897258844864606,'lbfgs','relu')	timeout_error	timeout_error
maxAbsScaler();robustScaler(True,True);maxAbsScaler();maxAbsScaler();selectPercentile(25.07966491486119);minMaxScaler();nystroem('rbf',0.029362576025796696,42,3,-0.5996673996774693);logisticRegression('l1','sag',1000,0.8875305659718458,'None')	timeout_error	timeout_error
pca(0.7109527512982751,False);selectFwe(0.0015382798768397298);maxAbsScaler();logisticRegression('l1','sag',1000,0.8875305659718458,'None')	timeout_error	timeout_error
logisticRegression('None','sag',1000,0.8875305659718458,'None')	0.9162911914172783	cached
pca(0.7109527512982751,False);selectFwe(0.0015382798768397298);maxAbsScaler();mlpClassifier((60, 19),0.052304611803006426,0.897258844864606,'lbfgs','relu')	timeout_error	timeout_error
maxAbsScaler();minMaxScaler();selectPercentile(64.57673831689686);minMaxScaler();selectFwe(0.04463680411700134);minMaxScaler();selectPercentile(14.066914888545645);lda(0.5180132478194824,173,0.01200532668486487)	timeout_error	timeout_error
robustScaler(True,True);selectFwe(0.0015382798768397298);maxAbsScaler();mlpClassifier((60, 19),0.05140653258230293,0.897258844864606,'lbfgs','relu')	timeout_error	timeout_error
pca(0.7109527512982751,False);selectFwe(0.0036153935291485945);maxAbsScaler();mlpClassifier((60, 19),0.052304611803006426,0.897258844864606,'lbfgs','relu')	timeout_error	timeout_error
pca(0.9327789797556615,False);selectFwe(0.0015382798768397298);maxAbsScaler();adaBoost(decisionTree('entropy',13,17,0.4623564577723145,2,'None'),15,0.2255994618802586,'SAMME')	0.8624407491059664	132.02355217933655
mlpClassifier((60, 19),0.05140653258230293,0.897258844864606,'lbfgs','relu')	timeout_error	timeout_error
pca(0.7109527512982751,False);selectFwe(0.0015382798768397298);maxAbsScaler();mlpClassifier((60, 19),0.05140653258230293,0.897258844864606,'lbfgs','relu')	0.9297577639751553	190.4675145149231
pca(0.7109527512982751,False);selectFwe(0.0015382798768397298);maxAbsScaler();mlpClassifier((60, 19),0.05140653258230293,0.897258844864606,'lbfgs','relu')	timeout_error	timeout_error
pca(0.9327789797556615,False);selectFwe(0.047485958941331015);maxAbsScaler();mlpClassifier((60, 19),0.05140653258230293,0.897258844864606,'lbfgs','relu')	0.9236339544513458	192.32358050346375
adaBoost(decisionTree('gini',18,15,0.48583808627043934,10,'balanced'),41,0.7192687310126962,'SAMME')	timeout_error	timeout_error
pca(0.9327789797556615,False);selectFwe(0.0015382798768397298);maxAbsScaler();mlpClassifier((60, 19),0.05140653258230293,0.897258844864606,'lbfgs','identity')	0.8633332768680594	138.7667908668518
