pipeline	fitness	fit_time
fastICA(92,'parallel','arbitrary-variance','logcosh');maxAbsScaler();fastICA(80,'parallel','arbitrary-variance','exp');maxAbsScaler();maxAbsScaler();randomForest(95,'gini',0.9140316392019494,12,8,True,'balanced_subsample')	invalid_ind (duplicated operator)	invalid_ind (duplicated operator)
varianceThreshold();varianceThreshold();adaBoost(decisionTree('gini',9,13,0.9043986330300443,16,'balanced'),99,1.100611564867942,'SAMME')	invalid_ind (duplicated operator)	invalid_ind (duplicated operator)
bernoulliNB(60.40566749597368,True)	0.17333333333333334	1.9925377368927002
minMaxScaler();minMaxScaler();decisionTree('entropy',25,3,0.16567497287207977,3,'None')	invalid_ind (duplicated operator)	invalid_ind (duplicated operator)
robustScaler(False,True);minMaxScaler();qda(0.3359165544734606)	eval_error (The covariance matrix of class 3 is not full rank. When using `solver='svd'` the number of samples in each class should be more than the number of features, but class 3 has 8 samples and 9 features. Try using `solver='eigen'` and setting the parameter `shrinkage` for regularization.)	eval_error (The covariance matrix of class 3 is not full rank. When using `solver='svd'` the number of samples in each class should be more than the number of features, but class 3 has 8 samples and 9 features. Try using `solver='eigen'` and setting the parameter `shrinkage` for regularization.)
maxAbsScaler();randomForest(23,'entropy',0.8532807049334448,19,11,True,'None')	0.41981481481481475	4.201111078262329
pca(0.8063253126163166,True);selectFwe(0.008179883949050493);randomForest(97,'entropy',0.7608950503603693,9,7,True,'None')	0.39555555555555555	5.663841485977173
varianceThreshold();selectFwe(0.034938126081890876);varianceThreshold();maxAbsScaler();maxAbsScaler();minMaxScaler();multinomialNB(0.19427804631248696,False)	invalid_ind (duplicated operator)	invalid_ind (duplicated operator)
pca(0.9422545573800589,True);fastICA(16,'parallel','arbitrary-variance','cube');minMaxScaler();varianceThreshold();robustScaler(False,True);robustScaler(False,False);lda(0.17790766067776254,213,0.09731161931133336)	invalid_ind (duplicated operator)	invalid_ind (duplicated operator)
pca(0.6721903587085716,True);selectFwe(0.04804014211411932);varianceThreshold();pca(0.7665606172901884,False);extraTreesClassifier(50,'gini','sqrt',7,10,False,'balanced_subsample')	invalid_ind (duplicated operator)	invalid_ind (duplicated operator)
selectFwe(0.0280704456870048);maxAbsScaler();nystroem('poly',3.783720160104937,68,5,-0.255101474055488);minMaxScaler();pca(0.8947326171469987,True);adaBoost(decisionTree('gini',10,5,0.47806466915102097,8,'balanced'),49,0.22808948983544083,'SAMME')	0.5951851851851852	5.4624505043029785
selectPercentile(49.71457246690581);selectFwe(0.03127192704798252);adaBoost(decisionTree('entropy',29,18,0.49540592491118873,11,'None'),73,1.0164150599074437,'SAMME')	0.5433333333333333	5.903590440750122
maxAbsScaler();varianceThreshold();varianceThreshold();varianceThreshold();selectPercentile(89.30686673463248);minMaxScaler();maxAbsScaler();adaBoost(decisionTree('entropy',28,14,0.6074299110948179,8,'balanced'),94,1.6477065768932477,'SAMME')	invalid_ind (duplicated operator)	invalid_ind (duplicated operator)
minMaxScaler();varianceThreshold();maxAbsScaler();minMaxScaler();maxAbsScaler();robustScaler(True,True);varianceThreshold();adaBoost(decisionTree('gini',20,4,0.03545096569102746,9,'None'),78,0.46224962099039646,'SAMME')	invalid_ind (duplicated operator)	invalid_ind (duplicated operator)
selectFwe(0.048704990118683386);minMaxScaler();mlpClassifier((11, 13),0.0947287232145367,0.33637513706246214,'lbfgs','logistic')	0.5287037037037037	9.527160167694092
varianceThreshold();selectPercentile(4.5215156761585185);minMaxScaler();adaBoost(decisionTree('gini',4,17,0.7781483542276006,1,'balanced'),86,0.9780088053892045,'SAMME')	0.3937037037037037	5.601798057556152
logisticRegression('l1','saga',1000,2.9574088113450494,'None')	0.4337037037037037	4.280785799026489
minMaxScaler();maxAbsScaler();selectFwe(0.03143591002225467);adaBoost(decisionTree('entropy',18,18,0.289820808533909,16,'balanced'),64,0.10631129152997913,'SAMME')	0.5224074074074073	3.4597854614257812
varianceThreshold();pca(0.7211380702895297,True);multinomialNB(14.361949153154333,False)	eval_error (Negative values in data passed to MultinomialNB (input X).)	eval_error (Negative values in data passed to MultinomialNB (input X).)
decisionTree('gini',28,11,0.27998274332687256,6,'balanced')	0.549074074074074	1.9987189769744873
robustScaler(True,False);robustScaler(True,False);robustScaler(False,True);kNN(9,'uniform',2)	invalid_ind (duplicated operator)	invalid_ind (duplicated operator)
fastICA(80,'deflation','unit-variance','cube');logisticRegression('l2','newton-cg',1000,18.832380900373128,'balanced')	0.6875925925925926	2.1189815998077393
minMaxScaler();mlpClassifier((70, 3),0.09480385379895091,0.7372560920037368,'sgd','identity')	eval_error (Solver produced non-finite parameter weights. The input data may contain large values and need to be preprocessed.)	eval_error (Solver produced non-finite parameter weights. The input data may contain large values and need to be preprocessed.)
varianceThreshold();varianceThreshold();fastICA(86,'parallel','arbitrary-variance','exp');maxAbsScaler();minMaxScaler();fastICA(5,'parallel','unit-variance','logcosh');qda(0.9720932443736168)	invalid_ind (duplicated operator)	invalid_ind (duplicated operator)
fastICA(74,'parallel','arbitrary-variance','exp');selectFwe(0.04200437461248982);maxAbsScaler();varianceThreshold();selectFwe(0.03717323161628351);decisionTree('gini',20,16,0.7101075213407797,20,'balanced')	invalid_ind (duplicated operator)	invalid_ind (duplicated operator)
multinomialNB(89.33052465827544,True)	0.16666666666666666	1.8518800735473633
minMaxScaler();selectPercentile(68.25705917948713);fastICA(81,'parallel','arbitrary-variance','cube');maxAbsScaler();varianceThreshold();selectFwe(0.009081526616090027);adaBoost(decisionTree('entropy',12,14,0.427290207198605,16,'None'),38,1.4014476904607935,'SAMME')	0.492037037037037	3.288661003112793
varianceThreshold();varianceThreshold();adaBoost(decisionTree('entropy',19,16,0.49020206373000297,16,'balanced'),53,0.34904253243915667,'SAMME')	invalid_ind (duplicated operator)	invalid_ind (duplicated operator)
maxAbsScaler();pca(0.9679453699759932,False);maxAbsScaler();selectFwe(0.025399532508512526);kNN(4,'distance',2)	invalid_ind (duplicated operator)	invalid_ind (duplicated operator)
extraTreesClassifier(60,'gini','log2',8,11,True,'balanced')	0.577037037037037	3.1194562911987305
varianceThreshold();selectPercentile(25.379822174983772);selectFwe(0.025956368254407766);nystroem('sigmoid',0.6560318886820307,100,4,-0.556884039344347);decisionTree('gini',12,17,0.2868310479973286,6,'balanced')	0.525	3.275285005569458
robustScaler(False,False);fastICA(38,'deflation','unit-variance','cube');minMaxScaler();logisticRegression('l2','lbfgs',1000,0.06981703426173451,'balanced')	0.5412962962962963	3.1476612091064453
varianceThreshold();gaussianNB(0.002008216061127421)	0.5216666666666666	2.383702039718628
selectPercentile(36.37226801726815);maxAbsScaler();robustScaler(False,False);bernoulliNB(17.194983612163643,False)	0.36148148148148146	2.472519636154175
decisionTree('gini',19,16,0.23673356878784502,15,'balanced')	0.4587037037037037	2.058469772338867
minMaxScaler();varianceThreshold();varianceThreshold();gaussianNB(0.00879621156665941)	invalid_ind (duplicated operator)	invalid_ind (duplicated operator)
maxAbsScaler();selectFwe(0.046219519320115685);pca(0.9580891485306424,True);extraTreesClassifier(16,'gini','log2',13,10,True,'balanced_subsample')	0.4803703703703704	2.1369388103485107
adaBoost(decisionTree('gini',21,17,0.9008098536570839,4,'balanced'),77,0.9327224554507606,'SAMME')	0.7051851851851851	4.09315824508667
multinomialNB(69.17170857463013,False)	0.16333333333333333	1.5115621089935303
randomForest(50,'gini',0.6963243108438976,6,9,False,'None')	0.5898148148148148	1.7181780338287354
multinomialNB(89.33052465827544,True)	0.16666666666666666	cached
adaBoost(decisionTree('gini',21,17,0.9008098536570839,4,'balanced'),77,0.9327224554507606,'SAMME')	0.7051851851851851	cached
minMaxScaler();pca(0.8054221824292314,True);maxAbsScaler();varianceThreshold();fastICA(38,'deflation','unit-variance','cube');minMaxScaler();adaBoost(decisionTree('gini',10,5,0.47806466915102097,8,'balanced'),49,0.22808948983544083,'SAMME')	invalid_ind (duplicated operator)	invalid_ind (duplicated operator)
robustScaler(False,True);selectFwe(0.025399532508512526);qda(0.3359165544734606)	eval_error (The covariance matrix of class 5 is not full rank. When using `solver='svd'` the number of samples in each class should be more than the number of features, but class 5 has 4 samples and 5 features. Try using `solver='eigen'` and setting the parameter `shrinkage` for regularization.)	eval_error (The covariance matrix of class 5 is not full rank. When using `solver='svd'` the number of samples in each class should be more than the number of features, but class 5 has 4 samples and 5 features. Try using `solver='eigen'` and setting the parameter `shrinkage` for regularization.)
maxAbsScaler();pca(0.9679453699759932,False);maxAbsScaler();minMaxScaler();kNN(4,'distance',2)	invalid_ind (duplicated operator)	invalid_ind (duplicated operator)
minMaxScaler();varianceThreshold();maxAbsScaler();minMaxScaler();maxAbsScaler();robustScaler(True,True);varianceThreshold();adaBoost(decisionTree('gini',20,4,0.03545096569102746,9,'None'),78,0.46224962099039646,'SAMME')	invalid_ind (duplicated operator)	invalid_ind (duplicated operator)
selectPercentile(47.32247641508604);minMaxScaler();maxAbsScaler();fastICA(72,'deflation','unit-variance','cube');robustScaler(False,True);lda(0.6418946885374921,182,0.06704442636011888)	eval_error (n_components cannot be larger than min(n_features, n_classes - 1).)	eval_error (n_components cannot be larger than min(n_features, n_classes - 1).)
pca(0.6721903587085716,True);selectFwe(0.04804014211411932);varianceThreshold();pca(0.7665606172901884,False);extraTreesClassifier(50,'gini','sqrt',7,10,False,'balanced_subsample')	invalid_ind (duplicated operator)	invalid_ind (duplicated operator)
robustScaler(False,False);minMaxScaler();decisionTree('entropy',25,3,0.16567497287207977,3,'None')	0.4998148148148148	1.9533143043518066
minMaxScaler();fastICA(38,'deflation','unit-variance','cube');minMaxScaler();logisticRegression('l2','lbfgs',1000,0.06981703426173451,'balanced')	invalid_ind (duplicated operator)	invalid_ind (duplicated operator)
minMaxScaler();varianceThreshold();maxAbsScaler();minMaxScaler();maxAbsScaler();robustScaler(True,True);varianceThreshold();adaBoost(decisionTree('gini',20,4,0.03545096569102746,9,'None'),78,0.46224962099039646,'SAMME')	invalid_ind (duplicated operator)	invalid_ind (duplicated operator)
decisionTree('gini',19,16,0.23673356878784502,15,'balanced')	0.4587037037037037	2.59055233001709
robustScaler(False,False);fastICA(80,'deflation','unit-variance','cube');minMaxScaler();logisticRegression('None','saga',1000,0.6181585576379076,'balanced')	0.6846296296296297	3.2221932411193848
multinomialNB(89.33052465827544,True)	0.16666666666666666	1.9205985069274902
varianceThreshold();gaussianNB(0.002008216061127421)	0.5216666666666666	2.0332696437835693
minMaxScaler();varianceThreshold();maxAbsScaler();minMaxScaler();maxAbsScaler();robustScaler(True,True);varianceThreshold();adaBoost(decisionTree('gini',20,4,0.03545096569102746,9,'None'),78,0.46224962099039646,'SAMME')	invalid_ind (duplicated operator)	invalid_ind (duplicated operator)
decisionTree('gini',19,16,0.23673356878784502,15,'balanced')	0.4587037037037037	2.444781541824341
decisionTree('gini',19,16,0.23673356878784502,15,'balanced')	0.4587037037037037	cached
varianceThreshold();varianceThreshold();fastICA(86,'parallel','arbitrary-variance','exp');maxAbsScaler();minMaxScaler();fastICA(5,'parallel','unit-variance','logcosh');qda(0.9720932443736168)	invalid_ind (duplicated operator)	invalid_ind (duplicated operator)
varianceThreshold();selectFwe(0.034938126081890876);fastICA(92,'parallel','arbitrary-variance','logcosh');maxAbsScaler();maxAbsScaler();minMaxScaler();multinomialNB(0.19427804631248696,False)	invalid_ind (duplicated operator)	invalid_ind (duplicated operator)
varianceThreshold();maxAbsScaler();fastICA(80,'parallel','arbitrary-variance','exp');maxAbsScaler();maxAbsScaler();randomForest(95,'gini',0.9140316392019494,12,8,True,'balanced_subsample')	invalid_ind (duplicated operator)	invalid_ind (duplicated operator)
varianceThreshold();varianceThreshold();adaBoost(decisionTree('gini',9,13,0.9043986330300443,16,'balanced'),99,1.100611564867942,'SAMME')	invalid_ind (duplicated operator)	invalid_ind (duplicated operator)
minMaxScaler();selectPercentile(68.25705917948713);fastICA(81,'parallel','arbitrary-variance','cube');maxAbsScaler();varianceThreshold();selectFwe(0.009081526616090027);adaBoost(decisionTree('entropy',12,14,0.427290207198605,16,'None'),38,1.4014476904607935,'SAMME')	0.492037037037037	cached
selectPercentile(36.37226801726815);maxAbsScaler();robustScaler(False,False);bernoulliNB(56.1932842988786,False)	0.28611111111111115	2.168199062347412
fastICA(38,'deflation','unit-variance','cube');logisticRegression('l2','newton-cg',1000,0.06981703426173451,'balanced')	0.6433333333333333	2.6300127506256104
maxAbsScaler();varianceThreshold();varianceThreshold();varianceThreshold();selectPercentile(89.30686673463248);minMaxScaler();varianceThreshold();adaBoost(decisionTree('entropy',28,14,0.6074299110948179,8,'balanced'),94,1.6477065768932477,'SAMME')	invalid_ind (duplicated operator)	invalid_ind (duplicated operator)
varianceThreshold();gaussianNB(0.002008216061127421)	0.5216666666666666	1.8961870670318604
robustScaler(False,True);minMaxScaler();qda(0.5171199001879537)	eval_error (The covariance matrix of class 3 is not full rank. When using `solver='svd'` the number of samples in each class should be more than the number of features, but class 3 has 8 samples and 9 features. Try using `solver='eigen'` and setting the parameter `shrinkage` for regularization.)	eval_error (The covariance matrix of class 3 is not full rank. When using `solver='svd'` the number of samples in each class should be more than the number of features, but class 3 has 8 samples and 9 features. Try using `solver='eigen'` and setting the parameter `shrinkage` for regularization.)
minMaxScaler();minMaxScaler();decisionTree('entropy',25,3,0.16567497287207977,3,'None')	invalid_ind (duplicated operator)	invalid_ind (duplicated operator)
varianceThreshold();selectPercentile(25.379822174983772);selectFwe(0.025956368254407766);nystroem('sigmoid',0.6560318886820307,100,4,-0.556884039344347);decisionTree('gini',12,17,0.2868310479973286,6,'balanced')	0.525	cached
extraTreesClassifier(60,'gini','log2',8,11,True,'balanced')	0.577037037037037	cached
maxAbsScaler();fastICA(31,'parallel','unit-variance','cube');selectFwe(0.04200437461248982);maxAbsScaler();varianceThreshold();selectFwe(0.03717323161628351);decisionTree('gini',20,16,0.7101075213407797,20,'balanced')	invalid_ind (duplicated operator)	invalid_ind (duplicated operator)
decisionTree('gini',19,16,0.23673356878784502,15,'balanced')	0.4587037037037037	cached
maxAbsScaler();minMaxScaler();minMaxScaler();minMaxScaler();varianceThreshold();robustScaler(False,True);robustScaler(False,False);extraTreesClassifier(60,'gini','log2',8,11,True,'balanced')	invalid_ind (duplicated operator)	invalid_ind (duplicated operator)
selectPercentile(49.71457246690581);selectFwe(0.049224706457493446);adaBoost(decisionTree('entropy',25,18,0.49540592491118873,11,'None'),73,1.0164150599074437,'SAMME')	0.5433333333333333	3.1105971336364746
minMaxScaler();minMaxScaler();decisionTree('entropy',29,3,0.16567497287207977,3,'None')	invalid_ind (duplicated operator)	invalid_ind (duplicated operator)
extraTreesClassifier(60,'gini','log2',8,11,True,'balanced')	0.577037037037037	3.2247776985168457
maxAbsScaler();gaussianNB(0.002008216061127421)	0.5068518518518518	1.906451940536499
lda(0.17790766067776254,213,0.09731161931133336)	eval_error (n_components cannot be larger than min(n_features, n_classes - 1).)	eval_error (n_components cannot be larger than min(n_features, n_classes - 1).)
fastICA(80,'deflation','unit-variance','cube');logisticRegression('l2','newton-cg',1000,18.832380900373128,'balanced')	0.6875925925925926	1.8840687274932861
decisionTree('gini',19,16,0.23673356878784502,15,'balanced')	0.4587037037037037	cached
minMaxScaler();minMaxScaler();decisionTree('gini',25,3,0.16567497287207977,3,'None')	invalid_ind (duplicated operator)	invalid_ind (duplicated operator)
minMaxScaler();varianceThreshold();maxAbsScaler();minMaxScaler();maxAbsScaler();robustScaler(True,True);varianceThreshold();adaBoost(decisionTree('entropy',20,4,0.03545096569102746,9,'None'),78,0.46224962099039646,'SAMME')	invalid_ind (duplicated operator)	invalid_ind (duplicated operator)
minMaxScaler();pca(0.8054221824292314,True);maxAbsScaler();varianceThreshold();fastICA(38,'deflation','unit-variance','cube');minMaxScaler();adaBoost(decisionTree('gini',12,5,0.2868310479973286,8,'balanced'),49,0.22808948983544083,'SAMME')	invalid_ind (duplicated operator)	invalid_ind (duplicated operator)
varianceThreshold();maxAbsScaler();fastICA(80,'deflation','arbitrary-variance','cube');maxAbsScaler();varianceThreshold();randomForest(95,'gini',0.9140316392019494,12,8,True,'balanced_subsample')	invalid_ind (duplicated operator)	invalid_ind (duplicated operator)
fastICA(80,'deflation','unit-variance','cube');logisticRegression('l2','newton-cg',1000,18.832380900373128,'balanced')	0.6875925925925926	cached
selectPercentile(36.37226801726815);maxAbsScaler();robustScaler(False,False);bernoulliNB(56.1932842988786,False)	0.28611111111111115	cached
robustScaler(False,True);minMaxScaler();qda(0.5171199001879537)	eval_error (The covariance matrix of class 3 is not full rank. When using `solver='svd'` the number of samples in each class should be more than the number of features, but class 3 has 8 samples and 9 features. Try using `solver='eigen'` and setting the parameter `shrinkage` for regularization.)	eval_error (The covariance matrix of class 3 is not full rank. When using `solver='svd'` the number of samples in each class should be more than the number of features, but class 3 has 8 samples and 9 features. Try using `solver='eigen'` and setting the parameter `shrinkage` for regularization.)
decisionTree('gini',19,16,0.23673356878784502,15,'balanced')	0.4587037037037037	cached
selectPercentile(36.37226801726815);maxAbsScaler();robustScaler(True,True);bernoulliNB(4.485972170049178,False)	0.4377777777777778	2.0965206623077393
maxAbsScaler();varianceThreshold();varianceThreshold();varianceThreshold();selectPercentile(89.30686673463248);minMaxScaler();varianceThreshold();adaBoost(decisionTree('entropy',25,14,0.16567497287207977,3,'None'),94,1.6477065768932477,'SAMME')	invalid_ind (duplicated operator)	invalid_ind (duplicated operator)
fastICA(38,'parallel','unit-variance','exp');logisticRegression('l2','newton-cg',1000,0.06981703426173451,'balanced')	0.6433333333333333	2.7591679096221924
nystroem('poly',0.1580717241687374,32,3,-0.5461005579185283);selectPercentile(89.30686673463248);minMaxScaler();varianceThreshold();randomForest(50,'gini',0.6963243108438976,6,9,False,'None')	0.5251851851851852	2.9794864654541016
varianceThreshold();selectPercentile(25.379822174983772);selectFwe(0.025956368254407766);nystroem('sigmoid',0.6560318886820307,100,4,-0.556884039344347);decisionTree('gini',10,17,0.47806466915102097,6,'balanced')	0.4801851851851852	3.685236692428589
minMaxScaler();varianceThreshold();maxAbsScaler();minMaxScaler();maxAbsScaler();robustScaler(True,True);varianceThreshold();adaBoost(decisionTree('gini',20,4,0.03545096569102746,9,'None'),78,0.46224962099039646,'SAMME')	invalid_ind (duplicated operator)	invalid_ind (duplicated operator)
decisionTree('gini',29,16,0.23673356878784502,15,'None')	0.3705555555555556	2.798527956008911
minMaxScaler();varianceThreshold();maxAbsScaler();minMaxScaler();maxAbsScaler();robustScaler(True,True);varianceThreshold();adaBoost(decisionTree('gini',20,4,0.03545096569102746,9,'None'),78,0.46224962099039646,'SAMME')	invalid_ind (duplicated operator)	invalid_ind (duplicated operator)
robustScaler(False,False);minMaxScaler();decisionTree('entropy',28,3,0.6074299110948179,8,'balanced')	0.5744444444444445	3.081629514694214
extraTreesClassifier(60,'gini','log2',8,11,True,'balanced')	0.577037037037037	2.549950122833252
maxAbsScaler();varianceThreshold();varianceThreshold();varianceThreshold();selectPercentile(89.30686673463248);minMaxScaler();varianceThreshold();adaBoost(decisionTree('entropy',28,14,0.6074299110948179,8,'balanced'),94,1.6477065768932477,'SAMME')	invalid_ind (duplicated operator)	invalid_ind (duplicated operator)
selectPercentile(47.32247641508604);minMaxScaler();maxAbsScaler();fastICA(72,'deflation','unit-variance','cube');robustScaler(False,True);adaBoost(decisionTree('gini',9,13,0.9043986330300443,16,'balanced'),99,1.100611564867942,'SAMME')	0.5011111111111111	4.106982231140137
varianceThreshold();varianceThreshold();lda(0.6418946885374921,182,0.06704442636011888)	invalid_ind (duplicated operator)	invalid_ind (duplicated operator)
minMaxScaler();varianceThreshold();maxAbsScaler();minMaxScaler();maxAbsScaler();robustScaler(True,True);varianceThreshold();adaBoost(decisionTree('gini',20,4,0.03545096569102746,9,'None'),78,0.46224962099039646,'SAMME')	invalid_ind (duplicated operator)	invalid_ind (duplicated operator)
minMaxScaler();varianceThreshold();maxAbsScaler();minMaxScaler();maxAbsScaler();robustScaler(True,True);varianceThreshold();adaBoost(decisionTree('gini',20,4,0.03545096569102746,9,'None'),78,0.46224962099039646,'SAMME')	invalid_ind (duplicated operator)	invalid_ind (duplicated operator)
varianceThreshold();selectFwe(0.034938126081890876);fastICA(92,'parallel','arbitrary-variance','logcosh');maxAbsScaler();maxAbsScaler();minMaxScaler();multinomialNB(0.19427804631248696,False)	invalid_ind (duplicated operator)	invalid_ind (duplicated operator)
adaBoost(decisionTree('entropy',28,14,0.6074299110948179,8,'balanced'),94,1.6477065768932477,'SAMME')	0.6885185185185185	4.474179744720459
fastICA(58,'deflation','unit-variance','cube');logisticRegression('None','newton-cg',1000,18.832380900373128,'balanced')	0.6622222222222222	2.35037899017334
minMaxScaler();pca(0.8054221824292314,True);maxAbsScaler();varianceThreshold();fastICA(38,'deflation','unit-variance','cube');minMaxScaler();adaBoost(decisionTree('gini',10,5,0.47806466915102097,8,'balanced'),49,0.22808948983544083,'SAMME')	invalid_ind (duplicated operator)	invalid_ind (duplicated operator)
minMaxScaler();varianceThreshold();maxAbsScaler();minMaxScaler();maxAbsScaler();robustScaler(True,True);varianceThreshold();adaBoost(decisionTree('gini',20,4,0.03545096569102746,9,'balanced'),78,0.46224962099039646,'SAMME')	invalid_ind (duplicated operator)	invalid_ind (duplicated operator)
adaBoost(decisionTree('gini',21,17,0.9008098536570839,4,'balanced'),49,0.22808948983544083,'SAMME')	0.7477777777777778	3.2218894958496094
maxAbsScaler();varianceThreshold();maxAbsScaler();maxAbsScaler();fastICA(100,'deflation','unit-variance','cube');selectFwe(0.029266950548952928);selectPercentile(92.02302826129616);multinomialNB(3.362106862148909,True)	invalid_ind (duplicated operator)	invalid_ind (duplicated operator)
varianceThreshold();selectFwe(0.034938126081890876);fastICA(92,'parallel','arbitrary-variance','logcosh');maxAbsScaler();maxAbsScaler();varianceThreshold();multinomialNB(0.19427804631248696,False)	invalid_ind (duplicated operator)	invalid_ind (duplicated operator)
selectPercentile(56.82194561990372);logisticRegression('l2','newton-cg',1000,18.832380900373128,'balanced')	0.6590740740740739	2.458963632583618
varianceThreshold();selectFwe(0.034938126081890876);fastICA(92,'deflation','arbitrary-variance','logcosh');maxAbsScaler();maxAbsScaler();minMaxScaler();multinomialNB(0.19427804631248696,False)	invalid_ind (duplicated operator)	invalid_ind (duplicated operator)
varianceThreshold();gaussianNB(0.002008216061127421)	0.5216666666666666	2.5039267539978027
decisionTree('gini',19,16,0.23673356878784502,15,'None')	0.3705555555555556	2.128983974456787
minMaxScaler();qda(0.02323491698028679)	eval_error (The covariance matrix of class 3 is not full rank. When using `solver='svd'` the number of samples in each class should be more than the number of features, but class 3 has 8 samples and 9 features. Try using `solver='eigen'` and setting the parameter `shrinkage` for regularization.)	eval_error (The covariance matrix of class 3 is not full rank. When using `solver='svd'` the number of samples in each class should be more than the number of features, but class 3 has 8 samples and 9 features. Try using `solver='eigen'` and setting the parameter `shrinkage` for regularization.)
selectPercentile(49.71457246690581);minMaxScaler();adaBoost(decisionTree('entropy',25,18,0.49540592491118873,11,'None'),73,1.0164150599074437,'SAMME')	0.5396296296296297	2.9663712978363037
fastICA(38,'parallel','unit-variance','cube');logisticRegression('l2','newton-cg',1000,0.06981703426173451,'balanced')	0.6433333333333333	2.0006985664367676
robustScaler(False,True);selectFwe(0.049224706457493446);qda(0.5171199001879537)	eval_error (The covariance matrix of class 5 is not full rank. When using `solver='svd'` the number of samples in each class should be more than the number of features, but class 5 has 4 samples and 5 features. Try using `solver='eigen'` and setting the parameter `shrinkage` for regularization.)	eval_error (The covariance matrix of class 5 is not full rank. When using `solver='svd'` the number of samples in each class should be more than the number of features, but class 5 has 4 samples and 5 features. Try using `solver='eigen'` and setting the parameter `shrinkage` for regularization.)
varianceThreshold();selectFwe(0.034938126081890876);fastICA(92,'parallel','arbitrary-variance','logcosh');maxAbsScaler();maxAbsScaler();varianceThreshold();multinomialNB(0.19427804631248696,False)	invalid_ind (duplicated operator)	invalid_ind (duplicated operator)
adaBoost(decisionTree('gini',21,17,0.9008098536570839,4,'balanced'),49,0.22808948983544083,'SAMME')	0.7477777777777778	cached
fastICA(80,'deflation','unit-variance','cube');logisticRegression('l2','newton-cg',1000,18.832380900373128,'balanced')	0.6875925925925926	cached
maxAbsScaler();varianceThreshold();maxAbsScaler();maxAbsScaler();fastICA(100,'deflation','unit-variance','cube');selectFwe(0.029266950548952928);selectPercentile(92.02302826129616);multinomialNB(3.362106862148909,True)	invalid_ind (duplicated operator)	invalid_ind (duplicated operator)
fastICA(80,'deflation','unit-variance','cube');logisticRegression('l2','newton-cg',1000,18.832380900373128,'balanced')	0.6875925925925926	cached
varianceThreshold();selectFwe(0.034938126081890876);fastICA(92,'deflation','arbitrary-variance','logcosh');maxAbsScaler();maxAbsScaler();minMaxScaler();multinomialNB(0.19427804631248696,False)	invalid_ind (duplicated operator)	invalid_ind (duplicated operator)
minMaxScaler();varianceThreshold();maxAbsScaler();minMaxScaler();maxAbsScaler();robustScaler(True,True);varianceThreshold();adaBoost(decisionTree('gini',20,4,0.03545096569102746,9,'None'),78,0.46224962099039646,'SAMME')	invalid_ind (duplicated operator)	invalid_ind (duplicated operator)
minMaxScaler();varianceThreshold();maxAbsScaler();minMaxScaler();maxAbsScaler();robustScaler(True,True);varianceThreshold();extraTreesClassifier(42,'gini','sqrt',9,14,True,'None')	invalid_ind (duplicated operator)	invalid_ind (duplicated operator)
varianceThreshold();gaussianNB(0.002008216061127421)	0.5216666666666666	cached
robustScaler(False,True);minMaxScaler();qda(0.5171199001879537)	eval_error (The covariance matrix of class 3 is not full rank. When using `solver='svd'` the number of samples in each class should be more than the number of features, but class 3 has 8 samples and 9 features. Try using `solver='eigen'` and setting the parameter `shrinkage` for regularization.)	eval_error (The covariance matrix of class 3 is not full rank. When using `solver='svd'` the number of samples in each class should be more than the number of features, but class 3 has 8 samples and 9 features. Try using `solver='eigen'` and setting the parameter `shrinkage` for regularization.)
fastICA(80,'deflation','unit-variance','cube');minMaxScaler();qda(0.5171199001879537)	eval_error (The covariance matrix of class 3 is not full rank. When using `solver='svd'` the number of samples in each class should be more than the number of features, but class 3 has 8 samples and 9 features. Try using `solver='eigen'` and setting the parameter `shrinkage` for regularization.)	eval_error (The covariance matrix of class 3 is not full rank. When using `solver='svd'` the number of samples in each class should be more than the number of features, but class 3 has 8 samples and 9 features. Try using `solver='eigen'` and setting the parameter `shrinkage` for regularization.)
qda(0.5171199001879537)	eval_error (The covariance matrix of class 3 is not full rank. When using `solver='svd'` the number of samples in each class should be more than the number of features, but class 3 has 8 samples and 9 features. Try using `solver='eigen'` and setting the parameter `shrinkage` for regularization.)	eval_error (The covariance matrix of class 3 is not full rank. When using `solver='svd'` the number of samples in each class should be more than the number of features, but class 3 has 8 samples and 9 features. Try using `solver='eigen'` and setting the parameter `shrinkage` for regularization.)
minMaxScaler();qda(0.02323491698028679)	eval_error (The covariance matrix of class 3 is not full rank. When using `solver='svd'` the number of samples in each class should be more than the number of features, but class 3 has 8 samples and 9 features. Try using `solver='eigen'` and setting the parameter `shrinkage` for regularization.)	eval_error (The covariance matrix of class 3 is not full rank. When using `solver='svd'` the number of samples in each class should be more than the number of features, but class 3 has 8 samples and 9 features. Try using `solver='eigen'` and setting the parameter `shrinkage` for regularization.)
decisionTree('gini',19,16,0.23673356878784502,15,'balanced')	0.4587037037037037	1.9327945709228516
fastICA(38,'deflation','unit-variance','cube');logisticRegression('l2','newton-cg',1000,0.06981703426173451,'balanced')	0.6433333333333333	cached
adaBoost(decisionTree('gini',21,17,0.9008098536570839,4,'balanced'),77,0.9327224554507606,'SAMME')	0.7051851851851851	cached
minMaxScaler();pca(0.8054221824292314,True);maxAbsScaler();varianceThreshold();fastICA(38,'deflation','unit-variance','cube');minMaxScaler();adaBoost(decisionTree('gini',10,5,0.47806466915102097,8,'balanced'),49,0.22808948983544083,'SAMME')	invalid_ind (duplicated operator)	invalid_ind (duplicated operator)
adaBoost(decisionTree('entropy',28,14,0.6074299110948179,8,'balanced'),94,1.6477065768932477,'SAMME')	0.6885185185185185	4.1040871143341064
robustScaler(False,True);selectFwe(0.049224706457493446);decisionTree('gini',29,16,0.23673356878784502,15,'None')	0.33925925925925926	2.2818429470062256
nystroem('poly',0.1580717241687374,32,3,-0.5461005579185283);selectPercentile(89.30686673463248);minMaxScaler();varianceThreshold();randomForest(50,'gini',0.6963243108438976,6,9,False,'None')	0.5251851851851852	2.9300928115844727
robustScaler(False,True);logisticRegression('l2','newton-cg',1000,18.832380900373128,'balanced')	0.7274074074074074	3.869532823562622
fastICA(38,'parallel','unit-variance','cube');logisticRegression('l2','newton-cg',1000,0.06981703426173451,'balanced')	0.6433333333333333	2.2296841144561768
extraTreesClassifier(60,'gini','log2',8,11,True,'balanced')	0.577037037037037	3.103722095489502
minMaxScaler();varianceThreshold();maxAbsScaler();minMaxScaler();maxAbsScaler();robustScaler(True,True);varianceThreshold();adaBoost(decisionTree('gini',23,16,0.24898808785237958,5,'None'),78,0.46224962099039646,'SAMME')	invalid_ind (duplicated operator)	invalid_ind (duplicated operator)
robustScaler(False,True);minMaxScaler();qda(0.5171199001879537)	eval_error (The covariance matrix of class 3 is not full rank. When using `solver='svd'` the number of samples in each class should be more than the number of features, but class 3 has 8 samples and 9 features. Try using `solver='eigen'` and setting the parameter `shrinkage` for regularization.)	eval_error (The covariance matrix of class 3 is not full rank. When using `solver='svd'` the number of samples in each class should be more than the number of features, but class 3 has 8 samples and 9 features. Try using `solver='eigen'` and setting the parameter `shrinkage` for regularization.)
decisionTree('gini',19,16,0.23673356878784502,15,'balanced')	0.4587037037037037	2.490546226501465
adaBoost(decisionTree('gini',21,17,0.9008098536570839,4,'balanced'),94,1.6477065768932477,'SAMME')	0.6390740740740741	3.714057445526123
robustScaler(False,False);fastICA(80,'deflation','unit-variance','cube');minMaxScaler();logisticRegression('None','saga',1000,0.6181585576379076,'balanced')	0.6846296296296297	2.478609800338745
fastICA(38,'parallel','unit-variance','exp');logisticRegression('l2','sag',1000,0.06981703426173451,'balanced')	0.6433333333333333	2.33528470993042
varianceThreshold();maxAbsScaler();lda(0.6418946885374921,182,0.06704442636011888)	eval_error (n_components cannot be larger than min(n_features, n_classes - 1).)	eval_error (n_components cannot be larger than min(n_features, n_classes - 1).)
varianceThreshold();varianceThreshold();maxAbsScaler();maxAbsScaler();fastICA(100,'deflation','unit-variance','cube');selectFwe(0.029266950548952928);selectPercentile(92.02302826129616);multinomialNB(3.362106862148909,True)	invalid_ind (duplicated operator)	invalid_ind (duplicated operator)
adaBoost(decisionTree('entropy',28,14,0.6074299110948179,8,'balanced'),94,1.6477065768932477,'SAMME')	0.6885185185185185	cached
decisionTree('gini',29,16,0.23673356878784502,15,'None')	0.3705555555555556	cached
selectPercentile(49.71457246690581);minMaxScaler();adaBoost(decisionTree('entropy',25,18,0.49540592491118873,11,'None'),73,1.0164150599074437,'SAMME')	0.5396296296296297	3.3146584033966064
adaBoost(decisionTree('gini',24,9,0.7456964432885294,15,'None'),49,0.22808948983544083,'SAMME')	0.6838888888888888	2.7671070098876953
maxAbsScaler();qda(0.02323491698028679)	eval_error (The covariance matrix of class 3 is not full rank. When using `solver='svd'` the number of samples in each class should be more than the number of features, but class 3 has 8 samples and 9 features. Try using `solver='eigen'` and setting the parameter `shrinkage` for regularization.)	eval_error (The covariance matrix of class 3 is not full rank. When using `solver='svd'` the number of samples in each class should be more than the number of features, but class 3 has 8 samples and 9 features. Try using `solver='eigen'` and setting the parameter `shrinkage` for regularization.)
minMaxScaler();varianceThreshold();minMaxScaler();minMaxScaler();maxAbsScaler();robustScaler(True,True);varianceThreshold();adaBoost(decisionTree('gini',20,4,0.03545096569102746,9,'None'),78,0.46224962099039646,'SAMME')	invalid_ind (duplicated operator)	invalid_ind (duplicated operator)
adaBoost(decisionTree('gini',21,17,0.9008098536570839,4,'balanced'),49,0.22808948983544083,'SAMME')	0.7477777777777778	3.106205463409424
selectPercentile(47.32247641508604);minMaxScaler();maxAbsScaler();fastICA(72,'deflation','unit-variance','cube');robustScaler(False,True);adaBoost(decisionTree('gini',9,13,0.9043986330300443,16,'balanced'),94,1.6477065768932477,'SAMME')	0.5655555555555556	3.3131682872772217
maxAbsScaler();varianceThreshold();maxAbsScaler();varianceThreshold();selectPercentile(89.30686673463248);minMaxScaler();varianceThreshold();adaBoost(decisionTree('entropy',25,14,0.16567497287207977,3,'None'),99,1.100611564867942,'SAMME')	invalid_ind (duplicated operator)	invalid_ind (duplicated operator)
fastICA(80,'deflation','unit-variance','cube');logisticRegression('l2','newton-cg',1000,18.832380900373128,'balanced')	0.6875925925925926	cached
minMaxScaler();pca(0.8054221824292314,True);maxAbsScaler();varianceThreshold();fastICA(38,'deflation','unit-variance','cube');minMaxScaler();adaBoost(decisionTree('gini',10,5,0.47806466915102097,8,'balanced'),49,0.22808948983544083,'SAMME')	invalid_ind (duplicated operator)	invalid_ind (duplicated operator)
adaBoost(decisionTree('gini',21,17,0.9008098536570839,4,'balanced'),77,0.9327224554507606,'SAMME')	0.7051851851851851	cached
robustScaler(False,False);fastICA(80,'deflation','unit-variance','cube');minMaxScaler();logisticRegression('None','saga',1000,0.6181585576379076,'balanced')	0.6846296296296297	cached
varianceThreshold();varianceThreshold();robustScaler(False,True);minMaxScaler();minMaxScaler();selectFwe(0.008114331864550777);adaBoost(decisionTree('entropy',13,20,0.8149124780236058,20,'None'),75,0.47076152977688585,'SAMME')	invalid_ind (duplicated operator)	invalid_ind (duplicated operator)
robustScaler(False,True);minMaxScaler();logisticRegression('l2','newton-cg',1000,18.832380900373128,'balanced')	0.7003703703703703	1.9420042037963867
robustScaler(False,True);minMaxScaler();qda(0.5171199001879537)	eval_error (The covariance matrix of class 3 is not full rank. When using `solver='svd'` the number of samples in each class should be more than the number of features, but class 3 has 8 samples and 9 features. Try using `solver='eigen'` and setting the parameter `shrinkage` for regularization.)	eval_error (The covariance matrix of class 3 is not full rank. When using `solver='svd'` the number of samples in each class should be more than the number of features, but class 3 has 8 samples and 9 features. Try using `solver='eigen'` and setting the parameter `shrinkage` for regularization.)
robustScaler(False,True);minMaxScaler();qda(0.41242101725155844)	eval_error (The covariance matrix of class 3 is not full rank. When using `solver='svd'` the number of samples in each class should be more than the number of features, but class 3 has 8 samples and 9 features. Try using `solver='eigen'` and setting the parameter `shrinkage` for regularization.)	eval_error (The covariance matrix of class 3 is not full rank. When using `solver='svd'` the number of samples in each class should be more than the number of features, but class 3 has 8 samples and 9 features. Try using `solver='eigen'` and setting the parameter `shrinkage` for regularization.)
adaBoost(decisionTree('gini',18,6,0.6442414165088093,19,'balanced'),77,0.9327224554507606,'SAMME')	0.6470370370370371	3.254646062850952
robustScaler(False,True);logisticRegression('l2','newton-cg',1000,18.832380900373128,'balanced')	0.7274074074074074	4.345461368560791
qda(0.5171199001879537)	eval_error (The covariance matrix of class 3 is not full rank. When using `solver='svd'` the number of samples in each class should be more than the number of features, but class 3 has 8 samples and 9 features. Try using `solver='eigen'` and setting the parameter `shrinkage` for regularization.)	eval_error (The covariance matrix of class 3 is not full rank. When using `solver='svd'` the number of samples in each class should be more than the number of features, but class 3 has 8 samples and 9 features. Try using `solver='eigen'` and setting the parameter `shrinkage` for regularization.)
robustScaler(False,True);minMaxScaler();adaBoost(decisionTree('gini',21,17,0.9008098536570839,4,'balanced'),77,0.9327224554507606,'SAMME')	0.694074074074074	3.819439649581909
adaBoost(decisionTree('gini',21,17,0.9008098536570839,4,'None'),49,0.22808948983544083,'SAMME')	0.6670370370370371	2.6999998092651367
selectPercentile(56.82194561990372);logisticRegression('l2','newton-cg',1000,18.832380900373128,'balanced')	0.6590740740740739	cached
adaBoost(decisionTree('gini',21,17,0.9008098536570839,4,'balanced'),77,0.9327224554507606,'SAMME')	0.7051851851851851	cached
adaBoost(decisionTree('gini',21,17,0.9008098536570839,4,'balanced'),77,0.9327224554507606,'SAMME')	0.7051851851851851	3.828749656677246
varianceThreshold();selectFwe(0.034938126081890876);fastICA(92,'deflation','arbitrary-variance','logcosh');maxAbsScaler();maxAbsScaler();minMaxScaler();multinomialNB(0.19427804631248696,False)	invalid_ind (duplicated operator)	invalid_ind (duplicated operator)
robustScaler(False,True);minMaxScaler();qda(0.5171199001879537)	eval_error (The covariance matrix of class 3 is not full rank. When using `solver='svd'` the number of samples in each class should be more than the number of features, but class 3 has 8 samples and 9 features. Try using `solver='eigen'` and setting the parameter `shrinkage` for regularization.)	eval_error (The covariance matrix of class 3 is not full rank. When using `solver='svd'` the number of samples in each class should be more than the number of features, but class 3 has 8 samples and 9 features. Try using `solver='eigen'` and setting the parameter `shrinkage` for regularization.)
adaBoost(decisionTree('gini',21,17,0.9008098536570839,4,'balanced'),49,0.22808948983544083,'SAMME')	0.7477777777777778	4.223017930984497
minMaxScaler();varianceThreshold();maxAbsScaler();minMaxScaler();maxAbsScaler();robustScaler(True,True);varianceThreshold();adaBoost(decisionTree('gini',20,4,0.03545096569102746,9,'None'),78,0.46224962099039646,'SAMME')	invalid_ind (duplicated operator)	invalid_ind (duplicated operator)
adaBoost(decisionTree('gini',10,17,0.47806466915102097,4,'balanced'),49,0.22808948983544083,'SAMME')	0.7288888888888889	3.6715898513793945
minMaxScaler();pca(0.8054221824292314,True);maxAbsScaler();varianceThreshold();fastICA(38,'deflation','unit-variance','cube');minMaxScaler();adaBoost(decisionTree('gini',15,5,0.9008098536570839,8,'balanced'),49,0.22808948983544083,'SAMME')	invalid_ind (duplicated operator)	invalid_ind (duplicated operator)
adaBoost(decisionTree('entropy',9,17,0.4831409659681688,14,'balanced'),92,1.3344648575665912,'SAMME')	0.6624074074074076	4.239464998245239
adaBoost(decisionTree('entropy',28,14,0.6074299110948179,8,'balanced'),94,1.6477065768932477,'SAMME')	0.6885185185185185	4.259094715118408
selectPercentile(49.71457246690581);minMaxScaler();adaBoost(decisionTree('entropy',25,18,0.49540592491118873,11,'None'),73,1.0164150599074437,'SAMME')	0.5396296296296297	cached
adaBoost(decisionTree('gini',21,17,0.9008098536570839,4,'balanced'),77,0.9327224554507606,'SAMME')	0.7051851851851851	cached
minMaxScaler();pca(0.8054221824292314,True);maxAbsScaler();varianceThreshold();fastICA(38,'deflation','unit-variance','cube');minMaxScaler();adaBoost(decisionTree('gini',10,5,0.47806466915102097,8,'balanced'),49,0.22808948983544083,'SAMME')	invalid_ind (duplicated operator)	invalid_ind (duplicated operator)
selectPercentile(47.32247641508604);minMaxScaler();maxAbsScaler();fastICA(72,'deflation','unit-variance','cube');robustScaler(False,True);adaBoost(decisionTree('gini',9,13,0.9043986330300443,16,'balanced'),94,1.6477065768932477,'SAMME')	0.5655555555555556	cached
extraTreesClassifier(60,'gini','log2',8,11,True,'balanced')	0.577037037037037	cached
fastICA(80,'deflation','unit-variance','cube');minMaxScaler();qda(0.5171199001879537)	eval_error (The covariance matrix of class 3 is not full rank. When using `solver='svd'` the number of samples in each class should be more than the number of features, but class 3 has 8 samples and 9 features. Try using `solver='eigen'` and setting the parameter `shrinkage` for regularization.)	eval_error (The covariance matrix of class 3 is not full rank. When using `solver='svd'` the number of samples in each class should be more than the number of features, but class 3 has 8 samples and 9 features. Try using `solver='eigen'` and setting the parameter `shrinkage` for regularization.)
adaBoost(decisionTree('gini',21,17,0.9008098536570839,4,'balanced'),94,1.6477065768932477,'SAMME')	0.6390740740740741	4.466606140136719
minMaxScaler();varianceThreshold();maxAbsScaler();minMaxScaler();maxAbsScaler();robustScaler(True,True);varianceThreshold();extraTreesClassifier(42,'gini','sqrt',9,14,True,'None')	invalid_ind (duplicated operator)	invalid_ind (duplicated operator)
qda(0.5171199001879537)	eval_error (The covariance matrix of class 3 is not full rank. When using `solver='svd'` the number of samples in each class should be more than the number of features, but class 3 has 8 samples and 9 features. Try using `solver='eigen'` and setting the parameter `shrinkage` for regularization.)	eval_error (The covariance matrix of class 3 is not full rank. When using `solver='svd'` the number of samples in each class should be more than the number of features, but class 3 has 8 samples and 9 features. Try using `solver='eigen'` and setting the parameter `shrinkage` for regularization.)
decisionTree('gini',19,16,0.23673356878784502,15,'balanced')	0.4587037037037037	2.7873382568359375
fastICA(80,'deflation','unit-variance','cube');logisticRegression('l2','newton-cg',1000,18.832380900373128,'balanced')	0.6875925925925926	2.4893369674682617
robustScaler(False,True);minMaxScaler();adaBoost(decisionTree('entropy',28,14,0.6074299110948179,8,'balanced'),94,1.6477065768932477,'SAMME')	0.6851851851851852	4.634531259536743
adaBoost(decisionTree('gini',23,4,0.5408181361610681,7,'None'),49,0.22808948983544083,'SAMME')	0.6814814814814815	2.9314801692962646
varianceThreshold();maxAbsScaler();lda(0.6418946885374921,182,0.06704442636011888)	eval_error (n_components cannot be larger than min(n_features, n_classes - 1).)	eval_error (n_components cannot be larger than min(n_features, n_classes - 1).)
varianceThreshold();maxAbsScaler();lda(0.6418946885374921,182,0.06704442636011888)	eval_error (n_components cannot be larger than min(n_features, n_classes - 1).)	eval_error (n_components cannot be larger than min(n_features, n_classes - 1).)
qda(0.5171199001879537)	eval_error (The covariance matrix of class 3 is not full rank. When using `solver='svd'` the number of samples in each class should be more than the number of features, but class 3 has 8 samples and 9 features. Try using `solver='eigen'` and setting the parameter `shrinkage` for regularization.)	eval_error (The covariance matrix of class 3 is not full rank. When using `solver='svd'` the number of samples in each class should be more than the number of features, but class 3 has 8 samples and 9 features. Try using `solver='eigen'` and setting the parameter `shrinkage` for regularization.)
minMaxScaler();varianceThreshold();maxAbsScaler();minMaxScaler();maxAbsScaler();robustScaler(True,True);varianceThreshold();extraTreesClassifier(42,'gini','sqrt',9,14,True,'None')	invalid_ind (duplicated operator)	invalid_ind (duplicated operator)
minMaxScaler();robustScaler(False,True);maxAbsScaler();varianceThreshold();fastICA(38,'deflation','unit-variance','cube');minMaxScaler();adaBoost(decisionTree('gini',15,5,0.9008098536570839,8,'balanced'),49,0.22808948983544083,'SAMME')	invalid_ind (duplicated operator)	invalid_ind (duplicated operator)
robustScaler(False,True);minMaxScaler();adaBoost(decisionTree('entropy',28,14,0.6074299110948179,8,'balanced'),94,1.6477065768932477,'SAMME')	0.6851851851851852	cached
minMaxScaler();pca(0.8054221824292314,True);maxAbsScaler();varianceThreshold();fastICA(38,'deflation','unit-variance','cube');minMaxScaler();adaBoost(decisionTree('gini',10,5,0.47806466915102097,8,'balanced'),49,0.22808948983544083,'SAMME')	invalid_ind (duplicated operator)	invalid_ind (duplicated operator)
varianceThreshold();varianceThreshold();robustScaler(False,True);minMaxScaler();minMaxScaler();selectFwe(0.008114331864550777);adaBoost(decisionTree('entropy',13,20,0.8149124780236058,20,'None'),75,0.47076152977688585,'SAMME')	invalid_ind (duplicated operator)	invalid_ind (duplicated operator)
adaBoost(decisionTree('gini',21,17,0.9008098536570839,4,'balanced'),49,0.22808948983544083,'SAMME')	0.7477777777777778	cached
adaBoost(decisionTree('gini',21,17,0.9008098536570839,4,'None'),49,0.22808948983544083,'SAMME')	0.6670370370370371	cached
minMaxScaler();pca(0.8054221824292314,True);maxAbsScaler();varianceThreshold();fastICA(38,'deflation','unit-variance','cube');minMaxScaler();adaBoost(decisionTree('gini',10,5,0.47806466915102097,8,'balanced'),49,0.22808948983544083,'SAMME')	invalid_ind (duplicated operator)	invalid_ind (duplicated operator)
varianceThreshold();maxAbsScaler();lda(0.6418946885374921,182,0.06704442636011888)	eval_error (n_components cannot be larger than min(n_features, n_classes - 1).)	eval_error (n_components cannot be larger than min(n_features, n_classes - 1).)
pca(0.8054221824292314,True);minMaxScaler();qda(0.5171199001879537)	0.16666666666666666	2.003013849258423
robustScaler(True,True);logisticRegression('l2','newton-cg',1000,18.832380900373128,'balanced')	0.729074074074074	2.5799365043640137
minMaxScaler();varianceThreshold();maxAbsScaler();minMaxScaler();maxAbsScaler();robustScaler(False,True);varianceThreshold();extraTreesClassifier(42,'gini','sqrt',9,14,True,'None')	invalid_ind (duplicated operator)	invalid_ind (duplicated operator)
adaBoost(decisionTree('gini',20,17,0.03545096569102746,4,'None'),78,0.46224962099039646,'SAMME')	0.6474074074074074	3.0495529174804688
minMaxScaler();varianceThreshold();maxAbsScaler();minMaxScaler();maxAbsScaler();robustScaler(True,True);varianceThreshold();adaBoost(decisionTree('gini',21,4,0.9008098536570839,9,'balanced'),77,0.9327224554507606,'SAMME')	invalid_ind (duplicated operator)	invalid_ind (duplicated operator)
minMaxScaler();pca(0.8054221824292314,True);maxAbsScaler();varianceThreshold();minMaxScaler();minMaxScaler();adaBoost(decisionTree('gini',10,5,0.47806466915102097,8,'balanced'),49,0.22808948983544083,'SAMME')	invalid_ind (duplicated operator)	invalid_ind (duplicated operator)
fastICA(80,'deflation','unit-variance','cube');adaBoost(decisionTree('gini',10,17,0.47806466915102097,4,'balanced'),49,0.22808948983544083,'SAMME')	0.6470370370370371	3.6400973796844482
fastICA(80,'deflation','unit-variance','cube');qda(0.5171199001879537)	eval_error (The covariance matrix of class 3 is not full rank. When using `solver='svd'` the number of samples in each class should be more than the number of features, but class 3 has 8 samples and 9 features. Try using `solver='eigen'` and setting the parameter `shrinkage` for regularization.)	eval_error (The covariance matrix of class 3 is not full rank. When using `solver='svd'` the number of samples in each class should be more than the number of features, but class 3 has 8 samples and 9 features. Try using `solver='eigen'` and setting the parameter `shrinkage` for regularization.)
robustScaler(False,True);fastICA(38,'deflation','unit-variance','cube');logisticRegression('l2','newton-cg',1000,18.832380900373128,'balanced')	0.6875925925925926	2.341028928756714
adaBoost(decisionTree('gini',21,17,0.9008098536570839,4,'balanced'),77,0.9327224554507606,'SAMME')	0.7051851851851851	3.761018991470337
adaBoost(decisionTree('gini',21,17,0.9008098536570839,4,'balanced'),92,1.3344648575665912,'SAMME')	0.6618518518518519	4.542406320571899
logisticRegression('l2','newton-cg',1000,18.832380900373128,'balanced')	0.6755555555555556	3.1713509559631348
robustScaler(False,True);minMaxScaler();logisticRegression('l2','newton-cg',1000,18.832380900373128,'balanced')	0.7003703703703703	2.8423852920532227
robustScaler(True,True);minMaxScaler();qda(0.5171199001879537)	eval_error (The covariance matrix of class 3 is not full rank. When using `solver='svd'` the number of samples in each class should be more than the number of features, but class 3 has 8 samples and 9 features. Try using `solver='eigen'` and setting the parameter `shrinkage` for regularization.)	eval_error (The covariance matrix of class 3 is not full rank. When using `solver='svd'` the number of samples in each class should be more than the number of features, but class 3 has 8 samples and 9 features. Try using `solver='eigen'` and setting the parameter `shrinkage` for regularization.)
minMaxScaler();varianceThreshold();maxAbsScaler();minMaxScaler();maxAbsScaler();robustScaler(False,True);varianceThreshold();extraTreesClassifier(42,'gini','sqrt',9,14,True,'None')	invalid_ind (duplicated operator)	invalid_ind (duplicated operator)
robustScaler(False,True);minMaxScaler();adaBoost(decisionTree('gini',21,17,0.9008098536570839,4,'balanced'),49,0.22808948983544083,'SAMME')	0.7477777777777778	3.840514659881592
varianceThreshold();maxAbsScaler();lda(0.6418946885374921,182,0.06704442636011888)	eval_error (n_components cannot be larger than min(n_features, n_classes - 1).)	eval_error (n_components cannot be larger than min(n_features, n_classes - 1).)
adaBoost(decisionTree('entropy',9,17,0.4831409659681688,14,'balanced'),49,0.22808948983544083,'SAMME')	0.6461111111111111	3.277087688446045
robustScaler(False,True);minMaxScaler();qda(0.5171199001879537)	eval_error (The covariance matrix of class 3 is not full rank. When using `solver='svd'` the number of samples in each class should be more than the number of features, but class 3 has 8 samples and 9 features. Try using `solver='eigen'` and setting the parameter `shrinkage` for regularization.)	eval_error (The covariance matrix of class 3 is not full rank. When using `solver='svd'` the number of samples in each class should be more than the number of features, but class 3 has 8 samples and 9 features. Try using `solver='eigen'` and setting the parameter `shrinkage` for regularization.)
adaBoost(decisionTree('gini',21,17,0.9008098536570839,4,'balanced'),77,0.9327224554507606,'SAMME')	0.7051851851851851	4.263474702835083
fastICA(89,'parallel','arbitrary-variance','cube');logisticRegression('l2','newton-cg',1000,18.832380900373128,'balanced')	0.6753703703703704	3.0751993656158447
robustScaler(False,True);minMaxScaler();adaBoost(decisionTree('gini',10,17,0.47806466915102097,4,'balanced'),49,0.22808948983544083,'SAMME')	0.7488888888888889	3.697199821472168
adaBoost(decisionTree('gini',21,17,0.9008098536570839,4,'balanced'),77,0.9327224554507606,'SAMME')	0.7051851851851851	4.8572142124176025
varianceThreshold();selectFwe(0.034938126081890876);fastICA(92,'deflation','arbitrary-variance','logcosh');maxAbsScaler();maxAbsScaler();minMaxScaler();multinomialNB(0.19427804631248696,False)	invalid_ind (duplicated operator)	invalid_ind (duplicated operator)
minMaxScaler();pca(0.8054221824292314,True);maxAbsScaler();varianceThreshold();fastICA(38,'deflation','unit-variance','logcosh');minMaxScaler();adaBoost(decisionTree('gini',10,5,0.47806466915102097,8,'balanced'),49,0.22808948983544083,'SAMME')	invalid_ind (duplicated operator)	invalid_ind (duplicated operator)
adaBoost(decisionTree('entropy',9,17,0.4831409659681688,14,'balanced'),92,1.3344648575665912,'SAMME')	0.6624074074074076	4.359788656234741
robustScaler(False,True);logisticRegression('l2','newton-cg',1000,18.832380900373128,'balanced')	0.7274074074074074	4.368115425109863
extraTreesClassifier(60,'gini','log2',8,11,True,'balanced')	0.577037037037037	3.0144684314727783
qda(0.5171199001879537)	eval_error (The covariance matrix of class 3 is not full rank. When using `solver='svd'` the number of samples in each class should be more than the number of features, but class 3 has 8 samples and 9 features. Try using `solver='eigen'` and setting the parameter `shrinkage` for regularization.)	eval_error (The covariance matrix of class 3 is not full rank. When using `solver='svd'` the number of samples in each class should be more than the number of features, but class 3 has 8 samples and 9 features. Try using `solver='eigen'` and setting the parameter `shrinkage` for regularization.)
robustScaler(False,True);minMaxScaler();logisticRegression('l2','newton-cg',1000,18.832380900373128,'balanced')	0.7003703703703703	1.9409568309783936
extraTreesClassifier(60,'gini','log2',8,11,True,'balanced')	0.577037037037037	1.9911110401153564
varianceThreshold();varianceThreshold();robustScaler(False,True);varianceThreshold();minMaxScaler();selectFwe(0.008114331864550777);adaBoost(decisionTree('entropy',13,20,0.8149124780236058,20,'None'),75,0.47076152977688585,'SAMME')	invalid_ind (duplicated operator)	invalid_ind (duplicated operator)
minMaxScaler();varianceThreshold();maxAbsScaler();minMaxScaler();maxAbsScaler();robustScaler(True,True);varianceThreshold();adaBoost(decisionTree('gini',21,4,0.9008098536570839,9,'balanced'),77,0.9327224554507606,'SAMME')	invalid_ind (duplicated operator)	invalid_ind (duplicated operator)
minMaxScaler();varianceThreshold();maxAbsScaler();minMaxScaler();maxAbsScaler();robustScaler(False,False);varianceThreshold();extraTreesClassifier(42,'gini','sqrt',9,14,True,'balanced')	invalid_ind (duplicated operator)	invalid_ind (duplicated operator)
qda(0.5171199001879537)	eval_error (The covariance matrix of class 3 is not full rank. When using `solver='svd'` the number of samples in each class should be more than the number of features, but class 3 has 8 samples and 9 features. Try using `solver='eigen'` and setting the parameter `shrinkage` for regularization.)	eval_error (The covariance matrix of class 3 is not full rank. When using `solver='svd'` the number of samples in each class should be more than the number of features, but class 3 has 8 samples and 9 features. Try using `solver='eigen'` and setting the parameter `shrinkage` for regularization.)
minMaxScaler();maxAbsScaler();lda(0.6418946885374921,182,0.06704442636011888)	eval_error (n_components cannot be larger than min(n_features, n_classes - 1).)	eval_error (n_components cannot be larger than min(n_features, n_classes - 1).)
varianceThreshold();varianceThreshold();robustScaler(True,True);minMaxScaler();minMaxScaler();selectFwe(0.008114331864550777);adaBoost(decisionTree('entropy',13,20,0.8149124780236058,20,'None'),75,0.47076152977688585,'SAMME')	invalid_ind (duplicated operator)	invalid_ind (duplicated operator)
adaBoost(decisionTree('gini',21,17,0.9008098536570839,4,'balanced'),49,0.22808948983544083,'SAMME')	0.7477777777777778	cached
robustScaler(True,True);logisticRegression('l2','newton-cg',1000,18.832380900373128,'balanced')	0.729074074074074	cached
minMaxScaler();nystroem('poly',0.7621579848369675,98,3,-0.1202857985402146);maxAbsScaler();minMaxScaler();maxAbsScaler();robustScaler(False,True);varianceThreshold();extraTreesClassifier(42,'gini','sqrt',9,14,True,'None')	invalid_ind (duplicated operator)	invalid_ind (duplicated operator)
varianceThreshold();maxAbsScaler();lda(0.6418946885374921,182,0.06704442636011888)	eval_error (n_components cannot be larger than min(n_features, n_classes - 1).)	eval_error (n_components cannot be larger than min(n_features, n_classes - 1).)
minMaxScaler();pca(0.8054221824292314,False);maxAbsScaler();varianceThreshold();fastICA(38,'deflation','unit-variance','cube');minMaxScaler();adaBoost(decisionTree('gini',10,5,0.47806466915102097,8,'balanced'),49,0.22808948983544083,'SAMME')	invalid_ind (duplicated operator)	invalid_ind (duplicated operator)
adaBoost(decisionTree('gini',21,17,0.9008098536570839,4,'balanced'),49,0.22808948983544083,'SAMME')	0.7477777777777778	cached
minMaxScaler();pca(0.8054221824292314,True);maxAbsScaler();varianceThreshold();minMaxScaler();minMaxScaler();adaBoost(decisionTree('gini',10,5,0.47806466915102097,8,'balanced'),49,0.22808948983544083,'SAMME')	invalid_ind (duplicated operator)	invalid_ind (duplicated operator)
adaBoost(decisionTree('gini',21,17,0.9008098536570839,4,'balanced'),77,0.9327224554507606,'SAMME')	0.7051851851851851	cached
robustScaler(False,True);fastICA(38,'deflation','unit-variance','cube');logisticRegression('l2','newton-cg',1000,18.832380900373128,'balanced')	0.6875925925925926	2.8897454738616943
robustScaler(False,True);minMaxScaler();qda(0.5447730654108379)	eval_error (The covariance matrix of class 3 is not full rank. When using `solver='svd'` the number of samples in each class should be more than the number of features, but class 3 has 8 samples and 9 features. Try using `solver='eigen'` and setting the parameter `shrinkage` for regularization.)	eval_error (The covariance matrix of class 3 is not full rank. When using `solver='svd'` the number of samples in each class should be more than the number of features, but class 3 has 8 samples and 9 features. Try using `solver='eigen'` and setting the parameter `shrinkage` for regularization.)
minMaxScaler();pca(0.8054221824292314,True);maxAbsScaler();varianceThreshold();fastICA(38,'deflation','unit-variance','cube');minMaxScaler();adaBoost(decisionTree('gini',10,5,0.47806466915102097,8,'balanced'),49,0.22808948983544083,'SAMME')	invalid_ind (duplicated operator)	invalid_ind (duplicated operator)
extraTreesClassifier(60,'gini','log2',8,11,True,'balanced')	0.577037037037037	3.597397565841675
robustScaler(True,True);minMaxScaler();qda(0.5171199001879537)	eval_error (The covariance matrix of class 3 is not full rank. When using `solver='svd'` the number of samples in each class should be more than the number of features, but class 3 has 8 samples and 9 features. Try using `solver='eigen'` and setting the parameter `shrinkage` for regularization.)	eval_error (The covariance matrix of class 3 is not full rank. When using `solver='svd'` the number of samples in each class should be more than the number of features, but class 3 has 8 samples and 9 features. Try using `solver='eigen'` and setting the parameter `shrinkage` for regularization.)
adaBoost(decisionTree('gini',21,17,0.9008098536570839,4,'balanced'),49,0.22808948983544083,'SAMME')	0.7477777777777778	3.637939691543579
logisticRegression('l2','newton-cg',1000,18.832380900373128,'balanced')	0.6755555555555556	cached
robustScaler(False,True);minMaxScaler();logisticRegression('l2','newton-cg',1000,18.832380900373128,'balanced')	0.7003703703703703	2.2179031372070312
adaBoost(decisionTree('entropy',9,17,0.4831409659681688,14,'balanced'),49,0.22808948983544083,'SAMME')	0.6461111111111111	3.1359915733337402
varianceThreshold();varianceThreshold();robustScaler(False,True);minMaxScaler();minMaxScaler();selectFwe(0.008114331864550777);adaBoost(decisionTree('entropy',13,20,0.8149124780236058,20,'None'),75,0.47076152977688585,'SAMME')	invalid_ind (duplicated operator)	invalid_ind (duplicated operator)
robustScaler(False,True);minMaxScaler();logisticRegression('l2','newton-cg',1000,18.832380900373128,'balanced')	0.7003703703703703	cached
adaBoost(decisionTree('gini',21,17,0.9008098536570839,4,'balanced'),92,1.3344648575665912,'SAMME')	0.6618518518518519	3.5428836345672607
minMaxScaler();varianceThreshold();maxAbsScaler();minMaxScaler();maxAbsScaler();robustScaler(False,True);varianceThreshold();extraTreesClassifier(42,'gini','sqrt',9,14,True,'None')	invalid_ind (duplicated operator)	invalid_ind (duplicated operator)
adaBoost(decisionTree('gini',21,17,0.3393033128461692,4,'balanced'),77,0.9327224554507606,'SAMME')	0.6744444444444444	4.445019483566284
robustScaler(False,True);minMaxScaler();logisticRegression('l2','newton-cg',1000,18.832380900373128,'balanced')	0.7003703703703703	cached
robustScaler(False,True);minMaxScaler();adaBoost(decisionTree('gini',10,17,0.47806466915102097,4,'balanced'),49,0.22808948983544083,'SAMME')	0.7488888888888889	cached
adaBoost(decisionTree('gini',21,17,0.9008098536570839,4,'None'),58,0.22808948983544083,'SAMME')	0.6837037037037037	2.9596238136291504
adaBoost(decisionTree('gini',21,17,0.9008098536570839,4,'balanced'),77,0.9327224554507606,'SAMME')	0.7051851851851851	cached
robustScaler(False,True);fastICA(38,'deflation','unit-variance','cube');adaBoost(decisionTree('entropy',23,12,0.5517201657063973,2,'None'),62,1.6674183544829286,'SAMME')	0.6235185185185186	3.7289083003997803
robustScaler(False,True);minMaxScaler();adaBoost(decisionTree('gini',10,17,0.9008098536570839,4,'balanced'),49,0.22808948983544083,'SAMME')	0.7477777777777778	3.6168954372406006
robustScaler(False,True);fastICA(92,'deflation','arbitrary-variance','logcosh');qda(0.5171199001879537)	eval_error (The covariance matrix of class 3 is not full rank. When using `solver='svd'` the number of samples in each class should be more than the number of features, but class 3 has 8 samples and 9 features. Try using `solver='eigen'` and setting the parameter `shrinkage` for regularization.)	eval_error (The covariance matrix of class 3 is not full rank. When using `solver='svd'` the number of samples in each class should be more than the number of features, but class 3 has 8 samples and 9 features. Try using `solver='eigen'` and setting the parameter `shrinkage` for regularization.)
varianceThreshold();selectFwe(0.034938126081890876);minMaxScaler();maxAbsScaler();maxAbsScaler();minMaxScaler();multinomialNB(0.19427804631248696,False)	invalid_ind (duplicated operator)	invalid_ind (duplicated operator)
robustScaler(False,True);minMaxScaler();adaBoost(decisionTree('gini',10,14,0.6074299110948179,8,'balanced'),49,0.22808948983544083,'SAMME')	0.7612962962962964	3.304422616958618
adaBoost(decisionTree('gini',17,17,0.47806466915102097,4,'balanced'),12,0.22808948983544083,'SAMME')	0.7507407407407408	2.401930332183838
adaBoost(decisionTree('entropy',9,17,0.4831409659681688,14,'balanced'),92,1.3344648575665912,'SAMME')	0.6624074074074076	4.466855049133301
robustScaler(False,True);minMaxScaler();adaBoost(decisionTree('entropy',28,17,0.47806466915102097,4,'balanced'),94,1.6477065768932477,'SAMME')	0.6568518518518518	3.053692102432251
maxAbsScaler();varianceThreshold();robustScaler(True,True);minMaxScaler();minMaxScaler();selectFwe(0.008114331864550777);adaBoost(decisionTree('entropy',13,20,0.8149124780236058,20,'None'),75,0.47076152977688585,'SAMME')	invalid_ind (duplicated operator)	invalid_ind (duplicated operator)
adaBoost(decisionTree('gini',17,17,0.47806466915102097,4,'balanced'),12,0.22808948983544083,'SAMME')	0.7507407407407408	cached
adaBoost(decisionTree('gini',17,17,0.47806466915102097,4,'balanced'),12,0.22808948983544083,'SAMME')	0.7507407407407408	cached
logisticRegression('l2','newton-cg',1000,18.832380900373128,'balanced')	0.6755555555555556	cached
varianceThreshold();selectFwe(0.034938126081890876);minMaxScaler();maxAbsScaler();maxAbsScaler();minMaxScaler();adaBoost(decisionTree('gini',21,17,0.9008098536570839,4,'None'),58,0.22808948983544083,'SAMME')	invalid_ind (duplicated operator)	invalid_ind (duplicated operator)
minMaxScaler();pca(0.8054221824292314,False);maxAbsScaler();varianceThreshold();fastICA(38,'deflation','unit-variance','cube');minMaxScaler();adaBoost(decisionTree('gini',10,5,0.47806466915102097,8,'balanced'),49,0.22808948983544083,'SAMME')	invalid_ind (duplicated operator)	invalid_ind (duplicated operator)
robustScaler(False,True);fastICA(92,'deflation','arbitrary-variance','logcosh');qda(0.5171199001879537)	eval_error (The covariance matrix of class 3 is not full rank. When using `solver='svd'` the number of samples in each class should be more than the number of features, but class 3 has 8 samples and 9 features. Try using `solver='eigen'` and setting the parameter `shrinkage` for regularization.)	eval_error (The covariance matrix of class 3 is not full rank. When using `solver='svd'` the number of samples in each class should be more than the number of features, but class 3 has 8 samples and 9 features. Try using `solver='eigen'` and setting the parameter `shrinkage` for regularization.)
varianceThreshold();varianceThreshold();robustScaler(True,True);minMaxScaler();minMaxScaler();selectFwe(0.008114331864550777);adaBoost(decisionTree('entropy',13,20,0.8149124780236058,20,'None'),75,0.47076152977688585,'SAMME')	invalid_ind (duplicated operator)	invalid_ind (duplicated operator)
adaBoost(decisionTree('entropy',9,17,0.4831409659681688,14,'balanced'),49,0.22808948983544083,'SAMME')	0.6461111111111111	cached
multinomialNB(0.19427804631248696,False)	0.5483333333333333	2.4146676063537598
extraTreesClassifier(60,'gini','log2',8,11,True,'balanced')	0.577037037037037	2.7138919830322266
robustScaler(False,True);minMaxScaler();adaBoost(decisionTree('gini',26,14,0.6074299110948179,8,'balanced'),49,0.22808948983544083,'SAMME')	0.7612962962962964	2.91227126121521
robustScaler(False,True);fastICA(38,'deflation','unit-variance','exp');adaBoost(decisionTree('entropy',23,12,0.5517201657063973,2,'None'),62,1.11365096248013,'SAMME')	0.6609259259259259	3.863384485244751
robustScaler(False,True);minMaxScaler();qda(0.5447730654108379)	eval_error (The covariance matrix of class 3 is not full rank. When using `solver='svd'` the number of samples in each class should be more than the number of features, but class 3 has 8 samples and 9 features. Try using `solver='eigen'` and setting the parameter `shrinkage` for regularization.)	eval_error (The covariance matrix of class 3 is not full rank. When using `solver='svd'` the number of samples in each class should be more than the number of features, but class 3 has 8 samples and 9 features. Try using `solver='eigen'` and setting the parameter `shrinkage` for regularization.)
robustScaler(False,True);minMaxScaler();adaBoost(decisionTree('gini',10,14,0.6074299110948179,8,'balanced'),49,0.22808948983544083,'SAMME')	0.7612962962962964	cached
minMaxScaler();varianceThreshold();maxAbsScaler();minMaxScaler();maxAbsScaler();robustScaler(False,False);varianceThreshold();extraTreesClassifier(42,'gini','sqrt',7,14,True,'balanced')	invalid_ind (duplicated operator)	invalid_ind (duplicated operator)
robustScaler(True,True);minMaxScaler();qda(0.5171199001879537)	eval_error (The covariance matrix of class 3 is not full rank. When using `solver='svd'` the number of samples in each class should be more than the number of features, but class 3 has 8 samples and 9 features. Try using `solver='eigen'` and setting the parameter `shrinkage` for regularization.)	eval_error (The covariance matrix of class 3 is not full rank. When using `solver='svd'` the number of samples in each class should be more than the number of features, but class 3 has 8 samples and 9 features. Try using `solver='eigen'` and setting the parameter `shrinkage` for regularization.)
robustScaler(False,True);logisticRegression('l2','newton-cg',1000,18.832380900373128,'balanced')	0.7274074074074074	4.670170307159424
fastICA(34,'deflation','arbitrary-variance','exp');logisticRegression('l2','newton-cg',1000,18.832380900373128,'balanced')	0.6753703703703704	2.26159405708313
robustScaler(False,True);logisticRegression('l2','newton-cg',1000,18.832380900373128,'balanced')	0.7274074074074074	4.413283348083496
varianceThreshold();varianceThreshold();robustScaler(False,True);minMaxScaler();minMaxScaler();selectFwe(0.008114331864550777);adaBoost(decisionTree('entropy',13,20,0.8149124780236058,20,'None'),75,0.47076152977688585,'SAMME')	invalid_ind (duplicated operator)	invalid_ind (duplicated operator)
minMaxScaler();varianceThreshold();maxAbsScaler();minMaxScaler();maxAbsScaler();robustScaler(True,True);varianceThreshold();adaBoost(decisionTree('gini',21,4,0.9008098536570839,9,'balanced'),77,0.9327224554507606,'SAMME')	invalid_ind (duplicated operator)	invalid_ind (duplicated operator)
adaBoost(decisionTree('gini',21,17,0.9008098536570839,4,'balanced'),49,0.22808948983544083,'SAMME')	0.7477777777777778	cached
robustScaler(False,True);minMaxScaler();adaBoost(decisionTree('gini',10,17,0.47806466915102097,4,'balanced'),49,0.22808948983544083,'SAMME')	0.7488888888888889	cached
adaBoost(decisionTree('gini',21,17,0.47806466915102097,4,'balanced'),49,0.22808948983544083,'SAMME')	0.7048148148148148	3.637047290802002
qda(0.5171199001879537)	eval_error (The covariance matrix of class 3 is not full rank. When using `solver='svd'` the number of samples in each class should be more than the number of features, but class 3 has 8 samples and 9 features. Try using `solver='eigen'` and setting the parameter `shrinkage` for regularization.)	eval_error (The covariance matrix of class 3 is not full rank. When using `solver='svd'` the number of samples in each class should be more than the number of features, but class 3 has 8 samples and 9 features. Try using `solver='eigen'` and setting the parameter `shrinkage` for regularization.)
robustScaler(False,True);minMaxScaler();adaBoost(decisionTree('gini',10,17,0.47806466915102097,4,'balanced'),49,0.22808948983544083,'SAMME')	0.7488888888888889	cached
minMaxScaler();varianceThreshold();maxAbsScaler();minMaxScaler();maxAbsScaler();robustScaler(False,True);varianceThreshold();extraTreesClassifier(42,'gini','sqrt',9,14,True,'None')	invalid_ind (duplicated operator)	invalid_ind (duplicated operator)
minMaxScaler();varianceThreshold();maxAbsScaler();minMaxScaler();maxAbsScaler();robustScaler(True,True);varianceThreshold();adaBoost(decisionTree('gini',21,4,0.9008098536570839,9,'balanced'),77,0.9327224554507606,'SAMME')	invalid_ind (duplicated operator)	invalid_ind (duplicated operator)
adaBoost(decisionTree('gini',21,17,0.9008098536570839,4,'balanced'),49,0.22808948983544083,'SAMME')	0.7477777777777778	cached
extraTreesClassifier(90,'entropy','sqrt',8,20,True,'balanced_subsample')	0.5577777777777777	4.4437925815582275
robustScaler(True,False);robustScaler(True,True);selectPercentile(92.52132684973328);minMaxScaler();adaBoost(decisionTree('gini',10,17,0.47806466915102097,4,'balanced'),49,0.22808948983544083,'SAMME')	invalid_ind (duplicated operator)	invalid_ind (duplicated operator)
adaBoost(decisionTree('gini',21,17,0.9008098536570839,4,'balanced'),77,0.9327224554507606,'SAMME')	0.7051851851851851	cached
robustScaler(True,True);logisticRegression('l2','newton-cg',1000,18.832380900373128,'balanced')	0.729074074074074	2.83335280418396
adaBoost(decisionTree('gini',17,17,0.9008098536570839,4,'balanced'),12,0.22808948983544083,'SAMME')	0.7266666666666667	3.16424560546875
adaBoost(decisionTree('gini',21,17,0.9008098536570839,4,'balanced'),49,0.22808948983544083,'SAMME')	0.7477777777777778	3.867307662963867
qda(0.5171199001879537)	eval_error (The covariance matrix of class 3 is not full rank. When using `solver='svd'` the number of samples in each class should be more than the number of features, but class 3 has 8 samples and 9 features. Try using `solver='eigen'` and setting the parameter `shrinkage` for regularization.)	eval_error (The covariance matrix of class 3 is not full rank. When using `solver='svd'` the number of samples in each class should be more than the number of features, but class 3 has 8 samples and 9 features. Try using `solver='eigen'` and setting the parameter `shrinkage` for regularization.)
adaBoost(decisionTree('gini',1,17,0.6787260086072551,13,'None'),77,0.9327224554507606,'SAMME')	0.5201851851851852	3.27854061126709
adaBoost(decisionTree('gini',21,17,0.9008098536570839,4,'balanced'),49,0.22808948983544083,'SAMME')	0.7477777777777778	2.7843315601348877
adaBoost(decisionTree('gini',21,17,0.9008098536570839,4,'balanced'),92,1.3344648575665912,'SAMME')	0.6618518518518519	3.498678207397461
varianceThreshold();selectFwe(0.034938126081890876);minMaxScaler();maxAbsScaler();maxAbsScaler();minMaxScaler();adaBoost(decisionTree('gini',21,17,0.9008098536570839,4,'None'),58,0.47076152977688585,'SAMME')	invalid_ind (duplicated operator)	invalid_ind (duplicated operator)
varianceThreshold();varianceThreshold();robustScaler(True,True);minMaxScaler();minMaxScaler();selectFwe(0.008114331864550777);adaBoost(decisionTree('entropy',13,20,0.8149124780236058,20,'None'),75,0.22808948983544083,'SAMME')	invalid_ind (duplicated operator)	invalid_ind (duplicated operator)
minMaxScaler();varianceThreshold();maxAbsScaler();minMaxScaler();maxAbsScaler();robustScaler(True,True);varianceThreshold();logisticRegression('l2','newton-cg',1000,18.832380900373128,'balanced')	invalid_ind (duplicated operator)	invalid_ind (duplicated operator)
robustScaler(False,True);minMaxScaler();adaBoost(decisionTree('gini',21,17,0.9008098536570839,4,'balanced'),49,0.22808948983544083,'SAMME')	0.7477777777777778	cached
adaBoost(decisionTree('gini',21,17,0.9008098536570839,4,'balanced'),77,0.9327224554507606,'SAMME')	0.7051851851851851	cached
extraTreesClassifier(60,'gini','log2',8,11,True,'balanced')	0.577037037037037	cached
adaBoost(decisionTree('gini',21,17,0.9008098536570839,4,'balanced'),49,0.22808948983544083,'SAMME')	0.7477777777777778	cached
varianceThreshold();varianceThreshold();robustScaler(False,True);minMaxScaler();minMaxScaler();selectFwe(0.008114331864550777);qda(0.5171199001879537)	invalid_ind (duplicated operator)	invalid_ind (duplicated operator)
adaBoost(decisionTree('gini',11,17,0.1448324957462659,1,'None'),27,0.011538755235071165,'SAMME')	0.5977777777777777	2.220020294189453
minMaxScaler();varianceThreshold();maxAbsScaler();minMaxScaler();maxAbsScaler();robustScaler(False,False);varianceThreshold();adaBoost(decisionTree('gini',21,17,0.47806466915102097,4,'balanced'),49,0.22808948983544083,'SAMME')	invalid_ind (duplicated operator)	invalid_ind (duplicated operator)
extraTreesClassifier(90,'entropy','sqrt',8,20,True,'balanced_subsample')	0.5577777777777777	3.0152804851531982
adaBoost(decisionTree('gini',21,17,0.9008098536570839,4,'balanced'),77,0.9327224554507606,'SAMME')	0.7051851851851851	3.4803168773651123
minMaxScaler();varianceThreshold();maxAbsScaler();minMaxScaler();maxAbsScaler();robustScaler(True,True);varianceThreshold();adaBoost(decisionTree('gini',21,4,0.9008098536570839,9,'balanced'),49,0.22808948983544083,'SAMME')	invalid_ind (duplicated operator)	invalid_ind (duplicated operator)
robustScaler(True,True);logisticRegression('l2','newton-cg',1000,18.832380900373128,'balanced')	0.729074074074074	cached
adaBoost(decisionTree('gini',17,17,0.9008098536570839,4,'balanced'),12,0.22808948983544083,'SAMME')	0.7266666666666667	cached
adaBoost(decisionTree('gini',17,17,0.47806466915102097,4,'balanced'),12,0.22808948983544083,'SAMME')	0.7507407407407408	cached
robustScaler(False,True);minMaxScaler();adaBoost(decisionTree('gini',10,14,0.6074299110948179,8,'balanced'),49,0.22808948983544083,'SAMME')	0.7612962962962964	cached
minMaxScaler();varianceThreshold();maxAbsScaler();minMaxScaler();maxAbsScaler();robustScaler(True,True);varianceThreshold();qda(0.5171199001879537)	invalid_ind (duplicated operator)	invalid_ind (duplicated operator)
adaBoost(decisionTree('entropy',13,20,0.8149124780236058,20,'None'),75,0.47076152977688585,'SAMME')	0.5794444444444443	3.53174090385437
robustScaler(False,True);fastICA(8,'deflation','arbitrary-variance','logcosh');adaBoost(decisionTree('gini',17,17,0.47806466915102097,4,'balanced'),12,1.2526920637716763,'SAMME')	0.6342592592592593	4.296799898147583
extraTreesClassifier(42,'gini','sqrt',7,14,True,'balanced')	0.6411111111111111	2.6691529750823975
adaBoost(decisionTree('gini',21,17,0.9008098536570839,4,'balanced'),49,0.22808948983544083,'SAMME')	0.7477777777777778	cached
robustScaler(False,True);minMaxScaler();adaBoost(decisionTree('gini',26,14,0.6074299110948179,8,'balanced'),49,0.22808948983544083,'SAMME')	0.7612962962962964	cached
robustScaler(False,True);fastICA(38,'deflation','unit-variance','exp');adaBoost(decisionTree('entropy',23,12,0.5517201657063973,2,'None'),62,1.11365096248013,'SAMME')	0.6609259259259259	cached
robustScaler(False,True);logisticRegression('l2','newton-cg',1000,18.832380900373128,'balanced')	0.7274074074074074	cached
adaBoost(decisionTree('entropy',9,17,0.4831409659681688,14,'balanced'),49,0.22808948983544083,'SAMME')	0.6461111111111111	2.857125759124756
qda(0.5171199001879537)	eval_error (The covariance matrix of class 3 is not full rank. When using `solver='svd'` the number of samples in each class should be more than the number of features, but class 3 has 8 samples and 9 features. Try using `solver='eigen'` and setting the parameter `shrinkage` for regularization.)	eval_error (The covariance matrix of class 3 is not full rank. When using `solver='svd'` the number of samples in each class should be more than the number of features, but class 3 has 8 samples and 9 features. Try using `solver='eigen'` and setting the parameter `shrinkage` for regularization.)
robustScaler(False,True);minMaxScaler();adaBoost(decisionTree('gini',10,17,0.47806466915102097,4,'balanced'),49,0.22808948983544083,'SAMME')	0.7488888888888889	cached
minMaxScaler();varianceThreshold();maxAbsScaler();minMaxScaler();maxAbsScaler();robustScaler(False,True);varianceThreshold();extraTreesClassifier(42,'gini','sqrt',9,14,True,'None')	invalid_ind (duplicated operator)	invalid_ind (duplicated operator)
robustScaler(False,True);minMaxScaler();adaBoost(decisionTree('gini',21,17,0.9008098536570839,4,'balanced'),77,0.9327224554507606,'SAMME')	0.694074074074074	3.309751510620117
minMaxScaler();varianceThreshold();maxAbsScaler();minMaxScaler();maxAbsScaler();robustScaler(True,True);varianceThreshold();adaBoost(decisionTree('gini',21,4,0.9008098536570839,9,'balanced'),49,0.22808948983544083,'SAMME')	invalid_ind (duplicated operator)	invalid_ind (duplicated operator)
multinomialNB(0.19427804631248696,False)	0.5483333333333333	cached
extraTreesClassifier(60,'gini','log2',8,11,True,'balanced')	0.577037037037037	cached
adaBoost(decisionTree('gini',21,4,0.9008098536570839,9,'balanced'),77,0.9327224554507606,'SAMME')	0.6951851851851851	3.9163222312927246
robustScaler(False,False);adaBoost(decisionTree('entropy',9,17,0.4831409659681688,14,'balanced'),49,0.22808948983544083,'SAMME')	0.6461111111111111	2.578610897064209
qda(0.5447730654108379)	eval_error (The covariance matrix of class 3 is not full rank. When using `solver='svd'` the number of samples in each class should be more than the number of features, but class 3 has 8 samples and 9 features. Try using `solver='eigen'` and setting the parameter `shrinkage` for regularization.)	eval_error (The covariance matrix of class 3 is not full rank. When using `solver='svd'` the number of samples in each class should be more than the number of features, but class 3 has 8 samples and 9 features. Try using `solver='eigen'` and setting the parameter `shrinkage` for regularization.)
robustScaler(False,True);fastICA(92,'deflation','arbitrary-variance','logcosh');qda(0.5171199001879537)	eval_error (The covariance matrix of class 3 is not full rank. When using `solver='svd'` the number of samples in each class should be more than the number of features, but class 3 has 8 samples and 9 features. Try using `solver='eigen'` and setting the parameter `shrinkage` for regularization.)	eval_error (The covariance matrix of class 3 is not full rank. When using `solver='svd'` the number of samples in each class should be more than the number of features, but class 3 has 8 samples and 9 features. Try using `solver='eigen'` and setting the parameter `shrinkage` for regularization.)
varianceThreshold();maxAbsScaler();nystroem('poly',0.9202597138115234,59,2,-0.3102617363397908);varianceThreshold();varianceThreshold();maxAbsScaler();adaBoost(decisionTree('gini',10,17,0.47806466915102097,4,'balanced'),49,0.22808948983544083,'SAMME')	invalid_ind (duplicated operator)	invalid_ind (duplicated operator)
robustScaler(True,True);minMaxScaler();qda(0.22377893152453188)	eval_error (The covariance matrix of class 3 is not full rank. When using `solver='svd'` the number of samples in each class should be more than the number of features, but class 3 has 8 samples and 9 features. Try using `solver='eigen'` and setting the parameter `shrinkage` for regularization.)	eval_error (The covariance matrix of class 3 is not full rank. When using `solver='svd'` the number of samples in each class should be more than the number of features, but class 3 has 8 samples and 9 features. Try using `solver='eigen'` and setting the parameter `shrinkage` for regularization.)
logisticRegression('l2','newton-cg',1000,18.832380900373128,'balanced')	0.6755555555555556	2.574587821960449
minMaxScaler();varianceThreshold();maxAbsScaler();minMaxScaler();maxAbsScaler();robustScaler(True,True);varianceThreshold();logisticRegression('l2','newton-cg',1000,18.832380900373128,'balanced')	invalid_ind (duplicated operator)	invalid_ind (duplicated operator)
robustScaler(True,True);logisticRegression('l2','newton-cg',1000,18.832380900373128,'balanced')	0.729074074074074	cached
minMaxScaler();varianceThreshold();maxAbsScaler();minMaxScaler();maxAbsScaler();robustScaler(True,True);varianceThreshold();adaBoost(decisionTree('gini',21,19,0.10751199744502293,2,'None'),61,1.4563804906751088,'SAMME')	invalid_ind (duplicated operator)	invalid_ind (duplicated operator)
minMaxScaler();varianceThreshold();maxAbsScaler();minMaxScaler();maxAbsScaler();robustScaler(True,True);varianceThreshold();extraTreesClassifier(42,'gini','sqrt',9,20,True,'None')	invalid_ind (duplicated operator)	invalid_ind (duplicated operator)
varianceThreshold();selectFwe(0.037894122148163206);minMaxScaler();maxAbsScaler();maxAbsScaler();minMaxScaler();adaBoost(decisionTree('gini',21,17,0.9008098536570839,13,'None'),49,0.22808948983544083,'SAMME')	invalid_ind (duplicated operator)	invalid_ind (duplicated operator)
minMaxScaler();varianceThreshold();maxAbsScaler();minMaxScaler();maxAbsScaler();robustScaler(False,False);varianceThreshold();adaBoost(decisionTree('gini',21,17,0.47806466915102097,4,'balanced'),58,0.47076152977688585,'SAMME')	invalid_ind (duplicated operator)	invalid_ind (duplicated operator)
qda(0.5171199001879537)	eval_error (The covariance matrix of class 3 is not full rank. When using `solver='svd'` the number of samples in each class should be more than the number of features, but class 3 has 8 samples and 9 features. Try using `solver='eigen'` and setting the parameter `shrinkage` for regularization.)	eval_error (The covariance matrix of class 3 is not full rank. When using `solver='svd'` the number of samples in each class should be more than the number of features, but class 3 has 8 samples and 9 features. Try using `solver='eigen'` and setting the parameter `shrinkage` for regularization.)
robustScaler(False,True);fastICA(8,'deflation','arbitrary-variance','logcosh');adaBoost(decisionTree('gini',17,17,0.47806466915102097,4,'balanced'),12,1.2526920637716763,'SAMME')	0.6342592592592593	cached
robustScaler(False,True);fastICA(92,'deflation','arbitrary-variance','logcosh');qda(0.5171199001879537)	eval_error (The covariance matrix of class 3 is not full rank. When using `solver='svd'` the number of samples in each class should be more than the number of features, but class 3 has 8 samples and 9 features. Try using `solver='eigen'` and setting the parameter `shrinkage` for regularization.)	eval_error (The covariance matrix of class 3 is not full rank. When using `solver='svd'` the number of samples in each class should be more than the number of features, but class 3 has 8 samples and 9 features. Try using `solver='eigen'` and setting the parameter `shrinkage` for regularization.)
minMaxScaler();varianceThreshold();maxAbsScaler();minMaxScaler();maxAbsScaler();robustScaler(False,False);varianceThreshold();adaBoost(decisionTree('gini',21,17,0.47806466915102097,4,'balanced'),49,0.22808948983544083,'SAMME')	invalid_ind (duplicated operator)	invalid_ind (duplicated operator)
robustScaler(True,True);minMaxScaler();adaBoost(decisionTree('gini',26,14,0.6074299110948179,8,'balanced'),49,0.3022686717816418,'SAMME')	0.7962962962962964	3.4346470832824707
varianceThreshold();varianceThreshold();robustScaler(True,True);minMaxScaler();minMaxScaler();selectFwe(0.008114331864550777);adaBoost(decisionTree('entropy',13,20,0.8149124780236058,20,'None'),75,0.22808948983544083,'SAMME')	invalid_ind (duplicated operator)	invalid_ind (duplicated operator)
robustScaler(False,True);minMaxScaler();adaBoost(decisionTree('gini',26,14,0.6074299110948179,8,'balanced'),49,0.22808948983544083,'SAMME')	0.7612962962962964	cached
robustScaler(False,True);logisticRegression('l2','newton-cg',1000,18.832380900373128,'balanced')	0.7274074074074074	3.8500635623931885
minMaxScaler();varianceThreshold();maxAbsScaler();minMaxScaler();maxAbsScaler();robustScaler(True,True);maxAbsScaler();adaBoost(decisionTree('gini',21,4,0.9008098536570839,9,'balanced'),49,0.22808948983544083,'SAMME')	invalid_ind (duplicated operator)	invalid_ind (duplicated operator)
robustScaler(False,True);minMaxScaler();adaBoost(decisionTree('gini',21,17,0.9008098536570839,4,'balanced'),49,0.22808948983544083,'SAMME')	0.7477777777777778	cached
adaBoost(decisionTree('gini',17,17,0.47806466915102097,4,'balanced'),12,0.22808948983544083,'SAMME')	0.7507407407407408	cached
adaBoost(decisionTree('gini',21,17,0.9008098536570839,4,'balanced'),49,0.22808948983544083,'SAMME')	0.7477777777777778	cached
adaBoost(decisionTree('gini',21,17,0.9008098536570839,4,'balanced'),49,0.22808948983544083,'SAMME')	0.7477777777777778	4.112672567367554
adaBoost(decisionTree('gini',17,17,0.47806466915102097,4,'balanced'),12,0.22808948983544083,'SAMME')	0.7507407407407408	cached
robustScaler(False,True);minMaxScaler();adaBoost(decisionTree('gini',10,17,0.47806466915102097,4,'balanced'),49,0.22808948983544083,'SAMME')	0.7488888888888889	cached
minMaxScaler();varianceThreshold();maxAbsScaler();minMaxScaler();maxAbsScaler();robustScaler(True,True);varianceThreshold();adaBoost(decisionTree('gini',21,4,0.9008098536570839,9,'balanced'),77,0.9327224554507606,'SAMME')	invalid_ind (duplicated operator)	invalid_ind (duplicated operator)
qda(0.3372265895168637)	eval_error (The covariance matrix of class 3 is not full rank. When using `solver='svd'` the number of samples in each class should be more than the number of features, but class 3 has 8 samples and 9 features. Try using `solver='eigen'` and setting the parameter `shrinkage` for regularization.)	eval_error (The covariance matrix of class 3 is not full rank. When using `solver='svd'` the number of samples in each class should be more than the number of features, but class 3 has 8 samples and 9 features. Try using `solver='eigen'` and setting the parameter `shrinkage` for regularization.)
robustScaler(False,True);logisticRegression('l2','newton-cg',1000,18.832380900373128,'balanced')	0.7274074074074074	4.358743190765381
robustScaler(True,True);adaBoost(decisionTree('gini',21,4,0.9008098536570839,9,'balanced'),77,0.9327224554507606,'SAMME')	0.6951851851851851	4.53509521484375
robustScaler(False,True);minMaxScaler();adaBoost(decisionTree('gini',10,17,0.47806466915102097,4,'balanced'),49,0.22808948983544083,'SAMME')	0.7488888888888889	3.7839267253875732
adaBoost(decisionTree('gini',21,17,0.9008098536570839,4,'balanced'),49,0.22808948983544083,'SAMME')	0.7477777777777778	3.904832601547241
robustScaler(False,True);minMaxScaler();adaBoost(decisionTree('gini',10,17,0.47806466915102097,4,'balanced'),37,0.22808948983544083,'SAMME')	0.7451851851851852	3.777402877807617
robustScaler(True,True);logisticRegression('l2','newton-cg',1000,18.832380900373128,'balanced')	0.729074074074074	cached
adaBoost(decisionTree('gini',21,17,0.9008098536570839,4,'balanced'),77,0.9327224554507606,'SAMME')	0.7051851851851851	cached
multinomialNB(0.19427804631248696,False)	0.5483333333333333	2.667085647583008
robustScaler(True,True);logisticRegression('l2','newton-cg',1000,18.832380900373128,'balanced')	0.729074074074074	cached
robustScaler(False,True);fastICA(38,'deflation','unit-variance','exp');adaBoost(decisionTree('entropy',23,12,0.5517201657063973,2,'None'),62,1.11365096248013,'SAMME')	0.6609259259259259	cached
robustScaler(False,True);logisticRegression('l2','newton-cg',1000,18.832380900373128,'balanced')	0.7274074074074074	5.483652830123901
logisticRegression('l2','newton-cg',1000,18.832380900373128,'balanced')	0.6755555555555556	5.040638208389282
robustScaler(False,True);logisticRegression('l2','newton-cg',1000,18.832380900373128,'balanced')	0.7274074074074074	5.872246026992798
robustScaler(False,True);minMaxScaler();adaBoost(decisionTree('gini',10,14,0.6074299110948179,8,'balanced'),77,0.9327224554507606,'SAMME')	0.7059259259259258	4.5201942920684814
robustScaler(True,True);minMaxScaler();adaBoost(decisionTree('gini',26,14,0.6074299110948179,8,'balanced'),49,0.22808948983544083,'SAMME')	0.7612962962962964	3.7066400051116943
robustScaler(True,True);minMaxScaler();adaBoost(decisionTree('gini',3,17,0.8007330461795473,12,'None'),49,0.22808948983544083,'SAMME')	0.6666666666666666	2.7531256675720215
adaBoost(decisionTree('entropy',21,5,0.4253332908590941,19,'None'),49,0.22808948983544083,'SAMME')	0.5274074074074074	2.565547227859497
minMaxScaler();varianceThreshold();maxAbsScaler();minMaxScaler();maxAbsScaler();robustScaler(False,False);varianceThreshold();adaBoost(decisionTree('gini',15,20,0.5668607894136029,13,'None'),81,1.0775127190601923,'SAMME')	invalid_ind (duplicated operator)	invalid_ind (duplicated operator)
robustScaler(True,True);minMaxScaler();adaBoost(decisionTree('gini',26,14,0.6074299110948179,8,'balanced'),49,0.22808948983544083,'SAMME')	0.7612962962962964	cached
minMaxScaler();fastICA(15,'deflation','unit-variance','cube');maxAbsScaler();minMaxScaler();maxAbsScaler();robustScaler(True,True);varianceThreshold();extraTreesClassifier(42,'gini','sqrt',9,20,True,'None')	invalid_ind (duplicated operator)	invalid_ind (duplicated operator)
qda(0.3372265895168637)	eval_error (The covariance matrix of class 3 is not full rank. When using `solver='svd'` the number of samples in each class should be more than the number of features, but class 3 has 8 samples and 9 features. Try using `solver='eigen'` and setting the parameter `shrinkage` for regularization.)	eval_error (The covariance matrix of class 3 is not full rank. When using `solver='svd'` the number of samples in each class should be more than the number of features, but class 3 has 8 samples and 9 features. Try using `solver='eigen'` and setting the parameter `shrinkage` for regularization.)
robustScaler(False,True);minMaxScaler();adaBoost(decisionTree('gini',21,14,0.6074299110948179,8,'None'),49,0.22808948983544083,'SAMME')	0.6798148148148149	2.638026237487793
varianceThreshold();selectFwe(0.037894122148163206);minMaxScaler();maxAbsScaler();maxAbsScaler();minMaxScaler();adaBoost(decisionTree('gini',10,17,0.9008098536570839,13,'balanced'),77,0.9327224554507606,'SAMME')	invalid_ind (duplicated operator)	invalid_ind (duplicated operator)
minMaxScaler();varianceThreshold();maxAbsScaler();minMaxScaler();maxAbsScaler();robustScaler(True,False);varianceThreshold();adaBoost(decisionTree('gini',21,17,0.47806466915102097,4,'balanced'),49,0.22808948983544083,'SAMME')	invalid_ind (duplicated operator)	invalid_ind (duplicated operator)
robustScaler(False,True);minMaxScaler();adaBoost(decisionTree('gini',21,14,0.9008098536570839,8,'None'),49,0.22808948983544083,'SAMME')	0.7412962962962963	3.0969138145446777
varianceThreshold();selectFwe(0.037894122148163206);minMaxScaler();maxAbsScaler();maxAbsScaler();minMaxScaler();adaBoost(decisionTree('gini',26,17,0.6074299110948179,13,'balanced'),49,0.22808948983544083,'SAMME')	invalid_ind (duplicated operator)	invalid_ind (duplicated operator)
extraTreesClassifier(45,'entropy','log2',8,13,True,'balanced_subsample')	0.6762962962962963	3.3509647846221924
robustScaler(False,True);logisticRegression('l2','newton-cg',1000,18.832380900373128,'balanced')	0.7274074074074074	cached
varianceThreshold();varianceThreshold();robustScaler(True,True);minMaxScaler();minMaxScaler();selectFwe(0.008114331864550777);adaBoost(decisionTree('entropy',13,20,0.8149124780236058,20,'balanced'),49,0.22808948983544083,'SAMME')	invalid_ind (duplicated operator)	invalid_ind (duplicated operator)
minMaxScaler();varianceThreshold();maxAbsScaler();minMaxScaler();maxAbsScaler();robustScaler(True,True);maxAbsScaler();adaBoost(decisionTree('gini',21,4,0.9008098536570839,9,'None'),75,0.22808948983544083,'SAMME')	invalid_ind (duplicated operator)	invalid_ind (duplicated operator)
robustScaler(False,True);adaBoost(decisionTree('gini',21,17,0.9008098536570839,4,'balanced'),49,0.22808948983544083,'SAMME')	0.7477777777777778	3.8572962284088135
nystroem('sigmoid',5.965247175772274,15,4,-0.36154881231830527);logisticRegression('l2','newton-cg',1000,18.832380900373128,'balanced')	0.16666666666666666	2.622805595397949
adaBoost(decisionTree('gini',17,17,0.47806466915102097,4,'balanced'),12,0.22808948983544083,'SAMME')	0.7507407407407408	cached
adaBoost(decisionTree('gini',21,17,0.9008098536570839,4,'balanced'),49,0.22808948983544083,'SAMME')	0.7477777777777778	cached
varianceThreshold();selectFwe(0.037894122148163206);minMaxScaler();maxAbsScaler();maxAbsScaler();minMaxScaler();adaBoost(decisionTree('gini',10,17,0.47806466915102097,13,'balanced'),37,0.22808948983544083,'SAMME')	invalid_ind (duplicated operator)	invalid_ind (duplicated operator)
robustScaler(False,True);minMaxScaler();adaBoost(decisionTree('gini',26,14,0.6074299110948179,8,'balanced'),12,0.22808948983544083,'SAMME')	0.7544444444444445	2.432375431060791
robustScaler(True,True);minMaxScaler();adaBoost(decisionTree('gini',26,14,0.6074299110948179,8,'balanced'),49,0.22808948983544083,'SAMME')	0.7612962962962964	3.7043840885162354
robustScaler(False,True);minMaxScaler();adaBoost(decisionTree('gini',10,17,0.47806466915102097,4,'balanced'),37,0.22808948983544083,'SAMME')	0.7451851851851852	3.0436179637908936
logisticRegression('l2','newton-cg',1000,18.832380900373128,'balanced')	0.6755555555555556	3.4677464962005615
robustScaler(True,True);minMaxScaler();adaBoost(decisionTree('gini',26,14,0.6074299110948179,8,'balanced'),49,0.3022686717816418,'SAMME')	0.7962962962962964	cached
logisticRegression('l2','newton-cg',1000,18.832380900373128,'balanced')	0.6755555555555556	cached
qda(0.4543393512552546)	eval_error (The covariance matrix of class 3 is not full rank. When using `solver='svd'` the number of samples in each class should be more than the number of features, but class 3 has 8 samples and 9 features. Try using `solver='eigen'` and setting the parameter `shrinkage` for regularization.)	eval_error (The covariance matrix of class 3 is not full rank. When using `solver='svd'` the number of samples in each class should be more than the number of features, but class 3 has 8 samples and 9 features. Try using `solver='eigen'` and setting the parameter `shrinkage` for regularization.)
robustScaler(False,True);minMaxScaler();adaBoost(decisionTree('gini',26,14,0.6074299110948179,8,'balanced'),49,0.22808948983544083,'SAMME')	0.7612962962962964	cached
robustScaler(False,True);minMaxScaler();adaBoost(decisionTree('gini',10,14,0.6074299110948179,8,'balanced'),49,0.22808948983544083,'SAMME')	0.7612962962962964	cached
robustScaler(True,True);minMaxScaler();adaBoost(decisionTree('gini',26,14,0.6074299110948179,8,'balanced'),49,0.22808948983544083,'SAMME')	0.7612962962962964	cached
adaBoost(decisionTree('gini',21,17,0.9008098536570839,4,'balanced'),49,0.22808948983544083,'SAMME')	0.7477777777777778	cached
robustScaler(False,True);minMaxScaler();adaBoost(decisionTree('gini',10,14,0.6074299110948179,8,'balanced'),49,0.22808948983544083,'SAMME')	0.7612962962962964	cached
minMaxScaler();varianceThreshold();maxAbsScaler();minMaxScaler();maxAbsScaler();robustScaler(False,False);varianceThreshold();adaBoost(decisionTree('gini',21,17,0.47806466915102097,4,'balanced'),49,0.22808948983544083,'SAMME')	invalid_ind (duplicated operator)	invalid_ind (duplicated operator)
varianceThreshold();selectFwe(0.027111003385100172);minMaxScaler();maxAbsScaler();maxAbsScaler();minMaxScaler();adaBoost(decisionTree('gini',21,17,0.10751199744502293,2,'None'),96,1.4563804906751088,'SAMME')	invalid_ind (duplicated operator)	invalid_ind (duplicated operator)
minMaxScaler();varianceThreshold();maxAbsScaler();minMaxScaler();maxAbsScaler();robustScaler(True,True);varianceThreshold();adaBoost(decisionTree('gini',21,19,0.9008098536570839,13,'None'),49,0.22808948983544083,'SAMME')	invalid_ind (duplicated operator)	invalid_ind (duplicated operator)
minMaxScaler();varianceThreshold();maxAbsScaler();minMaxScaler();maxAbsScaler();robustScaler(True,True);varianceThreshold();adaBoost(decisionTree('gini',21,4,0.9008098536570839,9,'balanced'),77,0.9327224554507606,'SAMME')	invalid_ind (duplicated operator)	invalid_ind (duplicated operator)
robustScaler(True,True);logisticRegression('l2','newton-cg',1000,18.832380900373128,'balanced')	0.729074074074074	cached
robustScaler(False,True);minMaxScaler();adaBoost(decisionTree('gini',21,17,0.9008098536570839,4,'None'),49,0.22808948983544083,'SAMME')	0.6670370370370371	3.4175381660461426
adaBoost(decisionTree('gini',17,17,0.47806466915102097,4,'balanced'),49,0.22808948983544083,'SAMME')	0.7048148148148148	3.651268482208252
qda(0.35888831242136887)	eval_error (The covariance matrix of class 3 is not full rank. When using `solver='svd'` the number of samples in each class should be more than the number of features, but class 3 has 8 samples and 9 features. Try using `solver='eigen'` and setting the parameter `shrinkage` for regularization.)	eval_error (The covariance matrix of class 3 is not full rank. When using `solver='svd'` the number of samples in each class should be more than the number of features, but class 3 has 8 samples and 9 features. Try using `solver='eigen'` and setting the parameter `shrinkage` for regularization.)
adaBoost(decisionTree('entropy',26,4,0.33351440341486327,19,'None'),49,0.22808948983544083,'SAMME')	0.5274074074074074	2.9683730602264404
robustScaler(False,True);fastICA(8,'deflation','arbitrary-variance','logcosh');adaBoost(decisionTree('gini',17,17,0.47806466915102097,4,'balanced'),12,1.2526920637716763,'SAMME')	0.6342592592592593	cached
varianceThreshold();selectFwe(0.037894122148163206);minMaxScaler();maxAbsScaler();maxAbsScaler();minMaxScaler();adaBoost(decisionTree('gini',10,17,0.47806466915102097,13,'balanced'),37,0.22808948983544083,'SAMME')	invalid_ind (duplicated operator)	invalid_ind (duplicated operator)
varianceThreshold();fastICA(25,'deflation','arbitrary-variance','logcosh');minMaxScaler();maxAbsScaler();maxAbsScaler();minMaxScaler();adaBoost(decisionTree('gini',10,17,0.9008098536570839,13,'balanced'),77,0.22808948983544083,'SAMME')	invalid_ind (duplicated operator)	invalid_ind (duplicated operator)
varianceThreshold();varianceThreshold();robustScaler(True,True);minMaxScaler();minMaxScaler();selectFwe(0.008114331864550777);adaBoost(decisionTree('entropy',13,20,0.8149124780236058,20,'balanced'),49,0.9327224554507606,'SAMME')	invalid_ind (duplicated operator)	invalid_ind (duplicated operator)
minMaxScaler();varianceThreshold();maxAbsScaler();minMaxScaler();maxAbsScaler();robustScaler(True,True);varianceThreshold();adaBoost(decisionTree('gini',21,4,0.9008098536570839,9,'None'),49,0.22808948983544083,'SAMME')	invalid_ind (duplicated operator)	invalid_ind (duplicated operator)
qda(0.3372265895168637)	eval_error (The covariance matrix of class 3 is not full rank. When using `solver='svd'` the number of samples in each class should be more than the number of features, but class 3 has 8 samples and 9 features. Try using `solver='eigen'` and setting the parameter `shrinkage` for regularization.)	eval_error (The covariance matrix of class 3 is not full rank. When using `solver='svd'` the number of samples in each class should be more than the number of features, but class 3 has 8 samples and 9 features. Try using `solver='eigen'` and setting the parameter `shrinkage` for regularization.)
minMaxScaler();varianceThreshold();maxAbsScaler();minMaxScaler();maxAbsScaler();robustScaler(True,False);varianceThreshold();adaBoost(decisionTree('gini',21,17,0.47806466915102097,4,'balanced'),49,0.22808948983544083,'SAMME')	invalid_ind (duplicated operator)	invalid_ind (duplicated operator)
varianceThreshold();selectFwe(0.037894122148163206);minMaxScaler();maxAbsScaler();maxAbsScaler();minMaxScaler();adaBoost(decisionTree('gini',10,17,0.9008098536570839,13,'balanced'),37,0.22808948983544083,'SAMME')	invalid_ind (duplicated operator)	invalid_ind (duplicated operator)
adaBoost(decisionTree('gini',17,17,0.47806466915102097,4,'balanced'),12,0.22808948983544083,'SAMME')	0.7507407407407408	2.93841290473938
robustScaler(True,True);minMaxScaler();adaBoost(decisionTree('gini',26,14,0.6074299110948179,8,'balanced'),49,0.22808948983544083,'SAMME')	0.7612962962962964	3.2998886108398438
robustScaler(False,True);minMaxScaler();adaBoost(decisionTree('gini',26,17,0.6074299110948179,4,'balanced'),49,0.22808948983544083,'SAMME')	0.7814814814814814	3.918694257736206
robustScaler(False,True);minMaxScaler();adaBoost(decisionTree('gini',21,14,0.6074299110948179,8,'balanced'),77,0.9327224554507606,'SAMME')	0.7059259259259258	3.878558874130249
minMaxScaler();varianceThreshold();maxAbsScaler();minMaxScaler();maxAbsScaler();robustScaler(True,False);varianceThreshold();adaBoost(decisionTree('entropy',13,17,0.8149124780236058,4,'balanced'),49,0.22808948983544083,'SAMME')	invalid_ind (duplicated operator)	invalid_ind (duplicated operator)
varianceThreshold();varianceThreshold();robustScaler(True,True);minMaxScaler();minMaxScaler();selectFwe(0.008114331864550777);adaBoost(decisionTree('gini',21,20,0.47806466915102097,20,'balanced'),49,0.22808948983544083,'SAMME')	invalid_ind (duplicated operator)	invalid_ind (duplicated operator)
robustScaler(False,True);minMaxScaler();adaBoost(decisionTree('gini',10,17,0.47806466915102097,4,'balanced'),77,0.9327224554507606,'SAMME')	0.6485185185185186	4.355538606643677
robustScaler(False,True);logisticRegression('l2','newton-cg',1000,18.832380900373128,'balanced')	0.7274074074074074	cached
robustScaler(False,True);logisticRegression('l2','newton-cg',1000,18.832380900373128,'balanced')	0.7274074074074074	cached
adaBoost(decisionTree('entropy',4,15,0.2605616996760357,20,'None'),23,1.8748095624384158,'SAMME')	0.4398148148148149	2.6838836669921875
adaBoost(decisionTree('gini',17,17,0.47806466915102097,4,'balanced'),49,0.22808948983544083,'SAMME')	0.7048148148148148	3.7367005348205566
varianceThreshold();selectFwe(0.027111003385100172);minMaxScaler();maxAbsScaler();maxAbsScaler();minMaxScaler();adaBoost(decisionTree('gini',21,17,0.10751199744502293,2,'None'),96,1.4563804906751088,'SAMME')	invalid_ind (duplicated operator)	invalid_ind (duplicated operator)
adaBoost(decisionTree('gini',17,17,0.47806466915102097,4,'balanced'),12,0.22808948983544083,'SAMME')	0.7507407407407408	cached
robustScaler(True,True);minMaxScaler();adaBoost(decisionTree('gini',26,14,0.6074299110948179,8,'balanced'),12,0.22808948983544083,'SAMME')	0.7544444444444445	2.980602264404297
minMaxScaler();fastICA(15,'deflation','unit-variance','cube');maxAbsScaler();minMaxScaler();maxAbsScaler();robustScaler(False,True);varianceThreshold();extraTreesClassifier(42,'gini','sqrt',9,20,True,'None')	invalid_ind (duplicated operator)	invalid_ind (duplicated operator)
minMaxScaler();varianceThreshold();maxAbsScaler();minMaxScaler();maxAbsScaler();robustScaler(True,True);varianceThreshold();adaBoost(decisionTree('gini',21,4,0.9008098536570839,9,'balanced'),49,0.22808948983544083,'SAMME')	invalid_ind (duplicated operator)	invalid_ind (duplicated operator)
robustScaler(False,True);minMaxScaler();adaBoost(decisionTree('gini',26,14,0.6074299110948179,8,'balanced'),49,0.9393291620042411,'SAMME')	0.6468518518518519	4.415127754211426
robustScaler(False,True);minMaxScaler();adaBoost(decisionTree('entropy',29,6,0.040332317421246544,5,'None'),49,0.22808948983544083,'SAMME')	0.653148148148148	3.452272415161133
robustScaler(True,True);minMaxScaler();adaBoost(decisionTree('gini',26,14,0.6074299110948179,8,'balanced'),12,0.22808948983544083,'SAMME')	0.7544444444444445	2.536884307861328
adaBoost(decisionTree('gini',30,6,0.2733265402588759,6,'balanced'),59,0.6221955418061176,'SAMME')	0.7025925925925925	3.9562528133392334
minMaxScaler();varianceThreshold();maxAbsScaler();minMaxScaler();maxAbsScaler();maxAbsScaler();varianceThreshold();adaBoost(decisionTree('gini',21,4,0.9008098536570839,9,'balanced'),77,0.22808948983544083,'SAMME')	invalid_ind (duplicated operator)	invalid_ind (duplicated operator)
robustScaler(False,True);minMaxScaler();adaBoost(decisionTree('gini',10,14,0.6074299110948179,8,'balanced'),49,0.22808948983544083,'SAMME')	0.7612962962962964	cached
robustScaler(False,True);minMaxScaler();adaBoost(decisionTree('gini',26,14,0.6074299110948179,8,'balanced'),12,0.22808948983544083,'SAMME')	0.7544444444444445	cached
robustScaler(False,True);nystroem('sigmoid',5.965247175772274,15,4,-0.36154881231830527);adaBoost(decisionTree('gini',21,17,0.9008098536570839,4,'None'),49,0.22808948983544083,'SAMME')	0.16666666666666666	4.5319600105285645
robustScaler(False,True);minMaxScaler();adaBoost(decisionTree('gini',10,14,0.6074299110948179,8,'balanced'),77,0.9327224554507606,'SAMME')	0.7059259259259258	5.095779895782471
minMaxScaler();varianceThreshold();maxAbsScaler();minMaxScaler();maxAbsScaler();robustScaler(False,False);varianceThreshold();adaBoost(decisionTree('gini',15,20,0.5668607894136029,13,'None'),81,1.0775127190601923,'SAMME')	invalid_ind (duplicated operator)	invalid_ind (duplicated operator)
minMaxScaler();logisticRegression('l2','newton-cg',1000,18.832380900373128,'balanced')	0.7003703703703703	2.4884674549102783
adaBoost(decisionTree('gini',17,17,0.47806466915102097,4,'balanced'),49,0.3022686717816418,'SAMME')	0.7631481481481481	4.019978046417236
qda(0.35888831242136887)	eval_error (The covariance matrix of class 3 is not full rank. When using `solver='svd'` the number of samples in each class should be more than the number of features, but class 3 has 8 samples and 9 features. Try using `solver='eigen'` and setting the parameter `shrinkage` for regularization.)	eval_error (The covariance matrix of class 3 is not full rank. When using `solver='svd'` the number of samples in each class should be more than the number of features, but class 3 has 8 samples and 9 features. Try using `solver='eigen'` and setting the parameter `shrinkage` for regularization.)
robustScaler(False,True);adaBoost(decisionTree('gini',21,17,0.9008098536570839,4,'balanced'),77,0.9327224554507606,'SAMME')	0.7051851851851851	4.510518789291382
minMaxScaler();varianceThreshold();maxAbsScaler();minMaxScaler();maxAbsScaler();robustScaler(True,True);varianceThreshold();adaBoost(decisionTree('gini',21,4,0.9008098536570839,9,'balanced'),49,0.22808948983544083,'SAMME')	invalid_ind (duplicated operator)	invalid_ind (duplicated operator)
nystroem('rbf',0.23681962920273825,71,3,0.8128772128323356);selectFwe(0.023624617894187554);adaBoost(decisionTree('entropy',7,17,0.26185850639517394,16,'balanced'),67,1.0924868446585498,'SAMME')	0.625925925925926	4.726735591888428
varianceThreshold();selectFwe(0.037894122148163206);minMaxScaler();maxAbsScaler();maxAbsScaler();minMaxScaler();adaBoost(decisionTree('gini',26,17,0.6074299110948179,13,'balanced'),49,0.22808948983544083,'SAMME')	invalid_ind (duplicated operator)	invalid_ind (duplicated operator)
minMaxScaler();varianceThreshold();maxAbsScaler();minMaxScaler();maxAbsScaler();maxAbsScaler();varianceThreshold();adaBoost(decisionTree('gini',26,4,0.6074299110948179,4,'balanced'),49,0.22808948983544083,'SAMME')	invalid_ind (duplicated operator)	invalid_ind (duplicated operator)
varianceThreshold();fastICA(64,'parallel','unit-variance','exp');varianceThreshold();selectPercentile(72.37497803239069);selectPercentile(17.459036929688764);extraTreesClassifier(50,'gini','log2',18,8,False,'balanced_subsample')	invalid_ind (duplicated operator)	invalid_ind (duplicated operator)
varianceThreshold();varianceThreshold();robustScaler(True,True);minMaxScaler();minMaxScaler();selectFwe(0.008114331864550777);multinomialNB(17.273542557871846,True)	invalid_ind (duplicated operator)	invalid_ind (duplicated operator)
robustScaler(True,True);minMaxScaler();adaBoost(decisionTree('gini',26,14,0.6074299110948179,8,'balanced'),49,0.3022686717816418,'SAMME')	0.7962962962962964	cached
qda(0.35888831242136887)	eval_error (The covariance matrix of class 3 is not full rank. When using `solver='svd'` the number of samples in each class should be more than the number of features, but class 3 has 8 samples and 9 features. Try using `solver='eigen'` and setting the parameter `shrinkage` for regularization.)	eval_error (The covariance matrix of class 3 is not full rank. When using `solver='svd'` the number of samples in each class should be more than the number of features, but class 3 has 8 samples and 9 features. Try using `solver='eigen'` and setting the parameter `shrinkage` for regularization.)
adaBoost(decisionTree('gini',17,17,0.47806466915102097,4,'balanced'),49,0.22808948983544083,'SAMME')	0.7048148148148148	cached
robustScaler(True,True);minMaxScaler();adaBoost(decisionTree('gini',26,14,0.6074299110948179,8,'balanced'),49,0.22808948983544083,'SAMME')	0.7612962962962964	cached
minMaxScaler();logisticRegression('l2','newton-cg',1000,18.832380900373128,'balanced')	0.7003703703703703	2.6821765899658203
minMaxScaler();varianceThreshold();maxAbsScaler();minMaxScaler();maxAbsScaler();robustScaler(False,False);varianceThreshold();adaBoost(decisionTree('gini',15,20,0.5668607894136029,13,'None'),81,1.0775127190601923,'SAMME')	invalid_ind (duplicated operator)	invalid_ind (duplicated operator)
adaBoost(decisionTree('gini',21,17,0.9008098536570839,4,'balanced'),49,0.22808948983544083,'SAMME')	0.7477777777777778	2.9836409091949463
adaBoost(decisionTree('gini',21,17,0.47806466915102097,4,'balanced'),49,0.22808948983544083,'SAMME')	0.7048148148148148	3.4364726543426514
minMaxScaler();varianceThreshold();maxAbsScaler();minMaxScaler();maxAbsScaler();robustScaler(True,True);varianceThreshold();adaBoost(decisionTree('gini',17,4,0.9008098536570839,9,'balanced'),12,0.22808948983544083,'SAMME')	invalid_ind (duplicated operator)	invalid_ind (duplicated operator)
robustScaler(False,True);adaBoost(decisionTree('gini',21,17,0.9008098536570839,4,'balanced'),77,0.9327224554507606,'SAMME')	0.7051851851851851	cached
robustScaler(False,True);logisticRegression('l2','newton-cg',1000,18.832380900373128,'balanced')	0.7274074074074074	cached
adaBoost(decisionTree('gini',17,17,0.47806466915102097,4,'balanced'),49,0.3022686717816418,'SAMME')	0.7631481481481481	3.4331138134002686
qda(0.35888831242136887)	eval_error (The covariance matrix of class 3 is not full rank. When using `solver='svd'` the number of samples in each class should be more than the number of features, but class 3 has 8 samples and 9 features. Try using `solver='eigen'` and setting the parameter `shrinkage` for regularization.)	eval_error (The covariance matrix of class 3 is not full rank. When using `solver='svd'` the number of samples in each class should be more than the number of features, but class 3 has 8 samples and 9 features. Try using `solver='eigen'` and setting the parameter `shrinkage` for regularization.)
adaBoost(decisionTree('gini',17,17,0.47806466915102097,4,'balanced'),12,0.22808948983544083,'SAMME')	0.7507407407407408	2.627366304397583
minMaxScaler();varianceThreshold();maxAbsScaler();minMaxScaler();maxAbsScaler();maxAbsScaler();varianceThreshold();adaBoost(decisionTree('gini',21,4,0.9008098536570839,9,'balanced'),49,0.9327224554507606,'SAMME')	invalid_ind (duplicated operator)	invalid_ind (duplicated operator)
varianceThreshold();varianceThreshold();robustScaler(True,True);minMaxScaler();minMaxScaler();robustScaler(True,False);adaBoost(decisionTree('entropy',13,20,0.8149124780236058,20,'balanced'),77,0.22808948983544083,'SAMME')	invalid_ind (duplicated operator)	invalid_ind (duplicated operator)
minMaxScaler();fastICA(15,'deflation','unit-variance','cube');maxAbsScaler();minMaxScaler();maxAbsScaler();robustScaler(False,True);varianceThreshold();extraTreesClassifier(42,'gini','sqrt',9,20,True,'None')	invalid_ind (duplicated operator)	invalid_ind (duplicated operator)
adaBoost(decisionTree('gini',30,6,0.2733265402588759,6,'balanced'),59,0.6221955418061176,'SAMME')	0.7025925925925925	cached
varianceThreshold();varianceThreshold();robustScaler(True,True);minMaxScaler();minMaxScaler();selectFwe(0.008114331864550777);adaBoost(decisionTree('entropy',7,20,0.47806466915102097,20,'balanced'),67,1.0924868446585498,'SAMME')	invalid_ind (duplicated operator)	invalid_ind (duplicated operator)
robustScaler(True,True);minMaxScaler();adaBoost(decisionTree('gini',26,4,0.6074299110948179,8,'balanced'),12,0.22808948983544083,'SAMME')	0.7544444444444445	2.71675443649292
adaBoost(decisionTree('gini',14,8,0.3007188335448907,18,'balanced'),49,0.22808948983544083,'SAMME')	0.6453703703703704	3.5417988300323486
minMaxScaler();varianceThreshold();maxAbsScaler();minMaxScaler();maxAbsScaler();robustScaler(True,False);varianceThreshold();adaBoost(decisionTree('gini',21,17,0.9008098536570839,4,'balanced'),49,0.6323483031082984,'SAMME')	invalid_ind (duplicated operator)	invalid_ind (duplicated operator)
minMaxScaler();fastICA(15,'deflation','unit-variance','cube');maxAbsScaler();minMaxScaler();maxAbsScaler();robustScaler(False,True);varianceThreshold();extraTreesClassifier(42,'gini','sqrt',9,20,True,'None')	invalid_ind (duplicated operator)	invalid_ind (duplicated operator)
robustScaler(False,True);minMaxScaler();adaBoost(decisionTree('gini',10,14,0.6074299110948179,8,'balanced'),49,0.22808948983544083,'SAMME')	0.7612962962962964	cached
minMaxScaler();fastICA(15,'deflation','unit-variance','cube');maxAbsScaler();minMaxScaler();maxAbsScaler();robustScaler(False,True);varianceThreshold();extraTreesClassifier(42,'gini','sqrt',9,20,True,'None')	invalid_ind (duplicated operator)	invalid_ind (duplicated operator)
robustScaler(False,True);minMaxScaler();adaBoost(decisionTree('gini',26,17,0.6074299110948179,4,'balanced'),49,0.22808948983544083,'SAMME')	0.7814814814814814	cached
robustScaler(True,True);minMaxScaler();adaBoost(decisionTree('gini',26,14,0.6074299110948179,8,'balanced'),12,0.22808948983544083,'SAMME')	0.7544444444444445	cached
varianceThreshold();selectFwe(0.010952687430388887);minMaxScaler();maxAbsScaler();maxAbsScaler();minMaxScaler();adaBoost(decisionTree('entropy',21,17,0.10751199744502293,2,'None'),96,1.4563804906751088,'SAMME')	invalid_ind (duplicated operator)	invalid_ind (duplicated operator)
robustScaler(True,True);minMaxScaler();adaBoost(decisionTree('gini',26,14,0.6074299110948179,8,'balanced'),12,0.22808948983544083,'SAMME')	0.7544444444444445	3.3102328777313232
minMaxScaler();logisticRegression('l2','newton-cg',1000,18.832380900373128,'balanced')	0.7003703703703703	2.876809597015381
robustScaler(False,True);adaBoost(decisionTree('gini',17,17,0.47806466915102097,4,'balanced'),12,0.22808948983544083,'SAMME')	0.7474074074074075	3.293344736099243
robustScaler(True,True);minMaxScaler();adaBoost(decisionTree('gini',26,14,0.6074299110948179,8,'balanced'),49,0.3022686717816418,'SAMME')	0.7962962962962964	4.518413543701172
nystroem('rbf',0.23681962920273825,71,3,0.8128772128323356);selectFwe(0.023624617894187554);adaBoost(decisionTree('entropy',5,19,0.539868757382494,7,'None'),49,0.22808948983544083,'SAMME')	0.5938888888888889	5.399363994598389
robustScaler(False,True);minMaxScaler();adaBoost(decisionTree('gini',21,6,0.6074299110948179,5,'balanced'),77,0.9327224554507606,'SAMME')	0.7296296296296296	5.071743726730347
adaBoost(decisionTree('gini',21,17,0.9008098536570839,4,'balanced'),49,0.22808948983544083,'SAMME')	0.7477777777777778	4.173513174057007
logisticRegression('l2','newton-cg',1000,18.832380900373128,'balanced')	0.6755555555555556	3.1224770545959473
robustScaler(False,True);minMaxScaler();adaBoost(decisionTree('entropy',29,14,0.040332317421246544,8,'None'),49,0.22808948983544083,'SAMME')	0.5731481481481481	2.3686745166778564
minMaxScaler();fastICA(15,'deflation','unit-variance','cube');maxAbsScaler();minMaxScaler();maxAbsScaler();robustScaler(False,True);varianceThreshold();extraTreesClassifier(42,'gini','sqrt',9,20,True,'None')	invalid_ind (duplicated operator)	invalid_ind (duplicated operator)
adaBoost(decisionTree('gini',21,17,0.9008098536570839,4,'balanced'),49,0.22808948983544083,'SAMME')	0.7477777777777778	cached
minMaxScaler();logisticRegression('l2','newton-cg',1000,18.832380900373128,'balanced')	0.7003703703703703	1.9955017566680908
robustScaler(True,True);minMaxScaler();adaBoost(decisionTree('gini',26,4,0.6074299110948179,8,'balanced'),12,0.22808948983544083,'SAMME')	0.7544444444444445	2.258204936981201
robustScaler(False,True);minMaxScaler();adaBoost(decisionTree('gini',17,14,0.47806466915102097,4,'balanced'),12,0.22808948983544083,'SAMME')	0.7544444444444445	2.304668664932251
robustScaler(True,True);minMaxScaler();adaBoost(decisionTree('gini',26,14,0.6074299110948179,8,'balanced'),49,0.22808948983544083,'SAMME')	0.7612962962962964	3.6650731563568115
logisticRegression('l2','newton-cg',1000,18.832380900373128,'balanced')	0.6755555555555556	3.6925487518310547
varianceThreshold();varianceThreshold();robustScaler(True,True);minMaxScaler();minMaxScaler();selectFwe(0.008114331864550777);adaBoost(decisionTree('entropy',7,20,0.47806466915102097,20,'balanced'),67,1.0924868446585498,'SAMME')	invalid_ind (duplicated operator)	invalid_ind (duplicated operator)
qda(0.35888831242136887)	eval_error (The covariance matrix of class 3 is not full rank. When using `solver='svd'` the number of samples in each class should be more than the number of features, but class 3 has 8 samples and 9 features. Try using `solver='eigen'` and setting the parameter `shrinkage` for regularization.)	eval_error (The covariance matrix of class 3 is not full rank. When using `solver='svd'` the number of samples in each class should be more than the number of features, but class 3 has 8 samples and 9 features. Try using `solver='eigen'` and setting the parameter `shrinkage` for regularization.)
robustScaler(False,True);adaBoost(decisionTree('gini',17,17,0.47806466915102097,4,'balanced'),12,0.22808948983544083,'SAMME')	0.7474074074074075	cached
varianceThreshold();fastICA(64,'parallel','unit-variance','exp');varianceThreshold();selectPercentile(72.37497803239069);selectPercentile(17.459036929688764);extraTreesClassifier(50,'gini','log2',18,8,False,'balanced_subsample')	invalid_ind (duplicated operator)	invalid_ind (duplicated operator)
adaBoost(decisionTree('gini',22,17,0.47806466915102097,4,'balanced'),49,0.22808948983544083,'SAMME')	0.7048148148148148	3.4969253540039062
varianceThreshold();varianceThreshold();robustScaler(True,True);minMaxScaler();minMaxScaler();selectFwe(0.008114331864550777);adaBoost(decisionTree('entropy',7,20,0.47806466915102097,20,'balanced'),67,1.0924868446585498,'SAMME')	invalid_ind (duplicated operator)	invalid_ind (duplicated operator)
adaBoost(decisionTree('gini',26,17,0.6074299110948179,8,'balanced'),49,0.3022686717816418,'SAMME')	0.7709259259259259	3.346846103668213
minMaxScaler();logisticRegression('l2','newton-cg',1000,18.832380900373128,'balanced')	0.7003703703703703	3.1122171878814697
minMaxScaler();varianceThreshold();maxAbsScaler();minMaxScaler();maxAbsScaler();robustScaler(True,True);varianceThreshold();adaBoost(decisionTree('gini',17,4,0.9008098536570839,9,'balanced'),12,0.22808948983544083,'SAMME')	invalid_ind (duplicated operator)	invalid_ind (duplicated operator)
nystroem('rbf',6.11861369597867,79,2,-0.25939462539833946);maxAbsScaler();minMaxScaler();lda(0.007084668709520403,126,0.03249575603673815)	eval_error (n_components cannot be larger than min(n_features, n_classes - 1).)	eval_error (n_components cannot be larger than min(n_features, n_classes - 1).)
robustScaler(True,True);minMaxScaler();adaBoost(decisionTree('gini',26,14,0.6074299110948179,8,'balanced'),49,0.3022686717816418,'SAMME')	0.7962962962962964	4.0866193771362305
robustScaler(True,True);minMaxScaler();adaBoost(decisionTree('gini',26,14,0.6074299110948179,8,'balanced'),12,0.9327224554507606,'SAMME')	0.6490740740740739	2.5461413860321045
qda(0.35888831242136887)	eval_error (The covariance matrix of class 3 is not full rank. When using `solver='svd'` the number of samples in each class should be more than the number of features, but class 3 has 8 samples and 9 features. Try using `solver='eigen'` and setting the parameter `shrinkage` for regularization.)	eval_error (The covariance matrix of class 3 is not full rank. When using `solver='svd'` the number of samples in each class should be more than the number of features, but class 3 has 8 samples and 9 features. Try using `solver='eigen'` and setting the parameter `shrinkage` for regularization.)
robustScaler(True,True);minMaxScaler();adaBoost(decisionTree('entropy',17,5,0.9135992410976371,7,'None'),49,1.6811994434432984,'SAMME')	0.6916666666666667	4.057976961135864
robustScaler(True,True);minMaxScaler();adaBoost(decisionTree('gini',26,14,0.6074299110948179,8,'balanced'),49,0.22808948983544083,'SAMME')	0.7612962962962964	cached
logisticRegression('l2','newton-cg',1000,18.832380900373128,'balanced')	0.6755555555555556	4.315507650375366
robustScaler(True,True);minMaxScaler();adaBoost(decisionTree('gini',26,14,0.6074299110948179,8,'balanced'),49,0.3022686717816418,'SAMME')	0.7962962962962964	cached
robustScaler(True,True);minMaxScaler();adaBoost(decisionTree('gini',26,14,0.6074299110948179,8,'balanced'),49,0.3022686717816418,'SAMME')	0.7962962962962964	cached
minMaxScaler();fastICA(15,'deflation','unit-variance','cube');maxAbsScaler();minMaxScaler();maxAbsScaler();robustScaler(False,True);varianceThreshold();extraTreesClassifier(42,'gini','sqrt',9,20,True,'None')	invalid_ind (duplicated operator)	invalid_ind (duplicated operator)
adaBoost(decisionTree('gini',21,17,0.9008098536570839,4,'balanced'),49,0.22808948983544083,'SAMME')	0.7477777777777778	cached
nystroem('rbf',0.23681962920273825,71,3,0.8128772128323356);selectFwe(0.023624617894187554);adaBoost(decisionTree('entropy',5,19,0.539868757382494,7,'None'),49,0.22808948983544083,'SAMME')	0.5938888888888889	cached
adaBoost(decisionTree('gini',21,17,0.9008098536570839,4,'balanced'),49,0.22808948983544083,'SAMME')	0.7477777777777778	4.011639356613159
robustScaler(True,True);minMaxScaler();adaBoost(decisionTree('gini',17,14,0.6074299110948179,8,'balanced'),12,0.22808948983544083,'SAMME')	0.7544444444444445	3.167283535003662
robustScaler(True,True);minMaxScaler();adaBoost(decisionTree('gini',26,4,0.6074299110948179,8,'balanced'),12,0.22808948983544083,'SAMME')	0.7544444444444445	3.2229487895965576
robustScaler(True,True);minMaxScaler();adaBoost(decisionTree('gini',26,14,0.6074299110948179,8,'balanced'),12,0.22808948983544083,'SAMME')	0.7544444444444445	cached
robustScaler(True,True);minMaxScaler();adaBoost(decisionTree('gini',26,14,0.6074299110948179,8,'balanced'),49,0.3022686717816418,'SAMME')	0.7962962962962964	cached
varianceThreshold();varianceThreshold();robustScaler(True,True);minMaxScaler();minMaxScaler();selectFwe(0.008114331864550777);adaBoost(decisionTree('entropy',7,20,0.47806466915102097,20,'balanced'),67,1.0924868446585498,'SAMME')	invalid_ind (duplicated operator)	invalid_ind (duplicated operator)
robustScaler(True,True);selectFwe(0.030866071177488796);adaBoost(decisionTree('gini',26,14,0.6074299110948179,8,'balanced'),49,0.3022686717816418,'SAMME')	0.6285185185185185	3.8582496643066406
minMaxScaler();logisticRegression('l2','newton-cg',1000,18.832380900373128,'balanced')	0.7003703703703703	3.027414083480835
robustScaler(False,True);minMaxScaler();adaBoost(decisionTree('gini',26,17,0.6074299110948179,4,'balanced'),49,0.22808948983544083,'SAMME')	0.7814814814814814	4.76728892326355
robustScaler(False,True);adaBoost(decisionTree('gini',26,17,0.47806466915102097,4,'balanced'),49,0.22808948983544083,'SAMME')	0.7214814814814814	3.0458662509918213
robustScaler(False,True);minMaxScaler();adaBoost(decisionTree('gini',26,17,0.6074299110948179,4,'balanced'),49,0.9327224554507606,'SAMME')	0.658888888888889	2.855654001235962
robustScaler(True,True);minMaxScaler();adaBoost(decisionTree('gini',21,6,0.6074299110948179,5,'balanced'),72,0.22808948983544083,'SAMME')	0.7188888888888889	2.416415214538574
adaBoost(decisionTree('gini',26,17,0.6074299110948179,8,'balanced'),49,0.3022686717816418,'SAMME')	0.7709259259259259	cached
robustScaler(False,True);adaBoost(decisionTree('gini',26,17,0.47806466915102097,4,'balanced'),49,0.22808948983544083,'SAMME')	0.7214814814814814	cached
robustScaler(False,True);minMaxScaler();adaBoost(decisionTree('gini',26,17,0.6074299110948179,4,'balanced'),49,0.22808948983544083,'SAMME')	0.7814814814814814	cached
robustScaler(True,True);minMaxScaler();adaBoost(decisionTree('gini',26,14,0.6074299110948179,8,'balanced'),49,0.22808948983544083,'SAMME')	0.7612962962962964	cached
robustScaler(True,True);minMaxScaler();adaBoost(decisionTree('gini',26,14,0.6074299110948179,8,'balanced'),49,0.22808948983544083,'SAMME')	0.7612962962962964	cached
adaBoost(decisionTree('gini',21,17,0.9008098536570839,4,'balanced'),49,0.22808948983544083,'SAMME')	0.7477777777777778	cached
minMaxScaler();varianceThreshold();maxAbsScaler();minMaxScaler();maxAbsScaler();robustScaler(True,True);varianceThreshold();adaBoost(decisionTree('gini',17,4,0.9008098536570839,9,'balanced'),12,0.22808948983544083,'SAMME')	invalid_ind (duplicated operator)	invalid_ind (duplicated operator)
robustScaler(True,True);minMaxScaler();adaBoost(decisionTree('gini',26,4,0.6074299110948179,8,'balanced'),12,0.22808948983544083,'SAMME')	0.7544444444444445	cached
robustScaler(False,True);logisticRegression('l2','newton-cg',1000,18.832380900373128,'balanced')	0.7274074074074074	cached
minMaxScaler();logisticRegression('l2','newton-cg',1000,18.832380900373128,'balanced')	0.7003703703703703	cached
robustScaler(True,True);minMaxScaler();adaBoost(decisionTree('gini',26,14,0.6074299110948179,8,'balanced'),49,0.3022686717816418,'SAMME')	0.7962962962962964	cached
robustScaler(True,True);minMaxScaler();adaBoost(decisionTree('gini',26,14,0.6074299110948179,8,'balanced'),49,0.3022686717816418,'SAMME')	0.7962962962962964	cached
robustScaler(True,True);minMaxScaler();adaBoost(decisionTree('gini',17,14,0.6074299110948179,8,'balanced'),12,0.22808948983544083,'SAMME')	0.7544444444444445	cached
maxAbsScaler();varianceThreshold();fastICA(96,'parallel','arbitrary-variance','logcosh');varianceThreshold();maxAbsScaler();maxAbsScaler();varianceThreshold();mlpClassifier((34, 7),0.08222171807589505,0.5200826331999453,'sgd','logistic')	invalid_ind (duplicated operator)	invalid_ind (duplicated operator)
robustScaler(True,True);minMaxScaler();adaBoost(decisionTree('gini',26,14,0.6074299110948179,8,'balanced'),49,0.3022686717816418,'SAMME')	0.7962962962962964	cached
robustScaler(True,True);minMaxScaler();adaBoost(decisionTree('gini',26,14,0.6074299110948179,8,'balanced'),49,0.3022686717816418,'SAMME')	0.7962962962962964	cached
minMaxScaler();logisticRegression('l2','newton-cg',1000,18.832380900373128,'balanced')	0.7003703703703703	2.0790133476257324
nystroem('rbf',6.11861369597867,79,2,-0.25939462539833946);maxAbsScaler();robustScaler(False,True);lda(0.007084668709520403,126,0.03249575603673815)	eval_error (n_components cannot be larger than min(n_features, n_classes - 1).)	eval_error (n_components cannot be larger than min(n_features, n_classes - 1).)
robustScaler(False,False);minMaxScaler();adaBoost(decisionTree('gini',26,17,0.6074299110948179,8,'balanced'),12,0.22808948983544083,'SAMME')	0.7661111111111112	2.8475358486175537
adaBoost(decisionTree('gini',26,17,0.9008098536570839,4,'balanced'),49,0.3022686717816418,'SAMME')	0.7240740740740741	3.200568199157715
robustScaler(False,True);logisticRegression('l2','newton-cg',1000,18.832380900373128,'balanced')	0.7274074074074074	3.9124486446380615
robustScaler(True,True);minMaxScaler();adaBoost(decisionTree('gini',26,14,0.6074299110948179,8,'balanced'),49,0.3022686717816418,'SAMME')	0.7962962962962964	3.3685648441314697
robustScaler(True,True);minMaxScaler();adaBoost(decisionTree('gini',21,14,0.6074299110948179,8,'balanced'),49,0.22808948983544083,'SAMME')	0.7612962962962964	3.172079086303711
qda(0.35888831242136887)	eval_error (The covariance matrix of class 3 is not full rank. When using `solver='svd'` the number of samples in each class should be more than the number of features, but class 3 has 8 samples and 9 features. Try using `solver='eigen'` and setting the parameter `shrinkage` for regularization.)	eval_error (The covariance matrix of class 3 is not full rank. When using `solver='svd'` the number of samples in each class should be more than the number of features, but class 3 has 8 samples and 9 features. Try using `solver='eigen'` and setting the parameter `shrinkage` for regularization.)
minMaxScaler();adaBoost(decisionTree('gini',26,17,0.8927341088030066,4,'balanced'),73,0.22808948983544083,'SAMME')	0.7277777777777777	3.9758143424987793
robustScaler(True,True);minMaxScaler();adaBoost(decisionTree('gini',26,14,0.6074299110948179,4,'balanced'),49,0.22808948983544083,'SAMME')	0.7264814814814815	3.556896686553955
robustScaler(True,True);minMaxScaler();adaBoost(decisionTree('gini',26,14,0.6074299110948179,8,'balanced'),12,0.22808948983544083,'SAMME')	0.7544444444444445	cached
robustScaler(True,True);minMaxScaler();adaBoost(decisionTree('gini',26,14,0.6074299110948179,8,'balanced'),49,0.22808948983544083,'SAMME')	0.7612962962962964	cached
robustScaler(True,True);minMaxScaler();adaBoost(decisionTree('gini',26,4,0.6074299110948179,8,'balanced'),12,0.3022686717816418,'SAMME')	0.8109259259259259	3.169041156768799
minMaxScaler();logisticRegression('l2','newton-cg',1000,18.832380900373128,'balanced')	0.7003703703703703	2.6024224758148193
robustScaler(True,True);minMaxScaler();adaBoost(decisionTree('gini',26,14,0.6074299110948179,8,'balanced'),12,0.22808948983544083,'SAMME')	0.7544444444444445	3.0013179779052734
robustScaler(True,True);minMaxScaler();adaBoost(decisionTree('gini',26,4,0.6074299110948179,8,'balanced'),12,0.22808948983544083,'SAMME')	0.7544444444444445	3.342188596725464
robustScaler(False,True);minMaxScaler();adaBoost(decisionTree('gini',5,4,0.2574726197475783,8,'None'),59,0.8564159033971179,'SAMME')	0.705925925925926	4.577463626861572
minMaxScaler();fastICA(15,'deflation','unit-variance','cube');maxAbsScaler();minMaxScaler();maxAbsScaler();robustScaler(True,True);varianceThreshold();extraTreesClassifier(42,'gini','sqrt',9,20,True,'None')	invalid_ind (duplicated operator)	invalid_ind (duplicated operator)
robustScaler(True,True);minMaxScaler();adaBoost(decisionTree('gini',26,14,0.6074299110948179,8,'balanced'),49,0.3022686717816418,'SAMME')	0.7962962962962964	cached
logisticRegression('l2','newton-cg',1000,18.832380900373128,'balanced')	0.6755555555555556	cached
robustScaler(True,True);minMaxScaler();adaBoost(decisionTree('gini',26,14,0.6074299110948179,8,'balanced'),49,0.22808948983544083,'SAMME')	0.7612962962962964	4.348363399505615
adaBoost(decisionTree('entropy',26,17,0.6074299110948179,11,'balanced'),49,0.3022686717816418,'SAMME')	0.7338888888888888	4.19255805015564
logisticRegression('l2','newton-cg',1000,18.832380900373128,'balanced')	0.6755555555555556	3.84092378616333
robustScaler(True,True);minMaxScaler();adaBoost(decisionTree('gini',26,4,0.6074299110948179,8,'balanced'),49,0.22808948983544083,'SAMME')	0.7612962962962964	3.980464458465576
robustScaler(True,True);minMaxScaler();adaBoost(decisionTree('gini',26,14,0.6074299110948179,8,'balanced'),49,0.3022686717816418,'SAMME')	0.7962962962962964	cached
robustScaler(True,True);minMaxScaler();adaBoost(decisionTree('gini',26,14,0.6074299110948179,8,'balanced'),49,0.22808948983544083,'SAMME')	0.7612962962962964	cached
minMaxScaler();fastICA(15,'deflation','unit-variance','cube');maxAbsScaler();minMaxScaler();maxAbsScaler();robustScaler(False,True);varianceThreshold();extraTreesClassifier(42,'gini','sqrt',9,20,True,'None')	invalid_ind (duplicated operator)	invalid_ind (duplicated operator)
robustScaler(True,False);minMaxScaler();adaBoost(decisionTree('gini',26,17,0.6074299110948179,8,'balanced'),12,0.22808948983544083,'SAMME')	0.7661111111111112	2.8445792198181152
robustScaler(True,True);minMaxScaler();logisticRegression('l2','newton-cg',1000,18.832380900373128,'balanced')	0.7003703703703703	3.031782627105713
adaBoost(decisionTree('gini',26,17,0.6074299110948179,8,'balanced'),49,0.22808948983544083,'SAMME')	0.755925925925926	3.2952749729156494
robustScaler(True,True);minMaxScaler();adaBoost(decisionTree('gini',26,14,0.6074299110948179,8,'balanced'),49,0.22808948983544083,'SAMME')	0.7612962962962964	3.3456201553344727
robustScaler(True,True);minMaxScaler();adaBoost(decisionTree('gini',26,14,0.6074299110948179,4,'None'),59,0.8564159033971179,'SAMME')	0.7077777777777777	3.719717264175415
adaBoost(decisionTree('gini',17,14,0.6074299110948179,8,'balanced'),12,0.22808948983544083,'SAMME')	0.7544444444444445	3.1857502460479736
robustScaler(True,True);minMaxScaler();adaBoost(decisionTree('gini',17,14,0.6074299110948179,8,'balanced'),12,0.22808948983544083,'SAMME')	0.7544444444444445	2.8228113651275635
robustScaler(True,True);minMaxScaler();adaBoost(decisionTree('gini',26,14,0.6074299110948179,8,'balanced'),49,0.22808948983544083,'SAMME')	0.7612962962962964	cached
adaBoost(decisionTree('gini',21,17,0.9008098536570839,4,'balanced'),49,0.22808948983544083,'SAMME')	0.7477777777777778	cached
robustScaler(True,True);minMaxScaler();adaBoost(decisionTree('gini',26,4,0.6074299110948179,8,'balanced'),49,0.22808948983544083,'SAMME')	0.7612962962962964	3.6823365688323975
robustScaler(True,True);minMaxScaler();adaBoost(decisionTree('gini',26,14,0.6074299110948179,8,'balanced'),49,0.3022686717816418,'SAMME')	0.7962962962962964	3.4724650382995605
robustScaler(False,True);minMaxScaler();adaBoost(decisionTree('gini',5,4,0.2574726197475783,8,'balanced'),49,0.22808948983544083,'SAMME')	0.731111111111111	3.984034776687622
robustScaler(True,True);minMaxScaler();adaBoost(decisionTree('gini',17,14,0.6074299110948179,8,'balanced'),12,0.22808948983544083,'SAMME')	0.7544444444444445	2.9611268043518066
minMaxScaler();logisticRegression('l2','newton-cg',1000,18.832380900373128,'balanced')	0.7003703703703703	2.922022581100464
adaBoost(decisionTree('gini',26,17,0.9008098536570839,4,'balanced'),49,0.3022686717816418,'SAMME')	0.7240740740740741	cached
robustScaler(False,True);minMaxScaler();adaBoost(decisionTree('gini',26,14,0.6074299110948179,8,'balanced'),49,0.3022686717816418,'SAMME')	0.7962962962962964	3.9427778720855713
robustScaler(True,True);minMaxScaler();adaBoost(decisionTree('gini',26,14,0.6074299110948179,8,'balanced'),49,0.22808948983544083,'SAMME')	0.7612962962962964	4.532604455947876
robustScaler(True,True);minMaxScaler();adaBoost(decisionTree('gini',21,14,0.6074299110948179,8,'balanced'),49,0.3022686717816418,'SAMME')	0.7962962962962964	4.567973852157593
robustScaler(True,True);minMaxScaler();adaBoost(decisionTree('entropy',26,18,0.2765824105802276,2,'None'),49,0.22808948983544083,'SAMME')	0.6553703703703703	3.3962996006011963
robustScaler(True,True);minMaxScaler();adaBoost(decisionTree('gini',26,4,0.6074299110948179,8,'balanced'),12,0.22808948983544083,'SAMME')	0.7544444444444445	cached
robustScaler(True,True);minMaxScaler();adaBoost(decisionTree('gini',26,14,0.6074299110948179,8,'balanced'),49,0.3022686717816418,'SAMME')	0.7962962962962964	cached
robustScaler(False,True);minMaxScaler();adaBoost(decisionTree('gini',26,17,0.6074299110948179,4,'balanced'),49,0.22808948983544083,'SAMME')	0.7814814814814814	cached
robustScaler(False,True);logisticRegression('l2','newton-cg',1000,18.832380900373128,'balanced')	0.7274074074074074	cached
robustScaler(True,True);minMaxScaler();adaBoost(decisionTree('entropy',29,10,0.7065851921938082,3,'balanced'),35,1.4606158449347943,'SAMME')	0.6727777777777777	3.9054934978485107
robustScaler(True,True);minMaxScaler();adaBoost(decisionTree('gini',26,14,0.6074299110948179,8,'balanced'),12,0.22808948983544083,'SAMME')	0.7544444444444445	cached
robustScaler(True,True);minMaxScaler();adaBoost(decisionTree('gini',26,4,0.6074299110948179,8,'balanced'),12,0.22808948983544083,'SAMME')	0.7544444444444445	cached
minMaxScaler();varianceThreshold();maxAbsScaler();minMaxScaler();maxAbsScaler();robustScaler(True,True);varianceThreshold();adaBoost(decisionTree('gini',26,4,0.9008098536570839,9,'balanced'),12,0.22808948983544083,'SAMME')	invalid_ind (duplicated operator)	invalid_ind (duplicated operator)
robustScaler(True,False);minMaxScaler();adaBoost(decisionTree('gini',26,4,0.6074299110948179,8,'balanced'),12,0.22808948983544083,'SAMME')	0.7544444444444445	2.909837484359741
minMaxScaler();fastICA(15,'deflation','arbitrary-variance','cube');maxAbsScaler();minMaxScaler();maxAbsScaler();robustScaler(True,True);varianceThreshold();extraTreesClassifier(42,'gini','log2',9,20,True,'None')	invalid_ind (duplicated operator)	invalid_ind (duplicated operator)
robustScaler(True,True);minMaxScaler();adaBoost(decisionTree('gini',26,17,0.6074299110948179,4,'balanced'),49,0.22808948983544083,'SAMME')	0.7814814814814814	3.820199966430664
minMaxScaler();fastICA(15,'deflation','unit-variance','cube');maxAbsScaler();minMaxScaler();maxAbsScaler();robustScaler(True,True);varianceThreshold();extraTreesClassifier(42,'gini','sqrt',9,20,True,'None')	invalid_ind (duplicated operator)	invalid_ind (duplicated operator)
robustScaler(True,True);minMaxScaler();adaBoost(decisionTree('gini',26,4,0.6074299110948179,8,'balanced'),12,0.22808948983544083,'SAMME')	0.7544444444444445	cached
robustScaler(True,True);minMaxScaler();adaBoost(decisionTree('gini',26,14,0.6074299110948179,8,'balanced'),49,0.22808948983544083,'SAMME')	0.7612962962962964	3.822049379348755
robustScaler(True,True);minMaxScaler();adaBoost(decisionTree('gini',17,4,0.6074299110948179,8,'balanced'),12,0.22808948983544083,'SAMME')	0.7544444444444445	2.602081060409546
robustScaler(True,True);minMaxScaler();adaBoost(decisionTree('gini',26,4,0.6074299110948179,8,'balanced'),49,0.22808948983544083,'SAMME')	0.7612962962962964	3.6619045734405518
robustScaler(True,True);minMaxScaler();adaBoost(decisionTree('gini',26,14,0.6074299110948179,1,'balanced'),49,0.22808948983544083,'SAMME')	0.731851851851852	3.3040244579315186
robustScaler(True,True);minMaxScaler();adaBoost(decisionTree('gini',26,14,0.6074299110948179,8,'balanced'),49,0.3022686717816418,'SAMME')	0.7962962962962964	2.417881488800049
robustScaler(True,True);minMaxScaler();adaBoost(decisionTree('gini',26,14,0.6074299110948179,8,'balanced'),49,0.22808948983544083,'SAMME')	0.7612962962962964	cached
robustScaler(False,True);minMaxScaler();adaBoost(decisionTree('gini',26,17,0.6074299110948179,4,'balanced'),49,0.22808948983544083,'SAMME')	0.7814814814814814	cached
robustScaler(True,True);minMaxScaler();adaBoost(decisionTree('gini',17,14,0.6074299110948179,8,'balanced'),12,0.22808948983544083,'SAMME')	0.7544444444444445	cached
robustScaler(True,True);minMaxScaler();adaBoost(decisionTree('gini',26,17,0.6074299110948179,4,'balanced'),49,0.22808948983544083,'SAMME')	0.7814814814814814	cached
robustScaler(False,True);minMaxScaler();adaBoost(decisionTree('gini',26,17,0.6074299110948179,4,'balanced'),49,0.22808948983544083,'SAMME')	0.7814814814814814	cached
robustScaler(False,True);minMaxScaler();adaBoost(decisionTree('gini',26,17,0.6074299110948179,4,'balanced'),49,0.22808948983544083,'SAMME')	0.7814814814814814	cached
robustScaler(True,True);minMaxScaler();adaBoost(decisionTree('gini',26,4,0.6074299110948179,8,'balanced'),49,0.22808948983544083,'SAMME')	0.7612962962962964	cached
robustScaler(True,True);minMaxScaler();adaBoost(decisionTree('gini',26,4,0.6074299110948179,8,'balanced'),49,0.22808948983544083,'SAMME')	0.7612962962962964	cached
robustScaler(True,True);minMaxScaler();adaBoost(decisionTree('gini',26,4,0.6074299110948179,8,'balanced'),12,0.22808948983544083,'SAMME')	0.7544444444444445	cached
robustScaler(False,True);minMaxScaler();adaBoost(decisionTree('gini',26,17,0.6074299110948179,4,'balanced'),49,0.22808948983544083,'SAMME')	0.7814814814814814	cached
robustScaler(True,True);minMaxScaler();adaBoost(decisionTree('gini',26,14,0.6074299110948179,8,'balanced'),49,0.3022686717816418,'SAMME')	0.7962962962962964	cached
robustScaler(True,False);minMaxScaler();adaBoost(decisionTree('gini',26,17,0.6074299110948179,8,'balanced'),12,0.22808948983544083,'SAMME')	0.7661111111111112	cached
robustScaler(True,True);minMaxScaler();adaBoost(decisionTree('gini',26,14,0.6074299110948179,8,'balanced'),49,0.22808948983544083,'SAMME')	0.7612962962962964	cached
robustScaler(True,True);minMaxScaler();adaBoost(decisionTree('gini',17,14,0.6074299110948179,8,'balanced'),12,0.22808948983544083,'SAMME')	0.7544444444444445	2.0739781856536865
robustScaler(False,False);minMaxScaler();adaBoost(decisionTree('entropy',30,7,0.1605031533844572,16,'balanced'),49,0.3022686717816418,'SAMME')	0.6607407407407406	2.3685622215270996
robustScaler(True,True);minMaxScaler();adaBoost(decisionTree('gini',26,4,0.6074299110948179,8,'balanced'),12,0.22808948983544083,'SAMME')	0.7544444444444445	2.5094754695892334
robustScaler(True,True);minMaxScaler();adaBoost(decisionTree('gini',5,4,0.2574726197475783,8,'balanced'),49,0.22808948983544083,'SAMME')	0.731111111111111	3.2616329193115234
robustScaler(True,True);minMaxScaler();adaBoost(decisionTree('entropy',26,3,0.6074299110948179,4,'balanced'),49,0.22808948983544083,'SAMME')	0.7485185185185185	3.5803563594818115
adaBoost(decisionTree('gini',26,14,0.6074299110948179,8,'balanced'),49,0.22808948983544083,'SAMME')	0.7646296296296297	2.7180933952331543
robustScaler(True,True);minMaxScaler();adaBoost(decisionTree('gini',26,14,0.6074299110948179,8,'balanced'),49,0.3022686717816418,'SAMME')	0.7962962962962964	cached
robustScaler(True,True);minMaxScaler();adaBoost(decisionTree('gini',26,14,0.6074299110948179,8,'balanced'),49,0.3022686717816418,'SAMME')	0.7962962962962964	cached
robustScaler(False,True);minMaxScaler();adaBoost(decisionTree('gini',26,14,0.6074299110948179,8,'balanced'),12,0.22808948983544083,'SAMME')	0.7544444444444445	2.450813055038452
robustScaler(True,False);minMaxScaler();adaBoost(decisionTree('gini',26,4,0.6074299110948179,8,'balanced'),12,0.22808948983544083,'SAMME')	0.7544444444444445	cached
robustScaler(True,False);minMaxScaler();adaBoost(decisionTree('gini',26,17,0.6074299110948179,8,'balanced'),12,0.22808948983544083,'SAMME')	0.7661111111111112	cached
robustScaler(True,True);minMaxScaler();adaBoost(decisionTree('gini',26,4,0.6074299110948179,8,'balanced'),12,0.3022686717816418,'SAMME')	0.8109259259259259	2.7163355350494385
robustScaler(True,True);minMaxScaler();adaBoost(decisionTree('gini',26,14,0.6074299110948179,8,'balanced'),12,0.22808948983544083,'SAMME')	0.7544444444444445	cached
robustScaler(False,True);minMaxScaler();adaBoost(decisionTree('gini',26,14,0.6074299110948179,8,'balanced'),49,0.3022686717816418,'SAMME')	0.7962962962962964	2.9902091026306152
robustScaler(True,True);minMaxScaler();adaBoost(decisionTree('gini',26,14,0.6074299110948179,8,'balanced'),49,0.22808948983544083,'SAMME')	0.7612962962962964	2.7365777492523193
nystroem('sigmoid',1.002731070681916,22,3,0.2873522316632269);minMaxScaler();adaBoost(decisionTree('gini',26,4,0.6074299110948179,8,'balanced'),49,0.22808948983544083,'SAMME')	0.16666666666666666	2.7683069705963135
robustScaler(True,True);minMaxScaler();adaBoost(decisionTree('entropy',25,15,0.9313345445140548,11,'balanced'),56,0.726983874408544,'SAMME')	0.6557407407407407	3.241895914077759
robustScaler(True,False);minMaxScaler();adaBoost(decisionTree('gini',21,14,0.6074299110948179,8,'balanced'),49,0.3022686717816418,'SAMME')	0.7962962962962964	3.3682730197906494
robustScaler(True,True);minMaxScaler();adaBoost(decisionTree('gini',26,14,0.6074299110948179,8,'balanced'),49,0.22808948983544083,'SAMME')	0.7612962962962964	cached
robustScaler(True,True);minMaxScaler();adaBoost(decisionTree('gini',26,14,0.6074299110948179,8,'balanced'),49,0.22808948983544083,'SAMME')	0.7612962962962964	cached
robustScaler(True,True);minMaxScaler();adaBoost(decisionTree('gini',26,14,0.6074299110948179,1,'balanced'),49,0.22808948983544083,'SAMME')	0.731851851851852	cached
robustScaler(True,True);minMaxScaler();adaBoost(decisionTree('gini',26,14,0.6074299110948179,8,'balanced'),49,0.22808948983544083,'SAMME')	0.7612962962962964	cached
robustScaler(True,True);minMaxScaler();adaBoost(decisionTree('entropy',13,11,0.8341818773893724,16,'balanced'),49,0.3022686717816418,'SAMME')	0.5781481481481482	3.121345043182373
robustScaler(True,True);minMaxScaler();adaBoost(decisionTree('gini',26,14,0.6074299110948179,8,'balanced'),49,0.3022686717816418,'SAMME')	0.7962962962962964	3.3498499393463135
robustScaler(False,True);minMaxScaler();adaBoost(decisionTree('gini',17,17,0.6074299110948179,4,'balanced'),12,0.22808948983544083,'SAMME')	0.7937037037037037	2.5034241676330566
robustScaler(False,True);minMaxScaler();adaBoost(decisionTree('gini',26,14,0.6074299110948179,8,'balanced'),49,0.3022686717816418,'SAMME')	0.7962962962962964	2.9549474716186523
robustScaler(True,True);minMaxScaler();adaBoost(decisionTree('gini',26,4,0.6074299110948179,8,'balanced'),12,0.3022686717816418,'SAMME')	0.8109259259259259	2.2548511028289795
robustScaler(True,True);minMaxScaler();adaBoost(decisionTree('gini',26,14,0.6074299110948179,8,'balanced'),49,0.3022686717816418,'SAMME')	0.7962962962962964	cached
robustScaler(True,True);minMaxScaler();adaBoost(decisionTree('gini',26,14,0.6074299110948179,8,'balanced'),49,0.3022686717816418,'SAMME')	0.7962962962962964	cached
robustScaler(False,False);minMaxScaler();adaBoost(decisionTree('entropy',30,7,0.1605031533844572,16,'balanced'),49,0.3022686717816418,'SAMME')	0.6607407407407406	cached
robustScaler(False,True);minMaxScaler();adaBoost(decisionTree('gini',26,14,0.6074299110948179,8,'balanced'),49,0.3022686717816418,'SAMME')	0.7962962962962964	cached
robustScaler(False,True);minMaxScaler();adaBoost(decisionTree('gini',26,14,0.6074299110948179,8,'balanced'),49,0.3022686717816418,'SAMME')	0.7962962962962964	cached
robustScaler(True,True);minMaxScaler();adaBoost(decisionTree('gini',26,14,0.6074299110948179,8,'balanced'),49,0.3022686717816418,'SAMME')	0.7962962962962964	cached
robustScaler(True,False);minMaxScaler();adaBoost(decisionTree('gini',26,17,0.6074299110948179,8,'balanced'),12,0.22808948983544083,'SAMME')	0.7661111111111112	cached
robustScaler(True,True);minMaxScaler();adaBoost(decisionTree('gini',26,14,0.6074299110948179,8,'balanced'),49,0.3022686717816418,'SAMME')	0.7962962962962964	cached
robustScaler(True,True);minMaxScaler();adaBoost(decisionTree('gini',26,14,0.6074299110948179,8,'balanced'),49,0.3022686717816418,'SAMME')	0.7962962962962964	cached
robustScaler(True,False);minMaxScaler();adaBoost(decisionTree('gini',21,14,0.6074299110948179,8,'balanced'),49,0.3022686717816418,'SAMME')	0.7962962962962964	cached
robustScaler(False,True);minMaxScaler();adaBoost(decisionTree('gini',26,17,0.6074299110948179,4,'balanced'),49,0.22808948983544083,'SAMME')	0.7814814814814814	cached
robustScaler(True,True);minMaxScaler();adaBoost(decisionTree('gini',26,14,0.6074299110948179,8,'balanced'),49,0.3022686717816418,'SAMME')	0.7962962962962964	cached
robustScaler(True,True);minMaxScaler();adaBoost(decisionTree('gini',26,14,0.6074299110948179,8,'balanced'),49,0.3022686717816418,'SAMME')	0.7962962962962964	cached
robustScaler(True,True);minMaxScaler();adaBoost(decisionTree('gini',26,14,0.6074299110948179,1,'balanced'),49,0.22808948983544083,'SAMME')	0.731851851851852	cached
robustScaler(True,True);minMaxScaler();adaBoost(decisionTree('gini',26,14,0.6074299110948179,8,'balanced'),49,0.22808948983544083,'SAMME')	0.7612962962962964	cached
pca(0.8037860569054334,True);minMaxScaler();fastICA(51,'deflation','arbitrary-variance','cube');varianceThreshold();pca(0.7762706712795153,True);kNN(35,'distance',2)	invalid_ind (duplicated operator)	invalid_ind (duplicated operator)
robustScaler(False,True);minMaxScaler();adaBoost(decisionTree('gini',26,17,0.6074299110948179,4,'balanced'),49,0.22808948983544083,'SAMME')	0.7814814814814814	cached
robustScaler(True,False);minMaxScaler();adaBoost(decisionTree('gini',2,6,0.9328422699146807,5,'balanced'),23,0.3022686717816418,'SAMME')	0.6511111111111111	2.2765135765075684
robustScaler(True,True);minMaxScaler();adaBoost(decisionTree('gini',26,14,0.6074299110948179,8,'balanced'),49,0.3022686717816418,'SAMME')	0.7962962962962964	cached
robustScaler(True,True);minMaxScaler();adaBoost(decisionTree('gini',26,14,0.6074299110948179,8,'balanced'),49,0.3022686717816418,'SAMME')	0.7962962962962964	cached
robustScaler(True,True);minMaxScaler();adaBoost(decisionTree('gini',26,4,0.6074299110948179,8,'balanced'),12,0.3022686717816418,'SAMME')	0.8109259259259259	cached
robustScaler(False,False);minMaxScaler();adaBoost(decisionTree('gini',26,17,0.6074299110948179,4,'balanced'),49,0.22808948983544083,'SAMME')	0.7814814814814814	2.6730363368988037
robustScaler(True,True);minMaxScaler();adaBoost(decisionTree('entropy',26,11,0.2598588938356241,14,'balanced'),49,0.3022686717816418,'SAMME')	0.6614814814814814	2.8189492225646973
robustScaler(False,False);minMaxScaler();adaBoost(decisionTree('gini',17,17,0.6074299110948179,4,'balanced'),49,0.3022686717816418,'SAMME')	0.74	3.4452571868896484
robustScaler(True,True);minMaxScaler();adaBoost(decisionTree('gini',26,17,0.6074299110948179,4,'balanced'),49,0.3022686717816418,'SAMME')	0.74	3.3464303016662598
robustScaler(True,True);minMaxScaler();adaBoost(decisionTree('gini',26,14,0.6074299110948179,8,'balanced'),12,0.22808948983544083,'SAMME')	0.7544444444444445	1.9819579124450684
robustScaler(True,True);minMaxScaler();adaBoost(decisionTree('gini',26,14,0.6074299110948179,8,'balanced'),49,0.22808948983544083,'SAMME')	0.7612962962962964	2.8383939266204834
robustScaler(True,True);minMaxScaler();adaBoost(decisionTree('gini',26,4,0.6074299110948179,8,'balanced'),49,0.22808948983544083,'SAMME')	0.7612962962962964	3.4113287925720215
robustScaler(False,False);minMaxScaler();adaBoost(decisionTree('gini',21,14,0.6074299110948179,8,'balanced'),49,0.3022686717816418,'SAMME')	0.7962962962962964	3.472353219985962
robustScaler(True,True);minMaxScaler();adaBoost(decisionTree('gini',26,14,0.6074299110948179,8,'balanced'),49,0.22808948983544083,'SAMME')	0.7612962962962964	2.861495018005371
robustScaler(True,True);minMaxScaler();adaBoost(decisionTree('gini',26,4,0.6074299110948179,8,'balanced'),49,0.3022686717816418,'SAMME')	0.7962962962962964	3.1643624305725098
robustScaler(True,True);minMaxScaler();adaBoost(decisionTree('gini',26,14,0.6074299110948179,8,'balanced'),12,0.3022686717816418,'SAMME')	0.8109259259259259	2.5409164428710938
robustScaler(True,True);minMaxScaler();adaBoost(decisionTree('gini',26,4,0.6074299110948179,8,'balanced'),49,0.3022686717816418,'SAMME')	0.7962962962962964	3.2505011558532715
robustScaler(True,True);minMaxScaler();adaBoost(decisionTree('gini',26,4,0.6074299110948179,8,'balanced'),12,0.3022686717816418,'SAMME')	0.8109259259259259	cached
robustScaler(True,False);minMaxScaler();adaBoost(decisionTree('gini',26,17,0.6074299110948179,8,'balanced'),12,0.22808948983544083,'SAMME')	0.7661111111111112	cached
adaBoost(decisionTree('gini',26,14,0.6074299110948179,8,'balanced'),12,0.3022686717816418,'SAMME')	0.8109259259259259	3.357360601425171
robustScaler(True,True);minMaxScaler();adaBoost(decisionTree('gini',21,14,0.6074299110948179,8,'balanced'),49,0.3022686717816418,'SAMME')	0.7962962962962964	3.689530849456787
robustScaler(False,True);minMaxScaler();adaBoost(decisionTree('gini',26,14,0.6074299110948179,8,'balanced'),12,0.3022686717816418,'SAMME')	0.8109259259259259	2.353902578353882
robustScaler(True,True);minMaxScaler();adaBoost(decisionTree('gini',26,4,0.6074299110948179,8,'balanced'),49,0.3022686717816418,'SAMME')	0.7962962962962964	2.9281792640686035
robustScaler(True,False);minMaxScaler();adaBoost(decisionTree('gini',26,4,0.6074299110948179,8,'balanced'),12,0.3022686717816418,'SAMME')	0.8109259259259259	2.1667284965515137
robustScaler(True,True);minMaxScaler();adaBoost(decisionTree('gini',26,17,0.6074299110948179,8,'balanced'),12,0.22808948983544083,'SAMME')	0.7661111111111112	3.1970105171203613
robustScaler(True,True);minMaxScaler();adaBoost(decisionTree('gini',26,14,0.6074299110948179,8,'balanced'),49,0.3022686717816418,'SAMME')	0.7962962962962964	3.2494053840637207
robustScaler(True,False);minMaxScaler();adaBoost(decisionTree('gini',26,17,0.6074299110948179,8,'balanced'),49,0.3022686717816418,'SAMME')	0.7709259259259259	3.526993751525879
maxAbsScaler();adaBoost(decisionTree('gini',21,14,0.6074299110948179,8,'balanced'),49,0.3022686717816418,'SAMME')	0.7962962962962964	3.5460355281829834
adaBoost(decisionTree('gini',26,14,0.6074299110948179,8,'balanced'),12,0.3022686717816418,'SAMME')	0.8109259259259259	cached
robustScaler(True,False);minMaxScaler();adaBoost(decisionTree('gini',26,17,0.6074299110948179,8,'balanced'),49,0.3022686717816418,'SAMME')	0.7709259259259259	3.9028658866882324
robustScaler(False,True);minMaxScaler();adaBoost(decisionTree('gini',26,14,0.6074299110948179,8,'balanced'),12,0.3022686717816418,'SAMME')	0.8109259259259259	2.9124159812927246
robustScaler(True,False);minMaxScaler();adaBoost(decisionTree('gini',26,4,0.6074299110948179,8,'balanced'),12,0.3022686717816418,'SAMME')	0.8109259259259259	cached
adaBoost(decisionTree('gini',26,14,0.6074299110948179,8,'balanced'),12,0.3022686717816418,'SAMME')	0.8109259259259259	cached
robustScaler(True,True);minMaxScaler();adaBoost(decisionTree('gini',26,14,0.6074299110948179,8,'balanced'),12,0.22808948983544083,'SAMME')	0.7544444444444445	2.7378079891204834
nystroem('sigmoid',3.0155635694282017,61,2,-0.4059821759204887);pca(0.6126771039266263,False);adaBoost(decisionTree('gini',26,4,0.6074299110948179,8,'balanced'),12,0.22808948983544083,'SAMME')	0.16666666666666666	3.957432508468628
robustScaler(False,True);minMaxScaler();adaBoost(decisionTree('gini',26,17,0.6074299110948179,4,'balanced'),49,0.3022686717816418,'SAMME')	0.74	4.798011302947998
robustScaler(True,True);minMaxScaler();adaBoost(decisionTree('gini',3,14,0.6074299110948179,8,'balanced'),12,0.3022686717816418,'SAMME')	0.7498148148148148	3.6947996616363525
robustScaler(True,True);minMaxScaler();adaBoost(decisionTree('gini',26,14,0.6074299110948179,8,'balanced'),49,0.22808948983544083,'SAMME')	0.7612962962962964	cached
robustScaler(True,False);minMaxScaler();adaBoost(decisionTree('gini',26,17,0.6074299110948179,8,'balanced'),12,0.22808948983544083,'SAMME')	0.7661111111111112	cached
robustScaler(False,True);minMaxScaler();adaBoost(decisionTree('gini',26,14,0.6074299110948179,8,'balanced'),49,0.3022686717816418,'SAMME')	0.7962962962962964	cached
robustScaler(True,False);minMaxScaler();adaBoost(decisionTree('gini',26,14,0.6074299110948179,8,'balanced'),49,0.3022686717816418,'SAMME')	0.7962962962962964	4.433002948760986
robustScaler(True,True);minMaxScaler();adaBoost(decisionTree('gini',26,14,0.6074299110948179,8,'balanced'),12,0.3022686717816418,'SAMME')	0.8109259259259259	2.8454978466033936
fastICA(63,'deflation','unit-variance','logcosh');minMaxScaler();adaBoost(decisionTree('gini',26,14,0.6074299110948179,8,'balanced'),49,0.3022686717816418,'SAMME')	0.6853703703703704	8.071125984191895
robustScaler(True,True);minMaxScaler();adaBoost(decisionTree('gini',26,4,0.6074299110948179,8,'balanced'),49,0.3022686717816418,'SAMME')	0.7962962962962964	cached
robustScaler(True,True);minMaxScaler();adaBoost(decisionTree('gini',21,14,0.6074299110948179,8,'balanced'),49,0.3022686717816418,'SAMME')	0.7962962962962964	cached
robustScaler(True,True);minMaxScaler();adaBoost(decisionTree('gini',26,4,0.6074299110948179,8,'balanced'),12,0.3022686717816418,'SAMME')	0.8109259259259259	cached
robustScaler(True,True);minMaxScaler();adaBoost(decisionTree('gini',26,4,0.6074299110948179,8,'balanced'),12,0.3022686717816418,'SAMME')	0.8109259259259259	cached
robustScaler(True,True);minMaxScaler();adaBoost(decisionTree('gini',26,4,0.6074299110948179,8,'balanced'),12,0.3022686717816418,'SAMME')	0.8109259259259259	cached
robustScaler(True,True);minMaxScaler();adaBoost(decisionTree('gini',26,4,0.6074299110948179,8,'balanced'),12,0.3022686717816418,'SAMME')	0.8109259259259259	cached
robustScaler(True,True);minMaxScaler();adaBoost(decisionTree('gini',26,14,0.6074299110948179,8,'balanced'),49,0.22808948983544083,'SAMME')	0.7612962962962964	4.393704414367676
robustScaler(True,True);minMaxScaler();adaBoost(decisionTree('gini',26,4,0.6074299110948179,8,'balanced'),49,0.3022686717816418,'SAMME')	0.7962962962962964	cached
robustScaler(True,True);minMaxScaler();adaBoost(decisionTree('gini',26,14,0.6074299110948179,8,'balanced'),49,0.22808948983544083,'SAMME')	0.7612962962962964	cached
robustScaler(False,True);minMaxScaler();adaBoost(decisionTree('gini',21,14,0.6074299110948179,8,'balanced'),49,0.3022686717816418,'SAMME')	0.7962962962962964	4.10158371925354
robustScaler(True,True);minMaxScaler();adaBoost(decisionTree('gini',21,14,0.6074299110948179,8,'balanced'),49,0.3022686717816418,'SAMME')	0.7962962962962964	3.7843637466430664
robustScaler(True,True);minMaxScaler();adaBoost(decisionTree('gini',21,14,0.6074299110948179,8,'balanced'),49,0.3022686717816418,'SAMME')	0.7962962962962964	4.419166088104248
robustScaler(True,True);minMaxScaler();adaBoost(decisionTree('gini',26,14,0.6074299110948179,8,'balanced'),12,0.3022686717816418,'SAMME')	0.8109259259259259	cached
robustScaler(False,True);minMaxScaler();adaBoost(decisionTree('entropy',7,14,0.6074299110948179,8,'balanced'),49,0.3022686717816418,'SAMME')	0.7046296296296297	4.5084006786346436
robustScaler(False,True);minMaxScaler();adaBoost(decisionTree('gini',26,17,0.6074299110948179,4,'balanced'),49,0.3022686717816418,'SAMME')	0.74	3.853790521621704
robustScaler(True,False);minMaxScaler();adaBoost(decisionTree('gini',26,4,0.6074299110948179,8,'balanced'),49,0.3022686717816418,'SAMME')	0.7962962962962964	3.556920289993286
robustScaler(True,True);minMaxScaler();adaBoost(decisionTree('gini',26,14,0.6074299110948179,8,'balanced'),49,0.22808948983544083,'SAMME')	0.7612962962962964	3.8350133895874023
robustScaler(False,False);minMaxScaler();adaBoost(decisionTree('gini',26,14,0.6074299110948179,8,'balanced'),49,0.3022686717816418,'SAMME')	0.7962962962962964	3.8687572479248047
robustScaler(True,True);minMaxScaler();adaBoost(decisionTree('gini',29,10,0.7439419049289333,3,'balanced'),83,0.24209475389650162,'SAMME')	0.7201851851851852	4.520760536193848
robustScaler(True,True);minMaxScaler();adaBoost(decisionTree('gini',26,14,0.6074299110948179,8,'balanced'),49,0.22808948983544083,'SAMME')	0.7612962962962964	3.070340394973755
randomForest(54,'gini','sqrt',17,19,True,'balanced')	0.6398148148148148	2.227234363555908
robustScaler(True,True);minMaxScaler();adaBoost(decisionTree('gini',26,14,0.6074299110948179,8,'balanced'),12,0.3022686717816418,'SAMME')	0.8109259259259259	cached
robustScaler(True,True);minMaxScaler();adaBoost(decisionTree('gini',26,4,0.6074299110948179,8,'balanced'),12,0.3022686717816418,'SAMME')	0.8109259259259259	cached
robustScaler(True,True);minMaxScaler();adaBoost(decisionTree('gini',21,14,0.6074299110948179,8,'balanced'),49,0.3022686717816418,'SAMME')	0.7962962962962964	cached
robustScaler(True,False);minMaxScaler();adaBoost(decisionTree('gini',26,17,0.6074299110948179,8,'balanced'),49,0.3022686717816418,'SAMME')	0.7709259259259259	cached
robustScaler(True,True);minMaxScaler();adaBoost(decisionTree('gini',26,4,0.6074299110948179,8,'balanced'),12,0.3022686717816418,'SAMME')	0.8109259259259259	cached
robustScaler(True,False);minMaxScaler();adaBoost(decisionTree('gini',26,14,0.6074299110948179,8,'balanced'),49,0.3022686717816418,'SAMME')	0.7962962962962964	cached
robustScaler(True,False);minMaxScaler();adaBoost(decisionTree('gini',26,14,0.09879088025568894,8,'None'),12,0.9557167475624007,'SAMME')	0.5579629629629629	2.0540995597839355
robustScaler(True,True);minMaxScaler();adaBoost(decisionTree('gini',26,4,0.6074299110948179,8,'balanced'),12,0.3022686717816418,'SAMME')	0.8109259259259259	cached
robustScaler(True,False);minMaxScaler();adaBoost(decisionTree('gini',26,17,0.6074299110948179,8,'balanced'),49,0.3022686717816418,'SAMME')	0.7709259259259259	cached
robustScaler(False,True);minMaxScaler();adaBoost(decisionTree('gini',26,14,0.6074299110948179,8,'balanced'),12,0.3022686717816418,'SAMME')	0.8109259259259259	cached
robustScaler(True,True);minMaxScaler();adaBoost(decisionTree('gini',26,4,0.6074299110948179,8,'balanced'),49,0.3022686717816418,'SAMME')	0.7962962962962964	cached
robustScaler(True,False);minMaxScaler();adaBoost(decisionTree('gini',26,17,0.6074299110948179,8,'balanced'),49,0.3022686717816418,'SAMME')	0.7709259259259259	cached
robustScaler(False,False);minMaxScaler();adaBoost(decisionTree('gini',26,14,0.6074299110948179,8,'balanced'),49,0.3022686717816418,'SAMME')	0.7962962962962964	cached
robustScaler(True,True);minMaxScaler();adaBoost(decisionTree('gini',26,4,0.6074299110948179,8,'balanced'),12,0.3022686717816418,'SAMME')	0.8109259259259259	cached
robustScaler(True,True);minMaxScaler();adaBoost(decisionTree('gini',26,4,0.6074299110948179,8,'balanced'),12,0.3022686717816418,'SAMME')	0.8109259259259259	cached
robustScaler(True,True);minMaxScaler();adaBoost(decisionTree('gini',26,4,0.6074299110948179,8,'balanced'),12,0.22808948983544083,'SAMME')	0.7544444444444445	2.103531837463379
adaBoost(decisionTree('gini',2,3,0.27864249695436005,12,'balanced'),12,0.3022686717816418,'SAMME')	0.5555555555555556	2.9612693786621094
robustScaler(True,False);minMaxScaler();adaBoost(decisionTree('gini',26,17,0.6074299110948179,8,'balanced'),49,0.3022686717816418,'SAMME')	0.7709259259259259	cached
robustScaler(True,True);minMaxScaler();adaBoost(decisionTree('gini',26,4,0.6074299110948179,8,'balanced'),12,0.3022686717816418,'SAMME')	0.8109259259259259	cached
adaBoost(decisionTree('gini',8,7,0.508340953436583,20,'balanced'),45,1.1347068175235406,'SAMME')	0.6225925925925926	3.443294048309326
robustScaler(True,True);minMaxScaler();adaBoost(decisionTree('gini',29,10,0.7439419049289333,3,'balanced'),83,0.3022686717816418,'SAMME')	0.7242592592592592	3.5510871410369873
robustScaler(True,True);minMaxScaler();adaBoost(decisionTree('gini',26,17,0.6074299110948179,8,'balanced'),12,0.3022686717816418,'SAMME')	0.767962962962963	2.371929168701172
robustScaler(True,True);minMaxScaler();adaBoost(decisionTree('gini',26,4,0.6074299110948179,8,'balanced'),12,0.3022686717816418,'SAMME')	0.8109259259259259	cached
robustScaler(True,True);minMaxScaler();adaBoost(decisionTree('gini',3,14,0.6074299110948179,8,'balanced'),12,0.3022686717816418,'SAMME')	0.7498148148148148	cached
maxAbsScaler();adaBoost(decisionTree('gini',21,14,0.6074299110948179,8,'balanced'),49,0.3022686717816418,'SAMME')	0.7962962962962964	cached
robustScaler(False,True);minMaxScaler();adaBoost(decisionTree('gini',26,17,0.6074299110948179,4,'balanced'),49,0.3022686717816418,'SAMME')	0.74	cached
adaBoost(decisionTree('gini',26,14,0.6074299110948179,8,'balanced'),12,0.3022686717816418,'SAMME')	0.8109259259259259	cached
robustScaler(True,True);minMaxScaler();adaBoost(decisionTree('gini',26,4,0.6074299110948179,8,'balanced'),12,0.3022686717816418,'SAMME')	0.8109259259259259	cached
robustScaler(True,True);minMaxScaler();adaBoost(decisionTree('gini',26,14,0.6074299110948179,8,'balanced'),12,0.3022686717816418,'SAMME')	0.8109259259259259	2.5736804008483887
robustScaler(False,True);minMaxScaler();adaBoost(decisionTree('gini',26,17,0.6074299110948179,4,'balanced'),12,0.3022686717816418,'SAMME')	0.7355555555555556	2.8936171531677246
adaBoost(decisionTree('gini',26,16,0.6074299110948179,8,'balanced'),12,0.3022686717816418,'SAMME')	0.8109259259259259	2.5547430515289307
robustScaler(True,True);minMaxScaler();adaBoost(decisionTree('gini',26,4,0.6074299110948179,8,'balanced'),12,0.24209475389650162,'SAMME')	0.7918518518518518	3.030691385269165
adaBoost(decisionTree('gini',26,14,0.6074299110948179,8,'balanced'),12,0.3022686717816418,'SAMME')	0.8109259259259259	cached
robustScaler(True,True);minMaxScaler();adaBoost(decisionTree('gini',26,14,0.6074299110948179,8,'balanced'),12,0.3022686717816418,'SAMME')	0.8109259259259259	cached
robustScaler(True,True);minMaxScaler();adaBoost(decisionTree('gini',26,4,0.6074299110948179,8,'balanced'),49,0.22808948983544083,'SAMME')	0.7612962962962964	3.059237241744995
robustScaler(True,True);minMaxScaler();adaBoost(decisionTree('gini',21,14,0.6074299110948179,8,'balanced'),49,0.3022686717816418,'SAMME')	0.7962962962962964	3.2232203483581543
randomForest(54,'gini','sqrt',17,19,True,'balanced')	0.6398148148148148	2.9040544033050537
robustScaler(True,True);minMaxScaler();adaBoost(decisionTree('gini',26,4,0.6074299110948179,8,'balanced'),49,0.3022686717816418,'SAMME')	0.7962962962962964	3.0960659980773926
robustScaler(True,True);minMaxScaler();adaBoost(decisionTree('gini',3,14,0.6074299110948179,8,'balanced'),12,0.3022686717816418,'SAMME')	0.7498148148148148	2.3094141483306885
robustScaler(True,True);minMaxScaler();adaBoost(decisionTree('gini',26,14,0.6074299110948179,8,'balanced'),12,0.3022686717816418,'SAMME')	0.8109259259259259	2.1901497840881348
adaBoost(decisionTree('gini',26,16,0.6074299110948179,8,'balanced'),12,0.3022686717816418,'SAMME')	0.8109259259259259	cached
robustScaler(True,True);minMaxScaler();adaBoost(decisionTree('gini',26,4,0.6074299110948179,8,'balanced'),12,0.3022686717816418,'SAMME')	0.8109259259259259	cached
robustScaler(True,True);minMaxScaler();adaBoost(decisionTree('gini',26,4,0.6074299110948179,8,'balanced'),12,0.3022686717816418,'SAMME')	0.8109259259259259	cached
adaBoost(decisionTree('gini',26,14,0.6074299110948179,8,'balanced'),12,0.3022686717816418,'SAMME')	0.8109259259259259	cached
robustScaler(True,True);minMaxScaler();adaBoost(decisionTree('gini',26,4,0.6074299110948179,8,'balanced'),49,0.3022686717816418,'SAMME')	0.7962962962962964	cached
robustScaler(True,True);minMaxScaler();adaBoost(decisionTree('gini',3,14,0.6074299110948179,8,'balanced'),12,0.3022686717816418,'SAMME')	0.7498148148148148	cached
robustScaler(True,True);minMaxScaler();adaBoost(decisionTree('gini',26,14,0.6074299110948179,8,'balanced'),49,0.3022686717816418,'SAMME')	0.7962962962962964	cached
robustScaler(False,False);minMaxScaler();adaBoost(decisionTree('gini',26,14,0.6074299110948179,8,'balanced'),49,0.3022686717816418,'SAMME')	0.7962962962962964	cached
adaBoost(decisionTree('gini',26,14,0.6074299110948179,8,'balanced'),12,0.3022686717816418,'SAMME')	0.8109259259259259	cached
robustScaler(True,True);minMaxScaler();adaBoost(decisionTree('gini',26,14,0.6074299110948179,8,'balanced'),49,0.3022686717816418,'SAMME')	0.7962962962962964	cached
adaBoost(decisionTree('gini',26,16,0.6074299110948179,8,'balanced'),12,0.3022686717816418,'SAMME')	0.8109259259259259	cached
robustScaler(True,True);minMaxScaler();adaBoost(decisionTree('gini',26,14,0.6074299110948179,8,'balanced'),12,0.3022686717816418,'SAMME')	0.8109259259259259	cached
adaBoost(decisionTree('gini',26,14,0.6074299110948179,8,'balanced'),12,0.3022686717816418,'SAMME')	0.8109259259259259	cached
robustScaler(True,True);minMaxScaler();adaBoost(decisionTree('gini',26,4,0.6074299110948179,8,'balanced'),12,0.24209475389650162,'SAMME')	0.7918518518518518	cached
robustScaler(True,True);minMaxScaler();adaBoost(decisionTree('gini',26,4,0.6074299110948179,8,'balanced'),12,0.3022686717816418,'SAMME')	0.8109259259259259	cached
robustScaler(True,False);minMaxScaler();adaBoost(decisionTree('gini',26,17,0.6074299110948179,8,'balanced'),12,0.3022686717816418,'SAMME')	0.767962962962963	2.030891180038452
adaBoost(decisionTree('entropy',10,18,0.09442636962375539,1,'None'),12,0.3022686717816418,'SAMME')	0.6127777777777779	2.0222816467285156
robustScaler(True,True);minMaxScaler();adaBoost(decisionTree('gini',3,14,0.6074299110948179,8,'balanced'),12,0.3022686717816418,'SAMME')	0.7498148148148148	2.0733659267425537
robustScaler(True,True);minMaxScaler();adaBoost(decisionTree('gini',26,14,0.6074299110948179,8,'balanced'),12,0.3022686717816418,'SAMME')	0.8109259259259259	2.956627607345581
adaBoost(decisionTree('entropy',19,12,0.38608315181669817,4,'balanced'),49,0.3022686717816418,'SAMME')	0.6868518518518518	3.621788263320923
robustScaler(True,True);minMaxScaler();adaBoost(decisionTree('entropy',14,19,0.27557155208176753,2,'balanced'),21,0.2948811557402902,'SAMME')	0.6820370370370371	2.315446138381958
robustScaler(True,True);minMaxScaler();adaBoost(decisionTree('gini',26,4,0.6074299110948179,8,'balanced'),12,0.3022686717816418,'SAMME')	0.8109259259259259	cached
robustScaler(True,True);minMaxScaler();adaBoost(decisionTree('gini',26,4,0.6074299110948179,8,'balanced'),12,0.3022686717816418,'SAMME')	0.8109259259259259	cached
robustScaler(True,True);minMaxScaler();adaBoost(decisionTree('gini',26,14,0.6074299110948179,8,'balanced'),12,0.3022686717816418,'SAMME')	0.8109259259259259	cached
robustScaler(True,True);minMaxScaler();adaBoost(decisionTree('gini',26,14,0.6074299110948179,8,'balanced'),12,0.3022686717816418,'SAMME')	0.8109259259259259	cached
robustScaler(True,True);minMaxScaler();adaBoost(decisionTree('gini',26,4,0.6074299110948179,8,'balanced'),12,0.3022686717816418,'SAMME')	0.8109259259259259	cached
robustScaler(True,True);minMaxScaler();adaBoost(decisionTree('gini',26,4,0.6074299110948179,8,'balanced'),12,0.3022686717816418,'SAMME')	0.8109259259259259	cached
robustScaler(True,True);minMaxScaler();adaBoost(decisionTree('gini',26,4,0.6074299110948179,8,'balanced'),49,0.3022686717816418,'SAMME')	0.7962962962962964	2.8906354904174805
robustScaler(True,True);minMaxScaler();adaBoost(decisionTree('gini',3,14,0.6074299110948179,8,'balanced'),49,0.3022686717816418,'SAMME')	0.7348148148148147	3.502800464630127
robustScaler(True,False);minMaxScaler();adaBoost(decisionTree('gini',26,17,0.6074299110948179,8,'balanced'),12,0.3022686717816418,'SAMME')	0.767962962962963	2.668238401412964
robustScaler(True,False);minMaxScaler();adaBoost(decisionTree('gini',26,17,0.6074299110948179,8,'balanced'),49,0.3022686717816418,'SAMME')	0.7709259259259259	cached
robustScaler(True,True);minMaxScaler();adaBoost(decisionTree('gini',26,4,0.6074299110948179,8,'balanced'),49,0.3022686717816418,'SAMME')	0.7962962962962964	cached
robustScaler(True,True);minMaxScaler();adaBoost(decisionTree('gini',26,4,0.6074299110948179,8,'balanced'),12,0.3022686717816418,'SAMME')	0.8109259259259259	cached
robustScaler(True,True);minMaxScaler();adaBoost(decisionTree('gini',26,4,0.6074299110948179,8,'balanced'),12,0.3022686717816418,'SAMME')	0.8109259259259259	cached
robustScaler(True,False);minMaxScaler();adaBoost(decisionTree('gini',30,4,0.6074299110948179,8,'balanced'),49,0.3022686717816418,'SAMME')	0.7962962962962964	3.4434897899627686
robustScaler(False,False);minMaxScaler();adaBoost(decisionTree('gini',26,4,0.6074299110948179,8,'balanced'),12,0.3022686717816418,'SAMME')	0.8109259259259259	2.476874828338623
adaBoost(decisionTree('gini',26,16,0.6074299110948179,8,'balanced'),12,0.3022686717816418,'SAMME')	0.8109259259259259	cached
robustScaler(True,False);minMaxScaler();adaBoost(decisionTree('gini',26,4,0.6074299110948179,8,'balanced'),12,0.3022686717816418,'SAMME')	0.8109259259259259	2.3107523918151855
robustScaler(True,True);minMaxScaler();adaBoost(decisionTree('gini',26,4,0.6074299110948179,8,'balanced'),12,0.3022686717816418,'SAMME')	0.8109259259259259	2.1281938552856445
robustScaler(True,True);minMaxScaler();adaBoost(decisionTree('gini',26,17,0.6074299110948179,8,'balanced'),49,0.3022686717816418,'SAMME')	0.7709259259259259	2.3057308197021484
