pipeline	fitness	fit_time
selectFwe(0.04736632413667868);pca(0.5247896977635468,False);varianceThreshold();varianceThreshold();extraTreesClassifier(84,'gini','log2',5,18,True,'balanced')	invalid_ind (duplicated operator)	invalid_ind (duplicated operator)
varianceThreshold();minMaxScaler();varianceThreshold();nystroem('poly',1.39807598979412,60,2,-0.03695436366961058);adaBoost(decisionTree('gini',12,2,0.07031557615348971,7,'None'),29,1.0149772493231832,'SAMME')	invalid_ind (duplicated operator)	invalid_ind (duplicated operator)
maxAbsScaler();maxAbsScaler();adaBoost(decisionTree('entropy',25,7,0.6085546389515137,5,'balanced'),28,0.6911758795755965,'SAMME')	invalid_ind (duplicated operator)	invalid_ind (duplicated operator)
qda(0.723127961069629)	0.7051225490196079	1.820535659790039
kNN(3,'uniform',1)	0.8348529411764705	1.926262617111206
selectFwe(0.0143483446270241);pca(0.7615525054721541,True);nystroem('poly',0.35167083821096917,25,5,-0.11576382344991276);selectPercentile(77.82572968296921);maxAbsScaler();fastICA(61,'parallel','unit-variance','exp');decisionTree('entropy',17,14,0.33911614433881987,7,'None')	0.664828431372549	3.0563559532165527
varianceThreshold();extraTreesClassifier(72,'entropy','sqrt',4,18,True,'balanced_subsample')	0.81875	3.7779300212860107
pca(0.6928571420791108,True);minMaxScaler();minMaxScaler();robustScaler(False,False);mlpClassifier((45, 5),0.08123486314972199,0.8203055048089175,'sgd','relu')	invalid_ind (duplicated operator)	invalid_ind (duplicated operator)
maxAbsScaler();varianceThreshold();robustScaler(False,True);minMaxScaler();adaBoost(decisionTree('gini',26,9,0.8183329433253732,8,'balanced'),76,0.7270645522714722,'SAMME')	0.9183088235294118	4.388095140457153
varianceThreshold();fastICA(65,'deflation','unit-variance','exp');maxAbsScaler();varianceThreshold();selectFwe(0.034701543769405645);minMaxScaler();bernoulliNB(1.752379375585162,False)	invalid_ind (duplicated operator)	invalid_ind (duplicated operator)
robustScaler(True,False);maxAbsScaler();maxAbsScaler();adaBoost(decisionTree('gini',23,13,0.2313836030504699,16,'None'),13,0.20095687872771922,'SAMME')	invalid_ind (duplicated operator)	invalid_ind (duplicated operator)
fastICA(77,'parallel','arbitrary-variance','exp');maxAbsScaler();selectFwe(0.008149243367439525);nystroem('poly',5.979210074777857,90,5,0.8268477749187702);nystroem('poly',1.6930068580089659,27,4,-0.028849839434371916);mlpClassifier((46, 10),0.024750647479547503,0.6691597093972592,'adam','tanh')	invalid_ind (duplicated operator)	invalid_ind (duplicated operator)
maxAbsScaler();minMaxScaler();selectFwe(0.012505060860176819);selectFwe(0.020942897716695063);adaBoost(decisionTree('gini',3,10,0.8967901337776605,13,'None'),92,0.6410551206000643,'SAMME')	invalid_ind (duplicated operator)	invalid_ind (duplicated operator)
maxAbsScaler();nystroem('sigmoid',0.09091135548276047,33,4,0.5115530957215362);fastICA(53,'parallel','arbitrary-variance','cube');adaBoost(decisionTree('entropy',3,9,0.06662253487446146,4,'None'),11,0.46107427319578104,'SAMME')	0.8333823529411764	2.568486213684082
nystroem('rbf',5.258345918838443,25,5,0.56460576819618);fastICA(44,'parallel','arbitrary-variance','exp');robustScaler(False,False);adaBoost(decisionTree('gini',1,2,0.7993570116973681,4,'balanced'),65,1.9563906674809646,'SAMME')	eval_error (BaseClassifier in AdaBoostClassifier ensemble is worse than random, ensemble can not be fit.)	eval_error (BaseClassifier in AdaBoostClassifier ensemble is worse than random, ensemble can not be fit.)
varianceThreshold();selectFwe(0.043523617980214264);maxAbsScaler();qda(0.44582460823374026)	0.7499509803921569	2.402479887008667
gaussianNB(0.007519407381690182)	0.8465441176470587	2.3808040618896484
kNN(2,'distance',2)	0.7870098039215687	2.8215248584747314
varianceThreshold();robustScaler(True,False);nystroem('poly',1.216917308719419,60,3,-0.9864930689772335);lda(0.200413803098468,197,0.08129194951620175)	eval_error (n_components cannot be larger than min(n_features, n_classes - 1).)	eval_error (n_components cannot be larger than min(n_features, n_classes - 1).)
decisionTree('gini',2,6,0.6371198770456572,4,'None')	0.7836764705882354	2.688110589981079
selectFwe(0.014432858569892583);pca(0.9084404361409524,False);adaBoost(decisionTree('entropy',25,12,0.7206772713715515,16,'balanced'),46,1.2217855465242842,'SAMME')	0.8103676470588235	3.4332029819488525
minMaxScaler();varianceThreshold();maxAbsScaler();adaBoost(decisionTree('entropy',4,15,0.6565094403550146,18,'None'),74,0.4120210242378378,'SAMME')	0.8825980392156862	4.885396242141724
fastICA(7,'parallel','unit-variance','logcosh');minMaxScaler();adaBoost(decisionTree('gini',13,10,0.22358303361003984,20,'balanced'),11,0.8131766312170136,'SAMME')	0.8451960784313727	3.6816163063049316
gaussianNB(0.001964148286916476)	0.8565441176470587	2.578920364379883
robustScaler(False,False);pca(0.8321461686149788,False);maxAbsScaler();selectFwe(0.022242364623009613);adaBoost(decisionTree('gini',21,5,0.6533265520924009,2,'balanced'),10,0.6935153982833401,'SAMME')	0.7674509803921569	3.336155652999878
fastICA(81,'deflation','unit-variance','logcosh');minMaxScaler();varianceThreshold();minMaxScaler();selectFwe(0.009896355781903378);adaBoost(decisionTree('gini',21,7,0.3977721310809693,9,'None'),46,1.0895958998428918,'SAMME')	invalid_ind (duplicated operator)	invalid_ind (duplicated operator)
robustScaler(False,False);maxAbsScaler();pca(0.7372197167801708,True);adaBoost(decisionTree('gini',29,12,0.362974288108309,11,'balanced'),43,1.2763399449117534,'SAMME')	0.8537990196078431	3.9127612113952637
varianceThreshold();selectPercentile(52.10234629246801);logisticRegression('l2','newton-cg',1000,1.3694740259624387,'None')	0.7968382352941177	3.3142359256744385
fastICA(57,'deflation','unit-variance','exp');selectFwe(0.03866119735167974);minMaxScaler();lda(0.19731179171566215,193,0.015368967657059546)	eval_error (n_components cannot be larger than min(n_features, n_classes - 1).)	eval_error (n_components cannot be larger than min(n_features, n_classes - 1).)
varianceThreshold();varianceThreshold();pca(0.5673608738232746,True);maxAbsScaler();gaussianNB(0.002687809096296281)	invalid_ind (duplicated operator)	invalid_ind (duplicated operator)
minMaxScaler();varianceThreshold();varianceThreshold();adaBoost(decisionTree('entropy',27,7,0.5085760154529101,3,'None'),90,0.0647503895650201,'SAMME')	invalid_ind (duplicated operator)	invalid_ind (duplicated operator)
robustScaler(False,False);adaBoost(decisionTree('entropy',21,15,0.30821162151265635,8,'None'),59,1.069293662410957,'SAMME')	0.8888970588235294	5.185910224914551
minMaxScaler();maxAbsScaler();pca(0.6416191738820909,True);selectFwe(0.03962141797524362);adaBoost(decisionTree('gini',29,7,0.640324427081835,8,'None'),88,1.537909930417048,'SAMME')	0.8078186274509804	5.272349119186401
maxAbsScaler();nystroem('rbf',0.596671196473556,86,3,-0.16923013252257513);adaBoost(decisionTree('gini',6,18,0.7463084419639098,2,'None'),95,1.2247421483315755,'SAMME')	0.8943627450980391	9.627896070480347
maxAbsScaler();minMaxScaler();multinomialNB(0.18006975563736288,False)	0.684093137254902	2.7243423461914062
fastICA(68,'deflation','arbitrary-variance','cube');maxAbsScaler();selectPercentile(83.48884383514604);selectFwe(0.01976894224265951);pca(0.9907321721766262,True);nystroem('rbf',1.6134587641480902,39,4,0.5784047873611167);gaussianNB(0.00032755591625498)	0.7793137254901962	3.117764711380005
robustScaler(False,False);pca(0.7556897181896566,False);fastICA(5,'parallel','unit-variance','logcosh');varianceThreshold();selectFwe(0.036096575003521925);adaBoost(decisionTree('entropy',17,17,0.20832334154760657,9,'balanced'),50,0.514708779655991,'SAMME')	0.8212990196078431	3.701328754425049
selectPercentile(69.30675691848333);kNN(27,'uniform',2)	0.694828431372549	1.865015983581543
nystroem('sigmoid',1.8529270747491149,26,2,0.5839345866048915);logisticRegression('l2','newton-cg',1000,19.70456619545998,'balanced')	0.7480882352941176	4.218777179718018
robustScaler(True,False);pca(0.644138499488788,True);maxAbsScaler();robustScaler(False,True);lda(0.28372975301177006,55,0.0935498332640169)	invalid_ind (duplicated operator)	invalid_ind (duplicated operator)
qda(0.723127961069629)	0.7051225490196079	cached
robustScaler(False,False);adaBoost(decisionTree('entropy',21,15,0.30821162151265635,8,'None'),59,1.069293662410957,'SAMME')	0.8888970588235294	cached
minMaxScaler();selectFwe(0.03866119735167974);pca(0.6416191738820909,True);selectFwe(0.003946576389092465);adaBoost(decisionTree('gini',29,7,0.640324427081835,8,'None'),88,1.537909930417048,'SAMME')	invalid_ind (duplicated operator)	invalid_ind (duplicated operator)
robustScaler(True,False);pca(0.644138499488788,True);maxAbsScaler();robustScaler(False,True);lda(0.28372975301177006,55,0.0935498332640169)	invalid_ind (duplicated operator)	invalid_ind (duplicated operator)
maxAbsScaler();varianceThreshold();robustScaler(False,True);minMaxScaler();adaBoost(decisionTree('gini',26,9,0.8183329433253732,8,'balanced'),76,0.7270645522714722,'SAMME')	0.9183088235294118	cached
varianceThreshold();robustScaler(True,False);nystroem('poly',1.216917308719419,60,3,-0.9864930689772335);lda(0.200413803098468,197,0.08129194951620175)	eval_error (n_components cannot be larger than min(n_features, n_classes - 1).)	eval_error (n_components cannot be larger than min(n_features, n_classes - 1).)
maxAbsScaler();minMaxScaler();selectFwe(0.012505060860176819);selectFwe(0.020942897716695063);adaBoost(decisionTree('gini',3,10,0.8967901337776605,13,'None'),92,0.6410551206000643,'SAMME')	invalid_ind (duplicated operator)	invalid_ind (duplicated operator)
varianceThreshold();varianceThreshold();pca(0.5673608738232746,True);maxAbsScaler();gaussianNB(0.002687809096296281)	invalid_ind (duplicated operator)	invalid_ind (duplicated operator)
selectPercentile(69.30675691848333);kNN(27,'uniform',2)	0.694828431372549	2.188852310180664
varianceThreshold();selectFwe(0.043523617980214264);fastICA(7,'parallel','unit-variance','logcosh');qda(0.44582460823374026)	0.7735294117647059	2.28653621673584
fastICA(83,'parallel','arbitrary-variance','cube');maxAbsScaler();minMaxScaler();lda(0.19731179171566215,193,0.015368967657059546)	eval_error (n_components cannot be larger than min(n_features, n_classes - 1).)	eval_error (n_components cannot be larger than min(n_features, n_classes - 1).)
varianceThreshold();robustScaler(True,False);nystroem('poly',5.979210074777857,60,5,0.8268477749187702);lda(0.200413803098468,197,0.08129194951620175)	eval_error (n_components cannot be larger than min(n_features, n_classes - 1).)	eval_error (n_components cannot be larger than min(n_features, n_classes - 1).)
fastICA(77,'parallel','arbitrary-variance','exp');maxAbsScaler();selectFwe(0.008149243367439525);nystroem('poly',1.216917308719419,90,3,-0.9864930689772335);nystroem('poly',1.6930068580089659,27,4,-0.028849839434371916);mlpClassifier((46, 10),0.024750647479547503,0.6691597093972592,'adam','tanh')	invalid_ind (duplicated operator)	invalid_ind (duplicated operator)
maxAbsScaler();minMaxScaler();adaBoost(decisionTree('gini',13,10,0.22358303361003984,20,'balanced'),11,0.8131766312170136,'SAMME')	0.8688970588235294	3.2293710708618164
fastICA(81,'deflation','unit-variance','logcosh');minMaxScaler();varianceThreshold();minMaxScaler();selectFwe(0.009896355781903378);adaBoost(decisionTree('entropy',21,7,0.3977721310809693,9,'None'),59,1.069293662410957,'SAMME')	invalid_ind (duplicated operator)	invalid_ind (duplicated operator)
maxAbsScaler();nystroem('rbf',0.596671196473556,86,3,-0.16923013252257513);adaBoost(decisionTree('gini',29,18,0.7463084419639098,2,'balanced'),43,1.2763399449117534,'SAMME')	0.8751470588235295	6.406951427459717
selectFwe(0.014432858569892583);pca(0.9084404361409524,False);adaBoost(decisionTree('entropy',25,12,0.7206772713715515,16,'balanced'),46,1.2217855465242842,'SAMME')	0.8103676470588235	4.484983682632446
maxAbsScaler();selectFwe(0.03613173741543056);fastICA(53,'parallel','arbitrary-variance','cube');adaBoost(decisionTree('entropy',3,9,0.06662253487446146,4,'None'),11,0.46107427319578104,'SAMME')	0.8795098039215687	3.825605630874634
selectFwe(0.014432858569892583);pca(0.9084404361409524,False);adaBoost(decisionTree('entropy',25,12,0.7206772713715515,16,'balanced'),46,1.2217855465242842,'SAMME')	0.8103676470588235	cached
robustScaler(False,False);maxAbsScaler();pca(0.7372197167801708,True);gaussianNB(0.001964148286916476)	0.8134068627450981	3.266148805618286
robustScaler(False,False);adaBoost(decisionTree('gini',21,15,0.30821162151265635,8,'None'),46,1.0895958998428918,'SAMME')	0.9090931372549018	4.69024133682251
maxAbsScaler();nystroem('sigmoid',0.09091135548276047,33,4,0.5115530957215362);fastICA(53,'parallel','arbitrary-variance','cube');adaBoost(decisionTree('entropy',3,9,0.06662253487446146,4,'None'),11,0.46107427319578104,'SAMME')	0.8333823529411764	cached
nystroem('sigmoid',1.8529270747491149,26,2,0.5839345866048915);logisticRegression('l2','newton-cg',1000,19.70456619545998,'balanced')	0.7480882352941176	cached
robustScaler(False,False);maxAbsScaler();pca(0.7372197167801708,True);adaBoost(decisionTree('gini',6,12,0.362974288108309,11,'None'),95,1.2247421483315755,'SAMME')	0.8688970588235294	5.065683126449585
maxAbsScaler();nystroem('rbf',0.596671196473556,86,3,-0.16923013252257513);adaBoost(decisionTree('gini',6,18,0.7463084419639098,2,'None'),95,1.2247421483315755,'SAMME')	0.8943627450980391	10.333669185638428
varianceThreshold();minMaxScaler();varianceThreshold();nystroem('poly',1.39807598979412,60,2,-0.03695436366961058);adaBoost(decisionTree('gini',12,2,0.07031557615348971,7,'None'),74,0.4120210242378378,'SAMME')	invalid_ind (duplicated operator)	invalid_ind (duplicated operator)
selectFwe(0.014432858569892583);pca(0.9084404361409524,False);adaBoost(decisionTree('entropy',25,12,0.7206772713715515,16,'balanced'),46,1.2217855465242842,'SAMME')	0.8103676470588235	4.252356052398682
adaBoost(decisionTree('gini',29,12,0.362974288108309,11,'balanced'),43,1.2763399449117534,'SAMME')	0.9053431372549019	4.443219423294067
maxAbsScaler();maxAbsScaler();selectFwe(0.008149243367439525);nystroem('poly',5.979210074777857,90,5,0.8268477749187702);nystroem('poly',1.6930068580089659,27,4,-0.028849839434371916);mlpClassifier((46, 10),0.024750647479547503,0.6691597093972592,'adam','tanh')	invalid_ind (duplicated operator)	invalid_ind (duplicated operator)
varianceThreshold();varianceThreshold();pca(0.5673608738232746,True);fastICA(77,'parallel','arbitrary-variance','exp');gaussianNB(0.002687809096296281)	invalid_ind (duplicated operator)	invalid_ind (duplicated operator)
maxAbsScaler();maxAbsScaler();adaBoost(decisionTree('entropy',4,7,0.6565094403550146,5,'None'),74,0.4120210242378378,'SAMME')	invalid_ind (duplicated operator)	invalid_ind (duplicated operator)
robustScaler(False,False);pca(0.8321461686149788,False);maxAbsScaler();selectFwe(0.022242364623009613);adaBoost(decisionTree('gini',21,5,0.6533265520924009,2,'balanced'),65,1.9563906674809646,'SAMME')	0.7823039215686275	4.648346662521362
gaussianNB(0.001964148286916476)	0.8565441176470587	2.857642412185669
selectFwe(0.04736632413667868);pca(0.5247896977635468,False);varianceThreshold();varianceThreshold();extraTreesClassifier(84,'gini','log2',5,18,True,'balanced')	invalid_ind (duplicated operator)	invalid_ind (duplicated operator)
minMaxScaler();varianceThreshold();maxAbsScaler();adaBoost(decisionTree('gini',6,12,0.4679604075542506,19,'None'),29,0.9614434982753755,'SAMME')	0.8994607843137254	3.7132363319396973
maxAbsScaler();varianceThreshold();robustScaler(False,True);minMaxScaler();adaBoost(decisionTree('gini',26,9,0.8183329433253732,8,'balanced'),76,0.4120210242378378,'SAMME')	0.909093137254902	5.800567865371704
minMaxScaler();varianceThreshold();maxAbsScaler();adaBoost(decisionTree('entropy',25,15,0.6085546389515137,18,'balanced'),28,0.6911758795755965,'SAMME')	0.8784803921568628	4.237259149551392
nystroem('rbf',2.5646966828899664,39,3,0.5526111491316523);fastICA(44,'parallel','arbitrary-variance','exp');robustScaler(False,False);adaBoost(decisionTree('gini',1,2,0.7993570116973681,4,'balanced'),10,0.6935153982833401,'SAMME')	0.8812254901960784	4.82225227355957
maxAbsScaler();nystroem('sigmoid',0.09091135548276047,33,4,0.5115530957215362);fastICA(53,'parallel','arbitrary-variance','cube');adaBoost(decisionTree('entropy',3,9,0.06662253487446146,4,'None'),11,0.46107427319578104,'SAMME')	0.8333823529411764	3.9693069458007812
minMaxScaler();varianceThreshold();maxAbsScaler();adaBoost(decisionTree('entropy',23,8,0.5307954779164122,15,'balanced'),81,0.1489775795542656,'SAMME')	0.8914460784313725	5.021620750427246
maxAbsScaler();minMaxScaler();selectFwe(0.012505060860176819);selectFwe(0.020942897716695063);adaBoost(decisionTree('gini',3,10,0.8967901337776605,13,'None'),92,0.6410551206000643,'SAMME')	invalid_ind (duplicated operator)	invalid_ind (duplicated operator)
maxAbsScaler();nystroem('rbf',0.596671196473556,86,3,-0.16923013252257513);adaBoost(decisionTree('gini',6,18,0.7463084419639098,2,'None'),95,1.2247421483315755,'SAMME')	0.8943627450980391	cached
selectFwe(0.014432858569892583);pca(0.9084404361409524,False);adaBoost(decisionTree('entropy',25,12,0.7206772713715515,16,'balanced'),46,1.2217855465242842,'SAMME')	0.8103676470588235	cached
maxAbsScaler();varianceThreshold();robustScaler(False,True);minMaxScaler();adaBoost(decisionTree('gini',26,9,0.8183329433253732,8,'balanced'),76,0.4120210242378378,'SAMME')	0.909093137254902	cached
maxAbsScaler();selectFwe(0.043523617980214264);fastICA(7,'parallel','arbitrary-variance','logcosh');adaBoost(decisionTree('entropy',3,9,0.06662253487446146,4,'None'),11,0.46107427319578104,'SAMME')	0.8240686274509803	2.873382329940796
selectFwe(0.008149243367439525);pca(0.9084404361409524,False);adaBoost(decisionTree('entropy',20,9,0.8074814412837436,10,'balanced'),46,1.2217855465242842,'SAMME')	0.8437990196078431	2.8532333374023438
maxAbsScaler();maxAbsScaler();selectFwe(0.014432858569892583);nystroem('poly',5.979210074777857,90,5,0.8268477749187702);nystroem('poly',1.6930068580089659,27,4,-0.028849839434371916);mlpClassifier((46, 10),0.024750647479547503,0.6691597093972592,'adam','tanh')	invalid_ind (duplicated operator)	invalid_ind (duplicated operator)
maxAbsScaler();maxAbsScaler();gaussianNB(0.001964148286916476)	invalid_ind (duplicated operator)	invalid_ind (duplicated operator)
mlpClassifier((24, 12),0.09518169637482787,0.12134573421119216,'sgd','relu')	0.8851470588235294	3.574566602706909
nystroem('rbf',2.5646966828899664,39,3,0.5526111491316523);fastICA(44,'parallel','arbitrary-variance','exp');robustScaler(False,False);adaBoost(decisionTree('gini',1,2,0.7993570116973681,4,'balanced'),10,0.6935153982833401,'SAMME')	0.8812254901960784	cached
minMaxScaler();varianceThreshold();maxAbsScaler();adaBoost(decisionTree('gini',6,12,0.4679604075542506,19,'None'),29,0.9614434982753755,'SAMME')	0.8994607843137254	cached
selectFwe(0.014432858569892583);pca(0.9084404361409524,False);adaBoost(decisionTree('entropy',25,12,0.7206772713715515,16,'balanced'),46,1.2217855465242842,'SAMME')	0.8103676470588235	cached
maxAbsScaler();maxAbsScaler();adaBoost(decisionTree('entropy',4,7,0.6565094403550146,5,'None'),74,0.4120210242378378,'SAMME')	invalid_ind (duplicated operator)	invalid_ind (duplicated operator)
nystroem('rbf',2.5646966828899664,39,3,0.5526111491316523);fastICA(44,'parallel','arbitrary-variance','exp');robustScaler(False,False);adaBoost(decisionTree('entropy',18,4,0.5399811905151185,16,'None'),10,0.6935153982833401,'SAMME')	0.8824264705882353	5.528546333312988
varianceThreshold();maxAbsScaler();adaBoost(decisionTree('entropy',23,8,0.5307954779164122,15,'balanced'),81,0.1489775795542656,'SAMME')	0.8914460784313725	6.038037300109863
minMaxScaler();varianceThreshold();varianceThreshold();pca(0.5673608738232746,True);fastICA(77,'parallel','arbitrary-variance','exp');gaussianNB(0.002687809096296281)	invalid_ind (duplicated operator)	invalid_ind (duplicated operator)
robustScaler(False,False);maxAbsScaler();pca(0.7372197167801708,True);adaBoost(decisionTree('gini',6,12,0.362974288108309,11,'None'),95,1.2247421483315755,'SAMME')	0.8688970588235294	cached
robustScaler(False,False);maxAbsScaler();pca(0.7372197167801708,True);adaBoost(decisionTree('gini',6,12,0.362974288108309,11,'None'),95,1.2247421483315755,'SAMME')	0.8688970588235294	cached
selectFwe(0.005419877206257911);maxAbsScaler();selectFwe(0.03613173741543056);adaBoost(decisionTree('entropy',3,9,0.06662253487446146,4,'None'),11,0.46107427319578104,'SAMME')	invalid_ind (duplicated operator)	invalid_ind (duplicated operator)
varianceThreshold();selectFwe(0.03613173741543056);fastICA(53,'parallel','unit-variance','cube');qda(0.44582460823374026)	0.8091911764705882	4.045733213424683
maxAbsScaler();minMaxScaler();selectFwe(0.012505060860176819);selectFwe(0.020942897716695063);adaBoost(decisionTree('gini',3,10,0.8967901337776605,13,'None'),92,0.6410551206000643,'SAMME')	invalid_ind (duplicated operator)	invalid_ind (duplicated operator)
robustScaler(True,False);pca(0.644138499488788,True);maxAbsScaler();robustScaler(False,True);lda(0.28372975301177006,55,0.0935498332640169)	invalid_ind (duplicated operator)	invalid_ind (duplicated operator)
adaBoost(decisionTree('gini',29,12,0.362974288108309,11,'balanced'),43,1.2763399449117534,'SAMME')	0.9053431372549019	cached
robustScaler(False,False);adaBoost(decisionTree('entropy',21,15,0.30821162151265635,8,'None'),59,1.069293662410957,'SAMME')	0.8888970588235294	cached
maxAbsScaler();minMaxScaler();adaBoost(decisionTree('gini',13,10,0.22358303361003984,20,'balanced'),11,0.8131766312170136,'SAMME')	0.8688970588235294	3.4370639324188232
fastICA(77,'parallel','arbitrary-variance','exp');maxAbsScaler();selectFwe(0.008149243367439525);nystroem('poly',1.216917308719419,90,3,-0.9864930689772335);nystroem('poly',1.6930068580089659,27,4,-0.028849839434371916);mlpClassifier((46, 10),0.024750647479547503,0.6691597093972592,'adam','tanh')	invalid_ind (duplicated operator)	invalid_ind (duplicated operator)
adaBoost(decisionTree('entropy',4,7,0.6565094403550146,5,'None'),74,0.4120210242378378,'SAMME')	0.9057598039215685	6.248932838439941
robustScaler(False,False);adaBoost(decisionTree('gini',21,15,0.30821162151265635,8,'None'),46,1.0895958998428918,'SAMME')	0.9090931372549018	cached
adaBoost(decisionTree('gini',29,12,0.362974288108309,11,'balanced'),43,0.46107427319578104,'SAMME')	0.907892156862745	4.121291637420654
nystroem('sigmoid',1.8529270747491149,26,2,0.5839345866048915);gaussianNB(0.001964148286916476)	0.5363235294117648	2.823964834213257
maxAbsScaler();selectFwe(0.009896355781903378);fastICA(53,'deflation','arbitrary-variance','cube');adaBoost(decisionTree('entropy',21,7,0.3977721310809693,9,'None'),59,1.069293662410957,'SAMME')	0.8342156862745098	4.678617715835571
nystroem('poly',5.979210074777857,39,5,0.8268477749187702);fastICA(44,'parallel','arbitrary-variance','exp');robustScaler(False,False);adaBoost(decisionTree('gini',1,2,0.7993570116973681,4,'balanced'),10,0.6935153982833401,'SAMME')	0.7895343137254901	6.295942544937134
maxAbsScaler();maxAbsScaler();selectFwe(0.008149243367439525);nystroem('rbf',2.5646966828899664,90,3,0.5526111491316523);nystroem('poly',1.6930068580089659,27,4,-0.028849839434371916);mlpClassifier((46, 10),0.024750647479547503,0.6691597093972592,'adam','tanh')	invalid_ind (duplicated operator)	invalid_ind (duplicated operator)
robustScaler(False,False);maxAbsScaler();pca(0.5167861797779905,True);gaussianNB(0.0048507278134629316)	0.650686274509804	4.996309995651245
logisticRegression('l2','newton-cg',1000,19.70456619545998,'balanced')	0.8524019607843136	4.666274309158325
maxAbsScaler();nystroem('sigmoid',0.09091135548276047,33,4,0.5115530957215362);fastICA(53,'parallel','arbitrary-variance','cube');adaBoost(decisionTree('entropy',3,9,0.06662253487446146,4,'None'),11,1.2763399449117534,'SAMME')	0.8300000000000001	5.2488110065460205
adaBoost(decisionTree('gini',29,12,0.362974288108309,11,'balanced'),43,1.2763399449117534,'SAMME')	0.9053431372549019	5.198136329650879
robustScaler(True,False);pca(0.644138499488788,True);maxAbsScaler();robustScaler(False,True);lda(0.28372975301177006,55,0.0935498332640169)	invalid_ind (duplicated operator)	invalid_ind (duplicated operator)
minMaxScaler();varianceThreshold();maxAbsScaler();adaBoost(decisionTree('entropy',4,15,0.6565094403550146,18,'None'),11,0.46107427319578104,'SAMME')	0.8725980392156863	2.8593950271606445
maxAbsScaler();nystroem('sigmoid',0.09091135548276047,33,4,0.5115530957215362);fastICA(53,'parallel','arbitrary-variance','cube');adaBoost(decisionTree('entropy',3,9,0.06662253487446146,4,'None'),74,0.4120210242378378,'SAMME')	0.8890441176470587	2.659264326095581
adaBoost(decisionTree('gini',29,12,0.362974288108309,11,'balanced'),43,0.46107427319578104,'SAMME')	0.907892156862745	cached
robustScaler(False,False);adaBoost(decisionTree('gini',21,15,0.30821162151265635,8,'None'),46,1.0895958998428918,'SAMME')	0.9090931372549018	cached
robustScaler(True,False);pca(0.644138499488788,True);maxAbsScaler();robustScaler(False,True);lda(0.28372975301177006,55,0.0935498332640169)	invalid_ind (duplicated operator)	invalid_ind (duplicated operator)
robustScaler(True,False);pca(0.644138499488788,True);maxAbsScaler();robustScaler(False,True);lda(0.28372975301177006,55,0.0935498332640169)	invalid_ind (duplicated operator)	invalid_ind (duplicated operator)
adaBoost(decisionTree('gini',29,12,0.362974288108309,11,'balanced'),43,0.46107427319578104,'SAMME')	0.907892156862745	cached
adaBoost(decisionTree('entropy',4,7,0.6565094403550146,5,'None'),74,0.4120210242378378,'SAMME')	0.9057598039215685	cached
maxAbsScaler();maxAbsScaler();adaBoost(decisionTree('gini',29,12,0.362974288108309,11,'balanced'),43,1.2763399449117534,'SAMME')	invalid_ind (duplicated operator)	invalid_ind (duplicated operator)
robustScaler(False,False);pca(0.8195265679841206,True);maxAbsScaler();robustScaler(False,True);lda(0.28372975301177006,55,0.0935498332640169)	invalid_ind (duplicated operator)	invalid_ind (duplicated operator)
gaussianNB(0.001964148286916476)	0.8565441176470587	1.746370792388916
robustScaler(True,False);pca(0.644138499488788,True);maxAbsScaler();robustScaler(False,True);adaBoost(decisionTree('entropy',4,7,0.6565094403550146,5,'None'),74,0.4120210242378378,'SAMME')	invalid_ind (duplicated operator)	invalid_ind (duplicated operator)
nystroem('rbf',2.5646966828899664,39,3,0.5526111491316523);fastICA(48,'parallel','unit-variance','cube');robustScaler(False,False);adaBoost(decisionTree('gini',1,2,0.7993570116973681,4,'None'),11,0.46107427319578104,'SAMME')	0.8663480392156864	2.3096344470977783
robustScaler(True,False);adaBoost(decisionTree('gini',21,15,0.30821162151265635,8,'None'),46,1.0895958998428918,'SAMME')	0.9090931372549018	3.259922981262207
robustScaler(False,True);maxAbsScaler();pca(0.8851458271405629,True);adaBoost(decisionTree('gini',4,12,0.362974288108309,11,'None'),74,0.4120210242378378,'SAMME')	0.8718137254901961	3.520676851272583
maxAbsScaler();maxAbsScaler();adaBoost(decisionTree('gini',6,7,0.6565094403550146,5,'None'),95,1.2247421483315755,'SAMME')	invalid_ind (duplicated operator)	invalid_ind (duplicated operator)
maxAbsScaler();maxAbsScaler();selectFwe(0.014432858569892583);nystroem('poly',5.979210074777857,90,5,0.8268477749187702);robustScaler(False,True);minMaxScaler();adaBoost(decisionTree('gini',26,9,0.8183329433253732,8,'balanced'),76,0.4120210242378378,'SAMME')	invalid_ind (duplicated operator)	invalid_ind (duplicated operator)
lda(0.28372975301177006,55,0.0935498332640169)	eval_error (n_components cannot be larger than min(n_features, n_classes - 1).)	eval_error (n_components cannot be larger than min(n_features, n_classes - 1).)
maxAbsScaler();selectFwe(0.043523617980214264);fastICA(7,'parallel','arbitrary-variance','logcosh');adaBoost(decisionTree('entropy',3,9,0.06662253487446146,4,'balanced'),10,0.6935153982833401,'SAMME')	0.8359803921568627	2.4034483432769775
maxAbsScaler();nystroem('sigmoid',0.09091135548276047,33,4,0.5115530957215362);fastICA(53,'parallel','arbitrary-variance','cube');adaBoost(decisionTree('entropy',3,9,0.06662253487446146,4,'None'),74,0.4120210242378378,'SAMME')	0.8890441176470587	cached
maxAbsScaler();maxAbsScaler();adaBoost(decisionTree('entropy',4,7,0.6565094403550146,5,'None'),74,0.4120210242378378,'SAMME')	invalid_ind (duplicated operator)	invalid_ind (duplicated operator)
minMaxScaler();maxAbsScaler();minMaxScaler();robustScaler(True,True);adaBoost(decisionTree('gini',2,10,0.9179293265822449,20,'None'),90,0.8226329110148479,'SAMME')	invalid_ind (duplicated operator)	invalid_ind (duplicated operator)
maxAbsScaler();selectFwe(0.009896355781903378);fastICA(53,'deflation','arbitrary-variance','cube');adaBoost(decisionTree('entropy',21,7,0.3977721310809693,9,'None'),59,1.069293662410957,'SAMME')	0.8342156862745098	cached
maxAbsScaler();maxAbsScaler();selectFwe(0.008149243367439525);nystroem('rbf',2.5646966828899664,90,3,0.5526111491316523);varianceThreshold();mlpClassifier((46, 10),0.024750647479547503,0.6691597093972592,'adam','tanh')	invalid_ind (duplicated operator)	invalid_ind (duplicated operator)
maxAbsScaler();varianceThreshold();robustScaler(True,True);minMaxScaler();adaBoost(decisionTree('gini',26,9,0.8183329433253732,8,'balanced'),76,0.4120210242378378,'SAMME')	0.909093137254902	5.1206958293914795
robustScaler(False,False);selectPercentile(32.45592057968815);maxAbsScaler();robustScaler(False,True);lda(0.28372975301177006,55,0.0935498332640169)	invalid_ind (duplicated operator)	invalid_ind (duplicated operator)
mlpClassifier((24, 12),0.09518169637482787,0.12134573421119216,'sgd','relu')	0.8851470588235294	cached
minMaxScaler();varianceThreshold();varianceThreshold();pca(0.5673608738232746,True);fastICA(77,'parallel','arbitrary-variance','exp');gaussianNB(0.002687809096296281)	invalid_ind (duplicated operator)	invalid_ind (duplicated operator)
robustScaler(True,False);pca(0.644138499488788,True);maxAbsScaler();robustScaler(False,True);adaBoost(decisionTree('gini',29,12,0.362974288108309,11,'balanced'),43,1.2763399449117534,'SAMME')	invalid_ind (duplicated operator)	invalid_ind (duplicated operator)
maxAbsScaler();varianceThreshold();nystroem('poly',1.6930068580089659,27,4,-0.028849839434371916);mlpClassifier((46, 10),0.024750647479547503,0.6691597093972592,'adam','tanh')	0.7266666666666668	2.108992338180542
fastICA(77,'parallel','arbitrary-variance','exp');maxAbsScaler();selectFwe(0.008149243367439525);nystroem('poly',1.216917308719419,90,3,-0.9864930689772335);nystroem('poly',1.6930068580089659,27,4,-0.028849839434371916);mlpClassifier((46, 10),0.024750647479547503,0.6691597093972592,'adam','tanh')	invalid_ind (duplicated operator)	invalid_ind (duplicated operator)
bernoulliNB(0.7676955940513657,True)	0.847549019607843	1.9776484966278076
maxAbsScaler();robustScaler(True,False);gaussianNB(0.001964148286916476)	0.8565441176470587	1.6936182975769043
minMaxScaler();varianceThreshold();maxAbsScaler();adaBoost(decisionTree('entropy',23,12,0.5307954779164122,19,'balanced'),81,0.1489775795542656,'SAMME')	0.879264705882353	4.435991525650024
lda(0.28372975301177006,55,0.0935498332640169)	eval_error (n_components cannot be larger than min(n_features, n_classes - 1).)	eval_error (n_components cannot be larger than min(n_features, n_classes - 1).)
maxAbsScaler();nystroem('rbf',0.596671196473556,86,3,-0.16923013252257513);adaBoost(decisionTree('gini',6,18,0.7463084419639098,2,'None'),95,1.2247421483315755,'SAMME')	0.8943627450980391	cached
minMaxScaler();varianceThreshold();maxAbsScaler();adaBoost(decisionTree('entropy',4,15,0.6565094403550146,18,'None'),11,0.46107427319578104,'SAMME')	0.8725980392156863	cached
maxAbsScaler();nystroem('poly',1.6930068580089659,27,4,-0.028849839434371916);robustScaler(False,True);minMaxScaler();adaBoost(decisionTree('gini',26,9,0.8183329433253732,8,'balanced'),76,0.7270645522714722,'SAMME')	0.839313725490196	5.341294288635254
nystroem('rbf',2.5646966828899664,39,3,0.5526111491316523);fastICA(44,'parallel','arbitrary-variance','exp');robustScaler(False,False);adaBoost(decisionTree('gini',27,2,0.9375809627398213,13,'None'),43,0.46107427319578104,'SAMME')	0.8706617647058824	4.906909704208374
varianceThreshold();maxAbsScaler();adaBoost(decisionTree('gini',30,8,0.26141929639642936,20,'None'),29,0.9614434982753755,'SAMME')	0.8676960784313726	3.137735605239868
minMaxScaler();varianceThreshold();maxAbsScaler();adaBoost(decisionTree('gini',6,12,0.4679604075542506,19,'None'),11,1.2763399449117534,'SAMME')	0.8698774509803922	3.5202364921569824
maxAbsScaler();nystroem('sigmoid',0.09091135548276047,33,4,0.5115530957215362);fastICA(53,'parallel','arbitrary-variance','cube');adaBoost(decisionTree('entropy',3,9,0.06662253487446146,4,'None'),29,0.9614434982753755,'SAMME')	0.8598284313725489	2.333805561065674
lda(0.28372975301177006,55,0.0935498332640169)	eval_error (n_components cannot be larger than min(n_features, n_classes - 1).)	eval_error (n_components cannot be larger than min(n_features, n_classes - 1).)
robustScaler(True,False);adaBoost(decisionTree('gini',21,15,0.30821162151265635,8,'None'),46,1.0895958998428918,'SAMME')	0.9090931372549018	cached
robustScaler(True,False);pca(0.644138499488788,True);maxAbsScaler();robustScaler(False,False);adaBoost(decisionTree('gini',19,2,0.6681063996965594,7,'balanced'),43,1.2763399449117534,'SAMME')	invalid_ind (duplicated operator)	invalid_ind (duplicated operator)
adaBoost(decisionTree('gini',29,12,0.362974288108309,11,'balanced'),43,0.46107427319578104,'SAMME')	0.907892156862745	4.789250373840332
adaBoost(decisionTree('gini',21,12,0.362974288108309,11,'None'),46,1.0895958998428918,'SAMME')	0.9296568627450981	5.0146098136901855
maxAbsScaler();nystroem('sigmoid',0.09091135548276047,33,4,0.5115530957215362);fastICA(53,'parallel','arbitrary-variance','cube');adaBoost(decisionTree('entropy',3,9,0.06662253487446146,4,'None'),76,0.4120210242378378,'SAMME')	0.8723774509803921	5.144113063812256
nystroem('rbf',5.979210074777857,39,5,0.8268477749187702);fastICA(44,'parallel','arbitrary-variance','exp');robustScaler(False,False);adaBoost(decisionTree('gini',26,9,0.8183329433253732,8,'balanced'),76,0.4120210242378378,'SAMME')	0.8619852941176471	6.31774377822876
maxAbsScaler();maxAbsScaler();selectFwe(0.014432858569892583);nystroem('poly',2.5646966828899664,90,3,0.5526111491316523);robustScaler(False,True);minMaxScaler();adaBoost(decisionTree('gini',27,2,0.9375809627398213,13,'None'),43,0.46107427319578104,'SAMME')	invalid_ind (duplicated operator)	invalid_ind (duplicated operator)
maxAbsScaler();varianceThreshold();robustScaler(False,True);minMaxScaler();adaBoost(decisionTree('gini',26,9,0.8183329433253732,8,'balanced'),76,0.7270645522714722,'SAMME')	0.9183088235294118	cached
nystroem('rbf',2.5646966828899664,39,3,0.5526111491316523);fastICA(48,'parallel','unit-variance','cube');robustScaler(False,False);adaBoost(decisionTree('gini',1,2,0.7993570116973681,4,'None'),11,0.46107427319578104,'SAMME')	0.8663480392156864	cached
robustScaler(True,True);pca(0.9518371644322232,True);maxAbsScaler();robustScaler(False,True);adaBoost(decisionTree('entropy',29,12,0.362974288108309,11,'None'),85,1.2247421483315755,'SAMME')	invalid_ind (duplicated operator)	invalid_ind (duplicated operator)
bernoulliNB(0.34447220392713995,False)	0.8408823529411764	4.219156265258789
gaussianNB(0.001964148286916476)	0.8565441176470587	3.7289156913757324
robustScaler(False,False);adaBoost(decisionTree('gini',21,15,0.30821162151265635,8,'None'),46,1.0895958998428918,'SAMME')	0.9090931372549018	cached
minMaxScaler();varianceThreshold();maxAbsScaler();adaBoost(decisionTree('gini',6,12,0.4679604075542506,19,'None'),11,1.2763399449117534,'SAMME')	0.8698774509803922	cached
robustScaler(False,False);selectPercentile(32.45592057968815);maxAbsScaler();robustScaler(False,True);lda(0.28372975301177006,55,0.0935498332640169)	invalid_ind (duplicated operator)	invalid_ind (duplicated operator)
nystroem('rbf',2.5646966828899664,39,3,0.5526111491316523);fastICA(48,'parallel','unit-variance','cube');robustScaler(False,False);adaBoost(decisionTree('gini',1,2,0.7993570116973681,4,'None'),11,0.46107427319578104,'SAMME')	0.8663480392156864	cached
robustScaler(True,False);adaBoost(decisionTree('gini',29,15,0.30821162151265635,8,'balanced'),43,0.46107427319578104,'SAMME')	0.8969607843137254	4.675400495529175
maxAbsScaler();varianceThreshold();robustScaler(True,True);minMaxScaler();adaBoost(decisionTree('gini',26,9,0.8183329433253732,8,'balanced'),76,0.4120210242378378,'SAMME')	0.909093137254902	5.629600763320923
maxAbsScaler();varianceThreshold();robustScaler(False,True);minMaxScaler();adaBoost(decisionTree('gini',26,9,0.8183329433253732,8,'balanced'),74,0.4120210242378378,'SAMME')	0.8973284313725489	7.187256574630737
maxAbsScaler();nystroem('rbf',0.596671196473556,86,3,-0.16923013252257513);adaBoost(decisionTree('gini',6,18,0.7463084419639098,2,'balanced'),43,1.2763399449117534,'SAMME')	0.8718627450980392	6.69193959236145
fastICA(77,'parallel','arbitrary-variance','exp');maxAbsScaler();selectFwe(0.008149243367439525);nystroem('poly',1.216917308719419,90,3,-0.9864930689772335);nystroem('poly',1.6930068580089659,27,4,-0.028849839434371916);mlpClassifier((46, 10),0.024750647479547503,0.6691597093972592,'adam','tanh')	invalid_ind (duplicated operator)	invalid_ind (duplicated operator)
minMaxScaler();varianceThreshold();maxAbsScaler();adaBoost(decisionTree('gini',29,12,0.362974288108309,11,'balanced'),43,0.46107427319578104,'SAMME')	0.907892156862745	4.944913387298584
maxAbsScaler();varianceThreshold();robustScaler(True,True);minMaxScaler();adaBoost(decisionTree('gini',30,9,0.8183329433253732,8,'None'),29,0.9614434982753755,'SAMME')	0.9086764705882354	4.845288276672363
lda(0.28372975301177006,55,0.0935498332640169)	eval_error (n_components cannot be larger than min(n_features, n_classes - 1).)	eval_error (n_components cannot be larger than min(n_features, n_classes - 1).)
maxAbsScaler();maxAbsScaler();selectFwe(0.008149243367439525);nystroem('rbf',2.5646966828899664,90,3,0.5526111491316523);varianceThreshold();mlpClassifier((46, 10),0.024750647479547503,0.6691597093972592,'adam','tanh')	invalid_ind (duplicated operator)	invalid_ind (duplicated operator)
robustScaler(True,False);selectPercentile(32.45592057968815);maxAbsScaler();robustScaler(False,True);lda(0.28372975301177006,55,0.0935498332640169)	invalid_ind (duplicated operator)	invalid_ind (duplicated operator)
robustScaler(False,False);pca(0.8195265679841206,True);maxAbsScaler();robustScaler(False,True);lda(0.28372975301177006,55,0.0935498332640169)	invalid_ind (duplicated operator)	invalid_ind (duplicated operator)
nystroem('rbf',2.5646966828899664,39,3,0.5526111491316523);fastICA(44,'parallel','arbitrary-variance','exp');robustScaler(False,False);adaBoost(decisionTree('gini',27,2,0.9375809627398213,13,'None'),43,0.46107427319578104,'SAMME')	0.8706617647058824	cached
gaussianNB(0.001964148286916476)	0.8565441176470587	2.6242287158966064
maxAbsScaler();varianceThreshold();robustScaler(False,True);minMaxScaler();adaBoost(decisionTree('gini',26,9,0.8183329433253732,8,'balanced'),76,0.7270645522714722,'SAMME')	0.9183088235294118	cached
maxAbsScaler();varianceThreshold();robustScaler(True,True);minMaxScaler();adaBoost(decisionTree('gini',26,9,0.8183329433253732,8,'balanced'),76,0.4120210242378378,'SAMME')	0.909093137254902	cached
fastICA(77,'parallel','arbitrary-variance','exp');maxAbsScaler();selectFwe(0.008149243367439525);nystroem('poly',1.216917308719419,90,3,-0.9864930689772335);nystroem('poly',1.6930068580089659,27,4,-0.028849839434371916);mlpClassifier((46, 10),0.024750647479547503,0.6691597093972592,'adam','tanh')	invalid_ind (duplicated operator)	invalid_ind (duplicated operator)
maxAbsScaler();nystroem('sigmoid',0.09091135548276047,33,4,0.5115530957215362);fastICA(53,'parallel','arbitrary-variance','cube');adaBoost(decisionTree('entropy',3,9,0.06662253487446146,4,'None'),74,0.4120210242378378,'SAMME')	0.8890441176470587	cached
adaBoost(decisionTree('gini',6,12,0.4679604075542506,19,'None'),29,0.9614434982753755,'SAMME')	0.8994607843137254	3.5403387546539307
robustScaler(False,True);maxAbsScaler();pca(0.8195265679841206,True);adaBoost(decisionTree('gini',4,12,0.362974288108309,11,'None'),74,0.4120210242378378,'SAMME')	0.8755637254901961	4.686873435974121
robustScaler(False,False);pca(0.8851458271405629,True);maxAbsScaler();robustScaler(False,True);lda(0.28372975301177006,55,0.0935498332640169)	invalid_ind (duplicated operator)	invalid_ind (duplicated operator)
maxAbsScaler();nystroem('sigmoid',0.09091135548276047,33,4,0.5115530957215362);fastICA(53,'parallel','arbitrary-variance','cube');adaBoost(decisionTree('entropy',3,9,0.06662253487446146,4,'None'),29,0.9614434982753755,'SAMME')	0.8598284313725489	2.8460772037506104
varianceThreshold();maxAbsScaler();adaBoost(decisionTree('gini',26,8,0.26141929639642936,20,'balanced'),76,0.4120210242378378,'SAMME')	0.9057598039215685	3.883507013320923
lda(0.28372975301177006,55,0.0935498332640169)	eval_error (n_components cannot be larger than min(n_features, n_classes - 1).)	eval_error (n_components cannot be larger than min(n_features, n_classes - 1).)
robustScaler(False,False);selectPercentile(32.45592057968815);minMaxScaler();robustScaler(False,True);lda(0.28372975301177006,55,0.0935498332640169)	invalid_ind (duplicated operator)	invalid_ind (duplicated operator)
maxAbsScaler();varianceThreshold();maxAbsScaler();adaBoost(decisionTree('gini',29,12,0.362974288108309,11,'balanced'),43,0.46107427319578104,'SAMME')	invalid_ind (duplicated operator)	invalid_ind (duplicated operator)
robustScaler(False,False);adaBoost(decisionTree('gini',21,15,0.30821162151265635,8,'None'),46,1.0895958998428918,'SAMME')	0.9090931372549018	cached
adaBoost(decisionTree('gini',21,12,0.362974288108309,11,'None'),46,1.0895958998428918,'SAMME')	0.9296568627450981	cached
maxAbsScaler();nystroem('sigmoid',0.09091135548276047,33,4,0.5115530957215362);fastICA(53,'parallel','arbitrary-variance','cube');adaBoost(decisionTree('gini',3,9,0.06662253487446146,4,'None'),11,0.46107427319578104,'SAMME')	0.8085049019607844	2.8744161128997803
maxAbsScaler();varianceThreshold();robustScaler(True,True);minMaxScaler();adaBoost(decisionTree('gini',30,9,0.8183329433253732,8,'None'),29,0.9614434982753755,'SAMME')	0.9086764705882354	3.94700288772583
maxAbsScaler();nystroem('sigmoid',0.09091135548276047,33,4,0.5115530957215362);fastICA(53,'parallel','arbitrary-variance','cube');adaBoost(decisionTree('entropy',3,9,0.06662253487446146,4,'None'),74,0.4120210242378378,'SAMME')	0.8890441176470587	4.109010934829712
maxAbsScaler();nystroem('sigmoid',0.09091135548276047,33,4,0.5115530957215362);fastICA(53,'parallel','arbitrary-variance','cube');adaBoost(decisionTree('gini',21,9,0.362974288108309,11,'None'),46,1.0895958998428918,'SAMME')	0.8611764705882352	4.342846870422363
maxAbsScaler();nystroem('rbf',0.596671196473556,86,3,-0.16923013252257513);adaBoost(decisionTree('gini',6,18,0.7463084419639098,2,'balanced'),43,0.46107427319578104,'SAMME')	0.8932107843137255	5.809584379196167
lda(0.28372975301177006,55,0.0935498332640169)	eval_error (n_components cannot be larger than min(n_features, n_classes - 1).)	eval_error (n_components cannot be larger than min(n_features, n_classes - 1).)
robustScaler(False,False);selectPercentile(32.45592057968815);maxAbsScaler();robustScaler(False,True);lda(0.28372975301177006,55,0.0935498332640169)	invalid_ind (duplicated operator)	invalid_ind (duplicated operator)
gaussianNB(0.001964148286916476)	0.8565441176470587	3.3194355964660645
nystroem('rbf',2.5646966828899664,39,3,0.5526111491316523);fastICA(48,'parallel','unit-variance','cube');robustScaler(False,False);adaBoost(decisionTree('entropy',1,2,0.7993570116973681,4,'None'),76,0.4120210242378378,'SAMME')	0.8747794117647059	5.8838419914245605
adaBoost(decisionTree('entropy',3,12,0.06662253487446146,4,'None'),76,0.4120210242378378,'SAMME')	0.9057598039215685	5.103935956954956
maxAbsScaler();varianceThreshold();robustScaler(False,True);minMaxScaler();adaBoost(decisionTree('gini',26,9,0.8183329433253732,8,'balanced'),76,0.4120210242378378,'SAMME')	0.909093137254902	cached
minMaxScaler();varianceThreshold();maxAbsScaler();adaBoost(decisionTree('gini',6,12,0.4679604075542506,19,'None'),11,1.2763399449117534,'SAMME')	0.8698774509803922	3.600825786590576
robustScaler(True,False);selectPercentile(32.45592057968815);maxAbsScaler();robustScaler(False,True);lda(0.28372975301177006,55,0.0935498332640169)	invalid_ind (duplicated operator)	invalid_ind (duplicated operator)
maxAbsScaler();varianceThreshold();robustScaler(True,True);minMaxScaler();adaBoost(decisionTree('gini',26,9,0.8183329433253732,8,'balanced'),76,0.4120210242378378,'SAMME')	0.909093137254902	cached
minMaxScaler();varianceThreshold();maxAbsScaler();adaBoost(decisionTree('gini',29,12,0.362974288108309,11,'balanced'),43,1.2763399449117534,'SAMME')	0.9053431372549019	4.839782476425171
adaBoost(decisionTree('gini',6,12,0.4679604075542506,19,'None'),29,0.9614434982753755,'SAMME')	0.8994607843137254	cached
adaBoost(decisionTree('gini',29,12,0.362974288108309,11,'None'),29,0.9614434982753755,'SAMME')	0.9145588235294116	3.5461392402648926
maxAbsScaler();varianceThreshold();robustScaler(False,True);minMaxScaler();adaBoost(decisionTree('entropy',14,4,0.20141092417020634,10,'balanced'),74,0.4120210242378378,'SAMME')	0.9124264705882353	5.279287815093994
lda(0.2302258936205933,35,0.0539375405072371)	eval_error (n_components cannot be larger than min(n_features, n_classes - 1).)	eval_error (n_components cannot be larger than min(n_features, n_classes - 1).)
minMaxScaler();varianceThreshold();maxAbsScaler();adaBoost(decisionTree('gini',29,12,0.362974288108309,11,'None'),43,0.46107427319578104,'SAMME')	0.9124264705882353	3.765249729156494
adaBoost(decisionTree('gini',6,12,0.4679604075542506,19,'balanced'),43,0.7154967331260509,'SAMME')	0.8910294117647058	3.513695001602173
minMaxScaler();varianceThreshold();maxAbsScaler();selectFwe(0.03558660099555653);nystroem('poly',0.019549896474310113,90,3,-0.9864930689772335);nystroem('poly',4.852877861469697,27,4,-0.028849839434371916);mlpClassifier((46, 10),0.024750647479547503,0.6691597093972592,'adam','tanh')	invalid_ind (duplicated operator)	invalid_ind (duplicated operator)
maxAbsScaler();varianceThreshold();robustScaler(False,True);minMaxScaler();adaBoost(decisionTree('gini',10,9,0.8183329433253732,8,'balanced'),76,0.4120210242378378,'SAMME')	0.909093137254902	5.743300676345825
adaBoost(decisionTree('gini',29,12,0.362974288108309,11,'balanced'),43,0.46107427319578104,'SAMME')	0.907892156862745	cached
robustScaler(False,False);adaBoost(decisionTree('entropy',5,6,0.5875537213926652,8,'None'),46,1.0895958998428918,'SAMME')	0.9002450980392156	4.3501269817352295
adaBoost(decisionTree('gini',21,12,0.362974288108309,11,'None'),46,1.0895958998428918,'SAMME')	0.9296568627450981	cached
maxAbsScaler();varianceThreshold();robustScaler(True,True);minMaxScaler();adaBoost(decisionTree('gini',26,9,0.8183329433253732,8,'balanced'),76,0.4120210242378378,'SAMME')	0.909093137254902	cached
robustScaler(True,False);adaBoost(decisionTree('gini',21,15,0.30821162151265635,8,'None'),46,1.0895958998428918,'SAMME')	0.9090931372549018	3.939378499984741
maxAbsScaler();nystroem('sigmoid',0.09091135548276047,33,4,0.5115530957215362);fastICA(53,'parallel','arbitrary-variance','cube');adaBoost(decisionTree('gini',3,9,0.06662253487446146,4,'balanced'),76,0.7270645522714722,'SAMME')	0.8509803921568629	4.5887627601623535
gaussianNB(0.001964148286916476)	0.8565441176470587	2.210965156555176
maxAbsScaler();varianceThreshold();robustScaler(True,True);minMaxScaler();adaBoost(decisionTree('gini',6,9,0.8183329433253732,8,'None'),29,0.9614434982753755,'SAMME')	0.8814460784313726	3.76904296875
fastICA(77,'parallel','arbitrary-variance','exp');maxAbsScaler();adaBoost(decisionTree('gini',29,12,0.362974288108309,11,'balanced'),43,0.46107427319578104,'SAMME')	0.9035539215686275	4.297729969024658
maxAbsScaler();varianceThreshold();robustScaler(False,True);minMaxScaler();adaBoost(decisionTree('gini',2,16,0.47940140359710326,7,'None'),10,0.04582983125509472,'SAMME')	0.8628186274509805	2.7406232357025146
robustScaler(False,True);maxAbsScaler();pca(0.8195265679841206,True);adaBoost(decisionTree('gini',4,12,0.362974288108309,11,'None'),74,0.4120210242378378,'SAMME')	0.8755637254901961	3.733541250228882
lda(0.28372975301177006,55,0.0935498332640169)	eval_error (n_components cannot be larger than min(n_features, n_classes - 1).)	eval_error (n_components cannot be larger than min(n_features, n_classes - 1).)
adaBoost(decisionTree('gini',26,12,0.4679604075542506,19,'balanced'),76,0.4120210242378378,'SAMME')	0.8969117647058823	3.3946399688720703
maxAbsScaler();varianceThreshold();robustScaler(False,True);minMaxScaler();adaBoost(decisionTree('gini',10,9,0.8183329433253732,8,'balanced'),76,0.4120210242378378,'SAMME')	0.909093137254902	cached
minMaxScaler();varianceThreshold();maxAbsScaler();adaBoost(decisionTree('gini',29,12,0.362974288108309,11,'balanced'),43,1.2763399449117534,'SAMME')	0.9053431372549019	cached
maxAbsScaler();varianceThreshold();robustScaler(True,True);minMaxScaler();adaBoost(decisionTree('gini',26,9,0.8183329433253732,8,'balanced'),76,0.4120210242378378,'SAMME')	0.909093137254902	cached
maxAbsScaler();varianceThreshold();robustScaler(True,True);minMaxScaler();adaBoost(decisionTree('gini',26,9,0.8183329433253732,8,'balanced'),76,0.4120210242378378,'SAMME')	0.909093137254902	cached
adaBoost(decisionTree('gini',29,12,0.362974288108309,11,'None'),43,0.46107427319578104,'SAMME')	0.9124264705882353	3.3937501907348633
selectPercentile(15.291209632474054);varianceThreshold();robustScaler(True,True);minMaxScaler();adaBoost(decisionTree('gini',30,9,0.8183329433253732,8,'None'),74,0.4120210242378378,'SAMME')	0.8639950980392157	4.749848365783691
adaBoost(decisionTree('gini',21,12,0.362974288108309,11,'None'),46,1.0895958998428918,'SAMME')	0.9296568627450981	5.2637107372283936
nystroem('sigmoid',4.078043534996153,75,3,-0.29914039562848393);pca(0.6615676732737037,True);kNN(49,'uniform',1)	0.5189950980392156	5.788084268569946
adaBoost(decisionTree('gini',21,12,0.362974288108309,11,'None'),46,1.0895958998428918,'SAMME')	0.9296568627450981	cached
maxAbsScaler();varianceThreshold();robustScaler(False,True);minMaxScaler();adaBoost(decisionTree('gini',10,9,0.8183329433253732,8,'balanced'),76,0.4120210242378378,'SAMME')	0.909093137254902	6.616669178009033
minMaxScaler();varianceThreshold();maxAbsScaler();adaBoost(decisionTree('gini',29,12,0.362974288108309,11,'balanced'),43,0.46107427319578104,'SAMME')	0.907892156862745	4.842557668685913
lda(0.28372975301177006,55,0.0935498332640169)	eval_error (n_components cannot be larger than min(n_features, n_classes - 1).)	eval_error (n_components cannot be larger than min(n_features, n_classes - 1).)
robustScaler(False,False);selectPercentile(32.45592057968815);maxAbsScaler();robustScaler(False,True);lda(0.28372975301177006,55,0.0935498332640169)	invalid_ind (duplicated operator)	invalid_ind (duplicated operator)
adaBoost(decisionTree('gini',29,12,0.362974288108309,11,'None'),29,0.9614434982753755,'SAMME')	0.9145588235294116	3.5991079807281494
maxAbsScaler();nystroem('sigmoid',0.09091135548276047,33,4,0.5115530957215362);fastICA(53,'parallel','arbitrary-variance','cube');adaBoost(decisionTree('entropy',3,9,0.06662253487446146,4,'None'),29,0.9614434982753755,'SAMME')	0.8598284313725489	4.192325115203857
lda(0.2302258936205933,35,0.0539375405072371)	eval_error (n_components cannot be larger than min(n_features, n_classes - 1).)	eval_error (n_components cannot be larger than min(n_features, n_classes - 1).)
maxAbsScaler();nystroem('sigmoid',0.09091135548276047,33,4,-0.5165286997871197);fastICA(18,'parallel','arbitrary-variance','cube');adaBoost(decisionTree('gini',11,12,0.4142718746979688,20,'None'),11,0.46107427319578104,'SAMME')	0.8643627450980393	2.9229557514190674
robustScaler(False,False);adaBoost(decisionTree('gini',21,15,0.30821162151265635,8,'None'),46,1.0895958998428918,'SAMME')	0.9090931372549018	cached
lda(0.2302258936205933,35,0.0539375405072371)	eval_error (n_components cannot be larger than min(n_features, n_classes - 1).)	eval_error (n_components cannot be larger than min(n_features, n_classes - 1).)
minMaxScaler();maxAbsScaler();nystroem('sigmoid',2.3226539634034773,31,4,-0.5261969759405385);selectPercentile(32.45592057968815);maxAbsScaler();robustScaler(False,True);lda(0.28372975301177006,55,0.0935498332640169)	invalid_ind (duplicated operator)	invalid_ind (duplicated operator)
fastICA(77,'parallel','arbitrary-variance','exp');maxAbsScaler();adaBoost(decisionTree('gini',29,12,0.362974288108309,11,'balanced'),43,1.2763399449117534,'SAMME')	0.854313725490196	4.963703870773315
adaBoost(decisionTree('entropy',3,12,0.362974288108309,11,'None'),74,0.4120210242378378,'SAMME')	0.915343137254902	4.743682622909546
maxAbsScaler();varianceThreshold();robustScaler(False,True);selectFwe(0.0383822125477455);adaBoost(decisionTree('gini',26,9,0.8183329433253732,8,'balanced'),76,0.4120210242378378,'SAMME')	0.9049264705882353	5.035030126571655
maxAbsScaler();varianceThreshold();robustScaler(False,True);minMaxScaler();adaBoost(decisionTree('gini',6,9,0.7463084419639098,2,'balanced'),43,0.46107427319578104,'SAMME')	0.8939950980392156	5.397463083267212
adaBoost(decisionTree('gini',29,12,0.362974288108309,11,'balanced'),43,0.46107427319578104,'SAMME')	0.907892156862745	4.676730394363403
maxAbsScaler();nystroem('sigmoid',0.09091135548276047,33,4,0.5115530957215362);fastICA(53,'parallel','arbitrary-variance','cube');adaBoost(decisionTree('gini',21,9,0.06662253487446146,4,'None'),46,1.0895958998428918,'SAMME')	0.8737254901960785	4.761765003204346
minMaxScaler();varianceThreshold();maxAbsScaler();adaBoost(decisionTree('gini',29,12,0.362974288108309,11,'None'),43,0.46107427319578104,'SAMME')	0.9124264705882353	cached
minMaxScaler();varianceThreshold();maxAbsScaler();adaBoost(decisionTree('gini',6,12,0.4679604075542506,19,'None'),11,1.2763399449117534,'SAMME')	0.8698774509803922	cached
maxAbsScaler();varianceThreshold();robustScaler(False,True);minMaxScaler();adaBoost(decisionTree('gini',26,9,0.8183329433253732,8,'balanced'),76,0.7270645522714722,'SAMME')	0.9183088235294118	cached
adaBoost(decisionTree('gini',21,12,0.362974288108309,11,'None'),46,1.0895958998428918,'SAMME')	0.9296568627450981	cached
maxAbsScaler();pca(0.6653865997804593,True);robustScaler(True,True);minMaxScaler();adaBoost(decisionTree('gini',10,9,0.8183329433253732,8,'balanced'),76,0.4120210242378378,'SAMME')	0.8320343137254902	5.747732162475586
minMaxScaler();varianceThreshold();maxAbsScaler();selectFwe(0.03558660099555653);nystroem('poly',0.019549896474310113,90,3,-0.9864930689772335);minMaxScaler();mlpClassifier((46, 10),0.024750647479547503,0.6691597093972592,'adam','tanh')	invalid_ind (duplicated operator)	invalid_ind (duplicated operator)
maxAbsScaler();nystroem('rbf',0.596671196473556,86,3,-0.16923013252257513);adaBoost(decisionTree('gini',6,18,0.7463084419639098,2,'balanced'),76,0.4120210242378378,'SAMME')	0.8994607843137254	8.324011087417603
minMaxScaler();varianceThreshold();maxAbsScaler();adaBoost(decisionTree('gini',6,12,0.4679604075542506,19,'balanced'),43,0.46107427319578104,'SAMME')	0.9149754901960785	4.4537672996521
maxAbsScaler();varianceThreshold();robustScaler(False,True);minMaxScaler();adaBoost(decisionTree('gini',26,9,0.8183329433253732,8,'balanced'),43,0.46107427319578104,'SAMME')	0.8998774509803921	5.105513334274292
maxAbsScaler();varianceThreshold();maxAbsScaler();adaBoost(decisionTree('gini',29,12,0.362974288108309,11,'balanced'),76,0.4120210242378378,'SAMME')	invalid_ind (duplicated operator)	invalid_ind (duplicated operator)
maxAbsScaler();nystroem('rbf',0.596671196473556,86,3,-0.16923013252257513);adaBoost(decisionTree('gini',26,18,0.8183329433253732,8,'balanced'),76,0.7270645522714722,'SAMME')	0.8918137254901961	8.168487787246704
fastICA(77,'parallel','arbitrary-variance','exp');maxAbsScaler();adaBoost(decisionTree('gini',29,12,0.362974288108309,11,'None'),11,1.2763399449117534,'SAMME')	0.8306127450980393	3.340872287750244
maxAbsScaler();varianceThreshold();robustScaler(True,True);minMaxScaler();adaBoost(decisionTree('gini',30,2,0.6246298859577111,4,'balanced'),79,0.7442006312068183,'SAMME')	0.911642156862745	5.518798351287842
maxAbsScaler();varianceThreshold();robustScaler(True,True);nystroem('poly',4.852877861469697,27,4,-0.028849839434371916);adaBoost(decisionTree('gini',26,9,0.8183329433253732,8,'balanced'),76,0.4120210242378378,'SAMME')	0.8525980392156862	5.768962621688843
minMaxScaler();varianceThreshold();maxAbsScaler();adaBoost(decisionTree('gini',6,12,0.4679604075542506,19,'balanced'),43,0.46107427319578104,'SAMME')	0.9149754901960785	cached
maxAbsScaler();varianceThreshold();robustScaler(False,True);minMaxScaler();adaBoost(decisionTree('gini',26,9,0.8183329433253732,8,'balanced'),76,0.7270645522714722,'SAMME')	0.9183088235294118	cached
maxAbsScaler();varianceThreshold();robustScaler(False,True);minMaxScaler();adaBoost(decisionTree('gini',26,9,0.8183329433253732,8,'balanced'),76,0.7270645522714722,'SAMME')	0.9183088235294118	cached
maxAbsScaler();varianceThreshold();robustScaler(False,True);minMaxScaler();adaBoost(decisionTree('gini',26,9,0.8183329433253732,8,'balanced'),76,0.7270645522714722,'SAMME')	0.9183088235294118	cached
minMaxScaler();varianceThreshold();maxAbsScaler();adaBoost(decisionTree('gini',6,12,0.4679604075542506,19,'balanced'),43,0.46107427319578104,'SAMME')	0.9149754901960785	cached
maxAbsScaler();varianceThreshold();robustScaler(True,True);minMaxScaler();adaBoost(decisionTree('gini',26,9,0.8183329433253732,8,'balanced'),76,0.4120210242378378,'SAMME')	0.909093137254902	cached
maxAbsScaler();nystroem('sigmoid',0.09091135548276047,33,4,-0.5165286997871197);fastICA(18,'parallel','arbitrary-variance','cube');adaBoost(decisionTree('gini',11,12,0.4142718746979688,20,'None'),11,0.46107427319578104,'SAMME')	0.8643627450980393	cached
maxAbsScaler();nystroem('rbf',0.596671196473556,86,3,-0.16923013252257513);adaBoost(decisionTree('gini',26,18,0.8183329433253732,8,'balanced'),76,0.7270645522714722,'SAMME')	0.8918137254901961	cached
gaussianNB(0.0047223002445227575)	0.8532107843137254	2.430155038833618
lda(0.28372975301177006,55,0.0935498332640169)	eval_error (n_components cannot be larger than min(n_features, n_classes - 1).)	eval_error (n_components cannot be larger than min(n_features, n_classes - 1).)
minMaxScaler();varianceThreshold();maxAbsScaler();adaBoost(decisionTree('gini',29,12,0.362974288108309,11,'None'),43,0.46107427319578104,'SAMME')	0.9124264705882353	cached
adaBoost(decisionTree('gini',21,12,0.362974288108309,11,'None'),46,1.0895958998428918,'SAMME')	0.9296568627450981	cached
maxAbsScaler();nystroem('sigmoid',0.09091135548276047,33,4,0.5115530957215362);fastICA(53,'parallel','arbitrary-variance','cube');adaBoost(decisionTree('entropy',3,9,0.06662253487446146,4,'None'),29,0.9614434982753755,'SAMME')	0.8598284313725489	cached
adaBoost(decisionTree('gini',8,18,0.9262835010039993,9,'None'),43,0.46107427319578104,'SAMME')	0.8881127450980392	4.473947048187256
adaBoost(decisionTree('gini',21,12,0.362974288108309,11,'None'),46,1.0895958998428918,'SAMME')	0.9296568627450981	4.316700458526611
adaBoost(decisionTree('gini',21,12,0.362974288108309,11,'None'),46,1.0895958998428918,'SAMME')	0.9296568627450981	cached
fastICA(77,'parallel','arbitrary-variance','exp');maxAbsScaler();adaBoost(decisionTree('gini',29,12,0.362974288108309,11,'None'),11,1.2763399449117534,'SAMME')	0.8306127450980393	cached
maxAbsScaler();varianceThreshold();robustScaler(False,True);minMaxScaler();adaBoost(decisionTree('gini',10,9,0.8183329433253732,8,'balanced'),76,0.4120210242378378,'SAMME')	0.909093137254902	5.771477699279785
adaBoost(decisionTree('gini',21,12,0.362974288108309,11,'None'),46,1.0895958998428918,'SAMME')	0.9296568627450981	3.930386781692505
minMaxScaler();varianceThreshold();maxAbsScaler();adaBoost(decisionTree('entropy',3,12,0.06662253487446146,19,'None'),29,0.9614434982753755,'SAMME')	0.8751960784313726	3.680055856704712
adaBoost(decisionTree('entropy',3,12,0.362974288108309,11,'None'),74,0.4120210242378378,'SAMME')	0.915343137254902	4.47737193107605
maxAbsScaler();varianceThreshold();robustScaler(True,True);minMaxScaler();adaBoost(decisionTree('gini',30,2,0.6246298859577111,4,'balanced'),79,0.7442006312068183,'SAMME')	0.911642156862745	cached
maxAbsScaler();nystroem('rbf',0.596671196473556,86,3,-0.16923013252257513);adaBoost(decisionTree('gini',26,18,0.8183329433253732,8,'balanced'),76,0.7270645522714722,'SAMME')	0.8918137254901961	cached
adaBoost(decisionTree('gini',21,12,0.362974288108309,11,'None'),46,1.0895958998428918,'SAMME')	0.9296568627450981	cached
minMaxScaler();varianceThreshold();maxAbsScaler();adaBoost(decisionTree('gini',29,12,0.362974288108309,11,'None'),43,0.46107427319578104,'SAMME')	0.9124264705882353	cached
maxAbsScaler();varianceThreshold();robustScaler(False,True);minMaxScaler();adaBoost(decisionTree('gini',26,9,0.8183329433253732,8,'balanced'),76,0.7270645522714722,'SAMME')	0.9183088235294118	cached
maxAbsScaler();varianceThreshold();robustScaler(False,True);minMaxScaler();adaBoost(decisionTree('gini',26,9,0.8183329433253732,8,'balanced'),43,0.46107427319578104,'SAMME')	0.8998774509803921	cached
minMaxScaler();varianceThreshold();maxAbsScaler();adaBoost(decisionTree('gini',6,12,0.4679604075542506,19,'balanced'),76,0.4120210242378378,'SAMME')	0.9027941176470587	4.595138788223267
adaBoost(decisionTree('gini',27,13,0.23864220584692397,6,'balanced'),94,0.6670574920821892,'SAMME')	0.9090931372549018	4.756357669830322
maxAbsScaler();nystroem('sigmoid',0.09091135548276047,33,4,0.5115530957215362);fastICA(53,'parallel','arbitrary-variance','cube');adaBoost(decisionTree('gini',6,9,0.4679604075542506,4,'balanced'),43,0.46107427319578104,'SAMME')	0.8531617647058823	4.9239115715026855
adaBoost(decisionTree('entropy',3,12,0.362974288108309,11,'None'),74,0.4120210242378378,'SAMME')	0.915343137254902	cached
minMaxScaler();varianceThreshold();maxAbsScaler();adaBoost(decisionTree('gini',29,12,0.362974288108309,11,'balanced'),43,0.46107427319578104,'SAMME')	0.907892156862745	cached
robustScaler(False,False);adaBoost(decisionTree('gini',21,15,0.30821162151265635,8,'None'),46,1.0895958998428918,'SAMME')	0.9090931372549018	cached
maxAbsScaler();varianceThreshold();maxAbsScaler();adaBoost(decisionTree('gini',29,12,0.362974288108309,11,'balanced'),76,0.4120210242378378,'SAMME')	invalid_ind (duplicated operator)	invalid_ind (duplicated operator)
maxAbsScaler();varianceThreshold();robustScaler(False,True);minMaxScaler();adaBoost(decisionTree('gini',26,9,0.8183329433253732,8,'balanced'),76,0.7270645522714722,'SAMME')	0.9183088235294118	6.08772087097168
maxAbsScaler();varianceThreshold();robustScaler(False,True);minMaxScaler();adaBoost(decisionTree('gini',10,9,0.8183329433253732,8,'balanced'),43,0.46107427319578104,'SAMME')	0.8998774509803921	3.6218230724334717
maxAbsScaler();varianceThreshold();robustScaler(True,True);minMaxScaler();adaBoost(decisionTree('gini',30,2,0.6246298859577111,4,'balanced'),79,0.46107427319578104,'SAMME')	0.9090931372549018	4.7761077880859375
robustScaler(False,False);adaBoost(decisionTree('gini',21,15,0.30821162151265635,8,'balanced'),76,0.4120210242378378,'SAMME')	0.8973284313725489	3.606278657913208
maxAbsScaler();varianceThreshold();robustScaler(False,True);minMaxScaler();adaBoost(decisionTree('entropy',2,20,0.17842945684894773,18,'None'),51,0.3340713984490857,'SAMME')	0.8939950980392156	2.3659372329711914
maxAbsScaler();varianceThreshold();robustScaler(False,True);minMaxScaler();adaBoost(decisionTree('entropy',20,13,0.9205199557833383,15,'None'),46,1.0895958998428918,'SAMME')	0.9069117647058823	2.5722296237945557
adaBoost(decisionTree('gini',21,12,0.362974288108309,11,'None'),46,1.0895958998428918,'SAMME')	0.9296568627450981	cached
adaBoost(decisionTree('gini',21,12,0.362974288108309,11,'None'),46,1.0895958998428918,'SAMME')	0.9296568627450981	cached
maxAbsScaler();varianceThreshold();robustScaler(True,True);minMaxScaler();adaBoost(decisionTree('gini',30,2,0.6246298859577111,4,'balanced'),79,0.7442006312068183,'SAMME')	0.911642156862745	cached
maxAbsScaler();varianceThreshold();robustScaler(False,True);minMaxScaler();adaBoost(decisionTree('gini',26,9,0.8183329433253732,8,'balanced'),76,0.7270645522714722,'SAMME')	0.9183088235294118	cached
maxAbsScaler();varianceThreshold();robustScaler(False,True);minMaxScaler();adaBoost(decisionTree('gini',6,9,0.4679604075542506,8,'balanced'),76,0.4120210242378378,'SAMME')	0.9006617647058823	3.339539051055908
adaBoost(decisionTree('gini',21,12,0.362974288108309,11,'balanced'),76,0.7270645522714722,'SAMME')	0.9245588235294118	3.2755274772644043
fastICA(7,'parallel','arbitrary-variance','exp');maxAbsScaler();maxAbsScaler();fastICA(29,'parallel','unit-variance','exp');robustScaler(False,True);minMaxScaler();adaBoost(decisionTree('gini',26,9,0.8183329433253732,8,'None'),46,1.0895958998428918,'SAMME')	invalid_ind (duplicated operator)	invalid_ind (duplicated operator)
adaBoost(decisionTree('gini',3,12,0.362974288108309,11,'balanced'),43,0.46107427319578104,'SAMME')	0.9086764705882352	3.61013126373291
maxAbsScaler();varianceThreshold();robustScaler(False,True);minMaxScaler();adaBoost(decisionTree('gini',10,9,0.8183329433253732,8,'balanced'),76,0.4120210242378378,'SAMME')	0.909093137254902	3.873110294342041
adaBoost(decisionTree('gini',27,13,0.23864220584692397,6,'None'),55,1.0895958998428918,'SAMME')	0.9124264705882353	3.7653961181640625
maxAbsScaler();varianceThreshold();robustScaler(True,True);minMaxScaler();adaBoost(decisionTree('gini',30,2,0.6246298859577111,4,'balanced'),76,0.7270645522714722,'SAMME')	0.9057598039215685	4.558731555938721
minMaxScaler();varianceThreshold();maxAbsScaler();adaBoost(decisionTree('gini',26,12,0.8183329433253732,19,'balanced'),76,0.7270645522714722,'SAMME')	0.906127450980392	4.957427740097046
adaBoost(decisionTree('gini',21,12,0.362974288108309,11,'balanced'),94,0.6670574920821892,'SAMME')	0.911642156862745	4.567971706390381
maxAbsScaler();varianceThreshold();robustScaler(False,True);minMaxScaler();adaBoost(decisionTree('gini',26,9,0.8183329433253732,8,'balanced'),76,0.7270645522714722,'SAMME')	0.9183088235294118	cached
maxAbsScaler();varianceThreshold();robustScaler(False,True);minMaxScaler();adaBoost(decisionTree('gini',26,9,0.8183329433253732,8,'balanced'),76,0.7270645522714722,'SAMME')	0.9183088235294118	cached
adaBoost(decisionTree('gini',8,18,0.9262835010039993,9,'None'),43,0.46107427319578104,'SAMME')	0.8881127450980392	cached
maxAbsScaler();varianceThreshold();robustScaler(False,True);minMaxScaler();adaBoost(decisionTree('gini',26,9,0.8183329433253732,8,'balanced'),76,0.7270645522714722,'SAMME')	0.9183088235294118	cached
minMaxScaler();varianceThreshold();maxAbsScaler();adaBoost(decisionTree('entropy',6,12,0.4679604075542506,19,'None'),74,0.4120210242378378,'SAMME')	0.8876960784313725	5.056646823883057
maxAbsScaler();varianceThreshold();robustScaler(False,True);minMaxScaler();adaBoost(decisionTree('gini',26,9,0.8183329433253732,8,'balanced'),76,0.7270645522714722,'SAMME')	0.9183088235294118	4.9801249504089355
minMaxScaler();varianceThreshold();maxAbsScaler();adaBoost(decisionTree('gini',6,12,0.4679604075542506,19,'balanced'),46,1.0895958998428918,'SAMME')	0.9086764705882352	4.164096832275391
adaBoost(decisionTree('entropy',3,12,0.362974288108309,11,'balanced'),43,0.46107427319578104,'SAMME')	0.9259558823529412	5.120876312255859
adaBoost(decisionTree('gini',30,12,0.6246298859577111,11,'balanced'),79,0.46107427319578104,'SAMME')	0.9094607843137255	5.657736301422119
maxAbsScaler();varianceThreshold();robustScaler(False,False);minMaxScaler();adaBoost(decisionTree('gini',26,9,0.8183329433253732,8,'balanced'),76,0.4120210242378378,'SAMME')	0.909093137254902	5.802124738693237
maxAbsScaler();varianceThreshold();robustScaler(False,True);minMaxScaler();adaBoost(decisionTree('gini',26,9,0.8183329433253732,8,'balanced'),79,0.46107427319578104,'SAMME')	0.9032107843137254	6.921031951904297
adaBoost(decisionTree('gini',21,12,0.362974288108309,11,'None'),43,0.46107427319578104,'SAMME')	0.9124264705882353	4.217975378036499
minMaxScaler();varianceThreshold();maxAbsScaler();adaBoost(decisionTree('gini',6,12,0.4679604075542506,19,'None'),74,0.4120210242378378,'SAMME')	0.8884803921568627	4.328822135925293
maxAbsScaler();varianceThreshold();robustScaler(True,True);minMaxScaler();adaBoost(decisionTree('entropy',3,2,0.362974288108309,4,'None'),74,0.4120210242378378,'SAMME')	0.9057598039215685	4.497375249862671
maxAbsScaler();varianceThreshold();robustScaler(True,True);minMaxScaler();adaBoost(decisionTree('gini',26,9,0.8183329433253732,8,'balanced'),76,0.4120210242378378,'SAMME')	0.909093137254902	cached
maxAbsScaler();varianceThreshold();robustScaler(False,True);minMaxScaler();adaBoost(decisionTree('entropy',20,13,0.9205199557833383,15,'None'),46,1.0895958998428918,'SAMME')	0.9069117647058823	cached
maxAbsScaler();varianceThreshold();robustScaler(False,True);minMaxScaler();adaBoost(decisionTree('gini',26,9,0.8183329433253732,8,'balanced'),76,0.7270645522714722,'SAMME')	0.9183088235294118	cached
maxAbsScaler();varianceThreshold();robustScaler(False,True);minMaxScaler();adaBoost(decisionTree('gini',26,9,0.8183329433253732,8,'balanced'),76,0.7270645522714722,'SAMME')	0.9183088235294118	cached
maxAbsScaler();varianceThreshold();robustScaler(False,True);minMaxScaler();adaBoost(decisionTree('gini',26,9,0.8183329433253732,6,'balanced'),76,0.015459343932891403,'SAMME')	0.8759313725490196	4.561845302581787
maxAbsScaler();varianceThreshold();robustScaler(False,True);minMaxScaler();adaBoost(decisionTree('gini',10,9,0.8183329433253732,8,'balanced'),43,0.46107427319578104,'SAMME')	0.8998774509803921	4.163320302963257
robustScaler(False,True);adaBoost(decisionTree('gini',21,15,0.30821162151265635,8,'None'),46,0.45812421999366376,'SAMME')	0.8939950980392156	3.46006178855896
adaBoost(decisionTree('gini',21,12,0.362974288108309,11,'None'),46,1.0895958998428918,'SAMME')	0.9296568627450981	cached
robustScaler(False,False);adaBoost(decisionTree('gini',21,15,0.30821162151265635,8,'balanced'),76,0.7270645522714722,'SAMME')	0.9124264705882353	4.1957173347473145
maxAbsScaler();varianceThreshold();robustScaler(False,True);minMaxScaler();adaBoost(decisionTree('gini',26,9,0.8183329433253732,8,'balanced'),76,0.7270645522714722,'SAMME')	0.9183088235294118	4.45281457901001
maxAbsScaler();nystroem('rbf',0.596671196473556,86,3,-0.16923013252257513);adaBoost(decisionTree('gini',7,3,0.845725270849555,14,'balanced'),93,1.205611193393279,'SAMME')	0.8865441176470588	6.2226808071136475
maxAbsScaler();varianceThreshold();robustScaler(False,True);minMaxScaler();adaBoost(decisionTree('gini',10,9,0.8183329433253732,8,'balanced'),76,0.4120210242378378,'SAMME')	0.909093137254902	cached
maxAbsScaler();varianceThreshold();robustScaler(False,True);minMaxScaler();adaBoost(decisionTree('gini',26,9,0.8183329433253732,8,'balanced'),76,0.4120210242378378,'SAMME')	0.909093137254902	3.8986549377441406
maxAbsScaler();varianceThreshold();robustScaler(False,True);minMaxScaler();adaBoost(decisionTree('gini',26,9,0.8183329433253732,8,'balanced'),76,0.7270645522714722,'SAMME')	0.9183088235294118	cached
adaBoost(decisionTree('gini',21,12,0.362974288108309,11,'None'),43,0.46107427319578104,'SAMME')	0.9124264705882353	cached
adaBoost(decisionTree('gini',21,12,0.362974288108309,11,'None'),46,1.0895958998428918,'SAMME')	0.9296568627450981	cached
maxAbsScaler();varianceThreshold();robustScaler(False,True);minMaxScaler();adaBoost(decisionTree('gini',26,9,0.8183329433253732,8,'balanced'),76,0.7270645522714722,'SAMME')	0.9183088235294118	cached
maxAbsScaler();varianceThreshold();robustScaler(False,True);minMaxScaler();adaBoost(decisionTree('gini',26,9,0.8183329433253732,8,'balanced'),76,0.7270645522714722,'SAMME')	0.9183088235294118	cached
maxAbsScaler();varianceThreshold();robustScaler(False,True);minMaxScaler();adaBoost(decisionTree('gini',26,9,0.8183329433253732,8,'balanced'),76,0.7270645522714722,'SAMME')	0.9183088235294118	cached
robustScaler(False,False);adaBoost(decisionTree('gini',21,15,0.30821162151265635,8,'balanced'),76,0.7270645522714722,'SAMME')	0.9124264705882353	cached
maxAbsScaler();varianceThreshold();selectPercentile(15.924546267304);minMaxScaler();adaBoost(decisionTree('gini',26,9,0.8183329433253732,8,'balanced'),76,0.7270645522714722,'SAMME')	0.8622303921568628	2.714705467224121
maxAbsScaler();varianceThreshold();robustScaler(False,True);minMaxScaler();adaBoost(decisionTree('gini',26,9,0.8183329433253732,8,'balanced'),76,0.7270645522714722,'SAMME')	0.9183088235294118	cached
adaBoost(decisionTree('entropy',3,12,0.362974288108309,11,'None'),74,0.4120210242378378,'SAMME')	0.915343137254902	cached
adaBoost(decisionTree('gini',21,12,0.362974288108309,11,'None'),43,0.46107427319578104,'SAMME')	0.9124264705882353	cached
maxAbsScaler();varianceThreshold();robustScaler(False,True);minMaxScaler();adaBoost(decisionTree('gini',26,9,0.8183329433253732,8,'balanced'),76,0.7270645522714722,'SAMME')	0.9183088235294118	cached
selectFwe(0.022188560662807583);varianceThreshold();robustScaler(False,True);nystroem('sigmoid',0.10140939916746788,45,5,0.32271988032378096);maxAbsScaler();varianceThreshold();adaBoost(decisionTree('entropy',12,13,0.26552176460986476,8,'balanced'),80,0.1217633328528773,'SAMME')	invalid_ind (duplicated operator)	invalid_ind (duplicated operator)
adaBoost(decisionTree('gini',21,12,0.362974288108309,11,'None'),46,1.0895958998428918,'SAMME')	0.9296568627450981	3.2315919399261475
pca(0.9909752494656121,True);varianceThreshold();robustScaler(False,True);minMaxScaler();adaBoost(decisionTree('gini',26,9,0.8183329433253732,8,'balanced'),76,0.7270645522714722,'SAMME')	0.9074754901960784	4.518015623092651
maxAbsScaler();varianceThreshold();robustScaler(False,True);minMaxScaler();adaBoost(decisionTree('gini',26,9,0.8183329433253732,8,'balanced'),74,0.4120210242378378,'SAMME')	0.8973284313725489	4.922882318496704
maxAbsScaler();varianceThreshold();robustScaler(False,True);minMaxScaler();adaBoost(decisionTree('gini',26,9,0.8183329433253732,8,'balanced'),94,0.6670574920821892,'SAMME')	0.9006617647058823	5.340055227279663
robustScaler(False,False);adaBoost(decisionTree('gini',26,15,0.8183329433253732,8,'balanced'),76,0.7270645522714722,'SAMME')	0.9183088235294118	4.550846338272095
adaBoost(decisionTree('gini',21,12,0.362974288108309,11,'balanced'),76,0.7270645522714722,'SAMME')	0.9245588235294118	4.7276294231414795
adaBoost(decisionTree('gini',21,12,0.362974288108309,11,'None'),46,1.0895958998428918,'SAMME')	0.9296568627450981	cached
adaBoost(decisionTree('gini',21,12,0.362974288108309,11,'balanced'),76,0.7270645522714722,'SAMME')	0.9245588235294118	cached
adaBoost(decisionTree('entropy',3,12,0.362974288108309,11,'balanced'),43,0.7270645522714722,'SAMME')	0.9057598039215685	4.588805675506592
adaBoost(decisionTree('entropy',3,12,0.362974288108309,11,'None'),76,0.7270645522714722,'SAMME')	0.8973284313725489	5.288508653640747
adaBoost(decisionTree('gini',21,12,0.362974288108309,11,'balanced'),76,0.7270645522714722,'SAMME')	0.9245588235294118	4.780043840408325
minMaxScaler();varianceThreshold();maxAbsScaler();adaBoost(decisionTree('gini',6,12,0.4679604075542506,19,'balanced'),46,1.0895958998428918,'SAMME')	0.9086764705882352	cached
adaBoost(decisionTree('gini',29,12,0.362974288108309,11,'None'),29,0.9614434982753755,'SAMME')	0.9145588235294116	cached
adaBoost(decisionTree('gini',30,12,0.6246298859577111,11,'balanced'),79,0.46107427319578104,'SAMME')	0.9094607843137255	cached
maxAbsScaler();varianceThreshold();robustScaler(False,True);minMaxScaler();adaBoost(decisionTree('gini',26,9,0.8183329433253732,8,'balanced'),79,0.46107427319578104,'SAMME')	0.9032107843137254	cached
maxAbsScaler();varianceThreshold();robustScaler(False,True);minMaxScaler();adaBoost(decisionTree('gini',21,9,0.30821162151265635,8,'balanced'),76,0.7270645522714722,'SAMME')	0.9124264705882353	5.284627437591553
maxAbsScaler();varianceThreshold();robustScaler(False,True);minMaxScaler();adaBoost(decisionTree('entropy',20,13,0.9205199557833383,15,'None'),46,1.0895958998428918,'SAMME')	0.9069117647058823	cached
minMaxScaler();varianceThreshold();maxAbsScaler();adaBoost(decisionTree('gini',26,12,0.8183329433253732,19,'balanced'),76,0.46107427319578104,'SAMME')	0.9002450980392156	5.592105150222778
adaBoost(decisionTree('gini',21,12,0.362974288108309,11,'balanced'),76,0.7270645522714722,'SAMME')	0.9245588235294118	cached
adaBoost(decisionTree('gini',21,12,0.362974288108309,11,'balanced'),76,0.7270645522714722,'SAMME')	0.9245588235294118	5.3159499168396
adaBoost(decisionTree('gini',21,12,0.362974288108309,11,'balanced'),76,0.7270645522714722,'SAMME')	0.9245588235294118	5.635906457901001
maxAbsScaler();nystroem('cosine',2.559500323743145,61,3,0.14744527233771332);robustScaler(False,True);minMaxScaler();adaBoost(decisionTree('gini',10,9,0.8183329433253732,8,'balanced'),76,0.4120210242378378,'SAMME')	0.8986764705882353	7.962910175323486
adaBoost(decisionTree('gini',30,12,0.6246298859577111,11,'balanced'),79,0.46107427319578104,'SAMME')	0.9094607843137255	cached
adaBoost(decisionTree('gini',10,20,0.5370694452009891,1,'balanced'),43,0.46107427319578104,'SAMME')	0.9175245098039216	4.394727945327759
adaBoost(decisionTree('gini',23,18,0.0721804285186407,11,'balanced'),10,0.6624150525139947,'SAMME')	0.9012254901960783	2.698064088821411
adaBoost(decisionTree('entropy',19,6,0.43132876943028786,20,'None'),46,1.0895958998428918,'SAMME')	0.8884803921568627	3.7277777194976807
adaBoost(decisionTree('gini',21,12,0.362974288108309,11,'None'),43,0.46107427319578104,'SAMME')	0.9124264705882353	3.197770833969116
robustScaler(False,False);adaBoost(decisionTree('gini',26,15,0.8183329433253732,8,'balanced'),76,0.7270645522714722,'SAMME')	0.9183088235294118	cached
adaBoost(decisionTree('gini',21,12,0.362974288108309,11,'balanced'),76,0.7270645522714722,'SAMME')	0.9245588235294118	cached
adaBoost(decisionTree('entropy',3,12,0.362974288108309,11,'balanced'),43,0.46107427319578104,'SAMME')	0.9259558823529412	cached
adaBoost(decisionTree('gini',21,12,0.362974288108309,11,'balanced'),76,0.7270645522714722,'SAMME')	0.9245588235294118	cached
adaBoost(decisionTree('gini',21,12,0.362974288108309,11,'balanced'),13,0.7270645522714722,'SAMME')	0.8843627450980392	2.8481943607330322
maxAbsScaler();varianceThreshold();robustScaler(False,True);minMaxScaler();adaBoost(decisionTree('gini',26,9,0.8183329433253732,8,'balanced'),76,0.7270645522714722,'SAMME')	0.9183088235294118	cached
maxAbsScaler();varianceThreshold();robustScaler(False,True);minMaxScaler();adaBoost(decisionTree('gini',26,9,0.8183329433253732,8,'balanced'),76,0.7270645522714722,'SAMME')	0.9183088235294118	cached
adaBoost(decisionTree('gini',30,12,0.6246298859577111,11,'balanced'),79,0.46107427319578104,'SAMME')	0.9094607843137255	cached
maxAbsScaler();varianceThreshold();robustScaler(False,True);minMaxScaler();adaBoost(decisionTree('gini',26,9,0.8183329433253732,8,'balanced'),76,0.7270645522714722,'SAMME')	0.9183088235294118	cached
maxAbsScaler();varianceThreshold();robustScaler(False,True);minMaxScaler();adaBoost(decisionTree('gini',26,9,0.8183329433253732,8,'balanced'),76,0.7270645522714722,'SAMME')	0.9183088235294118	cached
maxAbsScaler();varianceThreshold();robustScaler(False,True);minMaxScaler();qda(0.273998583128475)	0.6014705882352942	3.014242649078369
adaBoost(decisionTree('entropy',3,12,0.362974288108309,11,'balanced'),43,0.7270645522714722,'SAMME')	0.9057598039215685	3.9279379844665527
robustScaler(False,False);adaBoost(decisionTree('gini',26,15,0.8183329433253732,8,'balanced'),43,0.46107427319578104,'SAMME')	0.8998774509803921	4.618577241897583
maxAbsScaler();varianceThreshold();robustScaler(False,True);minMaxScaler();adaBoost(decisionTree('gini',26,9,0.8183329433253732,8,'balanced'),76,0.46107427319578104,'SAMME')	0.9024264705882352	5.760286092758179
adaBoost(decisionTree('gini',26,12,0.8183329433253732,11,'balanced'),76,0.7270645522714722,'SAMME')	0.9178921568627452	5.286538362503052
adaBoost(decisionTree('gini',21,12,0.362974288108309,11,'balanced'),76,0.7270645522714722,'SAMME')	0.9245588235294118	cached
maxAbsScaler();varianceThreshold();robustScaler(True,True);minMaxScaler();adaBoost(decisionTree('gini',26,15,0.8183329433253732,8,'balanced'),76,0.7270645522714722,'SAMME')	0.9183088235294118	5.615248203277588
adaBoost(decisionTree('entropy',3,12,0.362974288108309,11,'balanced'),76,0.7270645522714722,'SAMME')	0.9006617647058823	4.604138374328613
maxAbsScaler();varianceThreshold();robustScaler(False,False);minMaxScaler();adaBoost(decisionTree('gini',26,9,0.8183329433253732,8,'balanced'),76,0.46107427319578104,'SAMME')	0.9024264705882352	5.2948527336120605
minMaxScaler();varianceThreshold();maxAbsScaler();adaBoost(decisionTree('gini',26,12,0.8183329433253732,19,'balanced'),76,0.7270645522714722,'SAMME')	0.906127450980392	4.8978331089019775
adaBoost(decisionTree('gini',29,12,0.362974288108309,11,'None'),29,0.9614434982753755,'SAMME')	0.9145588235294116	2.841461420059204
adaBoost(decisionTree('entropy',28,13,0.028353373143185978,13,'balanced'),76,0.7270645522714722,'SAMME')	0.8936274509803921	4.856410264968872
maxAbsScaler();varianceThreshold();robustScaler(False,True);minMaxScaler();adaBoost(decisionTree('entropy',20,13,0.9205199557833383,15,'None'),46,1.0895958998428918,'SAMME')	0.9069117647058823	cached
robustScaler(False,False);adaBoost(decisionTree('gini',26,9,0.8183329433253732,8,'balanced'),76,0.7270645522714722,'SAMME')	0.9183088235294118	4.89429497718811
robustScaler(False,False);adaBoost(decisionTree('gini',26,15,0.8183329433253732,8,'balanced'),76,0.7270645522714722,'SAMME')	0.9183088235294118	cached
adaBoost(decisionTree('gini',21,12,0.362974288108309,11,'balanced'),76,0.7270645522714722,'SAMME')	0.9245588235294118	cached
robustScaler(False,False);adaBoost(decisionTree('gini',21,15,0.30821162151265635,8,'balanced'),76,0.7270645522714722,'SAMME')	0.9124264705882353	cached
maxAbsScaler();minMaxScaler();minMaxScaler();selectPercentile(64.91832851407398);pca(0.9261895063472885,False);nystroem('sigmoid',4.648407608373235,42,4,-0.26753975203289815);adaBoost(decisionTree('gini',26,9,0.8183329433253732,8,'balanced'),76,0.7270645522714722,'SAMME')	invalid_ind (duplicated operator)	invalid_ind (duplicated operator)
minMaxScaler();varianceThreshold();maxAbsScaler();adaBoost(decisionTree('gini',21,12,0.362974288108309,19,'balanced'),76,0.8138928804211216,'SAMME')	0.9094607843137255	4.920409917831421
adaBoost(decisionTree('gini',21,8,0.21806000387213476,1,'None'),65,1.2016849969418755,'SAMME')	0.9296568627450978	3.6546061038970947
adaBoost(decisionTree('gini',21,12,0.362974288108309,11,'None'),46,1.0895958998428918,'SAMME')	0.9296568627450981	cached
adaBoost(decisionTree('gini',21,12,0.362974288108309,11,'balanced'),76,0.7270645522714722,'SAMME')	0.9245588235294118	cached
adaBoost(decisionTree('entropy',3,12,0.362974288108309,11,'None'),74,0.4120210242378378,'SAMME')	0.915343137254902	cached
adaBoost(decisionTree('gini',21,12,0.362974288108309,11,'None'),46,1.0895958998428918,'SAMME')	0.9296568627450981	4.259439945220947
adaBoost(decisionTree('gini',29,12,0.362974288108309,11,'None'),46,1.0895958998428918,'SAMME')	0.9296568627450981	3.9286177158355713
adaBoost(decisionTree('entropy',12,16,0.46916736840516315,11,'balanced'),19,0.7584312189791872,'SAMME')	0.9120098039215685	3.1444766521453857
adaBoost(decisionTree('gini',24,17,0.648400015902094,17,'None'),67,0.22582500121530324,'SAMME')	0.9094607843137255	4.635251760482788
adaBoost(decisionTree('gini',6,12,0.4679604075542506,11,'balanced'),46,1.0895958998428918,'SAMME')	0.8969607843137254	3.9873690605163574
adaBoost(decisionTree('gini',21,12,0.362974288108309,11,'None'),29,0.9614434982753755,'SAMME')	0.9145588235294116	2.6324868202209473
adaBoost(decisionTree('entropy',3,12,0.362974288108309,11,'None'),76,0.7270645522714722,'SAMME')	0.8973284313725489	3.2573859691619873
adaBoost(decisionTree('gini',21,12,0.362974288108309,11,'None'),46,1.0895958998428918,'SAMME')	0.9296568627450981	cached
adaBoost(decisionTree('entropy',3,12,0.362974288108309,11,'None'),74,0.4120210242378378,'SAMME')	0.915343137254902	cached
adaBoost(decisionTree('gini',12,13,0.38008814054233064,16,'None'),46,1.0895958998428918,'SAMME')	0.8969117647058823	2.8807172775268555
adaBoost(decisionTree('gini',26,8,0.8183329433253732,1,'balanced'),76,0.7270645522714722,'SAMME')	0.9234068627450979	3.2121498584747314
adaBoost(decisionTree('gini',21,12,0.362974288108309,11,'balanced'),76,0.46107427319578104,'SAMME')	0.917892156862745	3.800316095352173
maxAbsScaler();varianceThreshold();robustScaler(False,True);minMaxScaler();adaBoost(decisionTree('gini',26,9,0.8183329433253732,8,'balanced'),46,1.0895958998428918,'SAMME')	0.917892156862745	4.442381143569946
adaBoost(decisionTree('gini',21,7,0.362974288108309,11,'balanced'),76,1.0895958998428918,'SAMME')	0.8990931372549019	5.189659118652344
maxAbsScaler();varianceThreshold();robustScaler(False,True);minMaxScaler();adaBoost(decisionTree('gini',29,20,0.9205199557833383,15,'None'),29,0.9614434982753755,'SAMME')	0.8965441176470588	3.8164126873016357
robustScaler(False,False);adaBoost(decisionTree('gini',21,15,0.21806000387213476,8,'None'),65,1.2016849969418755,'SAMME')	0.8998774509803921	4.481800079345703
adaBoost(decisionTree('entropy',3,12,0.362974288108309,11,'None'),74,0.4120210242378378,'SAMME')	0.915343137254902	cached
adaBoost(decisionTree('gini',21,12,0.362974288108309,11,'None'),46,0.7270645522714722,'SAMME')	0.9120098039215685	3.6835927963256836
adaBoost(decisionTree('gini',26,12,0.8183329433253732,11,'balanced'),76,0.7270645522714722,'SAMME')	0.9178921568627452	cached
maxAbsScaler();varianceThreshold();robustScaler(False,True);minMaxScaler();adaBoost(decisionTree('gini',26,9,0.8183329433253732,8,'balanced'),76,0.7270645522714722,'SAMME')	0.9183088235294118	cached
maxAbsScaler();varianceThreshold();robustScaler(False,True);minMaxScaler();adaBoost(decisionTree('gini',26,9,0.8183329433253732,8,'balanced'),76,0.7270645522714722,'SAMME')	0.9183088235294118	cached
adaBoost(decisionTree('gini',29,12,0.362974288108309,11,'None'),76,0.7270645522714722,'SAMME')	0.9175245098039214	5.07172703742981
maxAbsScaler();varianceThreshold();robustScaler(False,True);minMaxScaler();adaBoost(decisionTree('gini',26,9,0.8183329433253732,8,'balanced'),76,0.7270645522714722,'SAMME')	0.9183088235294118	5.878840208053589
adaBoost(decisionTree('gini',21,12,0.362974288108309,11,'balanced'),76,0.7270645522714722,'SAMME')	0.9245588235294118	4.869197368621826
robustScaler(False,False);adaBoost(decisionTree('gini',27,7,0.08578039479170907,8,'balanced'),32,0.2973319612116764,'SAMME')	0.9145588235294119	4.29533839225769
maxAbsScaler();varianceThreshold();robustScaler(False,False);minMaxScaler();adaBoost(decisionTree('gini',26,9,0.8183329433253732,8,'None'),16,0.46107427319578104,'SAMME')	0.903578431372549	3.482179641723633
adaBoost(decisionTree('entropy',24,17,0.05232821923961606,11,'balanced'),46,1.0895958998428918,'SAMME')	0.8822303921568627	4.402208566665649
adaBoost(decisionTree('entropy',3,12,0.362974288108309,11,'balanced'),76,0.7270645522714722,'SAMME')	0.9006617647058823	cached
robustScaler(False,False);adaBoost(decisionTree('gini',26,15,0.8183329433253732,8,'balanced'),76,0.7270645522714722,'SAMME')	0.9183088235294118	cached
adaBoost(decisionTree('entropy',23,2,0.22941344463362967,3,'None'),65,1.2016849969418755,'SAMME')	0.8914460784313725	4.552661418914795
maxAbsScaler();varianceThreshold();robustScaler(False,True);minMaxScaler();adaBoost(decisionTree('gini',26,9,0.8183329433253732,8,'None'),29,0.9614434982753755,'SAMME')	0.9086764705882354	3.75136399269104
adaBoost(decisionTree('entropy',25,12,0.6187447387803588,4,'None'),21,1.0202450759978008,'SAMME')	0.8755637254901961	3.578731060028076
adaBoost(decisionTree('gini',21,12,0.362974288108309,11,'None'),46,1.0895958998428918,'SAMME')	0.9296568627450981	cached
adaBoost(decisionTree('gini',29,12,0.362974288108309,11,'None'),46,1.0895958998428918,'SAMME')	0.9296568627450981	cached
maxAbsScaler();varianceThreshold();robustScaler(True,False);minMaxScaler();adaBoost(decisionTree('gini',26,9,0.8183329433253732,8,'balanced'),76,0.7270645522714722,'SAMME')	0.9183088235294118	5.798678636550903
adaBoost(decisionTree('gini',26,12,0.8183329433253732,11,'balanced'),76,0.7270645522714722,'SAMME')	0.9178921568627452	4.982829332351685
adaBoost(decisionTree('gini',21,12,0.362974288108309,11,'None'),74,0.4120210242378378,'SAMME')	0.9065441176470589	4.855098485946655
adaBoost(decisionTree('entropy',20,8,0.9018240659232779,7,'None'),94,1.6863575219027296,'SAMME')	0.9006617647058824	6.270907402038574
adaBoost(decisionTree('gini',29,12,0.362974288108309,11,'None'),29,0.9614434982753755,'SAMME')	0.9145588235294116	cached
adaBoost(decisionTree('gini',21,12,0.362974288108309,11,'None'),46,1.0895958998428918,'SAMME')	0.9296568627450981	cached
adaBoost(decisionTree('gini',21,12,0.362974288108309,11,'balanced'),76,1.0895958998428918,'SAMME')	0.8990931372549019	5.238327503204346
robustScaler(False,False);adaBoost(decisionTree('gini',21,15,0.30821162151265635,8,'balanced'),76,0.46107427319578104,'SAMME')	0.9065441176470589	5.059523344039917
maxAbsScaler();varianceThreshold();robustScaler(True,True);minMaxScaler();adaBoost(decisionTree('entropy',23,12,0.3624295005445881,8,'None'),80,0.14717597675376204,'SAMME')	0.9006617647058823	5.1605308055877686
adaBoost(decisionTree('entropy',3,12,0.362974288108309,11,'None'),46,1.0895958998428918,'SAMME')	0.9153431372549019	3.7539615631103516
adaBoost(decisionTree('entropy',27,10,0.9496086714106695,10,'None'),76,0.7270645522714722,'SAMME')	0.9245588235294118	5.228977203369141
adaBoost(decisionTree('entropy',22,8,0.6596514688314418,2,'balanced'),46,0.7270645522714722,'SAMME')	0.911642156862745	3.9398937225341797
maxAbsScaler();varianceThreshold();robustScaler(False,True);minMaxScaler();adaBoost(decisionTree('entropy',12,9,0.8183329433253732,8,'balanced'),19,0.7584312189791872,'SAMME')	0.8969117647058823	2.17630672454834
maxAbsScaler();varianceThreshold();robustScaler(False,True);minMaxScaler();adaBoost(decisionTree('gini',26,9,0.8183329433253732,8,'balanced'),76,0.7270645522714722,'SAMME')	0.9183088235294118	cached
maxAbsScaler();varianceThreshold();robustScaler(False,True);minMaxScaler();adaBoost(decisionTree('gini',26,9,0.8183329433253732,8,'balanced'),76,0.7270645522714722,'SAMME')	0.9183088235294118	cached
adaBoost(decisionTree('gini',21,12,0.362974288108309,11,'None'),46,1.0895958998428918,'SAMME')	0.9296568627450981	cached
maxAbsScaler();varianceThreshold();robustScaler(False,True);minMaxScaler();adaBoost(decisionTree('gini',26,9,0.8183329433253732,8,'balanced'),46,1.0895958998428918,'SAMME')	0.917892156862745	cached
adaBoost(decisionTree('entropy',27,10,0.9496086714106695,10,'None'),76,0.7270645522714722,'SAMME')	0.9245588235294118	cached
maxAbsScaler();varianceThreshold();robustScaler(False,False);minMaxScaler();adaBoost(decisionTree('gini',26,9,0.8183329433253732,8,'None'),16,0.46107427319578104,'SAMME')	0.903578431372549	cached
maxAbsScaler();varianceThreshold();robustScaler(False,True);minMaxScaler();adaBoost(decisionTree('gini',26,9,0.8183329433253732,8,'balanced'),76,0.7270645522714722,'SAMME')	0.9183088235294118	cached
adaBoost(decisionTree('gini',26,12,0.8183329433253732,11,'balanced'),76,0.7270645522714722,'SAMME')	0.9178921568627452	cached
adaBoost(decisionTree('gini',29,12,0.362974288108309,11,'None'),46,1.0895958998428918,'SAMME')	0.9296568627450981	cached
adaBoost(decisionTree('gini',21,12,0.362974288108309,11,'balanced'),76,0.7270645522714722,'SAMME')	0.9245588235294118	cached
adaBoost(decisionTree('gini',21,12,0.362974288108309,11,'None'),46,1.0895958998428918,'SAMME')	0.9296568627450981	cached
adaBoost(decisionTree('gini',21,12,0.362974288108309,11,'None'),46,1.0895958998428918,'SAMME')	0.9296568627450981	cached
adaBoost(decisionTree('gini',26,8,0.8183329433253732,1,'balanced'),76,0.7270645522714722,'SAMME')	0.9234068627450979	cached
adaBoost(decisionTree('gini',21,12,0.362974288108309,11,'None'),74,0.4120210242378378,'SAMME')	0.9065441176470589	cached
adaBoost(decisionTree('gini',18,12,0.40825535928148127,8,'balanced'),46,1.0895958998428918,'SAMME')	0.8869607843137255	2.6031415462493896
maxAbsScaler();varianceThreshold();robustScaler(False,True);minMaxScaler();adaBoost(decisionTree('gini',26,9,0.8183329433253732,8,'balanced'),76,0.7270645522714722,'SAMME')	0.9183088235294118	cached
adaBoost(decisionTree('gini',21,12,0.362974288108309,11,'balanced'),76,0.46107427319578104,'SAMME')	0.917892156862745	cached
robustScaler(False,False);adaBoost(decisionTree('gini',27,7,0.08578039479170907,8,'balanced'),32,0.2973319612116764,'SAMME')	0.9145588235294119	cached
varianceThreshold();fastICA(84,'parallel','arbitrary-variance','cube');minMaxScaler();maxAbsScaler();pca(0.8098147396697215,False);minMaxScaler();adaBoost(decisionTree('entropy',26,7,0.5493897836797362,13,'balanced'),46,0.14522491444225913,'SAMME')	invalid_ind (duplicated operator)	invalid_ind (duplicated operator)
adaBoost(decisionTree('entropy',27,10,0.9496086714106695,10,'None'),46,1.0895958998428918,'SAMME')	0.9183088235294118	2.963808298110962
adaBoost(decisionTree('entropy',3,12,0.362974288108309,11,'None'),46,0.7270645522714722,'SAMME')	0.9032107843137254	3.38771390914917
maxAbsScaler();varianceThreshold();robustScaler(False,True);minMaxScaler();adaBoost(decisionTree('gini',21,9,0.362974288108309,8,'None'),46,1.0895958998428918,'SAMME')	0.8998774509803921	3.528299570083618
adaBoost(decisionTree('gini',27,10,0.9496086714106695,10,'balanced'),76,0.7270645522714722,'SAMME')	0.8947794117647059	4.1365485191345215
decisionTree('gini',18,8,0.14368103558724798,15,'balanced')	0.773700980392157	1.9853808879852295
robustScaler(False,False);adaBoost(decisionTree('gini',27,7,0.08578039479170907,8,'balanced'),32,0.7270645522714722,'SAMME')	0.9175245098039214	3.079406976699829
adaBoost(decisionTree('gini',21,12,0.362974288108309,11,'None'),76,0.7270645522714722,'SAMME')	0.9175245098039214	3.670644998550415
adaBoost(decisionTree('gini',21,12,0.362974288108309,11,'None'),46,1.0895958998428918,'SAMME')	0.9296568627450981	3.418748378753662
pca(0.8045683678137022,True);nystroem('sigmoid',1.3605928228649846,42,5,-0.5347096102971642);nystroem('cosine',6.111600155899591,54,2,-0.10893923744242762);minMaxScaler();maxAbsScaler();adaBoost(decisionTree('gini',30,19,0.5165400217657544,16,'balanced'),98,0.5330373406804227,'SAMME')	invalid_ind (duplicated operator)	invalid_ind (duplicated operator)
adaBoost(decisionTree('gini',21,8,0.21806000387213476,1,'None'),65,1.2016849969418755,'SAMME')	0.9296568627450978	cached
maxAbsScaler();varianceThreshold();robustScaler(False,True);minMaxScaler();adaBoost(decisionTree('entropy',26,9,0.8183329433253732,8,'None'),76,0.7270645522714722,'SAMME')	0.9090931372549018	4.999654054641724
robustScaler(False,False);adaBoost(decisionTree('gini',21,15,0.30821162151265635,8,'balanced'),76,0.7270645522714722,'SAMME')	0.9124264705882353	4.040811538696289
adaBoost(decisionTree('gini',29,12,0.362974288108309,11,'None'),46,0.4120210242378378,'SAMME')	0.9153431372549019	3.369719982147217
maxAbsScaler();varianceThreshold();robustScaler(False,True);minMaxScaler();adaBoost(decisionTree('entropy',27,9,0.9496086714106695,10,'None'),76,0.7270645522714722,'SAMME')	0.9245588235294118	5.186037063598633
adaBoost(decisionTree('gini',2,15,0.2638351553827477,4,'balanced'),80,0.8397426861250264,'SAMME')	0.8976960784313726	4.241066932678223
adaBoost(decisionTree('gini',21,12,0.362974288108309,11,'None'),46,1.0895958998428918,'SAMME')	0.9296568627450981	cached
adaBoost(decisionTree('gini',26,8,0.8183329433253732,1,'balanced'),76,0.46107427319578104,'SAMME')	0.9175245098039214	3.5983595848083496
adaBoost(decisionTree('gini',21,12,0.362974288108309,11,'balanced'),76,0.7270645522714722,'SAMME')	0.9245588235294118	4.747602701187134
adaBoost(decisionTree('entropy',3,12,0.362974288108309,11,'None'),74,1.0895958998428918,'SAMME')	0.9057598039215685	4.616604804992676
adaBoost(decisionTree('gini',26,10,0.8183329433253732,8,'balanced'),46,1.0895958998428918,'SAMME')	0.917892156862745	4.2506468296051025
adaBoost(decisionTree('gini',21,12,0.362974288108309,11,'None'),46,1.0895958998428918,'SAMME')	0.9296568627450981	3.0729570388793945
adaBoost(decisionTree('entropy',27,10,0.9496086714106695,10,'None'),46,1.0895958998428918,'SAMME')	0.9183088235294118	cached
maxAbsScaler();varianceThreshold();robustScaler(False,True);minMaxScaler();adaBoost(decisionTree('gini',26,9,0.8183329433253732,8,'balanced'),76,0.7270645522714722,'SAMME')	0.9183088235294118	cached
adaBoost(decisionTree('gini',21,12,0.362974288108309,11,'None'),46,1.0895958998428918,'SAMME')	0.9296568627450981	cached
adaBoost(decisionTree('gini',29,12,0.362974288108309,11,'None'),46,1.0895958998428918,'SAMME')	0.9296568627450981	cached
adaBoost(decisionTree('gini',21,12,0.362974288108309,11,'None'),46,1.0895958998428918,'SAMME')	0.9296568627450981	cached
adaBoost(decisionTree('gini',21,12,0.362974288108309,11,'None'),46,1.0895958998428918,'SAMME')	0.9296568627450981	cached
adaBoost(decisionTree('gini',21,12,0.362974288108309,11,'None'),46,1.0895958998428918,'SAMME')	0.9296568627450981	cached
pca(0.8045683678137022,True);nystroem('sigmoid',1.3605928228649846,42,5,-0.5347096102971642);nystroem('cosine',6.111600155899591,54,2,-0.10893923744242762);minMaxScaler();maxAbsScaler();adaBoost(decisionTree('gini',30,19,0.5165400217657544,16,'balanced'),98,0.5330373406804227,'SAMME')	invalid_ind (duplicated operator)	invalid_ind (duplicated operator)
robustScaler(False,False);adaBoost(decisionTree('gini',27,7,0.08578039479170907,8,'balanced'),32,0.7270645522714722,'SAMME')	0.9175245098039214	cached
adaBoost(decisionTree('gini',26,10,0.8183329433253732,8,'balanced'),46,1.0895958998428918,'SAMME')	0.917892156862745	cached
adaBoost(decisionTree('gini',21,8,0.21806000387213476,1,'balanced'),76,0.7270645522714722,'SAMME')	0.9090931372549018	2.928245782852173
adaBoost(decisionTree('entropy',13,5,0.9816544649734507,5,'None'),43,0.46107427319578104,'SAMME')	0.9183088235294118	3.057502508163452
maxAbsScaler();varianceThreshold();robustScaler(False,True);minMaxScaler();adaBoost(decisionTree('gini',26,9,0.8183329433253732,8,'balanced'),76,0.7270645522714722,'SAMME')	0.9183088235294118	cached
adaBoost(decisionTree('gini',21,10,0.362974288108309,10,'None'),76,0.7270645522714722,'SAMME')	0.9241911764705882	3.9059667587280273
adaBoost(decisionTree('gini',26,12,0.8183329433253732,8,'balanced'),76,0.7270645522714722,'SAMME')	0.9183088235294118	3.7985119819641113
adaBoost(decisionTree('entropy',27,12,0.9496086714106695,11,'None'),46,1.0895958998428918,'SAMME')	0.9002450980392156	4.189165115356445
adaBoost(decisionTree('gini',29,12,0.362974288108309,11,'None'),46,0.7270645522714722,'SAMME')	0.9120098039215685	2.842855930328369
adaBoost(decisionTree('gini',21,10,0.362974288108309,10,'None'),46,1.0895958998428918,'SAMME')	0.9012254901960783	2.539203643798828
maxAbsScaler();varianceThreshold();robustScaler(False,True);minMaxScaler();adaBoost(decisionTree('entropy',3,9,0.362974288108309,11,'balanced'),43,0.46107427319578104,'SAMME')	0.9259558823529412	3.5420613288879395
maxAbsScaler();varianceThreshold();robustScaler(False,True);minMaxScaler();adaBoost(decisionTree('gini',26,9,0.8183329433253732,8,'None'),65,1.2016849969418755,'SAMME')	0.9087254901960783	4.6594932079315186
adaBoost(decisionTree('gini',21,12,0.362974288108309,11,'None'),74,0.4120210242378378,'SAMME')	0.9065441176470589	cached
adaBoost(decisionTree('entropy',27,12,0.9496086714106695,11,'None'),76,0.7270645522714722,'SAMME')	0.8973284313725489	5.031498908996582
adaBoost(decisionTree('gini',29,12,0.362974288108309,11,'None'),76,0.46107427319578104,'SAMME')	0.9183088235294118	4.062751293182373
adaBoost(decisionTree('gini',29,12,0.362974288108309,11,'None'),46,1.0895958998428918,'SAMME')	0.9296568627450981	3.274500846862793
maxAbsScaler();varianceThreshold();robustScaler(False,True);minMaxScaler();adaBoost(decisionTree('gini',26,9,0.8183329433253732,8,'balanced'),76,1.0895958998428918,'SAMME')	0.9002450980392156	5.788456678390503
adaBoost(decisionTree('entropy',6,13,0.7260669944098146,18,'balanced'),55,1.7471213163897963,'SAMME')	0.8747794117647059	4.128638982772827
adaBoost(decisionTree('gini',26,10,0.8183329433253732,8,'None'),76,0.7270645522714722,'SAMME')	0.9006617647058823	5.005716562271118
adaBoost(decisionTree('gini',21,12,0.41574167720993793,11,'None'),46,0.2594231978951003,'SAMME')	0.8884803921568627	4.135391712188721
pca(0.8045683678137022,True);nystroem('sigmoid',1.3605928228649846,42,5,-0.5347096102971642);nystroem('cosine',6.111600155899591,54,2,-0.10893923744242762);minMaxScaler();maxAbsScaler();adaBoost(decisionTree('gini',23,7,0.578141413517337,2,'balanced'),24,1.417657517088729,'SAMME')	invalid_ind (duplicated operator)	invalid_ind (duplicated operator)
adaBoost(decisionTree('gini',26,8,0.8183329433253732,1,'balanced'),46,1.0895958998428918,'SAMME')	0.8755637254901961	5.172933101654053
adaBoost(decisionTree('gini',21,12,0.362974288108309,11,'None'),46,1.0895958998428918,'SAMME')	0.9296568627450981	cached
adaBoost(decisionTree('gini',21,12,0.362974288108309,11,'None'),46,1.0895958998428918,'SAMME')	0.9296568627450981	cached
adaBoost(decisionTree('gini',21,12,0.362974288108309,11,'None'),46,1.0895958998428918,'SAMME')	0.9296568627450981	cached
adaBoost(decisionTree('gini',21,12,0.362974288108309,11,'None'),46,1.0895958998428918,'SAMME')	0.9296568627450981	cached
adaBoost(decisionTree('gini',27,3,0.2849086858845772,2,'None'),46,1.0895958998428918,'SAMME')	0.9057598039215685	4.616225242614746
adaBoost(decisionTree('gini',3,10,0.08216629008934384,11,'balanced'),53,1.0468595577965505,'SAMME')	0.8906617647058823	4.650985956192017
maxAbsScaler();varianceThreshold();robustScaler(False,True);minMaxScaler();adaBoost(decisionTree('gini',26,9,0.8183329433253732,8,'balanced'),76,0.7270645522714722,'SAMME')	0.9183088235294118	cached
adaBoost(decisionTree('gini',1,6,0.04231931920427623,12,'balanced'),49,1.988110737373746,'SAMME')	0.7774019607843138	3.1840007305145264
maxAbsScaler();varianceThreshold();robustScaler(True,True);minMaxScaler();adaBoost(decisionTree('entropy',27,17,0.9496086714106695,10,'balanced'),46,1.0895958998428918,'SAMME')	0.9049754901960784	4.655944347381592
adaBoost(decisionTree('gini',18,8,0.9906072189147568,4,'None'),74,1.1185418814906034,'SAMME')	0.9124264705882353	3.8552160263061523
adaBoost(decisionTree('entropy',27,10,0.9496086714106695,10,'None'),46,1.0895958998428918,'SAMME')	0.9183088235294118	cached
maxAbsScaler();varianceThreshold();robustScaler(False,True);minMaxScaler();adaBoost(decisionTree('entropy',3,9,0.362974288108309,11,'balanced'),43,0.46107427319578104,'SAMME')	0.9259558823529412	cached
adaBoost(decisionTree('entropy',13,5,0.9816544649734507,5,'None'),43,0.46107427319578104,'SAMME')	0.9183088235294118	cached
adaBoost(decisionTree('entropy',3,12,0.362974288108309,11,'balanced'),43,0.46107427319578104,'SAMME')	0.9259558823529412	cached
adaBoost(decisionTree('gini',26,12,0.8183329433253732,8,'balanced'),76,0.7270645522714722,'SAMME')	0.9183088235294118	cached
adaBoost(decisionTree('gini',29,12,0.362974288108309,11,'None'),46,0.7270645522714722,'SAMME')	0.9120098039215685	cached
adaBoost(decisionTree('entropy',30,13,0.015389344858416365,8,'balanced'),46,1.0895958998428918,'SAMME')	0.9120098039215685	2.7025132179260254
adaBoost(decisionTree('gini',29,12,0.362974288108309,11,'None'),46,1.0895958998428918,'SAMME')	0.9296568627450981	cached
maxAbsScaler();varianceThreshold();robustScaler(True,True);minMaxScaler();adaBoost(decisionTree('entropy',27,17,0.9496086714106695,10,'balanced'),46,1.0895958998428918,'SAMME')	0.9049754901960784	cached
maxAbsScaler();varianceThreshold();robustScaler(False,True);minMaxScaler();adaBoost(decisionTree('entropy',3,9,0.362974288108309,11,'balanced'),43,0.46107427319578104,'SAMME')	0.9259558823529412	cached
adaBoost(decisionTree('gini',21,12,0.362974288108309,11,'None'),46,1.0895958998428918,'SAMME')	0.9296568627450981	cached
adaBoost(decisionTree('gini',18,8,0.9906072189147568,4,'None'),74,1.1185418814906034,'SAMME')	0.9124264705882353	cached
adaBoost(decisionTree('gini',21,10,0.362974288108309,10,'None'),46,1.0895958998428918,'SAMME')	0.9012254901960783	3.148578643798828
adaBoost(decisionTree('gini',10,16,0.8711849094369085,1,'balanced'),46,1.0895958998428918,'SAMME')	0.9020588235294117	3.364931583404541
adaBoost(decisionTree('gini',21,12,0.362974288108309,11,'None'),46,1.0895958998428918,'SAMME')	0.9296568627450981	cached
maxAbsScaler();varianceThreshold();robustScaler(False,True);minMaxScaler();adaBoost(decisionTree('entropy',3,9,0.362974288108309,11,'balanced'),43,0.46107427319578104,'SAMME')	0.9259558823529412	cached
adaBoost(decisionTree('gini',21,12,0.362974288108309,11,'None'),74,0.4120210242378378,'SAMME')	0.9065441176470589	cached
adaBoost(decisionTree('gini',21,8,0.21806000387213476,1,'None'),65,1.2016849969418755,'SAMME')	0.9296568627450978	cached
adaBoost(decisionTree('gini',21,12,0.362974288108309,11,'None'),46,1.0895958998428918,'SAMME')	0.9296568627450981	3.674307346343994
maxAbsScaler();varianceThreshold();robustScaler(False,True);minMaxScaler();adaBoost(decisionTree('gini',26,9,0.8183329433253732,8,'None'),65,1.2016849969418755,'SAMME')	0.9087254901960783	4.509975433349609
adaBoost(decisionTree('gini',29,12,0.362974288108309,11,'None'),76,1.0895958998428918,'SAMME')	0.9120098039215685	4.1609885692596436
adaBoost(decisionTree('gini',13,2,0.16198281942648596,7,'None'),56,0.5711913089805336,'SAMME')	0.8973284313725489	3.6729326248168945
adaBoost(decisionTree('gini',21,12,0.362974288108309,11,'None'),74,0.4120210242378378,'SAMME')	0.9065441176470589	4.401304244995117
adaBoost(decisionTree('gini',29,12,0.362974288108309,11,'None'),46,1.0895958998428918,'SAMME')	0.9296568627450981	cached
adaBoost(decisionTree('gini',18,8,0.9906072189147568,4,'None'),74,1.1185418814906034,'SAMME')	0.9124264705882353	cached
adaBoost(decisionTree('gini',21,12,0.362974288108309,11,'None'),76,0.7270645522714722,'SAMME')	0.9175245098039214	4.957271337509155
adaBoost(decisionTree('gini',21,8,0.21806000387213476,1,'balanced'),76,0.7270645522714722,'SAMME')	0.9090931372549018	4.5702385902404785
adaBoost(decisionTree('gini',21,12,0.362974288108309,11,'None'),46,0.46107427319578104,'SAMME')	0.9065441176470589	4.28791880607605
varianceThreshold();maxAbsScaler();selectPercentile(50.172720174072964);minMaxScaler();adaBoost(decisionTree('gini',26,9,0.8183329433253732,8,'None'),46,1.0895958998428918,'SAMME')	0.8965441176470588	4.046776533126831
adaBoost(decisionTree('gini',29,12,0.362974288108309,11,'None'),43,0.46107427319578104,'SAMME')	0.9124264705882353	3.91119122505188
adaBoost(decisionTree('gini',21,8,0.21806000387213476,1,'balanced'),46,1.0895958998428918,'SAMME')	0.9149754901960783	4.048437595367432
maxAbsScaler();varianceThreshold();robustScaler(False,True);minMaxScaler();adaBoost(decisionTree('entropy',3,9,0.362974288108309,11,'balanced'),76,0.7270645522714722,'SAMME')	0.9006617647058823	5.387024402618408
adaBoost(decisionTree('gini',3,10,0.08216629008934384,11,'balanced'),76,0.7270645522714722,'SAMME')	0.9149754901960785	4.636679649353027
adaBoost(decisionTree('entropy',3,12,0.362974288108309,11,'balanced'),46,1.0895958998428918,'SAMME')	0.9002450980392156	4.054274559020996
adaBoost(decisionTree('gini',29,12,0.362974288108309,11,'balanced'),76,0.7270645522714722,'SAMME')	0.9245588235294118	5.247708559036255
adaBoost(decisionTree('gini',21,12,0.362974288108309,11,'None'),76,0.7270645522714722,'SAMME')	0.9175245098039214	4.6642608642578125
adaBoost(decisionTree('entropy',27,12,0.9496086714106695,11,'None'),43,0.46107427319578104,'SAMME')	0.8965441176470588	4.410666465759277
adaBoost(decisionTree('gini',21,10,0.362974288108309,10,'None'),53,1.0468595577965505,'SAMME')	0.9090931372549018	3.446617603302002
adaBoost(decisionTree('gini',21,12,0.362974288108309,11,'None'),76,0.46107427319578104,'SAMME')	0.9183088235294118	3.7331151962280273
adaBoost(decisionTree('gini',29,12,0.362974288108309,11,'balanced'),76,0.9805785125293897,'SAMME')	0.8932107843137255	2.684077739715576
maxAbsScaler();varianceThreshold();robustScaler(False,True);minMaxScaler();adaBoost(decisionTree('entropy',3,9,0.362974288108309,11,'balanced'),43,0.46107427319578104,'SAMME')	0.9259558823529412	cached
adaBoost(decisionTree('gini',18,8,0.9906072189147568,4,'None'),74,1.1185418814906034,'SAMME')	0.9124264705882353	cached
adaBoost(decisionTree('gini',21,12,0.362974288108309,11,'None'),46,1.0895958998428918,'SAMME')	0.9296568627450981	cached
adaBoost(decisionTree('entropy',27,6,0.8747450061159243,14,'balanced'),46,1.0895958998428918,'SAMME')	0.906127450980392	2.9082701206207275
adaBoost(decisionTree('gini',21,12,0.9179227088503843,11,'None'),76,0.46107427319578104,'SAMME')	0.9124264705882353	3.2556967735290527
adaBoost(decisionTree('gini',21,12,0.362974288108309,11,'None'),76,0.46107427319578104,'SAMME')	0.9183088235294118	cached
adaBoost(decisionTree('gini',21,10,0.362974288108309,10,'None'),53,1.0895958998428918,'SAMME')	0.8894607843137254	3.58854341506958
adaBoost(decisionTree('entropy',7,3,0.5597085447289651,15,'balanced'),76,0.7270645522714722,'SAMME')	0.903578431372549	3.5194735527038574
maxAbsScaler();varianceThreshold();robustScaler(True,True);minMaxScaler();adaBoost(decisionTree('entropy',27,17,0.9496086714106695,10,'balanced'),46,1.0895958998428918,'SAMME')	0.9049754901960784	cached
adaBoost(decisionTree('gini',29,12,0.362974288108309,11,'None'),46,1.0895958998428918,'SAMME')	0.9296568627450981	cached
adaBoost(decisionTree('gini',21,8,0.21806000387213476,1,'balanced'),46,1.0895958998428918,'SAMME')	0.9149754901960783	cached
maxAbsScaler();varianceThreshold();robustScaler(False,True);minMaxScaler();adaBoost(decisionTree('gini',26,9,0.8183329433253732,8,'None'),65,1.0895958998428918,'SAMME')	0.9124264705882353	4.4954822063446045
adaBoost(decisionTree('entropy',3,6,0.04853458456955051,3,'None'),48,1.2215170872895142,'SAMME')	0.8914460784313725	3.1274771690368652
maxAbsScaler();varianceThreshold();robustScaler(False,True);minMaxScaler();adaBoost(decisionTree('entropy',3,9,0.362974288108309,11,'balanced'),43,1.0895958998428918,'SAMME')	0.9120098039215685	2.8867743015289307
adaBoost(decisionTree('gini',21,12,0.362974288108309,11,'None'),46,0.8837389674669315,'SAMME')	0.893578431372549	3.308696985244751
adaBoost(decisionTree('gini',21,12,0.362974288108309,11,'None'),76,0.7270645522714722,'SAMME')	0.9175245098039214	3.6108691692352295
adaBoost(decisionTree('entropy',27,10,0.9496086714106695,10,'None'),46,1.2016849969418755,'SAMME')	0.8847794117647059	3.7042698860168457
adaBoost(decisionTree('gini',21,12,0.362974288108309,11,'None'),46,0.46107427319578104,'SAMME')	0.9065441176470589	3.057324171066284
adaBoost(decisionTree('gini',21,12,0.362974288108309,11,'None'),46,1.0895958998428918,'SAMME')	0.9296568627450981	3.115335702896118
maxAbsScaler();varianceThreshold();robustScaler(False,False);minMaxScaler();adaBoost(decisionTree('gini',26,9,0.8183329433253732,8,'None'),65,1.2016849969418755,'SAMME')	0.9087254901960783	4.330341339111328
adaBoost(decisionTree('gini',21,12,0.362974288108309,11,'None'),46,0.46107427319578104,'SAMME')	0.9065441176470589	3.9388797283172607
maxAbsScaler();varianceThreshold();robustScaler(False,True);minMaxScaler();adaBoost(decisionTree('gini',29,9,0.8183329433253732,8,'None'),66,1.0895958998428918,'SAMME')	0.9124264705882353	5.796592950820923
maxAbsScaler();fastICA(13,'parallel','unit-variance','logcosh');robustScaler(False,True);minMaxScaler();adaBoost(decisionTree('entropy',3,9,0.362974288108309,11,'balanced'),43,0.46107427319578104,'SAMME')	0.8367647058823531	4.234884023666382
adaBoost(decisionTree('entropy',3,12,0.362974288108309,11,'balanced'),43,0.46107427319578104,'SAMME')	0.9259558823529412	cached
adaBoost(decisionTree('entropy',3,12,0.362974288108309,11,'balanced'),43,1.1185418814906034,'SAMME')	0.9208578431372549	4.7105958461761475
adaBoost(decisionTree('gini',29,12,0.362974288108309,11,'None'),43,1.0895958998428918,'SAMME')	0.9204411764705881	3.7204203605651855
adaBoost(decisionTree('gini',21,12,0.362974288108309,11,'None'),46,1.0895958998428918,'SAMME')	0.9296568627450981	cached
adaBoost(decisionTree('gini',21,12,0.362974288108309,11,'None'),46,1.0895958998428918,'SAMME')	0.9296568627450981	4.256029367446899
adaBoost(decisionTree('gini',21,12,0.362974288108309,11,'None'),46,0.6599521696611835,'SAMME')	0.9271078431372549	3.913224935531616
adaBoost(decisionTree('gini',26,12,0.362974288108309,11,'None'),65,1.2016849969418755,'SAMME')	0.9086764705882352	4.724065065383911
adaBoost(decisionTree('gini',21,8,0.21806000387213476,1,'balanced'),76,0.7270645522714722,'SAMME')	0.9090931372549018	cached
adaBoost(decisionTree('gini',29,12,0.362974288108309,11,'None'),46,0.7270645522714722,'SAMME')	0.9120098039215685	4.078479528427124
maxAbsScaler();varianceThreshold();robustScaler(False,True);minMaxScaler();adaBoost(decisionTree('entropy',3,9,0.362974288108309,11,'balanced'),43,0.46107427319578104,'SAMME')	0.9259558823529412	cached
maxAbsScaler();varianceThreshold();robustScaler(False,True);minMaxScaler();adaBoost(decisionTree('entropy',3,9,0.362974288108309,11,'balanced'),43,0.46107427319578104,'SAMME')	0.9259558823529412	cached
adaBoost(decisionTree('entropy',3,12,0.362974288108309,11,'balanced'),43,0.46107427319578104,'SAMME')	0.9259558823529412	4.786624431610107
adaBoost(decisionTree('gini',18,8,0.9906072189147568,4,'None'),74,0.46107427319578104,'SAMME')	0.8998774509803921	5.780482053756714
adaBoost(decisionTree('gini',5,19,0.6476764166951049,18,'balanced'),20,0.33658393987572044,'SAMME')	0.887328431372549	2.8895552158355713
maxAbsScaler();varianceThreshold();robustScaler(False,True);minMaxScaler();adaBoost(decisionTree('gini',21,9,0.362974288108309,11,'None'),46,1.0895958998428918,'SAMME')	0.9296568627450981	3.201836347579956
adaBoost(decisionTree('entropy',13,5,0.9816544649734507,5,'None'),46,1.0895958998428918,'SAMME')	0.8998774509803923	4.225631952285767
adaBoost(decisionTree('gini',21,12,0.362974288108309,11,'None'),43,0.46107427319578104,'SAMME')	0.9124264705882353	2.5193350315093994
adaBoost(decisionTree('gini',21,12,0.362974288108309,11,'None'),46,1.0895958998428918,'SAMME')	0.9296568627450981	cached
adaBoost(decisionTree('gini',29,12,0.362974288108309,11,'None'),43,1.0895958998428918,'SAMME')	0.9204411764705881	cached
adaBoost(decisionTree('gini',21,12,0.362974288108309,11,'None'),43,1.0895958998428918,'SAMME')	0.9204411764705881	2.759310245513916
adaBoost(decisionTree('entropy',29,12,0.362974288108309,11,'None'),43,1.0895958998428918,'SAMME')	0.9263235294117648	3.1331844329833984
maxAbsScaler();varianceThreshold();robustScaler(False,True);minMaxScaler();adaBoost(decisionTree('gini',21,9,0.362974288108309,11,'None'),76,0.46107427319578104,'SAMME')	0.9183088235294118	3.8524084091186523
maxAbsScaler();varianceThreshold();robustScaler(False,False);minMaxScaler();adaBoost(decisionTree('gini',21,9,0.8183329433253732,8,'None'),67,1.6432688840437482,'SAMME')	0.9090931372549018	4.612627029418945
adaBoost(decisionTree('gini',19,14,0.5804068395168488,1,'None'),94,0.7270645522714722,'SAMME')	0.9149754901960783	5.31981897354126
adaBoost(decisionTree('gini',21,8,0.21806000387213476,1,'balanced'),76,0.7270645522714722,'SAMME')	0.9090931372549018	cached
adaBoost(decisionTree('gini',29,12,0.362974288108309,11,'None'),46,1.0895958998428918,'SAMME')	0.9296568627450981	3.787168502807617
adaBoost(decisionTree('entropy',3,12,0.362974288108309,11,'balanced'),43,1.1185418814906034,'SAMME')	0.9208578431372549	3.9393458366394043
maxAbsScaler();varianceThreshold();robustScaler(False,False);minMaxScaler();adaBoost(decisionTree('gini',26,9,0.8183329433253732,8,'None'),65,1.2016849969418755,'SAMME')	0.9087254901960783	cached
adaBoost(decisionTree('gini',21,12,0.362974288108309,11,'None'),46,1.0895958998428918,'SAMME')	0.9296568627450981	cached
adaBoost(decisionTree('entropy',3,12,0.362974288108309,11,'balanced'),43,0.46107427319578104,'SAMME')	0.9259558823529412	4.325990915298462
adaBoost(decisionTree('gini',29,12,0.362974288108309,11,'None'),66,1.0895958998428918,'SAMME')	0.9237745098039214	4.431071758270264
adaBoost(decisionTree('gini',21,12,0.362974288108309,11,'None'),46,1.0895958998428918,'SAMME')	0.9296568627450981	cached
maxAbsScaler();varianceThreshold();robustScaler(False,True);minMaxScaler();adaBoost(decisionTree('gini',29,9,0.8183329433253732,8,'None'),66,1.0895958998428918,'SAMME')	0.9124264705882353	cached
adaBoost(decisionTree('gini',21,12,0.9179227088503843,11,'None'),43,0.46107427319578104,'SAMME')	0.8998774509803921	4.275768756866455
adaBoost(decisionTree('entropy',3,12,0.362974288108309,11,'balanced'),43,0.46107427319578104,'SAMME')	0.9259558823529412	3.9421606063842773
adaBoost(decisionTree('gini',18,8,0.9906072189147568,4,'None'),46,1.0895958998428918,'SAMME')	0.911642156862745	4.564648866653442
adaBoost(decisionTree('gini',29,12,0.8183329433253732,8,'None'),66,1.0895958998428918,'SAMME')	0.9124264705882353	4.560787916183472
adaBoost(decisionTree('gini',21,12,0.362974288108309,11,'None'),43,0.46107427319578104,'SAMME')	0.9124264705882353	3.942417860031128
adaBoost(decisionTree('gini',21,12,0.362974288108309,11,'None'),43,1.1185418814906034,'SAMME')	0.9020098039215686	3.556906223297119
adaBoost(decisionTree('gini',21,12,0.362974288108309,11,'None'),46,1.0895958998428918,'SAMME')	0.9296568627450981	cached
adaBoost(decisionTree('entropy',19,16,0.3788875274620882,10,'balanced'),52,0.4106898800477454,'SAMME')	0.9183088235294118	4.610321044921875
adaBoost(decisionTree('gini',21,12,0.362974288108309,11,'None'),74,1.1185418814906034,'SAMME')	0.906127450980392	4.738705396652222
maxAbsScaler();varianceThreshold();robustScaler(False,True);minMaxScaler();adaBoost(decisionTree('gini',21,9,0.362974288108309,11,'None'),46,1.0895958998428918,'SAMME')	0.9296568627450981	3.795356512069702
adaBoost(decisionTree('gini',21,12,0.362974288108309,11,'None'),46,1.0895958998428918,'SAMME')	0.9296568627450981	4.209440231323242
varianceThreshold();selectPercentile(45.464661576094365);varianceThreshold();minMaxScaler();gaussianNB(0.0034567621144826637)	invalid_ind (duplicated operator)	invalid_ind (duplicated operator)
maxAbsScaler();varianceThreshold();robustScaler(False,True);minMaxScaler();adaBoost(decisionTree('gini',11,14,0.362974288108309,11,'None'),46,1.0895958998428918,'SAMME')	0.9296568627450981	4.320535659790039
adaBoost(decisionTree('gini',29,12,0.362974288108309,11,'None'),43,1.0895958998428918,'SAMME')	0.9204411764705881	cached
adaBoost(decisionTree('gini',29,12,0.362974288108309,11,'None'),46,0.7270645522714722,'SAMME')	0.9120098039215685	cached
adaBoost(decisionTree('gini',29,3,0.5597085447289651,15,'None'),46,1.0895958998428918,'SAMME')	0.9002450980392156	4.476271152496338
varianceThreshold();varianceThreshold();adaBoost(decisionTree('gini',28,20,0.44801241364803834,9,'balanced'),27,0.9721014801365883,'SAMME')	invalid_ind (duplicated operator)	invalid_ind (duplicated operator)
maxAbsScaler();varianceThreshold();robustScaler(False,True);minMaxScaler();adaBoost(decisionTree('gini',21,9,0.362974288108309,11,'None'),46,1.0895958998428918,'SAMME')	0.9296568627450981	3.7911787033081055
adaBoost(decisionTree('gini',21,8,0.362974288108309,4,'None'),76,0.46107427319578104,'SAMME')	0.9032107843137254	4.638770818710327
adaBoost(decisionTree('gini',18,8,0.9906072189147568,4,'balanced'),46,1.0895958998428918,'SAMME')	0.9032107843137254	4.378045082092285
adaBoost(decisionTree('gini',21,12,0.362974288108309,11,'None'),43,0.6599521696611835,'SAMME')	0.9178921568627452	3.6304478645324707
adaBoost(decisionTree('entropy',3,12,0.362974288108309,11,'balanced'),43,0.46107427319578104,'SAMME')	0.9259558823529412	3.1749844551086426
adaBoost(decisionTree('gini',21,12,0.362974288108309,11,'None'),46,0.46107427319578104,'SAMME')	0.9065441176470589	2.629889488220215
adaBoost(decisionTree('gini',18,12,0.9906072189147568,11,'None'),74,1.1185418814906034,'SAMME')	0.9120098039215687	3.7577855587005615
adaBoost(decisionTree('gini',21,12,0.362974288108309,11,'None'),46,1.0895958998428918,'SAMME')	0.9296568627450981	cached
adaBoost(decisionTree('gini',21,12,0.362974288108309,11,'None'),46,1.0895958998428918,'SAMME')	0.9296568627450981	cached
adaBoost(decisionTree('gini',29,12,0.362974288108309,11,'None'),66,1.0895958998428918,'SAMME')	0.9237745098039214	cached
adaBoost(decisionTree('gini',21,12,0.362974288108309,11,'None'),46,1.0895958998428918,'SAMME')	0.9296568627450981	2.777106761932373
adaBoost(decisionTree('gini',15,15,0.7825856181416412,12,'None'),43,1.0895958998428918,'SAMME')	0.9171078431372548	2.830953359603882
maxAbsScaler();varianceThreshold();robustScaler(False,True);minMaxScaler();adaBoost(decisionTree('gini',21,9,0.362974288108309,11,'None'),46,1.0895958998428918,'SAMME')	0.9296568627450981	cached
maxAbsScaler();varianceThreshold();robustScaler(False,False);minMaxScaler();adaBoost(decisionTree('gini',21,9,0.8183329433253732,8,'None'),43,1.0895958998428918,'SAMME')	0.9065441176470588	3.2266931533813477
adaBoost(decisionTree('gini',21,12,0.362974288108309,11,'None'),46,1.0895958998428918,'SAMME')	0.9296568627450981	3.7318150997161865
maxAbsScaler();varianceThreshold();robustScaler(False,True);selectFwe(0.024684765205931773);adaBoost(decisionTree('gini',21,9,0.362974288108309,11,'None'),76,0.46107427319578104,'SAMME')	0.8969117647058823	4.278747320175171
adaBoost(decisionTree('gini',21,12,0.362974288108309,11,'None'),46,1.0895958998428918,'SAMME')	0.9296568627450981	cached
varianceThreshold();varianceThreshold();varianceThreshold();robustScaler(False,True);minMaxScaler();adaBoost(decisionTree('gini',11,14,0.362974288108309,11,'None'),46,1.0895958998428918,'SAMME')	invalid_ind (duplicated operator)	invalid_ind (duplicated operator)
adaBoost(decisionTree('gini',21,12,0.362974288108309,11,'None'),46,1.0895958998428918,'SAMME')	0.9296568627450981	cached
maxAbsScaler();varianceThreshold();robustScaler(False,True);minMaxScaler();adaBoost(decisionTree('gini',21,9,0.362974288108309,11,'None'),46,1.0895958998428918,'SAMME')	0.9296568627450981	cached
maxAbsScaler();varianceThreshold();robustScaler(False,True);minMaxScaler();adaBoost(decisionTree('gini',21,9,0.362974288108309,11,'None'),46,1.0895958998428918,'SAMME')	0.9296568627450981	cached
adaBoost(decisionTree('gini',21,12,0.362974288108309,11,'None'),46,1.0895958998428918,'SAMME')	0.9296568627450981	cached
adaBoost(decisionTree('gini',21,12,0.362974288108309,11,'None'),46,1.0895958998428918,'SAMME')	0.9296568627450981	cached
adaBoost(decisionTree('entropy',29,12,0.362974288108309,11,'None'),43,1.0895958998428918,'SAMME')	0.9263235294117648	cached
adaBoost(decisionTree('gini',19,14,0.5804068395168488,1,'None'),94,0.7270645522714722,'SAMME')	0.9149754901960783	cached
adaBoost(decisionTree('gini',29,12,0.362974288108309,11,'None'),46,1.0895958998428918,'SAMME')	0.9296568627450981	cached
adaBoost(decisionTree('gini',10,13,0.9154192785140203,7,'balanced'),32,0.5849979146794567,'SAMME')	0.8998774509803921	3.5914034843444824
maxAbsScaler();varianceThreshold();robustScaler(False,True);minMaxScaler();adaBoost(decisionTree('gini',21,9,0.362974288108309,11,'None'),43,0.46107427319578104,'SAMME')	0.9124264705882353	3.8935091495513916
adaBoost(decisionTree('entropy',29,12,0.362974288108309,11,'None'),67,1.6432688840437482,'SAMME')	0.8763480392156863	3.8503072261810303
adaBoost(decisionTree('gini',21,12,0.362974288108309,11,'None'),46,1.0895958998428918,'SAMME')	0.9296568627450981	cached
adaBoost(decisionTree('entropy',3,12,0.362974288108309,11,'balanced'),43,1.1185418814906034,'SAMME')	0.9208578431372549	3.953425168991089
maxAbsScaler();varianceThreshold();robustScaler(False,True);minMaxScaler();adaBoost(decisionTree('gini',21,9,0.362974288108309,11,'None'),76,0.46107427319578104,'SAMME')	0.9183088235294118	cached
adaBoost(decisionTree('gini',3,12,0.362974288108309,11,'None'),46,1.0895958998428918,'SAMME')	0.8784803921568628	3.8749446868896484
adaBoost(decisionTree('entropy',9,2,0.2222547555722798,8,'None'),35,1.4065068980193376,'SAMME')	0.911642156862745	3.9760568141937256
maxAbsScaler();varianceThreshold();robustScaler(False,True);minMaxScaler();adaBoost(decisionTree('gini',21,9,0.362974288108309,11,'None'),46,1.0895958998428918,'SAMME')	0.9296568627450981	cached
maxAbsScaler();varianceThreshold();robustScaler(False,True);minMaxScaler();adaBoost(decisionTree('gini',29,9,0.8183329433253732,8,'None'),66,1.0895958998428918,'SAMME')	0.9124264705882353	cached
adaBoost(decisionTree('gini',29,12,0.8183329433253732,8,'None'),46,1.0895958998428918,'SAMME')	0.9124264705882353	4.142817974090576
adaBoost(decisionTree('entropy',1,17,0.8910125306870207,7,'balanced'),43,1.0895958998428918,'SAMME')	0.881029411764706	3.3503706455230713
adaBoost(decisionTree('gini',18,17,0.35054597154918987,16,'None'),74,1.1185418814906034,'SAMME')	0.9178921568627452	4.7980875968933105
maxAbsScaler();varianceThreshold();robustScaler(False,True);minMaxScaler();adaBoost(decisionTree('entropy',21,9,0.362974288108309,11,'balanced'),43,0.46107427319578104,'SAMME')	0.9049754901960784	3.960205554962158
adaBoost(decisionTree('entropy',30,14,0.8055567801237146,15,'None'),44,1.4456930890682016,'SAMME')	0.8851470588235294	3.9480881690979004
adaBoost(decisionTree('gini',21,12,0.362974288108309,11,'None'),43,0.6599521696611835,'SAMME')	0.9178921568627452	3.278923273086548
adaBoost(decisionTree('gini',21,12,0.362974288108309,11,'None'),66,1.0895958998428918,'SAMME')	0.9237745098039214	3.6808059215545654
maxAbsScaler();varianceThreshold();robustScaler(False,True);minMaxScaler();adaBoost(decisionTree('gini',29,9,0.362974288108309,11,'None'),43,1.0895958998428918,'SAMME')	0.9204411764705881	3.2833847999572754
adaBoost(decisionTree('gini',21,12,0.362974288108309,11,'None'),46,1.0895958998428918,'SAMME')	0.9296568627450981	3.0623185634613037
adaBoost(decisionTree('gini',21,12,0.362974288108309,3,'None'),43,0.15901659788454253,'SAMME')	0.9124264705882352	3.022791862487793
adaBoost(decisionTree('gini',21,12,0.362974288108309,11,'None'),46,1.0895958998428918,'SAMME')	0.9296568627450981	2.8226892948150635
adaBoost(decisionTree('gini',21,12,0.362974288108309,11,'None'),46,1.0895958998428918,'SAMME')	0.9296568627450981	cached
adaBoost(decisionTree('gini',21,12,0.362974288108309,11,'None'),46,1.0895958998428918,'SAMME')	0.9296568627450981	cached
adaBoost(decisionTree('gini',29,12,0.362974288108309,11,'None'),46,1.0895958998428918,'SAMME')	0.9296568627450981	cached
adaBoost(decisionTree('gini',21,12,0.362974288108309,11,'None'),46,1.0895958998428918,'SAMME')	0.9296568627450981	cached
adaBoost(decisionTree('entropy',21,12,0.362974288108309,11,'None'),43,1.0895958998428918,'SAMME')	0.9263235294117648	3.312833547592163
adaBoost(decisionTree('gini',21,12,0.362974288108309,11,'None'),46,0.46107427319578104,'SAMME')	0.9065441176470589	3.4693336486816406
adaBoost(decisionTree('gini',29,12,0.362974288108309,11,'None'),43,1.0895958998428918,'SAMME')	0.9204411764705881	3.6016080379486084
adaBoost(decisionTree('gini',21,12,0.362974288108309,11,'None'),46,1.1185418814906034,'SAMME')	0.9020098039215686	3.808917999267578
maxAbsScaler();maxAbsScaler();varianceThreshold();varianceThreshold();nystroem('sigmoid',2.2456016145859485,29,4,-0.4906731857037241);minMaxScaler();kNN(37,'uniform',1)	invalid_ind (duplicated operator)	invalid_ind (duplicated operator)
adaBoost(decisionTree('gini',21,12,0.362974288108309,11,'None'),46,1.0895958998428918,'SAMME')	0.9296568627450981	cached
maxAbsScaler();varianceThreshold();robustScaler(False,True);minMaxScaler();adaBoost(decisionTree('gini',21,9,0.362974288108309,11,'None'),46,1.0895958998428918,'SAMME')	0.9296568627450981	cached
adaBoost(decisionTree('gini',29,12,0.362974288108309,11,'None'),46,1.0895958998428918,'SAMME')	0.9296568627450981	cached
selectPercentile(90.80197542521749);minMaxScaler();varianceThreshold();robustScaler(False,True);minMaxScaler();adaBoost(decisionTree('gini',21,9,0.362974288108309,11,'None'),46,1.0895958998428918,'SAMME')	invalid_ind (duplicated operator)	invalid_ind (duplicated operator)
adaBoost(decisionTree('gini',21,12,0.362974288108309,11,'None'),76,0.46107427319578104,'SAMME')	0.9183088235294118	5.197133779525757
adaBoost(decisionTree('gini',29,12,0.362974288108309,11,'None'),46,1.0895958998428918,'SAMME')	0.9296568627450981	3.8683366775512695
adaBoost(decisionTree('entropy',3,12,0.362974288108309,11,'balanced'),43,1.0895958998428918,'SAMME')	0.9120098039215685	3.856844425201416
maxAbsScaler();varianceThreshold();robustScaler(False,True);minMaxScaler();adaBoost(decisionTree('gini',21,9,0.362974288108309,11,'None'),46,1.0895958998428918,'SAMME')	0.9296568627450981	4.14462423324585
adaBoost(decisionTree('entropy',3,12,0.362974288108309,11,'balanced'),43,0.46107427319578104,'SAMME')	0.9259558823529412	cached
maxAbsScaler();varianceThreshold();robustScaler(False,True);minMaxScaler();adaBoost(decisionTree('entropy',21,9,0.362974288108309,11,'balanced'),43,0.46107427319578104,'SAMME')	0.9049754901960784	cached
adaBoost(decisionTree('gini',30,14,0.8055567801237146,15,'None'),46,1.0895958998428918,'SAMME')	0.9186764705882353	4.283229112625122
maxAbsScaler();varianceThreshold();robustScaler(False,True);minMaxScaler();adaBoost(decisionTree('gini',21,9,0.362974288108309,11,'None'),66,1.0895958998428918,'SAMME')	0.9237745098039214	4.548799276351929
adaBoost(decisionTree('gini',18,17,0.35054597154918987,16,'None'),74,1.1185418814906034,'SAMME')	0.9178921568627452	cached
adaBoost(decisionTree('gini',21,12,0.362974288108309,11,'None'),46,1.0895958998428918,'SAMME')	0.9296568627450981	cached
adaBoost(decisionTree('gini',21,12,0.362974288108309,11,'None'),46,1.0895958998428918,'SAMME')	0.9296568627450981	cached
maxAbsScaler();varianceThreshold();robustScaler(False,True);minMaxScaler();adaBoost(decisionTree('gini',21,9,0.362974288108309,11,'None'),76,0.46107427319578104,'SAMME')	0.9183088235294118	cached
adaBoost(decisionTree('entropy',3,12,0.362974288108309,11,'balanced'),43,1.4065068980193376,'SAMME')	0.873014705882353	3.769109010696411
maxAbsScaler();varianceThreshold();robustScaler(False,True);minMaxScaler();adaBoost(decisionTree('entropy',21,9,0.362974288108309,11,'None'),44,1.4456930890682016,'SAMME')	0.8663480392156864	3.5710930824279785
adaBoost(decisionTree('gini',21,12,0.362974288108309,11,'None'),46,1.0895958998428918,'SAMME')	0.9296568627450981	cached
adaBoost(decisionTree('gini',21,12,0.362974288108309,11,'None'),43,0.6599521696611835,'SAMME')	0.9178921568627452	cached
adaBoost(decisionTree('gini',21,12,0.362974288108309,11,'None'),46,1.0895958998428918,'SAMME')	0.9296568627450981	cached
maxAbsScaler();varianceThreshold();robustScaler(False,True);minMaxScaler();adaBoost(decisionTree('gini',21,9,0.362974288108309,11,'None'),46,1.0895958998428918,'SAMME')	0.9296568627450981	cached
adaBoost(decisionTree('entropy',7,9,0.4887954144307777,18,'None'),46,1.0895958998428918,'SAMME')	0.8973284313725489	4.1984944343566895
adaBoost(decisionTree('gini',21,12,0.362974288108309,11,'None'),46,1.0895958998428918,'SAMME')	0.9296568627450981	cached
adaBoost(decisionTree('gini',27,11,0.550019171084223,11,'balanced'),66,1.0895958998428918,'SAMME')	0.9086764705882352	5.388157844543457
adaBoost(decisionTree('gini',29,12,0.8183329433253732,11,'None'),66,1.0895958998428918,'SAMME')	0.9032107843137254	4.717347145080566
adaBoost(decisionTree('entropy',9,2,0.2222547555722798,8,'None'),35,1.1185418814906034,'SAMME')	0.8969117647058823	3.511613130569458
adaBoost(decisionTree('entropy',29,12,0.362974288108309,11,'None'),46,1.0895958998428918,'SAMME')	0.917892156862745	3.461512804031372
adaBoost(decisionTree('gini',21,12,0.362974288108309,11,'None'),46,1.0895958998428918,'SAMME')	0.9296568627450981	3.077927589416504
maxAbsScaler();varianceThreshold();robustScaler(False,True);minMaxScaler();adaBoost(decisionTree('entropy',3,9,0.362974288108309,8,'balanced'),43,0.46107427319578104,'SAMME')	0.8939950980392156	2.561162233352661
adaBoost(decisionTree('gini',21,12,0.362974288108309,11,'None'),43,1.0895958998428918,'SAMME')	0.9204411764705881	2.306306838989258
adaBoost(decisionTree('entropy',3,12,0.362974288108309,11,'balanced'),43,0.46107427319578104,'SAMME')	0.9259558823529412	cached
maxAbsScaler();varianceThreshold();robustScaler(False,True);minMaxScaler();adaBoost(decisionTree('gini',21,9,0.362974288108309,11,'None'),46,1.0895958998428918,'SAMME')	0.9296568627450981	cached
adaBoost(decisionTree('gini',21,12,0.362974288108309,11,'None'),46,1.0895958998428918,'SAMME')	0.9296568627450981	cached
adaBoost(decisionTree('gini',21,12,0.362974288108309,11,'None'),46,1.0895958998428918,'SAMME')	0.9296568627450981	cached
adaBoost(decisionTree('entropy',29,12,0.362974288108309,11,'None'),43,1.0895958998428918,'SAMME')	0.9263235294117648	cached
adaBoost(decisionTree('gini',21,12,0.362974288108309,11,'None'),43,1.0895958998428918,'SAMME')	0.9204411764705881	cached
adaBoost(decisionTree('gini',21,12,0.362974288108309,11,'None'),46,1.0895958998428918,'SAMME')	0.9296568627450981	cached
adaBoost(decisionTree('entropy',21,12,0.362974288108309,11,'None'),43,1.0895958998428918,'SAMME')	0.9263235294117648	cached
adaBoost(decisionTree('gini',21,12,0.362974288108309,11,'None'),46,1.1185418814906034,'SAMME')	0.9020098039215686	2.590280294418335
adaBoost(decisionTree('entropy',21,12,0.362974288108309,1,'balanced'),43,1.0895958998428918,'SAMME')	0.9175245098039214	2.797750234603882
adaBoost(decisionTree('entropy',21,2,0.71184670848591,16,'balanced'),46,1.0895958998428918,'SAMME')	0.9245588235294118	3.2226743698120117
adaBoost(decisionTree('gini',21,12,0.362974288108309,11,'None'),46,1.0895958998428918,'SAMME')	0.9296568627450981	3.5652334690093994
adaBoost(decisionTree('gini',21,17,0.362974288108309,11,'None'),46,1.0895958998428918,'SAMME')	0.9296568627450981	3.814173698425293
adaBoost(decisionTree('gini',3,12,0.362974288108309,11,'None'),46,1.0895958998428918,'SAMME')	0.8784803921568628	2.8302886486053467
adaBoost(decisionTree('gini',21,12,0.362974288108309,11,'None'),46,1.0895958998428918,'SAMME')	0.9296568627450981	3.6447410583496094
adaBoost(decisionTree('gini',21,12,0.362974288108309,11,'None'),43,1.0895958998428918,'SAMME')	0.9204411764705881	3.0043656826019287
maxAbsScaler();varianceThreshold();robustScaler(False,True);minMaxScaler();adaBoost(decisionTree('gini',21,9,0.362974288108309,11,'None'),66,1.0895958998428918,'SAMME')	0.9237745098039214	cached
maxAbsScaler();varianceThreshold();robustScaler(False,True);minMaxScaler();adaBoost(decisionTree('gini',21,9,0.362974288108309,11,'None'),76,0.46107427319578104,'SAMME')	0.9183088235294118	cached
maxAbsScaler();varianceThreshold();robustScaler(False,True);minMaxScaler();adaBoost(decisionTree('gini',21,9,0.362974288108309,11,'None'),76,0.46107427319578104,'SAMME')	0.9183088235294118	cached
adaBoost(decisionTree('entropy',3,12,0.362974288108309,11,'balanced'),43,1.0895958998428918,'SAMME')	0.9120098039215685	cached
adaBoost(decisionTree('entropy',3,12,0.362974288108309,11,'balanced'),43,1.0895958998428918,'SAMME')	0.9120098039215685	cached
maxAbsScaler();varianceThreshold();robustScaler(False,True);minMaxScaler();adaBoost(decisionTree('gini',21,9,0.362974288108309,11,'None'),46,1.0895958998428918,'SAMME')	0.9296568627450981	cached
maxAbsScaler();varianceThreshold();robustScaler(False,True);minMaxScaler();adaBoost(decisionTree('gini',4,9,0.4002270200989556,11,'None'),46,1.0895958998428918,'SAMME')	0.9027941176470587	3.818499803543091
maxAbsScaler();varianceThreshold();robustScaler(False,True);minMaxScaler();adaBoost(decisionTree('gini',18,9,0.35054597154918987,16,'None'),74,1.1185418814906034,'SAMME')	0.9178921568627452	3.91867733001709
minMaxScaler();qda(0.5349474625702791)	0.5775735294117647	2.4371449947357178
adaBoost(decisionTree('gini',21,12,0.362974288108309,11,'None'),46,1.0895958998428918,'SAMME')	0.9296568627450981	4.256680965423584
adaBoost(decisionTree('gini',21,12,0.362974288108309,11,'None'),46,1.0895958998428918,'SAMME')	0.9296568627450981	4.384794473648071
adaBoost(decisionTree('entropy',30,13,0.38736200032883095,4,'None'),52,1.7157736850114798,'SAMME')	0.9020588235294117	4.6442344188690186
adaBoost(decisionTree('gini',26,16,0.3435970782120995,14,'None'),46,1.0895958998428918,'SAMME')	0.8969117647058823	4.499617338180542
adaBoost(decisionTree('gini',21,12,0.362974288108309,11,'None'),46,1.0895958998428918,'SAMME')	0.9296568627450981	cached
adaBoost(decisionTree('entropy',4,12,0.07150295773431303,9,'None'),46,1.0895958998428918,'SAMME')	0.8785294117647059	4.257000684738159
adaBoost(decisionTree('gini',21,12,0.362974288108309,11,'None'),46,1.0895958998428918,'SAMME')	0.9296568627450981	cached
adaBoost(decisionTree('gini',21,12,0.362974288108309,11,'None'),46,1.0895958998428918,'SAMME')	0.9296568627450981	cached
adaBoost(decisionTree('gini',29,12,0.362974288108309,11,'None'),46,1.0895958998428918,'SAMME')	0.9296568627450981	4.690362930297852
adaBoost(decisionTree('gini',21,12,0.362974288108309,11,'None'),43,1.0895958998428918,'SAMME')	0.9204411764705881	4.453378677368164
adaBoost(decisionTree('gini',21,12,0.362974288108309,11,'None'),46,1.0895958998428918,'SAMME')	0.9296568627450981	3.9121944904327393
adaBoost(decisionTree('gini',21,12,0.21806000387213476,1,'None'),65,1.2016849969418755,'SAMME')	0.9090931372549018	4.015689373016357
adaBoost(decisionTree('gini',21,12,0.5847080646907803,11,'None'),46,0.46107427319578104,'SAMME')	0.9186764705882353	3.155682325363159
adaBoost(decisionTree('gini',29,12,0.362974288108309,11,'None'),46,1.0895958998428918,'SAMME')	0.9296568627450981	cached
adaBoost(decisionTree('gini',20,13,0.3199840338418247,2,'None'),46,1.0895958998428918,'SAMME')	0.9149754901960783	2.232461452484131
adaBoost(decisionTree('gini',21,12,0.362974288108309,11,'None'),46,1.0895958998428918,'SAMME')	0.9296568627450981	cached
adaBoost(decisionTree('entropy',29,12,0.362974288108309,11,'None'),43,1.0895958998428918,'SAMME')	0.9263235294117648	cached
adaBoost(decisionTree('gini',21,12,0.362974288108309,11,'None'),46,1.0895958998428918,'SAMME')	0.9296568627450981	cached
adaBoost(decisionTree('gini',29,12,0.362974288108309,11,'None'),46,1.0895958998428918,'SAMME')	0.9296568627450981	cached
adaBoost(decisionTree('gini',21,12,0.362974288108309,11,'None'),46,1.0895958998428918,'SAMME')	0.9296568627450981	2.607672691345215
adaBoost(decisionTree('gini',21,12,0.362974288108309,11,'None'),43,1.0895958998428918,'SAMME')	0.9204411764705881	2.62795352935791
adaBoost(decisionTree('entropy',21,12,0.362974288108309,11,'None'),43,1.0895958998428918,'SAMME')	0.9263235294117648	2.998405694961548
adaBoost(decisionTree('gini',21,12,0.362974288108309,11,'None'),46,1.0895958998428918,'SAMME')	0.9296568627450981	3.507554292678833
adaBoost(decisionTree('gini',3,7,0.43490525830737503,8,'balanced'),43,0.46107427319578104,'SAMME')	0.8939950980392156	3.695415496826172
maxAbsScaler();varianceThreshold();robustScaler(False,True);minMaxScaler();adaBoost(decisionTree('gini',21,9,0.5847080646907803,11,'None'),46,0.46107427319578104,'SAMME')	0.9186764705882353	3.374563455581665
adaBoost(decisionTree('gini',29,12,0.362974288108309,11,'None'),46,1.0895958998428918,'SAMME')	0.9296568627450981	cached
adaBoost(decisionTree('gini',29,12,0.362974288108309,11,'None'),46,1.0895958998428918,'SAMME')	0.9296568627450981	cached
adaBoost(decisionTree('entropy',21,12,0.362974288108309,11,'None'),46,1.0895958998428918,'SAMME')	0.917892156862745	3.605391502380371
adaBoost(decisionTree('gini',23,3,0.362974288108309,11,'None'),46,1.0895958998428918,'SAMME')	0.9296568627450981	3.2385361194610596
adaBoost(decisionTree('gini',21,12,0.362974288108309,11,'None'),46,1.0895958998428918,'SAMME')	0.9296568627450981	cached
adaBoost(decisionTree('gini',21,12,0.362974288108309,11,'None'),46,1.0895958998428918,'SAMME')	0.9296568627450981	cached
adaBoost(decisionTree('gini',21,12,0.362974288108309,11,'None'),46,1.0895958998428918,'SAMME')	0.9296568627450981	cached
adaBoost(decisionTree('gini',21,12,0.362974288108309,11,'None'),46,1.0895958998428918,'SAMME')	0.9296568627450981	cached
adaBoost(decisionTree('gini',21,12,0.5847080646907803,11,'None'),46,0.46107427319578104,'SAMME')	0.9186764705882353	3.584657669067383
adaBoost(decisionTree('gini',29,12,0.362974288108309,11,'None'),46,1.0895958998428918,'SAMME')	0.9296568627450981	cached
adaBoost(decisionTree('gini',21,12,0.362974288108309,11,'None'),46,1.0895958998428918,'SAMME')	0.9296568627450981	cached
maxAbsScaler();varianceThreshold();robustScaler(False,True);minMaxScaler();adaBoost(decisionTree('gini',21,9,0.362974288108309,11,'None'),76,0.46107427319578104,'SAMME')	0.9183088235294118	cached
adaBoost(decisionTree('gini',21,12,0.362974288108309,11,'None'),46,1.0895958998428918,'SAMME')	0.9296568627450981	cached
adaBoost(decisionTree('gini',21,12,0.362974288108309,11,'None'),46,1.0895958998428918,'SAMME')	0.9296568627450981	cached
adaBoost(decisionTree('gini',21,12,0.362974288108309,11,'None'),46,1.0895958998428918,'SAMME')	0.9296568627450981	cached
adaBoost(decisionTree('gini',21,12,0.362974288108309,11,'None'),46,1.0895958998428918,'SAMME')	0.9296568627450981	cached
adaBoost(decisionTree('gini',21,17,0.362974288108309,11,'None'),46,1.0895958998428918,'SAMME')	0.9296568627450981	cached
adaBoost(decisionTree('entropy',3,12,0.362974288108309,11,'balanced'),43,1.0895958998428918,'SAMME')	0.9120098039215685	4.0680413246154785
adaBoost(decisionTree('gini',21,12,0.362974288108309,11,'None'),46,1.0895958998428918,'SAMME')	0.9296568627450981	cached
adaBoost(decisionTree('gini',21,12,0.362974288108309,11,'None'),46,1.0895958998428918,'SAMME')	0.9296568627450981	cached
adaBoost(decisionTree('gini',21,12,0.362974288108309,11,'None'),46,1.0895958998428918,'SAMME')	0.9296568627450981	cached
maxAbsScaler();varianceThreshold();robustScaler(False,True);minMaxScaler();adaBoost(decisionTree('entropy',21,2,0.7338038979507695,18,'balanced'),19,0.14081814311377155,'SAMME')	0.8986764705882353	3.453432321548462
adaBoost(decisionTree('entropy',3,12,0.362974288108309,11,'balanced'),43,0.46107427319578104,'SAMME')	0.9259558823529412	cached
adaBoost(decisionTree('entropy',21,12,0.71184670848591,11,'balanced'),33,1.0895958998428918,'SAMME')	0.9061274509803923	4.286488056182861
maxAbsScaler();varianceThreshold();robustScaler(False,True);minMaxScaler();adaBoost(decisionTree('entropy',21,9,0.362974288108309,11,'None'),65,1.2016849969418755,'SAMME')	0.9032107843137254	4.836077451705933
adaBoost(decisionTree('gini',13,4,0.468975539134848,11,'balanced'),38,0.08259384140452657,'SAMME')	0.8932107843137255	4.828646183013916
minMaxScaler();maxAbsScaler();nystroem('poly',3.615631024885817,15,5,-0.004992226400192035);adaBoost(decisionTree('entropy',15,13,0.47804179415170733,9,'None'),59,0.9811233486110394,'SAMME')	0.845	4.875457286834717
adaBoost(decisionTree('entropy',21,2,0.362974288108309,16,'None'),43,1.0895958998428918,'SAMME')	0.9006617647058823	3.7179653644561768
adaBoost(decisionTree('gini',21,12,0.21806000387213476,1,'None'),76,0.46107427319578104,'SAMME')	0.9141911764705881	3.830754041671753
adaBoost(decisionTree('gini',25,12,0.362974288108309,11,'None'),46,1.0895958998428918,'SAMME')	0.9296568627450981	3.0344080924987793
