pipeline	fitness	fit_time
maxAbsScaler();pca(0.7444043365463215,False);maxAbsScaler();varianceThreshold();maxAbsScaler();selectFwe(0.014150298781154145);qda(0.853943007184872)	invalid_ind (duplicated operator)	invalid_ind (duplicated operator)
kNN(1,'uniform',2)	0.1294571182690284	1.957085371017456
nystroem('cosine',1.0430271987927875,27,4,0.997367136385104);maxAbsScaler();maxAbsScaler();maxAbsScaler();fastICA(59,'parallel','arbitrary-variance','cube');kNN(9,'distance',2)	invalid_ind (duplicated operator)	invalid_ind (duplicated operator)
kNN(11,'uniform',2)	0.12168694551651038	2.5572257041931152
pca(0.9797696201249317,False);selectFwe(0.04794462400370385);fastICA(60,'parallel','unit-variance','logcosh');selectFwe(0.03130884067310971);kNN(10,'uniform',1)	invalid_ind (duplicated operator)	invalid_ind (duplicated operator)
varianceThreshold();selectPercentile(13.523139146780435);maxAbsScaler();bernoulliNB(2.1620983813503516,True)	0.04505928853754941	2.684839963912964
randomForest(23,'gini','None',16,15,False,'None')	0.13489053500849701	3.5764706134796143
fastICA(80,'deflation','arbitrary-variance','cube');maxAbsScaler();selectPercentile(83.3799453376464);maxAbsScaler();minMaxScaler();bernoulliNB(2.741451119704649,False)	invalid_ind (duplicated operator)	invalid_ind (duplicated operator)
varianceThreshold();fastICA(80,'parallel','unit-variance','logcosh');maxAbsScaler();maxAbsScaler();pca(0.8051269959643266,False);qda(0.8713710182669668)	invalid_ind (duplicated operator)	invalid_ind (duplicated operator)
maxAbsScaler();selectFwe(0.017915467040969437);selectFwe(0.04857105558504968);minMaxScaler();nystroem('cosine',3.612332936527493,79,2,-0.903311741357937);minMaxScaler();maxAbsScaler();bernoulliNB(11.150363387439373,False)	invalid_ind (duplicated operator)	invalid_ind (duplicated operator)
varianceThreshold();bernoulliNB(14.729175296293572,True)	0.05891069662740721	2.2452285289764404
varianceThreshold();varianceThreshold();gaussianNB(0.004561456779964369)	invalid_ind (duplicated operator)	invalid_ind (duplicated operator)
varianceThreshold();selectPercentile(83.92932750754994);qda(0.5505997883745034)	eval_error (The covariance matrix of class 21 is not full rank. When using `solver='svd'` the number of samples in each class should be more than the number of features, but class 21 has 7 samples and 8 features. Try using `solver='eigen'` and setting the parameter `shrinkage` for regularization.)	eval_error (The covariance matrix of class 21 is not full rank. When using `solver='svd'` the number of samples in each class should be more than the number of features, but class 21 has 7 samples and 8 features. Try using `solver='eigen'` and setting the parameter `shrinkage` for regularization.)
varianceThreshold();maxAbsScaler();minMaxScaler();maxAbsScaler();minMaxScaler();varianceThreshold();extraTreesClassifier(93,'entropy','sqrt',19,11,False,'None')	invalid_ind (duplicated operator)	invalid_ind (duplicated operator)
varianceThreshold();robustScaler(False,False);pca(0.6878132207637606,False);minMaxScaler();selectFwe(0.012429958422472279);minMaxScaler();decisionTree('entropy',19,14,0.5239835411813897,8,'balanced')	invalid_ind (duplicated operator)	invalid_ind (duplicated operator)
selectPercentile(70.29140150695602);robustScaler(True,True);fastICA(30,'deflation','unit-variance','logcosh');robustScaler(True,False);pca(0.7789217756933196,False);maxAbsScaler();logisticRegression('l1','saga',1000,2.181224406521431,'None')	invalid_ind (duplicated operator)	invalid_ind (duplicated operator)
robustScaler(True,True);kNN(2,'uniform',1)	0.1478619030797265	2.570347785949707
minMaxScaler();minMaxScaler();pca(0.6061488435853455,False);pca(0.8512515473204645,False);adaBoost(decisionTree('gini',21,19,0.9169715656822659,3,'None'),90,0.38765645026086604,'SAMME')	invalid_ind (duplicated operator)	invalid_ind (duplicated operator)
minMaxScaler();selectFwe(0.026567377838832073);minMaxScaler();extraTreesClassifier(83,'gini','log2',15,20,True,'None')	invalid_ind (duplicated operator)	invalid_ind (duplicated operator)
varianceThreshold();maxAbsScaler();pca(0.9862611172454252,True);minMaxScaler();varianceThreshold();robustScaler(False,True);decisionTree('entropy',14,5,0.5053767165880478,8,'None')	invalid_ind (duplicated operator)	invalid_ind (duplicated operator)
minMaxScaler();varianceThreshold();nystroem('rbf',2.8895609644236675,70,2,0.44703655996625935);adaBoost(decisionTree('entropy',30,17,0.836005573572394,10,'None'),39,0.19747663730920903,'SAMME')	eval_timeout_error	eval_timeout_error
varianceThreshold();maxAbsScaler();robustScaler(True,True);fastICA(34,'parallel','unit-variance','exp');maxAbsScaler();nystroem('poly',1.636350974258943,13,5,0.7636350354068464);varianceThreshold();bernoulliNB(25.00796952126551,False)	invalid_ind (duplicated operator)	invalid_ind (duplicated operator)
multinomialNB(3.080566357882891,True)	0.0716991189444782	7.788525104522705
maxAbsScaler();pca(0.7553587729148059,False);varianceThreshold();maxAbsScaler();fastICA(64,'parallel','unit-variance','logcosh');mlpClassifier((91, 7),0.07322284167260698,0.20917883329237077,'adam','identity')	invalid_ind (duplicated operator)	invalid_ind (duplicated operator)
randomForest(69,'gini','log2',4,9,False,'balanced_subsample')	0.20073389279759332	19.524017572402954
robustScaler(True,False);pca(0.577675494583219,True);selectFwe(0.004433434348235422);fastICA(19,'deflation','unit-variance','exp');fastICA(4,'deflation','unit-variance','cube');varianceThreshold();randomForest(55,'entropy',0.6485318394888302,6,4,False,'balanced')	invalid_ind (duplicated operator)	invalid_ind (duplicated operator)
minMaxScaler();maxAbsScaler();kNN(3,'distance',1)	0.1255258455164145	6.037367582321167
varianceThreshold();maxAbsScaler();minMaxScaler();varianceThreshold();pca(0.8372724127499088,False);adaBoost(decisionTree('entropy',4,14,0.01824293705279667,4,'None'),55,0.8474705316254194,'SAMME')	invalid_ind (duplicated operator)	invalid_ind (duplicated operator)
selectPercentile(19.607198242253464);selectPercentile(16.154445984138384);selectFwe(0.026063302936226426);maxAbsScaler();adaBoost(decisionTree('entropy',17,15,0.5747328526438223,11,'balanced'),82,0.01869762844210748,'SAMME')	invalid_ind (duplicated operator)	invalid_ind (duplicated operator)
pca(0.9327789797556615,False);fastICA(88,'parallel','unit-variance','cube');selectPercentile(30.651032930779156);nystroem('cosine',2.5300884533946255,39,4,0.10260084685970172);minMaxScaler();logisticRegression('l1','sag',1000,0.8875305659718458,'None')	eval_error (Solver sag supports only 'l2' or None penalties, got l1 penalty.)	eval_error (Solver sag supports only 'l2' or None penalties, got l1 penalty.)
selectFwe(0.0015382798768397298);pca(0.7109527512982751,True);selectFwe(0.021257819713225292);decisionTree('entropy',7,20,0.7585504020651886,16,'None')	invalid_ind (duplicated operator)	invalid_ind (duplicated operator)
varianceThreshold();maxAbsScaler();varianceThreshold();maxAbsScaler();adaBoost(decisionTree('gini',19,9,0.04717086416499705,8,'balanced'),89,1.6958996055481452,'SAMME')	invalid_ind (duplicated operator)	invalid_ind (duplicated operator)
robustScaler(False,True);maxAbsScaler();mlpClassifier((60, 19),0.05140653258230293,0.897258844864606,'lbfgs','relu')	0.14357657470711757	112.07816743850708
varianceThreshold();minMaxScaler();bernoulliNB(15.385814491801957,True)	0.060047060263770845	3.736372232437134
fastICA(93,'deflation','arbitrary-variance','logcosh');extraTreesClassifier(73,'gini','log2',10,11,True,'balanced_subsample')	0.1742976884785176	115.04372501373291
minMaxScaler();maxAbsScaler();nystroem('poly',2.9052982609008846,40,5,0.7701512589223529);minMaxScaler();lda(0.40579673259262883,167,0.08931558179033042)	invalid_ind (duplicated operator)	invalid_ind (duplicated operator)
nystroem('poly',3.1719914632542565,22,2,-0.19415663267329997);varianceThreshold();minMaxScaler();maxAbsScaler();adaBoost(decisionTree('entropy',16,10,0.5134412166930334,6,'None'),36,1.9111547321302806,'SAMME')	0.14596577200775582	129.39571690559387
nystroem('cosine',0.05784056402101239,53,5,0.6755675022784686);randomForest(94,'gini',0.7143067956693883,9,6,False,'None')	0.1427884336006479	140.86413598060608
lda(0.968375215281766,145,0.07800645740759034)	eval_error (n_components cannot be larger than min(n_features, n_classes - 1).)	eval_error (n_components cannot be larger than min(n_features, n_classes - 1).)
selectPercentile(74.52506113033547);fastICA(94,'parallel','unit-variance','logcosh');robustScaler(False,True);minMaxScaler();randomForest(96,'entropy',0.8245326211057018,17,18,True,'balanced_subsample')	0.22825348260158274	16.911598920822144
randomForest(23,'gini','None',16,15,False,'None')	0.13489053500849701	cached
varianceThreshold();robustScaler(False,False);pca(0.6878132207637606,False);minMaxScaler();selectFwe(0.012429958422472279);minMaxScaler();decisionTree('gini',19,14,0.5239835411813897,8,'balanced')	invalid_ind (duplicated operator)	invalid_ind (duplicated operator)
varianceThreshold();maxAbsScaler();varianceThreshold();maxAbsScaler();adaBoost(decisionTree('entropy',19,9,0.04717086416499705,8,'balanced'),89,1.6958996055481452,'SAMME')	invalid_ind (duplicated operator)	invalid_ind (duplicated operator)
varianceThreshold();maxAbsScaler();pca(0.9862611172454252,True);minMaxScaler();varianceThreshold();maxAbsScaler();decisionTree('entropy',14,5,0.5053767165880478,8,'None')	invalid_ind (duplicated operator)	invalid_ind (duplicated operator)
varianceThreshold();robustScaler(False,True);minMaxScaler();maxAbsScaler();minMaxScaler();varianceThreshold();extraTreesClassifier(93,'entropy','sqrt',19,11,False,'None')	invalid_ind (duplicated operator)	invalid_ind (duplicated operator)
varianceThreshold();maxAbsScaler();robustScaler(True,True);fastICA(34,'parallel','unit-variance','exp');maxAbsScaler();nystroem('poly',1.636350974258943,13,5,0.7636350354068464);varianceThreshold();bernoulliNB(14.729175296293572,False)	invalid_ind (duplicated operator)	invalid_ind (duplicated operator)
multinomialNB(3.080566357882891,True)	0.0716991189444782	cached
varianceThreshold();maxAbsScaler();varianceThreshold();maxAbsScaler();adaBoost(decisionTree('gini',19,9,0.04717086416499705,8,'balanced'),89,1.6958996055481452,'SAMME')	invalid_ind (duplicated operator)	invalid_ind (duplicated operator)
pca(0.9797696201249317,False);selectFwe(0.04794462400370385);fastICA(94,'parallel','unit-variance','logcosh');selectFwe(0.03130884067310971);kNN(10,'uniform',1)	invalid_ind (duplicated operator)	invalid_ind (duplicated operator)
lda(0.968375215281766,145,0.07800645740759034)	eval_error (n_components cannot be larger than min(n_features, n_classes - 1).)	eval_error (n_components cannot be larger than min(n_features, n_classes - 1).)
varianceThreshold();varianceThreshold();gaussianNB(0.004561456779964369)	invalid_ind (duplicated operator)	invalid_ind (duplicated operator)
varianceThreshold();fastICA(80,'parallel','unit-variance','logcosh');maxAbsScaler();maxAbsScaler();pca(0.8051269959643266,False);qda(0.8713710182669668)	invalid_ind (duplicated operator)	invalid_ind (duplicated operator)
varianceThreshold();maxAbsScaler();minMaxScaler();varianceThreshold();pca(0.8372724127499088,False);adaBoost(decisionTree('entropy',4,14,0.01824293705279667,4,'None'),55,0.8474705316254194,'SAMME')	invalid_ind (duplicated operator)	invalid_ind (duplicated operator)
varianceThreshold();bernoulliNB(25.00796952126551,True)	0.05504449519022856	2.4343245029449463
varianceThreshold();minMaxScaler();bernoulliNB(14.729175296293572,True)	0.060047060263770845	3.002322196960449
lda(0.968375215281766,145,0.07800645740759034)	eval_error (n_components cannot be larger than min(n_features, n_classes - 1).)	eval_error (n_components cannot be larger than min(n_features, n_classes - 1).)
varianceThreshold();selectPercentile(13.523139146780435);maxAbsScaler();bernoulliNB(2.1620983813503516,True)	0.04505928853754941	cached
nystroem('cosine',1.0430271987927875,27,4,0.997367136385104);selectFwe(0.03390514558719705);maxAbsScaler();maxAbsScaler();fastICA(59,'parallel','arbitrary-variance','cube');kNN(9,'distance',2)	invalid_ind (duplicated operator)	invalid_ind (duplicated operator)
minMaxScaler();minMaxScaler();pca(0.6061488435853455,False);pca(0.8512515473204645,False);adaBoost(decisionTree('gini',21,19,0.9169715656822659,3,'None'),90,0.38765645026086604,'SAMME')	invalid_ind (duplicated operator)	invalid_ind (duplicated operator)
pca(0.9797696201249317,False);selectFwe(0.04794462400370385);fastICA(60,'parallel','unit-variance','logcosh');selectFwe(0.03130884067310971);kNN(10,'uniform',1)	invalid_ind (duplicated operator)	invalid_ind (duplicated operator)
kNN(11,'uniform',2)	0.12168694551651038	cached
maxAbsScaler();selectFwe(0.017915467040969437);selectFwe(0.04857105558504968);minMaxScaler();nystroem('cosine',3.612332936527493,79,2,-0.903311741357937);minMaxScaler();maxAbsScaler();randomForest(69,'gini','log2',4,9,False,'balanced_subsample')	invalid_ind (duplicated operator)	invalid_ind (duplicated operator)
varianceThreshold();bernoulliNB(15.385814491801957,True)	0.05891069662740721	2.4623947143554688
selectPercentile(19.607198242253464);selectPercentile(16.154445984138384);selectFwe(0.026063302936226426);maxAbsScaler();adaBoost(decisionTree('entropy',17,15,0.5747328526438223,11,'balanced'),82,0.01869762844210748,'SAMME')	invalid_ind (duplicated operator)	invalid_ind (duplicated operator)
robustScaler(True,False);pca(0.577675494583219,True);selectFwe(0.004433434348235422);fastICA(19,'deflation','unit-variance','exp');fastICA(4,'deflation','unit-variance','cube');varianceThreshold();randomForest(55,'entropy',0.6485318394888302,6,4,False,'balanced')	invalid_ind (duplicated operator)	invalid_ind (duplicated operator)
bernoulliNB(11.150363387439373,True)	0.060930898647609234	2.508418560028076
minMaxScaler();varianceThreshold();nystroem('rbf',2.8895609644236675,70,2,0.44703655996625935);bernoulliNB(2.1620983813503516,False)	0.13643152744432774	3.8279619216918945
varianceThreshold();selectPercentile(13.523139146780435);maxAbsScaler();adaBoost(decisionTree('entropy',30,17,0.836005573572394,10,'None'),39,0.19747663730920903,'SAMME')	0.10752411106986141	4.633991479873657
pca(0.9327789797556615,False);fastICA(88,'parallel','unit-variance','cube');selectPercentile(30.651032930779156);nystroem('cosine',2.5300884533946255,39,4,0.10260084685970172);minMaxScaler();logisticRegression('l1','sag',1000,0.8875305659718458,'None')	eval_error (Solver sag supports only 'l2' or None penalties, got l1 penalty.)	eval_error (Solver sag supports only 'l2' or None penalties, got l1 penalty.)
varianceThreshold();maxAbsScaler();minMaxScaler();maxAbsScaler();minMaxScaler();varianceThreshold();extraTreesClassifier(93,'entropy','sqrt',19,11,False,'None')	invalid_ind (duplicated operator)	invalid_ind (duplicated operator)
robustScaler(False,True);maxAbsScaler();mlpClassifier((60, 19),0.05140653258230293,0.897258844864606,'lbfgs','relu')	0.14357657470711757	cached
varianceThreshold();maxAbsScaler();minMaxScaler();varianceThreshold();pca(0.8372724127499088,False);adaBoost(decisionTree('entropy',4,14,0.01824293705279667,4,'None'),55,0.8474705316254194,'SAMME')	invalid_ind (duplicated operator)	invalid_ind (duplicated operator)
minMaxScaler();maxAbsScaler();kNN(3,'uniform',1)	0.13132495362466584	2.6556057929992676
fastICA(80,'deflation','arbitrary-variance','cube');maxAbsScaler();selectPercentile(83.3799453376464);maxAbsScaler();minMaxScaler();bernoulliNB(2.741451119704649,False)	invalid_ind (duplicated operator)	invalid_ind (duplicated operator)
selectPercentile(74.52506113033547);fastICA(60,'parallel','unit-variance','logcosh');robustScaler(False,True);minMaxScaler();randomForest(96,'entropy',0.8245326211057018,17,18,True,'balanced_subsample')	0.22825348260158274	29.29759383201599
nystroem('cosine',0.05784056402101239,53,5,0.6755675022784686);randomForest(94,'gini',0.7143067956693883,9,6,False,'None')	0.1427884336006479	61.33097267150879
selectFwe(0.0015382798768397298);pca(0.7109527512982751,True);selectFwe(0.021257819713225292);decisionTree('entropy',7,20,0.7585504020651886,16,'None')	invalid_ind (duplicated operator)	invalid_ind (duplicated operator)
minMaxScaler();varianceThreshold();nystroem('rbf',2.8895609644236675,70,2,0.44703655996625935);adaBoost(decisionTree('entropy',30,17,0.836005573572394,10,'None'),39,0.19747663730920903,'SAMME')	0.13217754107361215	134.30302739143372
minMaxScaler();varianceThreshold();nystroem('rbf',2.8895609644236675,70,2,-0.903311741357937);adaBoost(decisionTree('entropy',30,17,0.836005573572394,10,'None'),39,0.19747663730920903,'SAMME')	0.13217754107361215	131.34898042678833
maxAbsScaler();minMaxScaler();minMaxScaler();minMaxScaler();bernoulliNB(11.150363387439373,False)	invalid_ind (duplicated operator)	invalid_ind (duplicated operator)
minMaxScaler();varianceThreshold();nystroem('rbf',2.8895609644236675,70,2,-0.903311741357937);adaBoost(decisionTree('entropy',30,17,0.836005573572394,10,'None'),39,0.19747663730920903,'SAMME')	0.13217754107361215	cached
randomForest(69,'gini','log2',4,9,False,'balanced_subsample')	0.20073389279759332	cached
varianceThreshold();maxAbsScaler();minMaxScaler();varianceThreshold();pca(0.5591983331649059,False);adaBoost(decisionTree('entropy',28,14,0.01824293705279667,15,'None'),55,0.8474705316254194,'SAMME')	invalid_ind (duplicated operator)	invalid_ind (duplicated operator)
varianceThreshold();maxAbsScaler();minMaxScaler();varianceThreshold();pca(0.8372724127499088,False);bernoulliNB(2.1620983813503516,False)	invalid_ind (duplicated operator)	invalid_ind (duplicated operator)
bernoulliNB(2.741451119704649,False)	0.07683193301248549	2.1563267707824707
fastICA(80,'deflation','arbitrary-variance','cube');maxAbsScaler();selectPercentile(83.3799453376464);maxAbsScaler();minMaxScaler();lda(0.968375215281766,145,0.07800645740759034)	invalid_ind (duplicated operator)	invalid_ind (duplicated operator)
pca(0.9797696201249317,False);selectFwe(0.04794462400370385);fastICA(60,'parallel','unit-variance','logcosh');selectFwe(0.03130884067310971);randomForest(69,'gini','log2',4,9,False,'balanced_subsample')	invalid_ind (duplicated operator)	invalid_ind (duplicated operator)
kNN(10,'uniform',1)	0.13257657600417494	3.455944538116455
minMaxScaler();varianceThreshold();nystroem('rbf',2.8895609644236675,70,2,0.44703655996625935);adaBoost(decisionTree('entropy',4,14,0.01824293705279667,4,'None'),55,0.8474705316254194,'SAMME')	0.11886059851921275	10.786624908447266
fastICA(88,'parallel','arbitrary-variance','cube');extraTreesClassifier(73,'gini','log2',10,11,True,'balanced_subsample')	0.17011959238998675	9.056923151016235
pca(0.9327789797556615,False);fastICA(14,'parallel','unit-variance','exp');selectPercentile(30.651032930779156);nystroem('cosine',2.5300884533946255,39,4,0.10260084685970172);minMaxScaler();logisticRegression('l1','sag',1000,0.8875305659718458,'None')	eval_error (Solver sag supports only 'l2' or None penalties, got l1 penalty.)	eval_error (Solver sag supports only 'l2' or None penalties, got l1 penalty.)
selectFwe(0.0015382798768397298);pca(0.7109527512982751,True);selectFwe(0.021257819713225292);decisionTree('entropy',7,20,0.7585504020651886,16,'None')	invalid_ind (duplicated operator)	invalid_ind (duplicated operator)
pca(0.9797696201249317,False);selectFwe(0.04794462400370385);fastICA(94,'parallel','unit-variance','logcosh');selectFwe(0.03130884067310971);kNN(10,'uniform',1)	invalid_ind (duplicated operator)	invalid_ind (duplicated operator)
selectPercentile(74.52506113033547);fastICA(94,'parallel','unit-variance','logcosh');robustScaler(False,True);minMaxScaler();randomForest(96,'entropy',0.8245326211057018,17,18,True,'balanced_subsample')	0.22825348260158274	cached
randomForest(69,'entropy',0.8245326211057018,17,18,True,'balanced_subsample')	0.1885845556097089	18.928766012191772
varianceThreshold();selectPercentile(50.61238460318989);maxAbsScaler();bernoulliNB(1.4125572166967946,True)	0.04505928853754941	3.989914655685425
maxAbsScaler();minMaxScaler();adaBoost(decisionTree('entropy',30,17,0.836005573572394,10,'None'),39,0.19747663730920903,'SAMME')	0.14325563938448432	19.397681951522827
minMaxScaler();varianceThreshold();nystroem('rbf',2.8895609644236675,70,2,0.44703655996625935);minMaxScaler();minMaxScaler();bernoulliNB(11.150363387439373,False)	invalid_ind (duplicated operator)	invalid_ind (duplicated operator)
varianceThreshold();maxAbsScaler();minMaxScaler();varianceThreshold();pca(0.8372724127499088,False);randomForest(96,'entropy',0.8245326211057018,17,18,True,'balanced_subsample')	invalid_ind (duplicated operator)	invalid_ind (duplicated operator)
selectPercentile(74.52506113033547);fastICA(94,'parallel','unit-variance','logcosh');robustScaler(False,True);minMaxScaler();randomForest(96,'gini','log2',4,9,False,'balanced_subsample')	0.1986141020007802	16.163562297821045
selectPercentile(74.52506113033547);fastICA(60,'parallel','unit-variance','logcosh');robustScaler(False,True);minMaxScaler();randomForest(96,'entropy',0.8245326211057018,17,18,True,'balanced_subsample')	0.22825348260158274	cached
varianceThreshold();selectPercentile(13.523139146780435);maxAbsScaler();bernoulliNB(2.1620983813503516,True)	0.04505928853754941	cached
pca(0.9797696201249317,False);selectFwe(0.04794462400370385);fastICA(94,'parallel','unit-variance','logcosh');selectFwe(0.03130884067310971);randomForest(23,'gini','None',16,15,False,'None')	invalid_ind (duplicated operator)	invalid_ind (duplicated operator)
kNN(10,'uniform',1)	0.13257657600417494	4.24891996383667
selectFwe(0.0015382798768397298);pca(0.7109527512982751,True);selectFwe(0.021257819713225292);randomForest(69,'gini','log2',4,9,False,'balanced_subsample')	invalid_ind (duplicated operator)	invalid_ind (duplicated operator)
decisionTree('entropy',7,20,0.7585504020651886,16,'None')	0.1267477776005732	4.348443269729614
bernoulliNB(11.150363387439373,True)	0.060930898647609234	cached
varianceThreshold();bernoulliNB(15.385814491801957,True)	0.05891069662740721	cached
selectPercentile(74.52506113033547);fastICA(94,'parallel','unit-variance','logcosh');robustScaler(False,True);minMaxScaler();adaBoost(decisionTree('entropy',4,14,0.01824293705279667,4,'None'),55,0.8474705316254194,'SAMME')	0.11137443930219948	14.116636514663696
selectFwe(0.0015382798768397298);pca(0.5058471750005101,True);varianceThreshold();decisionTree('entropy',7,20,0.7585504020651886,16,'None')	0.11895928380758777	4.676968097686768
minMaxScaler();selectFwe(0.021257819713225292);nystroem('rbf',2.8895609644236675,70,2,0.44703655996625935);bernoulliNB(2.1620983813503516,False)	0.13643152744432774	4.995282411575317
robustScaler(True,False);pca(0.577675494583219,True);selectFwe(0.004433434348235422);fastICA(68,'deflation','unit-variance','exp');fastICA(96,'deflation','unit-variance','cube');varianceThreshold();randomForest(55,'entropy','sqrt',6,4,False,'balanced')	invalid_ind (duplicated operator)	invalid_ind (duplicated operator)
robustScaler(True,True);kNN(2,'uniform',1)	0.1478619030797265	cached
selectFwe(0.048841244666459505);maxAbsScaler();minMaxScaler();varianceThreshold();pca(0.8372724127499088,False);adaBoost(decisionTree('entropy',4,14,0.01824293705279667,4,'None'),55,0.8474705316254194,'SAMME')	0.09949962868195708	14.493030309677124
minMaxScaler();varianceThreshold();nystroem('rbf',2.8895609644236675,70,2,-0.903311741357937);adaBoost(decisionTree('entropy',30,17,0.836005573572394,10,'None'),39,0.19747663730920903,'SAMME')	0.13217754107361215	cached
fastICA(93,'deflation','arbitrary-variance','logcosh');extraTreesClassifier(73,'gini','log2',10,11,True,'balanced_subsample')	0.1742976884785176	60.7888069152832
nystroem('poly',3.612332936527493,22,2,-0.903311741357937);varianceThreshold();minMaxScaler();maxAbsScaler();adaBoost(decisionTree('entropy',16,10,0.5134412166930334,6,'None'),36,1.9111547321302806,'SAMME')	0.1310689326974827	57.30248427391052
maxAbsScaler();selectFwe(0.017915467040969437);selectFwe(0.04857105558504968);minMaxScaler();nystroem('cosine',3.1719914632542565,79,2,-0.19415663267329997);minMaxScaler();maxAbsScaler();randomForest(69,'gini','log2',4,9,False,'balanced_subsample')	invalid_ind (duplicated operator)	invalid_ind (duplicated operator)
minMaxScaler();varianceThreshold();nystroem('rbf',2.8895609644236675,70,2,-0.903311741357937);adaBoost(decisionTree('entropy',30,17,0.836005573572394,10,'None'),39,0.19747663730920903,'SAMME')	0.13217754107361215	156.76341652870178
lda(0.968375215281766,145,0.07800645740759034)	eval_error (n_components cannot be larger than min(n_features, n_classes - 1).)	eval_error (n_components cannot be larger than min(n_features, n_classes - 1).)
robustScaler(True,False);fastICA(45,'parallel','arbitrary-variance','exp');selectPercentile(50.61238460318989);fastICA(94,'parallel','unit-variance','logcosh');selectFwe(0.03130884067310971);kNN(10,'uniform',1)	invalid_ind (duplicated operator)	invalid_ind (duplicated operator)
selectFwe(0.0015382798768397298);pca(0.7109527512982751,True);selectFwe(0.021257819713225292);decisionTree('entropy',7,20,0.7585504020651886,16,'None')	invalid_ind (duplicated operator)	invalid_ind (duplicated operator)
minMaxScaler();kNN(2,'uniform',1)	0.1361417842091384	2.0343103408813477
pca(0.9327789797556615,False);fastICA(14,'parallel','unit-variance','exp');selectPercentile(30.651032930779156);nystroem('cosine',2.5300884533946255,39,4,0.10260084685970172);minMaxScaler();kNN(10,'uniform',1)	0.05919187677391123	2.642652750015259
robustScaler(False,True);selectFwe(0.04794462400370385);maxAbsScaler();bernoulliNB(1.4125572166967946,True)	0.0727298300352852	3.1562163829803467
maxAbsScaler();selectFwe(0.017915467040969437);selectFwe(0.04857105558504968);minMaxScaler();nystroem('cosine',3.1719914632542565,79,2,-0.19415663267329997);minMaxScaler();maxAbsScaler();randomForest(69,'gini','log2',4,9,False,'balanced_subsample')	invalid_ind (duplicated operator)	invalid_ind (duplicated operator)
maxAbsScaler();selectFwe(0.04049936641202025);selectFwe(0.04857105558504968);minMaxScaler();nystroem('cosine',3.1719914632542565,94,5,-0.19415663267329997);minMaxScaler();maxAbsScaler();randomForest(69,'gini','log2',4,9,False,'balanced')	invalid_ind (duplicated operator)	invalid_ind (duplicated operator)
selectFwe(0.0015382798768397298);pca(0.7109527512982751,True);selectFwe(0.021257819713225292);randomForest(69,'gini','log2',4,9,False,'balanced_subsample')	invalid_ind (duplicated operator)	invalid_ind (duplicated operator)
fastICA(21,'parallel','arbitrary-variance','logcosh');maxAbsScaler();maxAbsScaler();bernoulliNB(0.2649272079879021,False)	invalid_ind (duplicated operator)	invalid_ind (duplicated operator)
logisticRegression('l1','liblinear',1000,5.259788799994956,'balanced')	eval_error (The 'liblinear' solver does not support multiclass classification (n_classes >= 3). Either use another solver or wrap the estimator in a OneVsRestClassifier to keep applying a one-versus-rest scheme.)	eval_error (The 'liblinear' solver does not support multiclass classification (n_classes >= 3). Either use another solver or wrap the estimator in a OneVsRestClassifier to keep applying a one-versus-rest scheme.)
robustScaler(True,False);pca(0.577675494583219,True);selectFwe(0.004433434348235422);fastICA(68,'deflation','unit-variance','exp');fastICA(96,'deflation','unit-variance','cube');varianceThreshold();randomForest(55,'entropy','sqrt',6,4,False,'balanced')	invalid_ind (duplicated operator)	invalid_ind (duplicated operator)
pca(0.9797696201249317,False);selectFwe(0.04794462400370385);fastICA(60,'parallel','unit-variance','logcosh');selectFwe(0.03130884067310971);randomForest(69,'gini','log2',4,9,False,'balanced_subsample')	invalid_ind (duplicated operator)	invalid_ind (duplicated operator)
minMaxScaler();varianceThreshold();nystroem('rbf',2.8895609644236675,70,2,-0.903311741357937);adaBoost(decisionTree('entropy',30,17,0.836005573572394,10,'None'),39,0.19747663730920903,'SAMME')	0.13217754107361215	cached
decisionTree('entropy',7,20,0.7585504020651886,16,'None')	0.1267477776005732	cached
minMaxScaler();varianceThreshold();nystroem('rbf',2.8895609644236675,70,2,0.44703655996625935);adaBoost(decisionTree('entropy',4,14,0.01824293705279667,4,'None'),55,0.8474705316254194,'SAMME')	0.11886059851921275	8.015090465545654
minMaxScaler();selectFwe(0.021257819713225292);nystroem('rbf',2.8895609644236675,70,2,0.44703655996625935);bernoulliNB(2.1620983813503516,False)	0.13643152744432774	3.83943772315979
minMaxScaler();robustScaler(False,False);nystroem('rbf',2.8895609644236675,70,2,0.44703655996625935);adaBoost(decisionTree('entropy',4,14,0.01824293705279667,4,'None'),55,0.8474705316254194,'SAMME')	0.11886059851921275	9.607613801956177
fastICA(88,'parallel','arbitrary-variance','cube');extraTreesClassifier(73,'gini','log2',10,11,True,'balanced_subsample')	0.17011959238998675	5.950604677200317
selectFwe(0.048841244666459505);maxAbsScaler();minMaxScaler();varianceThreshold();pca(0.8372724127499088,False);adaBoost(decisionTree('entropy',4,14,0.01824293705279667,4,'None'),55,0.8474705316254194,'SAMME')	0.09949962868195708	7.017204761505127
selectPercentile(74.52506113033547);fastICA(60,'parallel','unit-variance','logcosh');robustScaler(False,True);minMaxScaler();randomForest(96,'entropy',0.8245326211057018,17,18,True,'balanced_subsample')	0.22825348260158274	23.655874967575073
maxAbsScaler();minMaxScaler();adaBoost(decisionTree('entropy',30,17,0.836005573572394,10,'None'),39,0.19747663730920903,'SAMME')	0.14325563938448432	9.19855260848999
kNN(10,'uniform',1)	0.13257657600417494	2.2887895107269287
minMaxScaler();selectFwe(0.021257819713225292);nystroem('rbf',2.8895609644236675,70,2,0.44703655996625935);bernoulliNB(2.1620983813503516,False)	0.13643152744432774	3.447779893875122
nystroem('poly',3.612332936527493,22,2,-0.903311741357937);varianceThreshold();minMaxScaler();maxAbsScaler();adaBoost(decisionTree('entropy',16,10,0.5134412166930334,6,'None'),36,1.9111547321302806,'SAMME')	0.1310689326974827	45.21086835861206
selectPercentile(74.52506113033547);fastICA(94,'parallel','unit-variance','logcosh');robustScaler(False,True);minMaxScaler();randomForest(96,'gini','log2',4,9,False,'balanced_subsample')	0.1986141020007802	9.193146705627441
fastICA(88,'parallel','arbitrary-variance','cube');extraTreesClassifier(73,'gini','log2',10,11,True,'balanced_subsample')	0.17011959238998675	5.922910451889038
maxAbsScaler();minMaxScaler();adaBoost(decisionTree('entropy',30,17,0.836005573572394,10,'None'),39,0.19747663730920903,'SAMME')	0.14325563938448432	11.20719599723816
varianceThreshold();selectFwe(0.04794462400370385);fastICA(94,'parallel','unit-variance','logcosh');selectFwe(0.03130884067310971);kNN(10,'uniform',1)	invalid_ind (duplicated operator)	invalid_ind (duplicated operator)
selectPercentile(74.52506113033547);fastICA(94,'parallel','unit-variance','logcosh');robustScaler(False,True);minMaxScaler();randomForest(96,'gini','log2',4,9,False,'balanced_subsample')	0.1986141020007802	9.21018648147583
minMaxScaler();varianceThreshold();nystroem('rbf',2.8895609644236675,70,2,0.44703655996625935);adaBoost(decisionTree('entropy',4,14,0.01824293705279667,4,'None'),55,0.8474705316254194,'SAMME')	0.11886059851921275	8.160329341888428
pca(0.9797696201249317,False);adaBoost(decisionTree('entropy',12,19,0.49434895116812705,20,'None'),97,1.6147908369533124,'SAMME')	0.11452568556111373	17.286147356033325
robustScaler(True,True);adaBoost(decisionTree('entropy',27,19,0.2852135277486917,15,'None'),57,0.5701985709216075,'SAMME')	0.1535247865996907	7.549989223480225
minMaxScaler();varianceThreshold();nystroem('rbf',2.5300884533946255,70,4,0.10260084685970172);bernoulliNB(2.1620983813503516,False)	0.12777430418229324	3.4869630336761475
minMaxScaler();selectFwe(0.021257819713225292);nystroem('rbf',2.8895609644236675,70,2,0.44703655996625935);kNN(2,'uniform',1)	0.13197863837706358	4.161184072494507
pca(0.9327789797556615,False);fastICA(14,'parallel','unit-variance','exp');selectPercentile(30.651032930779156);nystroem('cosine',2.8895609644236675,39,2,0.44703655996625935);minMaxScaler();logisticRegression('l1','sag',1000,0.8875305659718458,'None')	eval_error (Solver sag supports only 'l2' or None penalties, got l1 penalty.)	eval_error (Solver sag supports only 'l2' or None penalties, got l1 penalty.)
robustScaler(True,True);varianceThreshold();nystroem('rbf',2.8895609644236675,70,2,-0.903311741357937);adaBoost(decisionTree('entropy',30,17,0.836005573572394,10,'None'),39,0.19747663730920903,'SAMME')	0.13085119714045176	120.13187050819397
minMaxScaler();varianceThreshold();nystroem('rbf',2.8895609644236675,70,2,-0.903311741357937);adaBoost(decisionTree('entropy',30,17,0.836005573572394,10,'None'),39,0.19747663730920903,'SAMME')	0.13217754107361215	159.5446650981903
kNN(10,'uniform',1)	0.13257657600417494	1.531348705291748
minMaxScaler();varianceThreshold();nystroem('rbf',2.8895609644236675,70,2,-0.903311741357937);randomForest(96,'entropy',0.8245326211057018,17,18,True,'balanced_subsample')	0.17698278729193997	185.39108848571777
selectPercentile(74.52506113033547);fastICA(60,'parallel','unit-variance','logcosh');robustScaler(False,True);minMaxScaler();adaBoost(decisionTree('entropy',30,17,0.836005573572394,10,'None'),39,0.19747663730920903,'SAMME')	0.13117075619104676	12.848481178283691
maxAbsScaler();minMaxScaler();adaBoost(decisionTree('entropy',30,17,0.836005573572394,10,'None'),39,0.19747663730920903,'SAMME')	0.14325563938448432	cached
kNN(10,'uniform',1)	0.13257657600417494	cached
maxAbsScaler();selectFwe(0.04049936641202025);selectFwe(0.04857105558504968);minMaxScaler();nystroem('poly',3.612332936527493,94,2,-0.903311741357937);minMaxScaler();maxAbsScaler();randomForest(69,'gini','log2',4,9,False,'balanced')	invalid_ind (duplicated operator)	invalid_ind (duplicated operator)
minMaxScaler();selectFwe(0.021257819713225292);nystroem('rbf',2.8895609644236675,70,2,0.44703655996625935);kNN(2,'uniform',1)	0.13197863837706358	cached
robustScaler(True,True);selectFwe(0.04794462400370385);maxAbsScaler();bernoulliNB(1.4125572166967946,True)	0.09102278956231047	2.241628646850586
kNN(15,'uniform',1)	0.12248708531636196	2.867269515991211
robustScaler(True,True);adaBoost(decisionTree('entropy',30,19,0.2852135277486917,15,'None'),39,0.19747663730920903,'SAMME')	0.14106687776501348	5.163891792297363
minMaxScaler();varianceThreshold();nystroem('rbf',2.8895609644236675,70,2,0.44703655996625935);adaBoost(decisionTree('entropy',4,14,0.01824293705279667,4,'None'),55,0.8474705316254194,'SAMME')	0.11886059851921275	8.136740446090698
randomForest(69,'gini','log2',4,9,False,'balanced_subsample')	0.20073389279759332	5.365608215332031
robustScaler(False,True);adaBoost(decisionTree('entropy',27,19,0.2852135277486917,15,'None'),57,0.5701985709216075,'SAMME')	0.15260351705855899	6.995242595672607
robustScaler(False,True);adaBoost(decisionTree('entropy',27,19,0.2852135277486917,15,'None'),57,0.5701985709216075,'SAMME')	0.15260351705855899	6.9249267578125
maxAbsScaler();minMaxScaler();adaBoost(decisionTree('entropy',30,17,0.836005573572394,10,'None'),39,0.19747663730920903,'SAMME')	0.14325563938448432	9.91476058959961
minMaxScaler();fastICA(95,'deflation','unit-variance','cube');nystroem('rbf',2.8895609644236675,70,2,0.44703655996625935);minMaxScaler();randomForest(96,'gini','log2',4,9,False,'balanced_subsample')	invalid_ind (duplicated operator)	invalid_ind (duplicated operator)
selectPercentile(1.211709007837516);fastICA(94,'parallel','unit-variance','logcosh');robustScaler(False,True);adaBoost(decisionTree('entropy',4,14,0.01824293705279667,4,'None'),55,0.8474705316254194,'SAMME')	0.10718855822823578	4.728615999221802
selectPercentile(74.52506113033547);fastICA(60,'parallel','unit-variance','logcosh');robustScaler(False,True);minMaxScaler();randomForest(96,'entropy',0.8245326211057018,17,18,True,'balanced_subsample')	0.22825348260158274	cached
selectPercentile(74.52506113033547);fastICA(94,'parallel','unit-variance','logcosh');robustScaler(True,True);minMaxScaler();randomForest(96,'gini','log2',4,9,False,'balanced_subsample')	0.1986141020007802	9.447131156921387
fastICA(88,'deflation','arbitrary-variance','exp');extraTreesClassifier(73,'gini','log2',10,11,True,'balanced_subsample')	0.17306231490267004	7.668266296386719
robustScaler(True,False);pca(0.577675494583219,True);selectFwe(0.004433434348235422);fastICA(68,'parallel','unit-variance','cube');fastICA(96,'deflation','unit-variance','cube');varianceThreshold();randomForest(55,'entropy','sqrt',6,4,False,'balanced')	invalid_ind (duplicated operator)	invalid_ind (duplicated operator)
selectPercentile(74.52506113033547);fastICA(60,'parallel','unit-variance','logcosh');robustScaler(False,True);minMaxScaler();adaBoost(decisionTree('entropy',30,17,0.836005573572394,10,'None'),39,0.19747663730920903,'SAMME')	0.13117075619104676	cached
selectPercentile(74.52506113033547);fastICA(94,'parallel','unit-variance','logcosh');robustScaler(False,True);minMaxScaler();randomForest(96,'gini','log2',4,9,False,'balanced_subsample')	0.1986141020007802	cached
selectFwe(0.0015382798768397298);pca(0.7109527512982751,True);selectFwe(0.021257819713225292);decisionTree('entropy',7,20,0.7585504020651886,16,'None')	invalid_ind (duplicated operator)	invalid_ind (duplicated operator)
nystroem('poly',3.612332936527493,22,2,-0.903311741357937);varianceThreshold();minMaxScaler();maxAbsScaler();adaBoost(decisionTree('entropy',16,10,0.5134412166930334,6,'None'),36,1.9111547321302806,'SAMME')	0.1310689326974827	cached
selectPercentile(74.52506113033547);fastICA(60,'parallel','unit-variance','logcosh');robustScaler(False,True);minMaxScaler();adaBoost(decisionTree('entropy',6,9,0.14718548890434413,12,'balanced'),54,1.527960113208621,'SAMME')	0.12336743598059197	11.99136734008789
minMaxScaler();selectFwe(0.017915467040969437);nystroem('rbf',2.8895609644236675,70,2,-0.19415663267329997);bernoulliNB(2.1620983813503516,False)	0.13643152744432774	3.955127000808716
maxAbsScaler();selectFwe(0.021257819713225292);selectFwe(0.04857105558504968);minMaxScaler();nystroem('cosine',3.1719914632542565,79,2,0.44703655996625935);minMaxScaler();maxAbsScaler();randomForest(69,'gini','log2',4,9,False,'balanced_subsample')	invalid_ind (duplicated operator)	invalid_ind (duplicated operator)
selectPercentile(74.52506113033547);fastICA(94,'parallel','unit-variance','logcosh');robustScaler(False,True);minMaxScaler();randomForest(96,'entropy',0.8245326211057018,17,18,True,'balanced_subsample')	0.22825348260158274	29.85124135017395
selectPercentile(74.52506113033547);fastICA(94,'parallel','unit-variance','logcosh');robustScaler(False,True);minMaxScaler();randomForest(96,'gini','log2',4,9,False,'balanced_subsample')	0.1986141020007802	cached
selectPercentile(74.52506113033547);fastICA(94,'parallel','unit-variance','logcosh');robustScaler(False,True);minMaxScaler();kNN(10,'uniform',1)	0.13587446119674823	4.4055726528167725
kNN(2,'uniform',1)	0.13797135334112412	3.0114893913269043
minMaxScaler();varianceThreshold();nystroem('rbf',2.5300884533946255,70,2,0.10260084685970172);bernoulliNB(34.06933044152517,True)	0.08039935608232449	3.6395838260650635
minMaxScaler();selectFwe(0.021257819713225292);nystroem('rbf',2.8895609644236675,70,2,0.44703655996625935);kNN(10,'uniform',1)	0.12490826857363739	4.450299501419067
selectPercentile(74.52506113033547);fastICA(94,'parallel','unit-variance','logcosh');robustScaler(False,True);minMaxScaler();randomForest(96,'entropy',0.8245326211057018,17,18,True,'balanced_subsample')	0.22825348260158274	cached
selectPercentile(74.52506113033547);fastICA(60,'parallel','unit-variance','logcosh');robustScaler(False,True);minMaxScaler();adaBoost(decisionTree('entropy',30,17,0.836005573572394,10,'None'),39,0.19747663730920903,'SAMME')	0.13117075619104676	cached
selectPercentile(74.52506113033547);fastICA(60,'parallel','unit-variance','logcosh');robustScaler(False,True);minMaxScaler();adaBoost(decisionTree('gini',27,14,0.6492744534791731,17,'None'),19,0.3998783881797264,'SAMME')	0.1353168441818416	6.352713584899902
selectPercentile(74.52506113033547);fastICA(60,'parallel','unit-variance','logcosh');robustScaler(False,True);minMaxScaler();randomForest(96,'entropy',0.8245326211057018,17,18,True,'balanced_subsample')	0.22825348260158274	cached
robustScaler(True,True);varianceThreshold();nystroem('rbf',2.8895609644236675,70,2,0.44703655996625935);adaBoost(decisionTree('entropy',4,14,0.01824293705279667,4,'None'),55,0.8474705316254194,'SAMME')	0.09476867811804736	7.079876899719238
nystroem('cosine',3.1719914632542565,22,5,-0.19415663267329997);varianceThreshold();minMaxScaler();maxAbsScaler();adaBoost(decisionTree('entropy',16,10,0.5134412166930334,6,'None'),36,1.9111547321302806,'SAMME')	0.1262391475379677	54.317997455596924
randomForest(96,'entropy',0.8245326211057018,17,18,True,'balanced_subsample')	0.18788706503468525	16.381391048431396
minMaxScaler();varianceThreshold();nystroem('rbf',2.8895609644236675,70,2,-0.903311741357937);adaBoost(decisionTree('entropy',27,17,0.836005573572394,10,'None'),57,0.5701985709216075,'SAMME')	eval_timeout_error	eval_timeout_error
minMaxScaler();varianceThreshold();nystroem('rbf',2.8895609644236675,70,2,-0.903311741357937);adaBoost(decisionTree('entropy',30,17,0.836005573572394,10,'None'),39,0.19747663730920903,'SAMME')	0.13217754107361215	115.5925977230072
robustScaler(True,False);pca(0.577675494583219,True);selectFwe(0.004433434348235422);fastICA(48,'parallel','arbitrary-variance','cube');fastICA(96,'deflation','unit-variance','cube');varianceThreshold();randomForest(55,'entropy','sqrt',6,4,False,'balanced')	invalid_ind (duplicated operator)	invalid_ind (duplicated operator)
selectPercentile(74.52506113033547);fastICA(94,'parallel','unit-variance','logcosh');robustScaler(False,True);minMaxScaler();randomForest(96,'gini','log2',4,9,False,'balanced_subsample')	0.1986141020007802	cached
minMaxScaler();selectFwe(0.021257819713225292);nystroem('rbf',2.8895609644236675,70,2,0.44703655996625935);kNN(2,'uniform',1)	0.13197863837706358	cached
selectPercentile(74.52506113033547);fastICA(60,'parallel','unit-variance','logcosh');robustScaler(False,True);minMaxScaler();adaBoost(decisionTree('gini',27,14,0.6492744534791731,17,'None'),19,0.3998783881797264,'SAMME')	0.1353168441818416	cached
minMaxScaler();selectFwe(0.021257819713225292);nystroem('rbf',2.8895609644236675,70,2,0.44703655996625935);kNN(10,'uniform',1)	0.12490826857363739	3.7403619289398193
selectPercentile(74.52506113033547);fastICA(94,'parallel','unit-variance','logcosh');robustScaler(False,True);minMaxScaler();randomForest(96,'gini','log2',4,9,False,'balanced_subsample')	0.1986141020007802	8.649064540863037
selectPercentile(74.52506113033547);fastICA(94,'parallel','unit-variance','logcosh');robustScaler(False,True);minMaxScaler();randomForest(25,'entropy',0.8245326211057018,17,18,True,'balanced_subsample')	0.22090903205508425	9.505715370178223
selectPercentile(74.52506113033547);fastICA(60,'parallel','unit-variance','logcosh');robustScaler(False,True);minMaxScaler();randomForest(96,'entropy',0.8245326211057018,17,18,True,'balanced_subsample')	0.22825348260158274	cached
selectPercentile(74.52506113033547);fastICA(94,'parallel','unit-variance','logcosh');robustScaler(True,True);minMaxScaler();randomForest(96,'gini','log2',4,9,False,'balanced_subsample')	0.1986141020007802	cached
selectPercentile(74.52506113033547);fastICA(60,'parallel','unit-variance','logcosh');robustScaler(False,True);minMaxScaler();randomForest(96,'entropy',0.8245326211057018,17,18,True,'balanced_subsample')	0.22825348260158274	cached
fastICA(88,'parallel','arbitrary-variance','cube');extraTreesClassifier(73,'gini','log2',10,11,True,'balanced_subsample')	0.17011959238998675	cached
selectPercentile(74.52506113033547);fastICA(94,'parallel','unit-variance','logcosh');robustScaler(False,True);minMaxScaler();randomForest(96,'gini','log2',4,9,True,'balanced_subsample')	0.1992983275760901	6.684706926345825
maxAbsScaler();minMaxScaler();adaBoost(decisionTree('entropy',30,17,0.836005573572394,10,'None'),39,0.19747663730920903,'SAMME')	0.14325563938448432	9.909235954284668
randomForest(69,'gini','log2',4,9,False,'balanced_subsample')	0.20073389279759332	4.7509050369262695
selectPercentile(74.52506113033547);fastICA(94,'parallel','unit-variance','logcosh');robustScaler(False,True);minMaxScaler();randomForest(96,'entropy',0.8245326211057018,17,18,True,'balanced_subsample')	0.22825348260158274	25.632039070129395
selectPercentile(74.52506113033547);fastICA(60,'deflation','unit-variance','exp');robustScaler(False,True);minMaxScaler();randomForest(96,'entropy',0.8245326211057018,17,18,True,'balanced_subsample')	0.21055802446618016	26.228883266448975
randomForest(96,'entropy',0.8245326211057018,17,18,False,'balanced_subsample')	0.1752004232649747	16.566551208496094
selectPercentile(74.52506113033547);fastICA(60,'parallel','unit-variance','logcosh');robustScaler(False,True);minMaxScaler();randomForest(96,'entropy',0.8245326211057018,17,18,True,'balanced_subsample')	0.22825348260158274	20.594443559646606
selectPercentile(1.211709007837516);fastICA(94,'parallel','unit-variance','logcosh');robustScaler(False,True);adaBoost(decisionTree('entropy',4,14,0.01824293705279667,4,'None'),55,1.9111547321302806,'SAMME')	0.09033247389313985	5.051644325256348
minMaxScaler();selectFwe(0.017915467040969437);nystroem('rbf',2.8895609644236675,70,2,-0.19415663267329997);bernoulliNB(2.1620983813503516,False)	0.13643152744432774	3.250962018966675
minMaxScaler();maxAbsScaler();varianceThreshold();nystroem('poly',1.2158036515305695,51,3,-0.315166417753596);minMaxScaler();minMaxScaler();selectFwe(0.04511119471322308);randomForest(96,'gini','log2',4,9,False,'balanced_subsample')	invalid_ind (duplicated operator)	invalid_ind (duplicated operator)
selectPercentile(74.52506113033547);fastICA(60,'parallel','unit-variance','logcosh');robustScaler(False,True);minMaxScaler();adaBoost(decisionTree('entropy',6,9,0.14718548890434413,12,'balanced'),54,1.527960113208621,'SAMME')	0.12336743598059197	cached
selectPercentile(74.52506113033547);fastICA(94,'parallel','unit-variance','logcosh');robustScaler(False,True);minMaxScaler();randomForest(96,'gini','log2',4,9,False,'balanced_subsample')	0.1986141020007802	cached
selectPercentile(74.52506113033547);fastICA(60,'parallel','unit-variance','logcosh');robustScaler(False,True);minMaxScaler();adaBoost(decisionTree('gini',27,14,0.6492744534791731,17,'None'),19,0.3998783881797264,'SAMME')	0.1353168441818416	cached
selectPercentile(74.52506113033547);fastICA(94,'parallel','unit-variance','logcosh');robustScaler(False,True);minMaxScaler();kNN(10,'uniform',1)	0.13587446119674823	cached
nystroem('sigmoid',2.21461204448059,58,4,-0.07774929985891488);qda(0.8438805459235589)	eval_error (The covariance matrix of class 16 is not full rank. When using `solver='svd'` the number of samples in each class should be more than the number of features, but class 16 has 43 samples and 58 features. Try using `solver='eigen'` and setting the parameter `shrinkage` for regularization.)	eval_error (The covariance matrix of class 16 is not full rank. When using `solver='svd'` the number of samples in each class should be more than the number of features, but class 16 has 43 samples and 58 features. Try using `solver='eigen'` and setting the parameter `shrinkage` for regularization.)
fastICA(88,'parallel','arbitrary-variance','logcosh');extraTreesClassifier(73,'gini','log2',10,11,True,'balanced_subsample')	0.1588638784533722	8.596588611602783
maxAbsScaler();minMaxScaler();adaBoost(decisionTree('entropy',30,17,0.836005573572394,10,'None'),39,0.19747663730920903,'SAMME')	0.14325563938448432	11.883707761764526
robustScaler(True,False);adaBoost(decisionTree('entropy',22,19,0.2852135277486917,4,'None'),39,0.19747663730920903,'SAMME')	0.13607596575267464	7.930490493774414
minMaxScaler();varianceThreshold();nystroem('rbf',2.8895609644236675,70,2,-0.903311741357937);adaBoost(decisionTree('gini',2,2,0.2988936296383832,6,'None'),26,1.9704121378295623,'SAMME')	0.09418100251289374	6.840136528015137
randomForest(96,'entropy',0.8245326211057018,17,18,True,'balanced_subsample')	0.18788706503468525	cached
maxAbsScaler();minMaxScaler();randomForest(96,'entropy',0.8245326211057018,17,18,True,'balanced_subsample')	0.18790986491848963	16.911126375198364
selectPercentile(74.52506113033547);maxAbsScaler();robustScaler(False,True);minMaxScaler();randomForest(96,'gini','log2',4,9,False,'balanced_subsample')	0.1989273423166525	7.6315085887908936
selectPercentile(74.52506113033547);fastICA(94,'parallel','unit-variance','logcosh');robustScaler(False,True);minMaxScaler();randomForest(96,'gini','log2',4,9,False,'balanced_subsample')	0.1986141020007802	10.42023491859436
fastICA(94,'parallel','unit-variance','logcosh');minMaxScaler();adaBoost(decisionTree('gini',22,4,0.4183012231998948,1,'None'),39,0.19747663730920903,'SAMME')	0.1313595820677119	10.628724813461304
selectPercentile(74.52506113033547);fastICA(94,'parallel','unit-variance','logcosh');robustScaler(False,True);minMaxScaler();randomForest(96,'entropy',0.8245326211057018,17,18,True,'balanced_subsample')	0.22825348260158274	27.443196773529053
selectPercentile(74.52506113033547);fastICA(60,'parallel','unit-variance','logcosh');robustScaler(False,True);minMaxScaler();adaBoost(decisionTree('entropy',30,17,0.836005573572394,10,'None'),39,0.19747663730920903,'SAMME')	0.13117075619104676	20.650612831115723
selectPercentile(74.52506113033547);fastICA(60,'parallel','unit-variance','logcosh');robustScaler(False,True);minMaxScaler();adaBoost(decisionTree('gini',10,17,0.3798537738244615,16,'balanced'),54,1.5352605883611838,'SAMME')	0.11988321200406753	6.398320198059082
selectPercentile(74.52506113033547);fastICA(94,'parallel','unit-variance','logcosh');robustScaler(False,True);minMaxScaler();randomForest(96,'entropy',0.8245326211057018,17,18,True,'balanced_subsample')	0.22825348260158274	23.119935750961304
nystroem('cosine',3.1719914632542565,22,5,-0.19415663267329997);varianceThreshold();minMaxScaler();maxAbsScaler();adaBoost(decisionTree('entropy',16,10,0.5134412166930334,6,'None'),36,0.8474705316254194,'SAMME')	0.12903455494875385	47.854323625564575
selectPercentile(74.52506113033547);fastICA(94,'parallel','unit-variance','logcosh');robustScaler(False,True);minMaxScaler();randomForest(25,'entropy',0.8245326211057018,17,18,True,'balanced_subsample')	0.22090903205508425	cached
selectPercentile(74.52506113033547);fastICA(94,'parallel','unit-variance','logcosh');robustScaler(False,True);minMaxScaler();randomForest(25,'entropy',0.8245326211057018,17,18,True,'balanced_subsample')	0.22090903205508425	cached
maxAbsScaler();minMaxScaler();adaBoost(decisionTree('entropy',30,17,0.836005573572394,10,'None'),39,0.19747663730920903,'SAMME')	0.14325563938448432	cached
selectPercentile(74.52506113033547);fastICA(60,'parallel','unit-variance','logcosh');robustScaler(False,True);minMaxScaler();randomForest(96,'entropy',0.8245326211057018,17,18,True,'balanced_subsample')	0.22825348260158274	cached
selectPercentile(74.52506113033547);fastICA(94,'parallel','unit-variance','logcosh');robustScaler(False,True);minMaxScaler();randomForest(96,'gini','log2',4,9,False,'balanced_subsample')	0.1986141020007802	cached
selectPercentile(74.52506113033547);fastICA(94,'parallel','unit-variance','logcosh');robustScaler(False,True);minMaxScaler();randomForest(96,'gini','log2',4,9,False,'balanced_subsample')	0.1986141020007802	cached
selectPercentile(74.52506113033547);fastICA(60,'parallel','unit-variance','logcosh');robustScaler(False,True);minMaxScaler();randomForest(96,'entropy',0.8245326211057018,17,18,True,'balanced_subsample')	0.22825348260158274	cached
selectPercentile(36.26047376113778);minMaxScaler();adaBoost(decisionTree('entropy',30,17,0.836005573572394,10,'None'),39,0.19747663730920903,'SAMME')	0.13365409593615668	5.810137987136841
fastICA(94,'parallel','arbitrary-variance','logcosh');extraTreesClassifier(73,'gini','log2',10,11,True,'balanced_subsample')	0.1588638784533722	7.772020101547241
randomForest(96,'gini',0.8245326211057018,17,18,False,'balanced_subsample')	0.16235150098015566	9.816763877868652
selectPercentile(74.52506113033547);maxAbsScaler();robustScaler(False,True);minMaxScaler();randomForest(96,'entropy',0.8245326211057018,17,18,True,'balanced_subsample')	0.19559501358681422	14.32237982749939
selectPercentile(74.52506113033547);maxAbsScaler();robustScaler(False,True);minMaxScaler();randomForest(96,'entropy',0.8245326211057018,17,18,True,'balanced_subsample')	0.19559501358681422	14.475296020507812
selectPercentile(74.52506113033547);fastICA(94,'parallel','unit-variance','logcosh');robustScaler(False,True);minMaxScaler();randomForest(96,'gini','log2',4,9,False,'balanced_subsample')	0.1986141020007802	10.46640396118164
selectPercentile(74.52506113033547);fastICA(94,'parallel','unit-variance','logcosh');robustScaler(False,True);minMaxScaler();randomForest(96,'entropy','log2',4,9,True,'balanced_subsample')	0.191502430154444	19.223334312438965
selectPercentile(74.52506113033547);fastICA(60,'deflation','unit-variance','exp');robustScaler(False,False);minMaxScaler();randomForest(96,'entropy',0.8245326211057018,6,18,True,'balanced_subsample')	0.21055802446618016	29.62948203086853
selectPercentile(74.52506113033547);fastICA(94,'parallel','unit-variance','logcosh');robustScaler(False,True);minMaxScaler();randomForest(96,'gini','log2',4,9,False,'balanced_subsample')	0.1986141020007802	11.31143307685852
fastICA(94,'parallel','unit-variance','logcosh');minMaxScaler();adaBoost(decisionTree('gini',22,4,0.4183012231998948,1,'None'),39,0.19747663730920903,'SAMME')	0.1313595820677119	cached
selectPercentile(74.52506113033547);fastICA(94,'parallel','unit-variance','logcosh');robustScaler(False,True);minMaxScaler();randomForest(96,'entropy',0.8245326211057018,17,18,True,'balanced_subsample')	0.22825348260158274	cached
fastICA(88,'parallel','arbitrary-variance','logcosh');extraTreesClassifier(73,'gini','log2',10,11,True,'balanced_subsample')	0.1588638784533722	7.462423801422119
nystroem('sigmoid',2.21461204448059,58,4,-0.07774929985891488);qda(0.8438805459235589)	eval_error (The covariance matrix of class 16 is not full rank. When using `solver='svd'` the number of samples in each class should be more than the number of features, but class 16 has 43 samples and 58 features. Try using `solver='eigen'` and setting the parameter `shrinkage` for regularization.)	eval_error (The covariance matrix of class 16 is not full rank. When using `solver='svd'` the number of samples in each class should be more than the number of features, but class 16 has 43 samples and 58 features. Try using `solver='eigen'` and setting the parameter `shrinkage` for regularization.)
selectPercentile(74.52506113033547);fastICA(60,'parallel','unit-variance','logcosh');robustScaler(False,True);fastICA(34,'parallel','unit-variance','cube');randomForest(96,'entropy',0.8245326211057018,17,18,True,'balanced_subsample')	invalid_ind (duplicated operator)	invalid_ind (duplicated operator)
selectPercentile(74.52506113033547);fastICA(88,'deflation','unit-variance','exp');robustScaler(False,True);minMaxScaler();randomForest(96,'entropy',0.8245326211057018,17,18,True,'balanced_subsample')	0.21055802446618016	32.351049184799194
selectPercentile(74.52506113033547);fastICA(94,'parallel','unit-variance','logcosh');robustScaler(False,True);minMaxScaler();randomForest(96,'gini','log2',4,9,False,'balanced_subsample')	0.1986141020007802	cached
fastICA(94,'parallel','unit-variance','logcosh');minMaxScaler();adaBoost(decisionTree('gini',22,4,0.4183012231998948,1,'None'),39,0.19747663730920903,'SAMME')	0.1313595820677119	cached
selectPercentile(74.52506113033547);fastICA(88,'deflation','unit-variance','exp');robustScaler(False,True);minMaxScaler();adaBoost(decisionTree('gini',11,20,0.3564222936183017,6,'None'),72,0.6833502888879899,'SAMME')	0.11651741807465536	10.9747896194458
minMaxScaler();selectFwe(0.021257819713225292);nystroem('rbf',2.8895609644236675,70,2,0.44703655996625935);kNN(2,'uniform',1)	0.13197863837706358	4.335843563079834
minMaxScaler();pca(0.9542002976145291,True);robustScaler(False,True);minMaxScaler();randomForest(96,'entropy',0.8245326211057018,17,18,True,'balanced_subsample')	invalid_ind (duplicated operator)	invalid_ind (duplicated operator)
minMaxScaler();maxAbsScaler();varianceThreshold();nystroem('poly',1.2158036515305695,51,3,-0.315166417753596);minMaxScaler();minMaxScaler();selectFwe(0.04511119471322308);randomForest(96,'entropy','log2',4,9,True,'balanced_subsample')	invalid_ind (duplicated operator)	invalid_ind (duplicated operator)
fastICA(94,'parallel','arbitrary-variance','logcosh');extraTreesClassifier(73,'gini','log2',10,11,True,'balanced_subsample')	0.1588638784533722	8.69358205795288
selectPercentile(43.344869723889154);fastICA(59,'parallel','unit-variance','cube');robustScaler(False,True);minMaxScaler();randomForest(96,'entropy',0.8245326211057018,17,18,True,'balanced_subsample')	0.20481338650384062	21.915082216262817
fastICA(60,'parallel','arbitrary-variance','logcosh');extraTreesClassifier(73,'gini','log2',10,11,True,'balanced_subsample')	0.1588638784533722	9.086121082305908
selectFwe(0.021257819713225292);fastICA(60,'parallel','unit-variance','logcosh');robustScaler(False,True);minMaxScaler();randomForest(96,'entropy',0.8245326211057018,17,18,True,'balanced_subsample')	0.21286266381971783	28.815494060516357
minMaxScaler();selectPercentile(74.52506113033547);nystroem('rbf',2.8895609644236675,70,2,0.44703655996625935);kNN(10,'uniform',1)	0.13190561015663993	3.8326375484466553
maxAbsScaler();minMaxScaler();randomForest(96,'gini',0.8245326211057018,17,18,False,'balanced_subsample')	0.16262517261274184	14.202994346618652
minMaxScaler();selectFwe(0.017915467040969437);nystroem('rbf',2.8895609644236675,70,2,-0.19415663267329997);bernoulliNB(2.1620983813503516,False)	0.13643152744432774	3.4842958450317383
selectPercentile(74.52506113033547);fastICA(88,'parallel','unit-variance','logcosh');robustScaler(False,True);minMaxScaler();randomForest(96,'entropy',0.8245326211057018,17,18,True,'balanced_subsample')	0.22825348260158274	27.128910541534424
selectPercentile(74.52506113033547);fastICA(60,'deflation','unit-variance','exp');robustScaler(False,True);minMaxScaler();randomForest(96,'entropy',0.8245326211057018,17,18,True,'balanced_subsample')	0.21055802446618016	27.025196075439453
selectPercentile(74.52506113033547);fastICA(94,'parallel','unit-variance','logcosh');robustScaler(False,True);minMaxScaler();randomForest(96,'entropy',0.8245326211057018,7,18,True,'balanced_subsample')	0.22825348260158274	26.581488370895386
selectPercentile(74.52506113033547);fastICA(94,'parallel','unit-variance','logcosh');robustScaler(False,True);minMaxScaler();randomForest(96,'entropy',0.8245326211057018,17,18,True,'balanced_subsample')	0.22825348260158274	21.931211233139038
maxAbsScaler();minMaxScaler();randomForest(96,'gini','log2',4,9,False,'balanced_subsample')	0.19078010288437158	4.549753904342651
minMaxScaler();selectFwe(0.017915467040969437);fastICA(88,'parallel','unit-variance','logcosh');selectFwe(0.022406622768075816);minMaxScaler();randomForest(96,'entropy',0.8245326211057018,17,18,True,'balanced_subsample')	invalid_ind (duplicated operator)	invalid_ind (duplicated operator)
minMaxScaler();maxAbsScaler();varianceThreshold();nystroem('poly',1.2158036515305695,51,3,-0.315166417753596);minMaxScaler();minMaxScaler();selectFwe(0.04511119471322308);randomForest(96,'gini','log2',4,9,False,'balanced_subsample')	invalid_ind (duplicated operator)	invalid_ind (duplicated operator)
selectPercentile(74.52506113033547);fastICA(94,'parallel','unit-variance','logcosh');robustScaler(False,True);minMaxScaler();randomForest(25,'entropy',0.8245326211057018,17,18,True,'balanced_subsample')	0.22090903205508425	cached
selectPercentile(74.52506113033547);nystroem('rbf',2.8895609644236675,70,2,-0.19415663267329997);bernoulliNB(2.1620983813503516,False)	0.12905762042030594	3.390763759613037
fastICA(94,'parallel','arbitrary-variance','logcosh');extraTreesClassifier(73,'gini','log2',10,11,True,'balanced_subsample')	0.1588638784533722	7.374870777130127
minMaxScaler();maxAbsScaler();varianceThreshold();nystroem('poly',1.2158036515305695,51,3,-0.315166417753596);minMaxScaler();minMaxScaler();selectFwe(0.04511119471322308);randomForest(96,'entropy','log2',4,9,True,'balanced_subsample')	invalid_ind (duplicated operator)	invalid_ind (duplicated operator)
selectPercentile(74.52506113033547);fastICA(94,'parallel','unit-variance','logcosh');robustScaler(False,True);minMaxScaler();randomForest(96,'gini','log2',4,9,False,'balanced_subsample')	0.1986141020007802	cached
selectPercentile(74.52506113033547);fastICA(94,'parallel','unit-variance','logcosh');robustScaler(False,True);minMaxScaler();randomForest(25,'entropy',0.8245326211057018,17,18,True,'balanced_subsample')	0.22090903205508425	cached
selectPercentile(74.52506113033547);fastICA(94,'parallel','unit-variance','logcosh');robustScaler(False,True);minMaxScaler();randomForest(96,'gini','log2',4,9,True,'balanced_subsample')	0.1992983275760901	8.449259042739868
randomForest(69,'entropy','log2',4,9,True,'balanced_subsample')	0.19963115053518948	8.745871305465698
randomForest(69,'gini','log2',4,9,True,'balanced_subsample')	0.20106333546380747	5.94578742980957
minMaxScaler();selectFwe(0.017915467040969437);selectPercentile(74.52506113033547);bernoulliNB(2.1620983813503516,False)	0.04505928853754941	3.7040507793426514
selectPercentile(87.85056674530549);fastICA(11,'parallel','unit-variance','logcosh');robustScaler(False,True);minMaxScaler();randomForest(68,'entropy',0.7461048822097588,17,18,True,'balanced_subsample')	0.1905491389944312	28.41886830329895
minMaxScaler();pca(0.9542002976145291,True);robustScaler(False,True);minMaxScaler();randomForest(96,'entropy',0.8245326211057018,17,18,True,'balanced_subsample')	invalid_ind (duplicated operator)	invalid_ind (duplicated operator)
selectPercentile(74.52506113033547);fastICA(94,'parallel','unit-variance','logcosh');robustScaler(False,True);minMaxScaler();randomForest(96,'entropy',0.8245326211057018,17,18,True,'balanced_subsample')	0.22825348260158274	cached
selectPercentile(74.52506113033547);maxAbsScaler();robustScaler(False,True);minMaxScaler();randomForest(96,'gini','log2',4,9,False,'balanced_subsample')	0.1989273423166525	10.590610265731812
selectPercentile(74.52506113033547);fastICA(88,'deflation','unit-variance','exp');robustScaler(False,True);minMaxScaler();randomForest(96,'entropy',0.8245326211057018,17,18,True,'balanced_subsample')	0.21055802446618016	39.708152055740356
selectFwe(0.021257819713225292);fastICA(60,'parallel','unit-variance','logcosh');robustScaler(False,True);minMaxScaler();randomForest(96,'entropy',0.8245326211057018,17,18,True,'balanced_subsample')	0.21286266381971783	cached
minMaxScaler();pca(0.9542002976145291,True);robustScaler(False,True);minMaxScaler();randomForest(96,'entropy',0.8245326211057018,17,18,True,'balanced_subsample')	invalid_ind (duplicated operator)	invalid_ind (duplicated operator)
selectPercentile(74.52506113033547);fastICA(60,'parallel','unit-variance','logcosh');robustScaler(False,True);minMaxScaler();randomForest(96,'entropy',0.8245326211057018,17,18,True,'balanced_subsample')	0.22825348260158274	cached
selectPercentile(74.52506113033547);fastICA(94,'parallel','unit-variance','logcosh');robustScaler(False,True);minMaxScaler();randomForest(96,'entropy',0.8245326211057018,17,18,True,'balanced_subsample')	0.22825348260158274	cached
selectFwe(0.021257819713225292);fastICA(60,'parallel','unit-variance','logcosh');robustScaler(False,True);minMaxScaler();randomForest(96,'entropy',0.8245326211057018,17,18,False,'balanced_subsample')	0.18308674646008058	53.08845043182373
selectPercentile(46.89275959366223);minMaxScaler();robustScaler(True,False);varianceThreshold();minMaxScaler();randomForest(96,'gini','log2',4,9,True,'balanced_subsample')	invalid_ind (duplicated operator)	invalid_ind (duplicated operator)
selectPercentile(74.52506113033547);fastICA(94,'parallel','unit-variance','logcosh');robustScaler(False,True);minMaxScaler();randomForest(96,'gini','log2',4,9,False,'balanced_subsample')	0.1986141020007802	13.303976058959961
selectPercentile(74.52506113033547);fastICA(94,'parallel','unit-variance','logcosh');robustScaler(False,True);minMaxScaler();randomForest(96,'entropy',0.8245326211057018,7,18,False,'balanced_subsample')	0.2066392598792927	66.29601049423218
selectPercentile(74.52506113033547);fastICA(94,'parallel','unit-variance','logcosh');robustScaler(False,True);minMaxScaler();randomForest(96,'entropy',0.8245326211057018,17,18,True,'balanced_subsample')	0.22825348260158274	37.89273190498352
selectPercentile(74.52506113033547);fastICA(94,'parallel','unit-variance','logcosh');robustScaler(False,True);minMaxScaler();randomForest(25,'entropy',0.8245326211057018,17,18,False,'balanced_subsample')	0.20678528308756458	17.399230003356934
nystroem('rbf',2.8895609644236675,70,2,-0.19415663267329997);fastICA(94,'parallel','unit-variance','logcosh');robustScaler(False,True);minMaxScaler();randomForest(96,'entropy','log2',4,9,True,'balanced_subsample')	0.14669951217566607	70.67247653007507
maxAbsScaler();minMaxScaler();randomForest(96,'gini','log2',4,9,True,'balanced_subsample')	0.19578354723849226	8.831897258758545
fastICA(94,'parallel','unit-variance','logcosh');fastICA(82,'deflation','unit-variance','exp');adaBoost(decisionTree('gini',22,4,0.4183012231998948,1,'None'),39,0.19747663730920903,'SAMME')	invalid_ind (duplicated operator)	invalid_ind (duplicated operator)
selectPercentile(74.52506113033547);fastICA(94,'parallel','unit-variance','logcosh');robustScaler(False,True);minMaxScaler();randomForest(25,'entropy',0.8245326211057018,17,18,True,'balanced_subsample')	0.22090903205508425	cached
selectPercentile(74.52506113033547);fastICA(94,'parallel','unit-variance','logcosh');robustScaler(False,True);minMaxScaler();randomForest(96,'entropy',0.8245326211057018,7,18,True,'balanced_subsample')	0.22825348260158274	cached
selectPercentile(74.52506113033547);fastICA(88,'parallel','unit-variance','logcosh');robustScaler(False,True);minMaxScaler();randomForest(96,'entropy',0.8245326211057018,17,18,True,'balanced_subsample')	0.22825348260158274	cached
selectPercentile(74.52506113033547);fastICA(94,'parallel','unit-variance','logcosh');robustScaler(False,False);minMaxScaler();randomForest(96,'gini',0.8245326211057018,6,18,False,'balanced_subsample')	0.16932888973518861	16.315247058868408
selectPercentile(74.52506113033547);fastICA(88,'parallel','unit-variance','exp');robustScaler(False,True);minMaxScaler();randomForest(96,'entropy','sqrt',19,18,True,'balanced_subsample')	0.2070294265202815	17.288651704788208
selectPercentile(74.52506113033547);fastICA(88,'deflation','unit-variance','exp');robustScaler(False,True);minMaxScaler();randomForest(96,'entropy',0.8245326211057018,17,18,True,'balanced_subsample')	0.21055802446618016	cached
selectPercentile(74.52506113033547);fastICA(88,'parallel','unit-variance','logcosh');robustScaler(False,True);minMaxScaler();randomForest(96,'entropy',0.8245326211057018,17,18,True,'balanced_subsample')	0.22825348260158274	32.05292844772339
fastICA(94,'parallel','arbitrary-variance','logcosh');adaBoost(decisionTree('gini',16,9,0.7304589886159543,8,'None'),61,0.018581601594582393,'SAMME')	0.12790904329495772	13.226930379867554
selectPercentile(74.52506113033547);fastICA(60,'deflation','unit-variance','exp');robustScaler(False,True);minMaxScaler();randomForest(96,'entropy','log2',4,9,True,'balanced_subsample')	0.19928818777187168	12.030396699905396
selectPercentile(74.52506113033547);maxAbsScaler();robustScaler(True,False);minMaxScaler();randomForest(96,'entropy',0.8245326211057018,17,18,True,'balanced_subsample')	0.19559501358681422	9.428821325302124
selectPercentile(74.52506113033547);fastICA(88,'deflation','unit-variance','exp');robustScaler(False,True);minMaxScaler();randomForest(96,'entropy',0.8245326211057018,17,18,True,'balanced_subsample')	0.21055802446618016	cached
selectPercentile(87.85056674530549);fastICA(11,'parallel','unit-variance','logcosh');robustScaler(False,True);minMaxScaler();randomForest(68,'entropy',0.7461048822097588,17,18,True,'balanced_subsample')	0.1905491389944312	cached
selectPercentile(74.52506113033547);fastICA(88,'deflation','unit-variance','exp');robustScaler(False,True);minMaxScaler();randomForest(96,'entropy',0.8245326211057018,17,18,True,'balanced_subsample')	0.21055802446618016	cached
randomForest(69,'gini','log2',4,9,False,'balanced_subsample')	0.20073389279759332	cached
logisticRegression('None','liblinear',1000,2.2413707780552667,'balanced')	eval_error (C=np.inf as well as penalty=None is not supported for the liblinear solver)	eval_error (C=np.inf as well as penalty=None is not supported for the liblinear solver)
selectPercentile(74.52506113033547);fastICA(94,'parallel','unit-variance','logcosh');robustScaler(False,True);minMaxScaler();randomForest(25,'entropy',0.8245326211057018,17,18,True,'balanced_subsample')	0.22090903205508425	cached
selectPercentile(74.52506113033547);fastICA(94,'parallel','unit-variance','logcosh');robustScaler(False,True);minMaxScaler();randomForest(96,'gini','log2',4,9,False,'balanced_subsample')	0.1986141020007802	cached
selectPercentile(74.52506113033547);fastICA(94,'parallel','unit-variance','logcosh');robustScaler(False,True);minMaxScaler();randomForest(96,'entropy',0.8245326211057018,17,18,True,'balanced_subsample')	0.22825348260158274	cached
minMaxScaler();pca(0.9542002976145291,True);robustScaler(False,True);minMaxScaler();randomForest(96,'entropy',0.8245326211057018,17,18,True,'balanced_subsample')	invalid_ind (duplicated operator)	invalid_ind (duplicated operator)
randomForest(69,'gini','log2',4,9,True,'balanced_subsample')	0.20106333546380747	4.974396467208862
selectPercentile(74.52506113033547);fastICA(94,'parallel','unit-variance','logcosh');robustScaler(False,True);minMaxScaler();randomForest(25,'entropy',0.8245326211057018,17,18,True,'balanced_subsample')	0.22090903205508425	8.599169731140137
varianceThreshold();minMaxScaler();selectFwe(0.02797346937566603);adaBoost(decisionTree('gini',10,17,0.6693649445790858,14,'balanced'),24,1.4230221615428527,'SAMME')	0.12571094109611272	4.142006158828735
selectPercentile(74.52506113033547);fastICA(60,'deflation','unit-variance','exp');robustScaler(False,True);minMaxScaler();randomForest(96,'entropy','log2',4,9,True,'balanced_subsample')	0.19928818777187168	cached
selectFwe(0.021257819713225292);fastICA(94,'parallel','unit-variance','logcosh');robustScaler(False,True);minMaxScaler();randomForest(96,'gini','log2',4,9,False,'balanced_subsample')	0.2046629377371068	11.142476320266724
selectPercentile(74.52506113033547);fastICA(94,'parallel','unit-variance','logcosh');robustScaler(False,True);minMaxScaler();randomForest(96,'entropy',0.8245326211057018,7,18,True,'balanced_subsample')	0.22825348260158274	27.51797080039978
selectFwe(0.021257819713225292);fastICA(94,'parallel','unit-variance','logcosh');robustScaler(False,True);minMaxScaler();randomForest(96,'entropy',0.8245326211057018,17,18,False,'balanced_subsample')	0.18308674646008058	36.47720456123352
fastICA(60,'deflation','unit-variance','logcosh');fastICA(82,'deflation','unit-variance','exp');adaBoost(decisionTree('gini',22,4,0.6665562728349981,1,'None'),39,0.19747663730920903,'SAMME')	invalid_ind (duplicated operator)	invalid_ind (duplicated operator)
selectPercentile(74.52506113033547);fastICA(88,'parallel','unit-variance','logcosh');robustScaler(False,True);minMaxScaler();randomForest(96,'entropy',0.8245326211057018,17,18,True,'balanced_subsample')	0.22825348260158274	28.56603240966797
selectPercentile(74.52506113033547);fastICA(94,'parallel','unit-variance','logcosh');robustScaler(False,True);minMaxScaler();randomForest(96,'entropy',0.8245326211057018,17,18,True,'balanced_subsample')	0.22825348260158274	29.111006021499634
selectPercentile(74.52506113033547);fastICA(60,'parallel','unit-variance','logcosh');robustScaler(False,True);minMaxScaler();randomForest(96,'entropy',0.8245326211057018,17,18,True,'balanced_subsample')	0.22825348260158274	31.048506259918213
selectPercentile(74.52506113033547);fastICA(94,'parallel','unit-variance','logcosh');robustScaler(False,True);minMaxScaler();randomForest(25,'entropy',0.8245326211057018,17,18,True,'balanced_subsample')	0.22090903205508425	cached
selectPercentile(74.52506113033547);fastICA(94,'parallel','unit-variance','logcosh');robustScaler(False,True);minMaxScaler();randomForest(25,'entropy',0.8245326211057018,17,18,False,'balanced_subsample')	0.20678528308756458	16.718833208084106
selectPercentile(74.52506113033547);fastICA(94,'parallel','unit-variance','logcosh');robustScaler(False,False);minMaxScaler();randomForest(25,'entropy',0.8245326211057018,17,18,True,'balanced_subsample')	0.22090903205508425	10.11219048500061
selectPercentile(74.52506113033547);fastICA(94,'parallel','unit-variance','logcosh');robustScaler(False,True);minMaxScaler();randomForest(96,'entropy',0.8245326211057018,17,18,True,'balanced_subsample')	0.22825348260158274	cached
selectPercentile(74.52506113033547);fastICA(94,'parallel','unit-variance','logcosh');robustScaler(False,True);minMaxScaler();randomForest(96,'entropy',0.8245326211057018,17,18,True,'balanced_subsample')	0.22825348260158274	cached
selectPercentile(74.52506113033547);fastICA(94,'parallel','unit-variance','logcosh');robustScaler(False,True);minMaxScaler();randomForest(96,'entropy',0.8245326211057018,17,18,True,'balanced_subsample')	0.22825348260158274	27.956427097320557
selectPercentile(74.52506113033547);fastICA(94,'parallel','unit-variance','logcosh');robustScaler(False,True);minMaxScaler();randomForest(25,'entropy',0.8245326211057018,17,18,True,'balanced_subsample')	0.22090903205508425	11.570664644241333
selectPercentile(74.52506113033547);fastICA(94,'parallel','unit-variance','logcosh');robustScaler(False,True);minMaxScaler();randomForest(96,'entropy',0.8245326211057018,17,18,True,'balanced_subsample')	0.22825348260158274	31.09265160560608
selectPercentile(74.52506113033547);fastICA(88,'deflation','unit-variance','exp');robustScaler(False,True);minMaxScaler();randomForest(96,'gini',0.8245326211057018,7,18,True,'balanced_subsample')	0.1952925771490848	14.932148694992065
selectPercentile(74.52506113033547);fastICA(88,'deflation','unit-variance','exp');robustScaler(False,True);minMaxScaler();randomForest(96,'entropy',0.8245326211057018,17,18,True,'balanced_subsample')	0.21055802446618016	33.1372811794281
selectPercentile(43.344869723889154);fastICA(94,'parallel','unit-variance','logcosh');robustScaler(False,True);minMaxScaler();randomForest(96,'entropy',0.8245326211057018,17,18,True,'balanced_subsample')	0.19708478624770914	21.151135206222534
selectPercentile(74.52506113033547);fastICA(59,'parallel','unit-variance','cube');robustScaler(False,True);minMaxScaler();randomForest(25,'entropy',0.8245326211057018,17,18,True,'balanced_subsample')	0.22243863663560143	10.69854474067688
fastICA(94,'parallel','arbitrary-variance','logcosh');adaBoost(decisionTree('gini',16,9,0.7304589886159543,8,'None'),61,0.018581601594582393,'SAMME')	0.12790904329495772	cached
selectPercentile(74.52506113033547);fastICA(94,'parallel','unit-variance','logcosh');robustScaler(False,True);minMaxScaler();randomForest(25,'entropy',0.8245326211057018,17,18,True,'balanced_subsample')	0.22090903205508425	cached
selectPercentile(61.81714702784871);fastICA(94,'parallel','unit-variance','logcosh');robustScaler(False,False);minMaxScaler();randomForest(96,'entropy',0.8245326211057018,6,18,True,'balanced_subsample')	0.20037972320951355	23.324122428894043
selectPercentile(74.52506113033547);fastICA(94,'parallel','unit-variance','logcosh');robustScaler(False,True);minMaxScaler();randomForest(96,'entropy',0.8245326211057018,7,18,True,'balanced_subsample')	0.22825348260158274	28.135820627212524
selectPercentile(74.52506113033547);fastICA(88,'parallel','unit-variance','logcosh');robustScaler(False,True);minMaxScaler();randomForest(96,'entropy',0.8245326211057018,17,18,True,'balanced_subsample')	0.22825348260158274	28.947102785110474
selectPercentile(74.52506113033547);fastICA(59,'parallel','unit-variance','cube');robustScaler(False,True);minMaxScaler();randomForest(96,'entropy',0.8245326211057018,17,18,True,'balanced_subsample')	0.2256305811446404	27.443905353546143
maxAbsScaler();maxAbsScaler();minMaxScaler();randomForest(96,'entropy',0.8245326211057018,17,18,True,'balanced_subsample')	invalid_ind (duplicated operator)	invalid_ind (duplicated operator)
selectPercentile(74.52506113033547);fastICA(94,'parallel','unit-variance','logcosh');robustScaler(False,True);minMaxScaler();randomForest(96,'gini',0.8245326211057018,17,18,False,'balanced_subsample')	0.16932888973518861	10.253143310546875
maxAbsScaler();maxAbsScaler();minMaxScaler();randomForest(96,'entropy',0.8245326211057018,17,18,True,'balanced_subsample')	invalid_ind (duplicated operator)	invalid_ind (duplicated operator)
selectPercentile(74.52506113033547);fastICA(88,'parallel','unit-variance','logcosh');robustScaler(False,True);minMaxScaler();randomForest(96,'entropy',0.8245326211057018,17,18,True,'balanced_subsample')	0.22825348260158274	cached
selectPercentile(74.52506113033547);fastICA(94,'parallel','unit-variance','logcosh');robustScaler(False,True);minMaxScaler();randomForest(96,'entropy',0.8245326211057018,17,18,True,'balanced_subsample')	0.22825348260158274	cached
selectPercentile(43.344869723889154);fastICA(94,'parallel','unit-variance','logcosh');robustScaler(False,True);minMaxScaler();randomForest(96,'entropy',0.8245326211057018,17,18,True,'balanced_subsample')	0.19708478624770914	cached
selectPercentile(74.52506113033547);fastICA(88,'deflation','unit-variance','exp');robustScaler(False,True);minMaxScaler();randomForest(96,'entropy',0.8245326211057018,17,18,True,'balanced_subsample')	0.21055802446618016	cached
selectPercentile(74.52506113033547);fastICA(94,'parallel','arbitrary-variance','logcosh');robustScaler(False,True);minMaxScaler();randomForest(25,'entropy',0.8245326211057018,17,18,True,'None')	0.13815853326087763	6.591213703155518
selectPercentile(74.52506113033547);fastICA(94,'parallel','unit-variance','logcosh');robustScaler(False,True);minMaxScaler();randomForest(25,'entropy',0.8245326211057018,17,18,True,'balanced_subsample')	0.22090903205508425	cached
selectPercentile(74.52506113033547);fastICA(94,'parallel','unit-variance','logcosh');robustScaler(False,False);minMaxScaler();randomForest(25,'entropy',0.8245326211057018,17,18,True,'balanced_subsample')	0.22090903205508425	cached
selectPercentile(74.52506113033547);fastICA(94,'parallel','unit-variance','logcosh');robustScaler(False,True);minMaxScaler();randomForest(96,'entropy',0.8245326211057018,7,18,True,'balanced_subsample')	0.22825348260158274	cached
selectPercentile(74.52506113033547);fastICA(94,'parallel','unit-variance','logcosh');robustScaler(False,True);minMaxScaler();randomForest(25,'entropy',0.8245326211057018,17,18,False,'balanced_subsample')	0.20678528308756458	13.893696069717407
selectPercentile(74.52506113033547);fastICA(94,'parallel','unit-variance','logcosh');robustScaler(False,True);minMaxScaler();randomForest(96,'entropy',0.8245326211057018,7,18,True,'balanced_subsample')	0.22825348260158274	25.85908579826355
selectPercentile(74.52506113033547);fastICA(94,'parallel','unit-variance','logcosh');robustScaler(False,True);minMaxScaler();randomForest(96,'entropy',0.8245326211057018,17,18,True,'balanced_subsample')	0.22825348260158274	26.534348249435425
selectPercentile(74.52506113033547);fastICA(94,'parallel','unit-variance','logcosh');robustScaler(False,True);minMaxScaler();randomForest(96,'entropy',0.8245326211057018,17,18,True,'balanced_subsample')	0.22825348260158274	28.156063079833984
maxAbsScaler();maxAbsScaler();maxAbsScaler();robustScaler(True,False);varianceThreshold();varianceThreshold();varianceThreshold();mlpClassifier((40, 20),0.098693822066432,0.0677479405722143,'lbfgs','logistic')	invalid_ind (duplicated operator)	invalid_ind (duplicated operator)
selectPercentile(74.52506113033547);fastICA(88,'parallel','unit-variance','logcosh');robustScaler(False,True);minMaxScaler();randomForest(96,'entropy',0.8245326211057018,17,18,True,'balanced_subsample')	0.22825348260158274	cached
selectPercentile(74.52506113033547);fastICA(94,'parallel','unit-variance','logcosh');robustScaler(False,True);minMaxScaler();randomForest(96,'entropy',0.8245326211057018,17,18,True,'balanced_subsample')	0.22825348260158274	cached
selectPercentile(74.52506113033547);fastICA(94,'parallel','unit-variance','logcosh');robustScaler(False,True);minMaxScaler();randomForest(96,'entropy',0.8245326211057018,17,18,True,'balanced_subsample')	0.22825348260158274	cached
minMaxScaler();pca(0.9542002976145291,True);robustScaler(False,True);minMaxScaler();randomForest(96,'entropy',0.8245326211057018,17,18,True,'balanced_subsample')	invalid_ind (duplicated operator)	invalid_ind (duplicated operator)
selectPercentile(74.52506113033547);fastICA(94,'parallel','unit-variance','cube');robustScaler(False,True);minMaxScaler();randomForest(96,'entropy',0.8245326211057018,17,18,True,'balanced_subsample')	0.2256305811446404	28.58489751815796
selectPercentile(74.52506113033547);fastICA(60,'parallel','unit-variance','logcosh');robustScaler(False,True);minMaxScaler();randomForest(96,'entropy',0.8245326211057018,17,18,True,'balanced_subsample')	0.22825348260158274	cached
selectPercentile(74.52506113033547);fastICA(94,'parallel','unit-variance','logcosh');robustScaler(False,True);minMaxScaler();randomForest(25,'entropy',0.8245326211057018,17,18,False,'balanced_subsample')	0.20678528308756458	cached
selectPercentile(74.52506113033547);fastICA(9,'parallel','unit-variance','exp');robustScaler(False,True);minMaxScaler();randomForest(25,'entropy',0.8245326211057018,17,18,True,'balanced_subsample')	0.22268409935044894	10.430660486221313
selectPercentile(74.52506113033547);fastICA(60,'parallel','unit-variance','logcosh');robustScaler(False,True);minMaxScaler();randomForest(96,'entropy',0.8245326211057018,17,18,True,'balanced_subsample')	0.22825348260158274	cached
selectFwe(0.021257819713225292);fastICA(60,'parallel','unit-variance','logcosh');robustScaler(False,True);minMaxScaler();randomForest(96,'entropy',0.8245326211057018,17,18,True,'balanced_subsample')	0.21286266381971783	cached
selectPercentile(74.52506113033547);fastICA(88,'parallel','unit-variance','logcosh');robustScaler(False,True);minMaxScaler();randomForest(25,'entropy',0.8245326211057018,17,18,True,'balanced_subsample')	0.22090903205508425	11.04838228225708
selectPercentile(74.52506113033547);fastICA(94,'parallel','unit-variance','logcosh');robustScaler(False,False);minMaxScaler();randomForest(96,'entropy',0.8245326211057018,17,18,True,'balanced_subsample')	0.22825348260158274	29.887696266174316
selectPercentile(74.52506113033547);fastICA(94,'parallel','unit-variance','logcosh');robustScaler(False,True);minMaxScaler();randomForest(25,'entropy',0.8245326211057018,17,18,True,'balanced_subsample')	0.22090903205508425	9.394254684448242
selectPercentile(85.73072533743556);fastICA(49,'parallel','unit-variance','cube');robustScaler(False,True);minMaxScaler();randomForest(96,'entropy',0.8245326211057018,17,18,True,'balanced_subsample')	0.2108377634097805	34.891451835632324
selectPercentile(74.52506113033547);fastICA(94,'parallel','unit-variance','logcosh');robustScaler(False,True);minMaxScaler();randomForest(96,'entropy',0.8245326211057018,17,18,True,'balanced_subsample')	0.22825348260158274	cached
selectPercentile(74.52506113033547);fastICA(94,'parallel','unit-variance','logcosh');robustScaler(False,True);minMaxScaler();randomForest(96,'entropy',0.8245326211057018,17,18,True,'balanced_subsample')	0.22825348260158274	cached
minMaxScaler();minMaxScaler();pca(0.7028533211341823,True);fastICA(60,'parallel','unit-variance','logcosh');robustScaler(False,True);minMaxScaler();randomForest(96,'entropy',0.8245326211057018,17,18,True,'balanced_subsample')	invalid_ind (duplicated operator)	invalid_ind (duplicated operator)
selectPercentile(74.52506113033547);fastICA(94,'parallel','unit-variance','logcosh');robustScaler(False,True);minMaxScaler();randomForest(96,'entropy',0.8245326211057018,17,18,True,'balanced_subsample')	0.22825348260158274	cached
selectPercentile(74.52506113033547);fastICA(94,'parallel','unit-variance','logcosh');robustScaler(False,True);minMaxScaler();randomForest(96,'entropy',0.8245326211057018,7,18,True,'balanced_subsample')	0.22825348260158274	27.69346594810486
selectPercentile(74.52506113033547);fastICA(94,'parallel','unit-variance','logcosh');robustScaler(False,True);minMaxScaler();randomForest(96,'entropy',0.8245326211057018,17,18,True,'balanced_subsample')	0.22825348260158274	30.48037099838257
selectPercentile(74.52506113033547);fastICA(94,'parallel','unit-variance','logcosh');robustScaler(False,True);minMaxScaler();randomForest(96,'entropy',0.8245326211057018,17,18,True,'balanced_subsample')	0.22825348260158274	30.418501615524292
selectPercentile(74.52506113033547);fastICA(94,'parallel','unit-variance','logcosh');robustScaler(False,True);minMaxScaler();randomForest(25,'entropy',0.8245326211057018,17,18,False,'balanced_subsample')	0.20678528308756458	13.317991733551025
selectPercentile(74.52506113033547);fastICA(59,'parallel','unit-variance','cube');robustScaler(False,True);minMaxScaler();randomForest(96,'entropy',0.8245326211057018,17,18,True,'balanced_subsample')	0.2256305811446404	26.991706132888794
selectFwe(0.021257819713225292);fastICA(59,'parallel','unit-variance','cube');robustScaler(False,True);minMaxScaler();randomForest(96,'entropy',0.8245326211057018,4,18,True,'balanced_subsample')	0.21983100980302123	19.20476222038269
selectPercentile(74.52506113033547);fastICA(88,'deflation','unit-variance','exp');robustScaler(False,True);minMaxScaler();randomForest(96,'entropy',0.8245326211057018,17,18,True,'balanced_subsample')	0.21055802446618016	23.78424859046936
selectPercentile(74.52506113033547);fastICA(94,'parallel','unit-variance','logcosh');robustScaler(False,True);minMaxScaler();randomForest(96,'gini','log2',17,9,False,'balanced_subsample')	0.1986141020007802	6.896113634109497
selectPercentile(74.52506113033547);fastICA(94,'parallel','unit-variance','logcosh');robustScaler(False,False);minMaxScaler();randomForest(25,'entropy',0.8245326211057018,17,18,True,'balanced_subsample')	0.22090903205508425	cached
selectPercentile(74.52506113033547);fastICA(94,'parallel','unit-variance','logcosh');robustScaler(False,True);minMaxScaler();randomForest(96,'entropy',0.8245326211057018,17,18,True,'balanced_subsample')	0.22825348260158274	cached
selectPercentile(74.52506113033547);fastICA(94,'parallel','unit-variance','logcosh');robustScaler(False,True);minMaxScaler();randomForest(96,'entropy',0.8245326211057018,17,18,True,'balanced_subsample')	0.22825348260158274	cached
selectPercentile(74.52506113033547);fastICA(94,'parallel','unit-variance','logcosh');robustScaler(False,True);minMaxScaler();randomForest(96,'entropy',0.8245326211057018,17,18,True,'balanced_subsample')	0.22825348260158274	cached
selectPercentile(74.52506113033547);fastICA(94,'parallel','unit-variance','logcosh');robustScaler(False,True);minMaxScaler();randomForest(25,'entropy',0.8245326211057018,17,18,True,'balanced_subsample')	0.22090903205508425	cached
selectPercentile(74.52506113033547);fastICA(94,'parallel','unit-variance','logcosh');robustScaler(False,True);minMaxScaler();randomForest(96,'entropy',0.8245326211057018,17,18,True,'balanced_subsample')	0.22825348260158274	cached
selectPercentile(74.52506113033547);fastICA(88,'parallel','unit-variance','logcosh');robustScaler(False,True);minMaxScaler();randomForest(96,'entropy',0.8245326211057018,17,18,True,'balanced_subsample')	0.22825348260158274	cached
selectPercentile(74.52506113033547);fastICA(88,'parallel','unit-variance','logcosh');robustScaler(False,True);minMaxScaler();randomForest(25,'entropy',0.8245326211057018,17,18,True,'balanced_subsample')	0.22090903205508425	cached
selectPercentile(74.52506113033547);fastICA(60,'parallel','unit-variance','logcosh');robustScaler(False,True);minMaxScaler();randomForest(25,'entropy',0.8245326211057018,17,18,True,'balanced_subsample')	0.22090903205508425	8.081358671188354
selectPercentile(74.52506113033547);fastICA(94,'parallel','unit-variance','logcosh');robustScaler(False,True);minMaxScaler();randomForest(96,'entropy',0.8245326211057018,17,18,True,'balanced_subsample')	0.22825348260158274	25.02249526977539
selectFwe(0.021257819713225292);fastICA(88,'parallel','unit-variance','logcosh');robustScaler(False,True);minMaxScaler();randomForest(96,'entropy',0.8245326211057018,17,18,True,'balanced_subsample')	0.21286266381971783	25.7936749458313
selectPercentile(74.52506113033547);fastICA(88,'deflation','unit-variance','exp');robustScaler(False,True);minMaxScaler();randomForest(96,'entropy',0.8245326211057018,17,18,True,'balanced_subsample')	0.21055802446618016	28.996256351470947
selectFwe(0.021257819713225292);fastICA(88,'parallel','unit-variance','logcosh');robustScaler(False,True);minMaxScaler();randomForest(96,'entropy',0.8245326211057018,17,18,True,'balanced_subsample')	0.21286266381971783	28.05070662498474
selectPercentile(74.52506113033547);fastICA(59,'parallel','unit-variance','cube');robustScaler(False,True);minMaxScaler();randomForest(25,'entropy',0.8245326211057018,17,18,True,'balanced_subsample')	0.22243863663560143	cached
selectPercentile(74.52506113033547);fastICA(94,'parallel','unit-variance','logcosh');robustScaler(False,True);minMaxScaler();randomForest(96,'entropy',0.8245326211057018,7,18,False,'balanced_subsample')	0.2066392598792927	50.420650243759155
selectPercentile(74.52506113033547);fastICA(88,'parallel','unit-variance','logcosh');robustScaler(False,True);minMaxScaler();randomForest(96,'entropy',0.8245326211057018,17,18,True,'balanced_subsample')	0.22825348260158274	28.26451277732849
selectPercentile(74.52506113033547);fastICA(59,'parallel','unit-variance','cube');robustScaler(False,True);minMaxScaler();randomForest(96,'entropy',0.8245326211057018,4,18,True,'balanced_subsample')	0.2256305811446404	28.800633192062378
pca(0.729425393424243,True);fastICA(94,'parallel','unit-variance','logcosh');robustScaler(False,True);minMaxScaler();randomForest(25,'entropy',0.8245326211057018,17,18,True,'balanced_subsample')	0.14412895095652087	4.852925062179565
selectPercentile(74.52506113033547);fastICA(94,'parallel','unit-variance','logcosh');robustScaler(False,True);minMaxScaler();randomForest(96,'entropy',0.8245326211057018,17,18,True,'balanced_subsample')	0.22825348260158274	cached
selectPercentile(74.52506113033547);fastICA(60,'parallel','unit-variance','logcosh');robustScaler(False,True);minMaxScaler();randomForest(96,'entropy',0.8245326211057018,17,18,True,'balanced_subsample')	0.22825348260158274	29.370208501815796
selectPercentile(74.52506113033547);fastICA(94,'parallel','unit-variance','logcosh');robustScaler(False,True);minMaxScaler();randomForest(96,'entropy',0.8245326211057018,7,18,True,'balanced_subsample')	0.22825348260158274	cached
selectPercentile(74.52506113033547);fastICA(59,'parallel','unit-variance','cube');robustScaler(False,True);minMaxScaler();randomForest(25,'entropy',0.8245326211057018,17,18,True,'balanced_subsample')	0.22243863663560143	cached
pca(0.588197029885608,True);minMaxScaler();pca(0.6929440328367775,True);adaBoost(decisionTree('entropy',18,3,0.6496012412580071,16,'None'),44,0.6896009346454093,'SAMME')	invalid_ind (duplicated operator)	invalid_ind (duplicated operator)
selectPercentile(74.52506113033547);fastICA(9,'parallel','unit-variance','exp');robustScaler(False,True);minMaxScaler();randomForest(25,'entropy',0.8245326211057018,17,18,True,'balanced_subsample')	0.22268409935044894	10.474766969680786
selectPercentile(74.52506113033547);fastICA(94,'parallel','unit-variance','logcosh');robustScaler(False,True);minMaxScaler();randomForest(96,'entropy','log2',7,18,True,'balanced_subsample')	0.20883140854514726	15.699508905410767
selectPercentile(88.66355890724131);fastICA(94,'parallel','unit-variance','cube');robustScaler(False,True);minMaxScaler();randomForest(96,'entropy',0.8245326211057018,3,18,True,'balanced_subsample')	0.2108377634097805	34.80456018447876
selectPercentile(74.52506113033547);fastICA(94,'parallel','unit-variance','logcosh');robustScaler(False,True);minMaxScaler();randomForest(25,'entropy',0.8245326211057018,17,18,True,'balanced_subsample')	0.22090903205508425	9.884364128112793
selectPercentile(74.52506113033547);fastICA(88,'parallel','unit-variance','logcosh');robustScaler(False,True);minMaxScaler();randomForest(96,'entropy',0.8245326211057018,17,18,True,'balanced_subsample')	0.22825348260158274	30.136454582214355
selectPercentile(74.52506113033547);fastICA(94,'parallel','unit-variance','logcosh');robustScaler(False,True);minMaxScaler();randomForest(96,'entropy',0.8679387485297195,7,8,True,'balanced')	0.2148034276175408	38.406750440597534
selectPercentile(85.73072533743556);fastICA(49,'parallel','unit-variance','cube');robustScaler(False,True);minMaxScaler();randomForest(96,'entropy',0.8245326211057018,17,18,True,'balanced_subsample')	0.2108377634097805	cached
selectPercentile(74.52506113033547);fastICA(94,'parallel','unit-variance','logcosh');robustScaler(False,True);minMaxScaler();randomForest(96,'entropy',0.8245326211057018,7,18,True,'balanced_subsample')	0.22825348260158274	cached
selectPercentile(74.52506113033547);fastICA(88,'parallel','unit-variance','logcosh');robustScaler(False,True);minMaxScaler();randomForest(96,'entropy',0.8245326211057018,17,18,True,'balanced_subsample')	0.22825348260158274	cached
selectPercentile(74.52506113033547);selectPercentile(45.017599508970356);robustScaler(False,True);minMaxScaler();randomForest(96,'entropy',0.8245326211057018,17,18,True,'balanced_subsample')	invalid_ind (duplicated operator)	invalid_ind (duplicated operator)
selectPercentile(74.52506113033547);fastICA(94,'parallel','unit-variance','logcosh');robustScaler(False,True);minMaxScaler();randomForest(96,'entropy',0.8245326211057018,17,18,True,'balanced_subsample')	0.22825348260158274	29.612059593200684
selectPercentile(74.52506113033547);fastICA(69,'parallel','unit-variance','cube');robustScaler(True,True);minMaxScaler();randomForest(96,'entropy',0.8245326211057018,17,18,True,'balanced_subsample')	0.2256305811446404	28.233393669128418
selectPercentile(74.52506113033547);fastICA(94,'parallel','unit-variance','logcosh');robustScaler(True,False);minMaxScaler();randomForest(96,'entropy',0.8245326211057018,17,18,True,'balanced_subsample')	0.22825348260158274	25.793002367019653
selectPercentile(74.52506113033547);fastICA(46,'parallel','unit-variance','exp');robustScaler(False,True);minMaxScaler();randomForest(96,'entropy',0.8245326211057018,17,18,True,'balanced_subsample')	0.21204728524857472	26.39645266532898
selectPercentile(74.52506113033547);fastICA(94,'parallel','arbitrary-variance','logcosh');robustScaler(False,False);minMaxScaler();randomForest(25,'entropy',0.8245326211057018,17,18,True,'balanced_subsample')	0.22090903205508425	7.92112922668457
selectPercentile(74.52506113033547);fastICA(60,'parallel','unit-variance','logcosh');robustScaler(False,True);minMaxScaler();randomForest(96,'entropy',0.8245326211057018,17,18,True,'balanced_subsample')	0.22825348260158274	21.668858528137207
selectPercentile(74.52506113033547);fastICA(88,'parallel','unit-variance','logcosh');robustScaler(False,True);minMaxScaler();randomForest(96,'entropy',0.8245326211057018,17,18,True,'balanced_subsample')	0.22825348260158274	21.404829025268555
selectPercentile(74.52506113033547);fastICA(94,'parallel','unit-variance','logcosh');robustScaler(False,True);minMaxScaler();randomForest(96,'entropy',0.8245326211057018,7,18,True,'balanced_subsample')	0.22825348260158274	cached
selectPercentile(74.52506113033547);fastICA(94,'parallel','unit-variance','logcosh');robustScaler(False,True);minMaxScaler();randomForest(96,'entropy',0.8245326211057018,17,18,True,'balanced_subsample')	0.22825348260158274	cached
minMaxScaler();minMaxScaler();randomForest(96,'entropy',0.8245326211057018,17,18,True,'balanced_subsample')	invalid_ind (duplicated operator)	invalid_ind (duplicated operator)
selectFwe(0.04604197202371177);maxAbsScaler();selectFwe(0.0078022732817300405);maxAbsScaler();logisticRegression('l2','lbfgs',1000,2.5829074031647155,'balanced')	invalid_ind (duplicated operator)	invalid_ind (duplicated operator)
selectPercentile(74.52506113033547);fastICA(94,'parallel','unit-variance','logcosh');robustScaler(False,True);minMaxScaler();randomForest(96,'entropy',0.8245326211057018,17,18,True,'balanced_subsample')	0.22825348260158274	cached
selectPercentile(74.52506113033547);fastICA(94,'parallel','unit-variance','logcosh');robustScaler(False,True);minMaxScaler();randomForest(96,'entropy',0.8245326211057018,17,18,True,'balanced_subsample')	0.22825348260158274	cached
selectPercentile(74.52506113033547);fastICA(94,'parallel','unit-variance','logcosh');robustScaler(False,True);minMaxScaler();randomForest(25,'entropy',0.8245326211057018,17,18,True,'balanced_subsample')	0.22090903205508425	cached
selectPercentile(74.52506113033547);fastICA(94,'parallel','unit-variance','logcosh');robustScaler(False,True);minMaxScaler();randomForest(96,'entropy',0.8245326211057018,17,18,True,'balanced_subsample')	0.22825348260158274	cached
selectPercentile(74.52506113033547);fastICA(94,'parallel','unit-variance','logcosh');robustScaler(False,True);minMaxScaler();randomForest(96,'entropy',0.8245326211057018,7,18,True,'balanced_subsample')	0.22825348260158274	cached
selectPercentile(74.52506113033547);fastICA(94,'parallel','unit-variance','logcosh');robustScaler(False,True);minMaxScaler();randomForest(96,'entropy',0.8245326211057018,17,18,True,'balanced_subsample')	0.22825348260158274	cached
selectPercentile(74.52506113033547);fastICA(88,'parallel','unit-variance','logcosh');robustScaler(False,True);minMaxScaler();randomForest(96,'entropy',0.8245326211057018,17,18,True,'balanced_subsample')	0.22825348260158274	cached
selectPercentile(74.52506113033547);fastICA(94,'parallel','unit-variance','logcosh');robustScaler(False,True);minMaxScaler();randomForest(96,'entropy',0.8245326211057018,17,18,True,'balanced_subsample')	0.22825348260158274	cached
selectPercentile(74.52506113033547);fastICA(94,'parallel','unit-variance','logcosh');robustScaler(False,True);minMaxScaler();randomForest(25,'entropy',0.8679387485297195,17,8,True,'balanced')	0.22903857808980374	16.2003071308136
varianceThreshold();minMaxScaler();randomForest(96,'entropy',0.8245326211057018,7,18,True,'balanced_subsample')	0.18790986491848963	18.358710527420044
selectPercentile(74.52506113033547);fastICA(94,'parallel','unit-variance','logcosh');robustScaler(False,True);minMaxScaler();randomForest(25,'entropy','sqrt',17,18,True,'balanced_subsample')	0.21427034291011515	8.880270719528198
selectPercentile(74.52506113033547);fastICA(88,'parallel','unit-variance','logcosh');robustScaler(False,True);minMaxScaler();randomForest(96,'entropy',0.8245326211057018,17,18,True,'balanced_subsample')	0.22825348260158274	34.57573580741882
selectPercentile(74.52506113033547);fastICA(94,'parallel','unit-variance','logcosh');robustScaler(False,True);varianceThreshold();randomForest(96,'entropy',0.8245326211057018,17,18,True,'balanced_subsample')	0.22835229683083175	38.636048316955566
selectPercentile(74.52506113033547);fastICA(60,'parallel','unit-variance','logcosh');robustScaler(False,True);minMaxScaler();randomForest(96,'entropy',0.8245326211057018,7,18,True,'balanced_subsample')	0.22825348260158274	36.82765316963196
selectPercentile(74.52506113033547);fastICA(94,'deflation','unit-variance','logcosh');robustScaler(True,True);minMaxScaler();randomForest(96,'entropy',0.8245326211057018,14,18,True,'balanced')	0.20408015304867805	53.3592529296875
robustScaler(False,True);minMaxScaler();pca(0.6500050718265241,False);multinomialNB(53.9488295205983,True)	eval_error (Negative values in data passed to MultinomialNB (input X).)	eval_error (Negative values in data passed to MultinomialNB (input X).)
selectPercentile(74.52506113033547);fastICA(94,'parallel','unit-variance','logcosh');robustScaler(False,True);minMaxScaler();randomForest(96,'entropy',0.8245326211057018,17,18,True,'balanced_subsample')	0.22825348260158274	33.30722999572754
selectPercentile(74.52506113033547);fastICA(59,'parallel','unit-variance','cube');robustScaler(False,True);minMaxScaler();randomForest(25,'entropy',0.8245326211057018,17,18,True,'balanced_subsample')	0.22243863663560143	9.147842168807983
selectPercentile(74.52506113033547);fastICA(60,'parallel','unit-variance','logcosh');robustScaler(False,True);minMaxScaler();randomForest(96,'entropy',0.8245326211057018,17,18,True,'balanced_subsample')	0.22825348260158274	32.33215093612671
selectPercentile(74.52506113033547);fastICA(88,'parallel','unit-variance','logcosh');robustScaler(False,True);minMaxScaler();randomForest(96,'entropy',0.8245326211057018,7,18,True,'balanced_subsample')	0.22825348260158274	33.616215467453
selectPercentile(74.52506113033547);fastICA(94,'parallel','unit-variance','logcosh');robustScaler(False,True);minMaxScaler();randomForest(25,'entropy',0.8245326211057018,17,18,True,'balanced_subsample')	0.22090903205508425	9.833486318588257
selectPercentile(74.52506113033547);fastICA(59,'parallel','unit-variance','cube');robustScaler(False,False);minMaxScaler();randomForest(25,'entropy',0.8245326211057018,17,18,True,'balanced_subsample')	0.22243863663560143	8.605455160140991
selectPercentile(74.52506113033547);fastICA(94,'parallel','unit-variance','logcosh');robustScaler(False,True);minMaxScaler();randomForest(96,'entropy',0.8245326211057018,17,18,True,'balanced_subsample')	0.22825348260158274	cached
selectPercentile(74.52506113033547);fastICA(60,'parallel','unit-variance','logcosh');robustScaler(False,True);minMaxScaler();randomForest(96,'entropy',0.8245326211057018,17,18,True,'balanced_subsample')	0.22825348260158274	cached
selectPercentile(74.52506113033547);fastICA(94,'parallel','unit-variance','logcosh');robustScaler(False,True);minMaxScaler();randomForest(96,'entropy',0.8245326211057018,7,18,True,'balanced_subsample')	0.22825348260158274	cached
selectPercentile(74.52506113033547);fastICA(60,'parallel','unit-variance','logcosh');robustScaler(False,True);minMaxScaler();randomForest(96,'entropy',0.8245326211057018,17,18,True,'balanced_subsample')	0.22825348260158274	cached
selectPercentile(74.52506113033547);fastICA(60,'parallel','unit-variance','logcosh');robustScaler(False,True);minMaxScaler();randomForest(96,'entropy',0.8245326211057018,17,18,True,'balanced_subsample')	0.22825348260158274	31.30215811729431
selectPercentile(74.52506113033547);fastICA(88,'parallel','unit-variance','logcosh');robustScaler(False,True);minMaxScaler();randomForest(96,'entropy',0.8245326211057018,17,18,True,'balanced_subsample')	0.22825348260158274	cached
selectPercentile(74.52506113033547);fastICA(59,'parallel','unit-variance','cube');robustScaler(False,True);minMaxScaler();randomForest(25,'entropy',0.8245326211057018,17,18,True,'balanced_subsample')	0.22243863663560143	cached
selectPercentile(74.52506113033547);fastICA(94,'parallel','arbitrary-variance','logcosh');robustScaler(False,True);minMaxScaler();randomForest(96,'entropy',0.8245326211057018,17,18,True,'balanced_subsample')	0.22825348260158274	26.87520980834961
selectPercentile(74.52506113033547);fastICA(88,'parallel','unit-variance','logcosh');robustScaler(True,False);minMaxScaler();randomForest(96,'entropy',0.8679387485297195,7,8,True,'balanced_subsample')	0.20725302733016532	41.21420431137085
selectPercentile(74.52506113033547);fastICA(94,'parallel','unit-variance','logcosh');robustScaler(False,True);minMaxScaler();randomForest(96,'entropy',0.8245326211057018,17,18,True,'balanced_subsample')	0.22825348260158274	29.924723386764526
selectPercentile(74.52506113033547);fastICA(94,'parallel','unit-variance','logcosh');robustScaler(False,False);minMaxScaler();randomForest(25,'entropy',0.8245326211057018,17,18,True,'balanced_subsample')	0.22090903205508425	7.540762186050415
selectPercentile(74.52506113033547);fastICA(60,'parallel','unit-variance','logcosh');robustScaler(False,True);minMaxScaler();randomForest(96,'entropy',0.8245326211057018,17,18,True,'balanced_subsample')	0.22825348260158274	20.06531810760498
selectPercentile(74.52506113033547);fastICA(60,'parallel','unit-variance','logcosh');robustScaler(False,True);minMaxScaler();randomForest(96,'entropy',0.8679387485297195,7,8,True,'balanced')	0.2148034276175408	24.255110263824463
selectPercentile(74.52506113033547);fastICA(94,'parallel','unit-variance','logcosh');robustScaler(False,True);minMaxScaler();randomForest(96,'entropy',0.8245326211057018,17,18,True,'balanced_subsample')	0.22825348260158274	16.400801181793213
selectPercentile(74.52506113033547);fastICA(60,'parallel','unit-variance','logcosh');robustScaler(False,True);minMaxScaler();randomForest(96,'entropy',0.8245326211057018,17,18,True,'balanced_subsample')	0.22825348260158274	cached
selectPercentile(74.52506113033547);fastICA(94,'parallel','unit-variance','logcosh');robustScaler(False,True);minMaxScaler();randomForest(25,'entropy','sqrt',17,18,True,'balanced_subsample')	0.21427034291011515	cached
selectPercentile(74.52506113033547);fastICA(94,'parallel','unit-variance','logcosh');robustScaler(False,True);minMaxScaler();randomForest(96,'entropy',0.8245326211057018,7,18,True,'balanced_subsample')	0.22825348260158274	cached
selectPercentile(74.52506113033547);fastICA(94,'parallel','unit-variance','logcosh');robustScaler(False,True);minMaxScaler();randomForest(96,'entropy',0.8245326211057018,17,18,True,'balanced_subsample')	0.22825348260158274	cached
minMaxScaler();varianceThreshold();varianceThreshold();varianceThreshold();nystroem('sigmoid',3.7929225244489917,52,3,-0.8133173730649519);minMaxScaler();randomForest(96,'entropy',0.8245326211057018,17,18,True,'balanced_subsample')	invalid_ind (duplicated operator)	invalid_ind (duplicated operator)
selectPercentile(74.52506113033547);fastICA(94,'deflation','unit-variance','logcosh');robustScaler(True,True);minMaxScaler();randomForest(96,'entropy',0.8245326211057018,14,18,True,'balanced')	0.20408015304867805	cached
selectPercentile(74.52506113033547);fastICA(60,'parallel','unit-variance','logcosh');robustScaler(False,True);minMaxScaler();randomForest(96,'entropy',0.8245326211057018,17,18,True,'balanced_subsample')	0.22825348260158274	cached
robustScaler(False,True);minMaxScaler();pca(0.6500050718265241,False);multinomialNB(53.9488295205983,True)	eval_error (Negative values in data passed to MultinomialNB (input X).)	eval_error (Negative values in data passed to MultinomialNB (input X).)
selectPercentile(74.52506113033547);fastICA(88,'parallel','unit-variance','logcosh');robustScaler(False,True);pca(0.5354605091035819,False);randomForest(96,'entropy',0.8245326211057018,17,18,True,'balanced_subsample')	0.13812074796302412	9.541662216186523
selectPercentile(74.52506113033547);fastICA(94,'parallel','unit-variance','logcosh');robustScaler(False,True);minMaxScaler();randomForest(96,'entropy',0.8245326211057018,17,18,True,'balanced_subsample')	0.22825348260158274	24.823598623275757
selectPercentile(74.52506113033547);fastICA(60,'parallel','unit-variance','logcosh');robustScaler(False,True);minMaxScaler();randomForest(96,'entropy',0.8245326211057018,17,18,True,'balanced_subsample')	0.22825348260158274	26.672667980194092
selectPercentile(74.52506113033547);fastICA(94,'parallel','unit-variance','logcosh');robustScaler(False,True);minMaxScaler();randomForest(96,'entropy',0.8245326211057018,17,13,True,'balanced_subsample')	0.21910429287518599	29.66688847541809
selectPercentile(74.52506113033547);fastICA(94,'parallel','unit-variance','logcosh');robustScaler(False,True);minMaxScaler();randomForest(96,'entropy',0.8245326211057018,7,18,True,'balanced_subsample')	0.22825348260158274	cached
selectPercentile(74.52506113033547);fastICA(60,'parallel','unit-variance','logcosh');robustScaler(True,False);minMaxScaler();randomForest(96,'entropy',0.8679387485297195,7,8,True,'balanced_subsample')	0.20725302733016532	36.012906551361084
selectPercentile(74.52506113033547);fastICA(94,'parallel','arbitrary-variance','logcosh');robustScaler(False,True);minMaxScaler();randomForest(96,'entropy',0.8245326211057018,7,18,True,'balanced_subsample')	0.22825348260158274	28.919185400009155
selectPercentile(74.52506113033547);fastICA(94,'parallel','unit-variance','logcosh');robustScaler(False,True);minMaxScaler();randomForest(25,'entropy',0.8679387485297195,17,8,True,'balanced')	0.22903857808980374	cached
selectPercentile(74.52506113033547);fastICA(94,'parallel','unit-variance','exp');robustScaler(False,True);minMaxScaler();randomForest(13,'entropy',0.8245326211057018,17,18,True,'balanced_subsample')	0.2342689911819677	6.966577053070068
selectPercentile(74.52506113033547);fastICA(94,'parallel','unit-variance','logcosh');robustScaler(False,True);minMaxScaler();randomForest(96,'entropy',0.8245326211057018,7,18,True,'balanced_subsample')	0.22825348260158274	27.88581347465515
selectPercentile(74.52506113033547);fastICA(60,'parallel','unit-variance','logcosh');selectFwe(0.027482532893532977);minMaxScaler();randomForest(96,'entropy',0.8245326211057018,7,18,True,'balanced_subsample')	0.2136797809614654	26.007320404052734
selectPercentile(74.52506113033547);fastICA(94,'parallel','unit-variance','logcosh');robustScaler(False,True);minMaxScaler();randomForest(96,'entropy',0.8245326211057018,17,18,True,'balanced_subsample')	0.22825348260158274	cached
selectPercentile(74.52506113033547);fastICA(94,'parallel','unit-variance','logcosh');robustScaler(False,True);minMaxScaler();randomForest(96,'entropy',0.8245326211057018,7,18,True,'balanced_subsample')	0.22825348260158274	cached
selectPercentile(74.52506113033547);fastICA(94,'parallel','unit-variance','logcosh');robustScaler(False,True);minMaxScaler();randomForest(96,'entropy',0.8245326211057018,7,18,True,'balanced_subsample')	0.22825348260158274	29.497604370117188
selectPercentile(74.52506113033547);fastICA(94,'parallel','unit-variance','logcosh');robustScaler(False,True);minMaxScaler();randomForest(96,'entropy',0.8245326211057018,17,18,True,'balanced_subsample')	0.22825348260158274	cached
selectPercentile(74.52506113033547);fastICA(94,'parallel','unit-variance','logcosh');robustScaler(False,True);minMaxScaler();randomForest(96,'entropy',0.8245326211057018,17,18,True,'balanced_subsample')	0.22825348260158274	cached
robustScaler(False,True);minMaxScaler();pca(0.6500050718265241,False);multinomialNB(53.9488295205983,True)	eval_error (Negative values in data passed to MultinomialNB (input X).)	eval_error (Negative values in data passed to MultinomialNB (input X).)
selectPercentile(74.52506113033547);fastICA(94,'parallel','unit-variance','logcosh');robustScaler(False,True);minMaxScaler();randomForest(96,'entropy',0.8245326211057018,17,18,True,'balanced_subsample')	0.22825348260158274	cached
robustScaler(False,True);minMaxScaler();pca(0.6500050718265241,False);multinomialNB(53.9488295205983,True)	eval_error (Negative values in data passed to MultinomialNB (input X).)	eval_error (Negative values in data passed to MultinomialNB (input X).)
selectPercentile(74.52506113033547);fastICA(88,'parallel','unit-variance','logcosh');robustScaler(False,True);minMaxScaler();randomForest(96,'entropy',0.8245326211057018,17,18,True,'balanced_subsample')	0.22825348260158274	29.710928440093994
selectPercentile(74.52506113033547);fastICA(60,'parallel','unit-variance','logcosh');robustScaler(False,True);minMaxScaler();randomForest(96,'entropy',0.8679387485297195,17,18,True,'balanced')	0.2366392336374247	32.58097791671753
selectPercentile(74.52506113033547);fastICA(94,'parallel','unit-variance','logcosh');robustScaler(True,True);minMaxScaler();randomForest(96,'entropy',0.8245326211057018,14,18,True,'balanced')	0.1915695417906528	27.9429292678833
maxAbsScaler();minMaxScaler();fastICA(42,'deflation','arbitrary-variance','cube');minMaxScaler();selectPercentile(64.57673831689686);minMaxScaler();randomForest(25,'entropy',0.8679387485297195,17,8,True,'balanced')	invalid_ind (duplicated operator)	invalid_ind (duplicated operator)
selectPercentile(74.52506113033547);fastICA(60,'parallel','unit-variance','logcosh');robustScaler(False,True);minMaxScaler();randomForest(96,'entropy',0.8245326211057018,17,18,True,'balanced_subsample')	0.22825348260158274	27.597896575927734
selectPercentile(74.52506113033547);fastICA(94,'parallel','unit-variance','logcosh');robustScaler(False,True);minMaxScaler();randomForest(96,'entropy',0.8245326211057018,7,18,True,'balanced_subsample')	0.22825348260158274	29.596822261810303
selectPercentile(74.52506113033547);fastICA(94,'parallel','arbitrary-variance','logcosh');robustScaler(False,True);minMaxScaler();randomForest(96,'entropy',0.8245326211057018,7,18,True,'balanced_subsample')	0.22825348260158274	30.526650428771973
selectPercentile(74.52506113033547);fastICA(60,'parallel','unit-variance','logcosh');robustScaler(False,True);minMaxScaler();randomForest(96,'entropy',0.8245326211057018,7,8,True,'balanced_subsample')	0.1924214763809608	31.903644323349
selectPercentile(74.52506113033547);fastICA(60,'parallel','unit-variance','logcosh');robustScaler(False,True);minMaxScaler();randomForest(96,'entropy',0.8245326211057018,17,18,True,'balanced_subsample')	0.22825348260158274	29.47317337989807
selectPercentile(74.52506113033547);fastICA(94,'parallel','unit-variance','logcosh');robustScaler(False,True);minMaxScaler();randomForest(96,'entropy',0.8245326211057018,17,18,True,'balanced_subsample')	0.22825348260158274	27.611977577209473
selectPercentile(74.52506113033547);fastICA(60,'parallel','unit-variance','logcosh');robustScaler(False,True);minMaxScaler();randomForest(96,'entropy',0.8679387485297195,17,8,True,'balanced')	0.2176117428448629	30.45494794845581
selectPercentile(74.52506113033547);fastICA(94,'parallel','unit-variance','logcosh');robustScaler(False,True);minMaxScaler();randomForest(96,'entropy',0.8245326211057018,7,18,True,'balanced_subsample')	0.22825348260158274	18.597221851348877
selectPercentile(74.52506113033547);nystroem('cosine',3.382199148029035,58,2,0.4709376189020489);robustScaler(False,True);minMaxScaler();randomForest(96,'entropy',0.8245326211057018,17,18,True,'balanced_subsample')	0.20276041139146805	119.96423768997192
selectPercentile(74.52506113033547);fastICA(94,'parallel','unit-variance','logcosh');robustScaler(False,True);minMaxScaler();randomForest(96,'entropy',0.8245326211057018,17,18,True,'balanced_subsample')	0.22825348260158274	cached
selectPercentile(74.52506113033547);fastICA(94,'parallel','unit-variance','logcosh');robustScaler(False,True);minMaxScaler();randomForest(96,'entropy',0.8245326211057018,7,18,True,'balanced_subsample')	0.22825348260158274	cached
selectPercentile(74.52506113033547);fastICA(94,'parallel','unit-variance','logcosh');robustScaler(False,True);minMaxScaler();randomForest(96,'entropy',0.8245326211057018,7,18,True,'balanced_subsample')	0.22825348260158274	cached
selectPercentile(74.52506113033547);fastICA(94,'parallel','unit-variance','logcosh');robustScaler(False,True);minMaxScaler();randomForest(96,'entropy',0.8245326211057018,17,18,True,'balanced_subsample')	0.22825348260158274	cached
selectPercentile(74.52506113033547);fastICA(60,'parallel','unit-variance','logcosh');robustScaler(False,True);minMaxScaler();randomForest(96,'entropy',0.8245326211057018,17,18,True,'balanced_subsample')	0.22825348260158274	cached
selectPercentile(74.52506113033547);fastICA(94,'parallel','unit-variance','logcosh');robustScaler(False,True);minMaxScaler();randomForest(96,'entropy',0.8245326211057018,17,18,True,'balanced_subsample')	0.22825348260158274	cached
selectPercentile(74.52506113033547);fastICA(60,'parallel','unit-variance','logcosh');robustScaler(False,True);minMaxScaler();randomForest(96,'entropy',0.8245326211057018,17,18,True,'balanced_subsample')	0.22825348260158274	cached
selectPercentile(74.52506113033547);nystroem('cosine',3.382199148029035,58,2,0.4709376189020489);robustScaler(False,True);minMaxScaler();randomForest(96,'entropy',0.8245326211057018,17,18,True,'balanced_subsample')	0.20276041139146805	cached
selectPercentile(74.52506113033547);fastICA(94,'parallel','unit-variance','logcosh');robustScaler(False,True);minMaxScaler();randomForest(96,'entropy',0.8245326211057018,7,18,True,'balanced_subsample')	0.22825348260158274	cached
selectPercentile(74.52506113033547);fastICA(94,'parallel','unit-variance','logcosh');robustScaler(False,True);minMaxScaler();randomForest(96,'entropy',0.8245326211057018,7,18,True,'balanced_subsample')	0.22825348260158274	cached
selectPercentile(74.52506113033547);fastICA(94,'parallel','unit-variance','logcosh');robustScaler(False,True);minMaxScaler();randomForest(96,'entropy',0.8245326211057018,7,18,True,'balanced_subsample')	0.22825348260158274	cached
selectPercentile(74.52506113033547);fastICA(60,'parallel','unit-variance','logcosh');robustScaler(False,True);minMaxScaler();randomForest(96,'entropy',0.8245326211057018,17,18,True,'balanced_subsample')	0.22825348260158274	cached
selectPercentile(89.60629162883852);fastICA(94,'parallel','unit-variance','logcosh');robustScaler(False,True);minMaxScaler();randomForest(96,'gini',0.8245326211057018,7,18,True,'balanced_subsample')	0.2044779719505941	12.92864465713501
selectPercentile(74.52506113033547);fastICA(94,'parallel','unit-variance','logcosh');robustScaler(False,True);minMaxScaler();randomForest(96,'entropy',0.8245326211057018,7,18,True,'balanced_subsample')	0.22825348260158274	cached
selectPercentile(23.58331393905063);fastICA(94,'parallel','unit-variance','logcosh');robustScaler(True,True);minMaxScaler();randomForest(96,'entropy',0.8679387485297195,17,10,True,'balanced_subsample')	0.17734925106199242	12.883909463882446
selectPercentile(74.52506113033547);varianceThreshold();robustScaler(False,True);minMaxScaler();randomForest(96,'entropy',0.8245326211057018,7,18,True,'balanced_subsample')	0.19559501358681422	10.73017954826355
selectPercentile(74.52506113033547);fastICA(94,'parallel','arbitrary-variance','logcosh');robustScaler(False,True);minMaxScaler();randomForest(96,'entropy',0.8245326211057018,7,18,True,'balanced_subsample')	0.22825348260158274	24.009430646896362
selectPercentile(74.52506113033547);fastICA(94,'parallel','arbitrary-variance','logcosh');robustScaler(False,True);minMaxScaler();randomForest(96,'entropy',0.8245326211057018,17,13,True,'balanced_subsample')	0.21910429287518599	24.33947777748108
selectPercentile(74.52506113033547);fastICA(60,'parallel','unit-variance','logcosh');robustScaler(False,False);minMaxScaler();randomForest(96,'entropy',0.8679387485297195,7,8,True,'balanced_subsample')	0.20725302733016532	32.35420870780945
selectPercentile(74.52506113033547);fastICA(60,'parallel','unit-variance','logcosh');robustScaler(False,True);minMaxScaler();randomForest(96,'entropy',0.8245326211057018,7,8,True,'balanced_subsample')	0.1924214763809608	cached
selectPercentile(74.52506113033547);fastICA(60,'parallel','unit-variance','logcosh');robustScaler(False,True);minMaxScaler();randomForest(96,'entropy',0.8679387485297195,17,18,True,'balanced')	0.2366392336374247	cached
selectPercentile(74.52506113033547);fastICA(94,'parallel','unit-variance','logcosh');robustScaler(False,True);minMaxScaler();randomForest(96,'entropy',0.8245326211057018,17,18,True,'balanced_subsample')	0.22825348260158274	cached
selectPercentile(74.52506113033547);fastICA(94,'parallel','unit-variance','logcosh');robustScaler(False,True);minMaxScaler();randomForest(96,'entropy',0.8245326211057018,7,18,True,'balanced_subsample')	0.22825348260158274	cached
robustScaler(False,True);minMaxScaler();pca(0.6500050718265241,False);multinomialNB(53.9488295205983,True)	eval_error (Negative values in data passed to MultinomialNB (input X).)	eval_error (Negative values in data passed to MultinomialNB (input X).)
selectPercentile(74.52506113033547);fastICA(60,'parallel','unit-variance','logcosh');robustScaler(False,True);minMaxScaler();randomForest(96,'entropy',0.8679387485297195,17,18,True,'balanced')	0.2366392336374247	cached
selectPercentile(74.52506113033547);fastICA(60,'parallel','unit-variance','logcosh');robustScaler(False,True);minMaxScaler();randomForest(96,'entropy',0.8245326211057018,7,18,True,'balanced')	0.1915695417906528	24.678443670272827
selectPercentile(74.52506113033547);fastICA(94,'parallel','unit-variance','exp');robustScaler(False,True);minMaxScaler();randomForest(13,'entropy',0.8245326211057018,17,18,True,'balanced_subsample')	0.2342689911819677	cached
selectPercentile(74.52506113033547);fastICA(94,'parallel','unit-variance','logcosh');robustScaler(False,True);minMaxScaler();randomForest(96,'entropy',0.8245326211057018,17,18,True,'balanced_subsample')	0.22825348260158274	cached
selectPercentile(74.52506113033547);fastICA(94,'parallel','unit-variance','logcosh');robustScaler(False,True);minMaxScaler();randomForest(96,'entropy',0.8245326211057018,17,18,True,'balanced_subsample')	0.22825348260158274	26.20602536201477
selectPercentile(74.52506113033547);fastICA(60,'parallel','unit-variance','logcosh');robustScaler(False,True);minMaxScaler();randomForest(96,'entropy',0.8245326211057018,17,18,True,'balanced_subsample')	0.22825348260158274	26.607438802719116
varianceThreshold();varianceThreshold();qda(0.690653634477376)	invalid_ind (duplicated operator)	invalid_ind (duplicated operator)
selectPercentile(74.52506113033547);fastICA(94,'parallel','unit-variance','logcosh');robustScaler(False,True);minMaxScaler();randomForest(96,'entropy',0.8245326211057018,7,18,True,'balanced_subsample')	0.22825348260158274	26.613779544830322
selectPercentile(74.52506113033547);fastICA(94,'parallel','unit-variance','logcosh');robustScaler(False,True);minMaxScaler();randomForest(25,'entropy',0.8679387485297195,17,8,True,'balanced')	0.22903857808980374	cached
selectPercentile(74.52506113033547);fastICA(60,'parallel','unit-variance','logcosh');robustScaler(False,True);minMaxScaler();randomForest(96,'entropy',0.8245326211057018,17,18,True,'balanced_subsample')	0.22825348260158274	cached
selectPercentile(74.52506113033547);fastICA(94,'parallel','unit-variance','exp');robustScaler(False,True);minMaxScaler();randomForest(96,'entropy',0.8245326211057018,17,18,True,'balanced_subsample')	0.21204728524857472	23.842541456222534
maxAbsScaler();minMaxScaler();randomForest(96,'entropy',0.8679387485297195,17,18,True,'balanced')	0.18955643272226233	12.24839448928833
selectPercentile(87.12087497602957);fastICA(60,'parallel','unit-variance','logcosh');robustScaler(False,True);minMaxScaler();randomForest(96,'entropy',0.8245326211057018,17,18,True,'balanced_subsample')	0.2359179866594574	29.17661714553833
selectPercentile(74.52506113033547);fastICA(94,'parallel','unit-variance','logcosh');robustScaler(False,True);minMaxScaler();randomForest(13,'entropy',0.8245326211057018,17,18,True,'balanced_subsample')	0.20714419356068098	4.7208428382873535
selectPercentile(74.52506113033547);fastICA(94,'parallel','unit-variance','exp');robustScaler(False,True);minMaxScaler();randomForest(96,'entropy',0.8245326211057018,17,18,True,'balanced_subsample')	0.21204728524857472	20.89139151573181
selectPercentile(74.52506113033547);fastICA(77,'parallel','unit-variance','logcosh');robustScaler(False,True);minMaxScaler();randomForest(13,'entropy',0.8245326211057018,17,18,False,'balanced_subsample')	0.20237561410221713	5.093988656997681
minMaxScaler();selectFwe(0.03906284934409035);selectPercentile(59.397289844175724);varianceThreshold();varianceThreshold();robustScaler(False,True);minMaxScaler();randomForest(96,'entropy',0.8245326211057018,17,18,True,'balanced_subsample')	invalid_ind (duplicated operator)	invalid_ind (duplicated operator)
selectPercentile(74.52506113033547);fastICA(94,'parallel','unit-variance','logcosh');robustScaler(False,True);minMaxScaler();randomForest(96,'entropy',0.8245326211057018,7,18,True,'balanced_subsample')	0.22825348260158274	cached
selectPercentile(74.52506113033547);fastICA(94,'parallel','unit-variance','logcosh');robustScaler(False,True);minMaxScaler();randomForest(96,'entropy',0.8245326211057018,7,18,True,'balanced_subsample')	0.22825348260158274	cached
selectPercentile(74.52506113033547);fastICA(94,'parallel','unit-variance','logcosh');robustScaler(False,True);minMaxScaler();randomForest(18,'gini','sqrt',16,2,False,'balanced_subsample')	0.16881166950093887	4.775446891784668
selectPercentile(74.52506113033547);fastICA(77,'parallel','unit-variance','logcosh');robustScaler(False,True);minMaxScaler();randomForest(13,'entropy',0.8245326211057018,17,18,False,'balanced_subsample')	0.20237561410221713	cached
selectPercentile(74.52506113033547);fastICA(94,'parallel','unit-variance','logcosh');robustScaler(False,True);minMaxScaler();randomForest(96,'entropy',0.8245326211057018,7,18,True,'balanced_subsample')	0.22825348260158274	cached
selectPercentile(74.52506113033547);fastICA(94,'parallel','unit-variance','logcosh');robustScaler(False,True);minMaxScaler();randomForest(13,'entropy',0.8245326211057018,17,18,True,'balanced_subsample')	0.20714419356068098	cached
selectPercentile(74.52506113033547);fastICA(60,'parallel','unit-variance','logcosh');robustScaler(False,True);minMaxScaler();randomForest(96,'entropy',0.8679387485297195,17,18,True,'balanced')	0.2366392336374247	cached
selectPercentile(74.52506113033547);fastICA(94,'parallel','unit-variance','logcosh');robustScaler(False,True);minMaxScaler();randomForest(96,'entropy',0.8245326211057018,17,18,True,'balanced_subsample')	0.22825348260158274	cached
selectPercentile(74.52506113033547);fastICA(94,'parallel','unit-variance','logcosh');robustScaler(False,True);minMaxScaler();randomForest(25,'entropy',0.8679387485297195,17,8,True,'balanced')	0.22903857808980374	13.57907748222351
selectPercentile(74.52506113033547);fastICA(94,'parallel','arbitrary-variance','logcosh');robustScaler(False,True);minMaxScaler();randomForest(96,'entropy',0.8245326211057018,7,18,True,'balanced')	0.1915695417906528	33.883514642715454
selectPercentile(23.58331393905063);fastICA(94,'parallel','unit-variance','logcosh');robustScaler(True,True);minMaxScaler();randomForest(96,'entropy',0.8679387485297195,17,10,True,'balanced_subsample')	0.17734925106199242	cached
randomForest(69,'gini','log2',4,9,False,'balanced_subsample')	0.20073389279759332	cached
selectPercentile(74.52506113033547);fastICA(60,'parallel','unit-variance','logcosh');robustScaler(False,True);minMaxScaler();randomForest(96,'entropy',0.8679387485297195,7,18,True,'balanced')	0.2366392336374247	37.37860035896301
selectPercentile(74.52506113033547);fastICA(94,'parallel','unit-variance','logcosh');robustScaler(False,True);minMaxScaler();randomForest(96,'entropy',0.8245326211057018,17,18,True,'balanced_subsample')	0.22825348260158274	35.146491289138794
selectPercentile(74.52506113033547);fastICA(94,'parallel','unit-variance','logcosh');robustScaler(False,True);minMaxScaler();randomForest(96,'entropy',0.8245326211057018,17,18,True,'balanced_subsample')	0.22825348260158274	34.513243436813354
selectPercentile(74.52506113033547);fastICA(60,'parallel','unit-variance','logcosh');pca(0.8470435673119865,True);minMaxScaler();randomForest(96,'entropy',0.8245326211057018,17,18,True,'balanced_subsample')	0.1790484608829624	24.543205499649048
selectPercentile(74.52506113033547);fastICA(94,'parallel','unit-variance','logcosh');robustScaler(False,True);minMaxScaler();randomForest(21,'gini',0.7120421479552124,4,11,True,'None')	0.13851581587060208	6.453639984130859
selectPercentile(74.52506113033547);fastICA(94,'parallel','arbitrary-variance','logcosh');robustScaler(False,True);minMaxScaler();randomForest(96,'entropy',0.8245326211057018,7,18,True,'balanced_subsample')	0.22825348260158274	cached
selectPercentile(74.52506113033547);fastICA(94,'parallel','unit-variance','logcosh');robustScaler(False,True);minMaxScaler();randomForest(96,'entropy',0.8245326211057018,7,18,True,'balanced_subsample')	0.22825348260158274	cached
selectPercentile(74.52506113033547);fastICA(60,'parallel','unit-variance','logcosh');robustScaler(False,True);minMaxScaler();randomForest(96,'entropy',0.8245326211057018,17,18,True,'balanced_subsample')	0.22825348260158274	cached
selectPercentile(74.52506113033547);fastICA(94,'parallel','unit-variance','logcosh');robustScaler(False,True);minMaxScaler();randomForest(96,'entropy',0.8245326211057018,17,18,True,'balanced_subsample')	0.22825348260158274	32.42677640914917
selectPercentile(74.52506113033547);fastICA(94,'parallel','unit-variance','logcosh');robustScaler(False,True);minMaxScaler();randomForest(96,'entropy',0.8245326211057018,7,18,True,'balanced_subsample')	0.22825348260158274	cached
selectPercentile(74.52506113033547);fastICA(94,'parallel','unit-variance','logcosh');robustScaler(False,True);minMaxScaler();randomForest(96,'entropy',0.8245326211057018,7,18,True,'balanced_subsample')	0.22825348260158274	cached
selectPercentile(74.52506113033547);fastICA(94,'parallel','unit-variance','logcosh');robustScaler(False,True);minMaxScaler();randomForest(96,'entropy',0.8245326211057018,17,18,True,'balanced_subsample')	0.22825348260158274	cached
selectPercentile(74.52506113033547);fastICA(94,'parallel','unit-variance','logcosh');robustScaler(False,True);minMaxScaler();randomForest(96,'entropy',0.8245326211057018,17,18,True,'balanced_subsample')	0.22825348260158274	cached
selectPercentile(74.52506113033547);fastICA(94,'parallel','unit-variance','logcosh');robustScaler(False,True);minMaxScaler();randomForest(96,'entropy',0.8245326211057018,7,18,True,'balanced_subsample')	0.22825348260158274	cached
selectPercentile(74.52506113033547);fastICA(94,'parallel','unit-variance','logcosh');robustScaler(False,True);minMaxScaler();randomForest(96,'entropy',0.8245326211057018,17,18,True,'balanced_subsample')	0.22825348260158274	cached
selectPercentile(74.52506113033547);fastICA(94,'deflation','unit-variance','logcosh');robustScaler(False,False);minMaxScaler();randomForest(96,'entropy',0.8245326211057018,7,18,False,'balanced_subsample')	0.1764312068636918	72.96406388282776
selectPercentile(74.52506113033547);fastICA(94,'parallel','unit-variance','logcosh');robustScaler(False,True);minMaxScaler();randomForest(96,'entropy',0.8245326211057018,7,18,True,'balanced_subsample')	0.22825348260158274	35.031766176223755
selectPercentile(74.52506113033547);fastICA(94,'parallel','unit-variance','logcosh');robustScaler(False,True);minMaxScaler();randomForest(96,'entropy',0.8245326211057018,7,18,True,'balanced_subsample')	0.22825348260158274	cached
selectPercentile(74.52506113033547);fastICA(94,'parallel','unit-variance','logcosh');robustScaler(False,True);minMaxScaler();randomForest(96,'entropy',0.8245326211057018,17,18,True,'balanced_subsample')	0.22825348260158274	cached
selectPercentile(74.52506113033547);fastICA(94,'parallel','unit-variance','logcosh');robustScaler(False,True);minMaxScaler();randomForest(13,'entropy',0.8245326211057018,17,18,True,'balanced_subsample')	0.20714419356068098	6.312030076980591
selectPercentile(74.52506113033547);fastICA(94,'parallel','unit-variance','logcosh');robustScaler(False,True);minMaxScaler();randomForest(96,'entropy',0.8245326211057018,17,18,True,'balanced_subsample')	0.22825348260158274	30.541265964508057
selectPercentile(74.52506113033547);fastICA(94,'parallel','unit-variance','logcosh');robustScaler(False,True);minMaxScaler();randomForest(96,'entropy',0.8245326211057018,7,18,True,'balanced_subsample')	0.22825348260158274	25.357145071029663
selectPercentile(74.52506113033547);fastICA(94,'parallel','unit-variance','exp');robustScaler(False,True);minMaxScaler();randomForest(96,'entropy',0.8245326211057018,17,18,True,'balanced_subsample')	0.21204728524857472	23.811838388442993
selectPercentile(74.52506113033547);fastICA(60,'parallel','unit-variance','logcosh');robustScaler(False,True);minMaxScaler();randomForest(96,'entropy',0.8245326211057018,7,18,True,'balanced_subsample')	0.22825348260158274	23.169817447662354
selectPercentile(74.52506113033547);fastICA(60,'parallel','unit-variance','logcosh');robustScaler(False,True);minMaxScaler();randomForest(96,'entropy',0.8245326211057018,17,18,True,'balanced_subsample')	0.22825348260158274	20.19414472579956
nystroem('cosine',1.1919774639357401,61,4,0.6338513472273435);robustScaler(False,True);minMaxScaler();varianceThreshold();selectFwe(0.02048826769098786);maxAbsScaler();randomForest(96,'entropy',0.8679387485297195,17,18,True,'balanced')	0.19000189200360268	144.56455612182617
selectPercentile(87.12087497602957);fastICA(60,'parallel','unit-variance','logcosh');robustScaler(False,True);minMaxScaler();randomForest(96,'entropy',0.8245326211057018,17,18,True,'balanced_subsample')	0.2359179866594574	cached
selectPercentile(74.52506113033547);fastICA(94,'parallel','unit-variance','logcosh');robustScaler(False,True);minMaxScaler();randomForest(96,'entropy',0.8245326211057018,7,18,True,'balanced_subsample')	0.22825348260158274	cached
selectPercentile(74.52506113033547);fastICA(94,'parallel','unit-variance','logcosh');robustScaler(False,True);minMaxScaler();randomForest(96,'entropy',0.8245326211057018,17,18,True,'balanced_subsample')	0.22825348260158274	cached
selectPercentile(74.52506113033547);fastICA(60,'parallel','unit-variance','logcosh');robustScaler(False,True);minMaxScaler();randomForest(96,'entropy',0.8245326211057018,17,18,True,'balanced_subsample')	0.22825348260158274	cached
selectPercentile(74.52506113033547);fastICA(94,'parallel','unit-variance','logcosh');robustScaler(False,True);minMaxScaler();randomForest(96,'entropy',0.8245326211057018,17,18,True,'balanced_subsample')	0.22825348260158274	cached
selectPercentile(74.52506113033547);fastICA(60,'parallel','unit-variance','logcosh');robustScaler(False,True);minMaxScaler();randomForest(96,'entropy',0.8245326211057018,7,18,True,'balanced_subsample')	0.22825348260158274	cached
selectPercentile(74.52506113033547);fastICA(94,'parallel','unit-variance','logcosh');robustScaler(False,True);minMaxScaler();randomForest(96,'entropy',0.8245326211057018,17,18,True,'balanced_subsample')	0.22825348260158274	cached
selectPercentile(74.52506113033547);fastICA(94,'parallel','unit-variance','logcosh');robustScaler(False,True);minMaxScaler();randomForest(96,'entropy',0.8245326211057018,7,18,True,'balanced_subsample')	0.22825348260158274	cached
selectPercentile(74.52506113033547);fastICA(94,'parallel','unit-variance','logcosh');robustScaler(False,True);minMaxScaler();randomForest(96,'entropy',0.8245326211057018,17,18,True,'balanced_subsample')	0.22825348260158274	cached
selectPercentile(74.52506113033547);fastICA(94,'parallel','unit-variance','logcosh');robustScaler(False,True);minMaxScaler();randomForest(96,'entropy',0.8245326211057018,17,18,True,'balanced_subsample')	0.22825348260158274	cached
selectPercentile(74.52506113033547);fastICA(94,'parallel','unit-variance','logcosh');robustScaler(False,True);minMaxScaler();randomForest(96,'entropy',0.8245326211057018,7,18,True,'balanced_subsample')	0.22825348260158274	cached
selectPercentile(74.52506113033547);fastICA(60,'parallel','unit-variance','logcosh');robustScaler(False,True);minMaxScaler();randomForest(96,'entropy',0.8245326211057018,17,18,True,'balanced_subsample')	0.22825348260158274	cached
selectPercentile(74.52506113033547);fastICA(94,'parallel','unit-variance','logcosh');robustScaler(False,True);minMaxScaler();randomForest(96,'entropy',0.8245326211057018,7,18,True,'balanced_subsample')	0.22825348260158274	cached
selectPercentile(74.52506113033547);fastICA(94,'parallel','unit-variance','logcosh');robustScaler(False,True);minMaxScaler();randomForest(96,'entropy',0.8245326211057018,17,18,True,'balanced_subsample')	0.22825348260158274	cached
selectPercentile(74.52506113033547);fastICA(94,'parallel','unit-variance','logcosh');robustScaler(False,True);minMaxScaler();randomForest(13,'entropy',0.8245326211057018,17,18,True,'balanced_subsample')	0.20714419356068098	5.902166366577148
selectPercentile(74.52506113033547);fastICA(96,'deflation','arbitrary-variance','exp');robustScaler(False,True);minMaxScaler();randomForest(13,'entropy',0.8245326211057018,17,18,False,'balanced_subsample')	0.17016438525835514	8.236703634262085
selectPercentile(74.52506113033547);fastICA(60,'parallel','unit-variance','logcosh');robustScaler(False,True);minMaxScaler();randomForest(96,'entropy',0.8245326211057018,17,18,True,'balanced_subsample')	0.22825348260158274	cached
selectPercentile(74.52506113033547);fastICA(94,'parallel','unit-variance','logcosh');robustScaler(False,True);minMaxScaler();randomForest(96,'entropy',0.8245326211057018,7,9,True,'balanced_subsample')	0.2054694805129899	30.630844116210938
selectPercentile(74.52506113033547);fastICA(60,'parallel','unit-variance','logcosh');robustScaler(False,True);minMaxScaler();randomForest(96,'entropy',0.8679387485297195,7,18,True,'balanced')	0.2366392336374247	31.008427143096924
selectPercentile(74.52506113033547);fastICA(94,'parallel','unit-variance','logcosh');robustScaler(False,True);minMaxScaler();randomForest(96,'entropy',0.8245326211057018,7,18,True,'balanced_subsample')	0.22825348260158274	31.451943397521973
selectPercentile(74.52506113033547);fastICA(94,'parallel','unit-variance','logcosh');robustScaler(False,True);minMaxScaler();randomForest(96,'entropy',0.8245326211057018,7,18,True,'balanced_subsample')	0.22825348260158274	33.22083115577698
selectPercentile(74.52506113033547);fastICA(94,'parallel','unit-variance','logcosh');robustScaler(False,True);minMaxScaler();randomForest(13,'entropy',0.8245326211057018,17,18,True,'balanced_subsample')	0.20714419356068098	9.64671015739441
selectPercentile(74.52506113033547);fastICA(94,'parallel','unit-variance','logcosh');robustScaler(False,True);minMaxScaler();randomForest(25,'entropy',0.8679387485297195,17,8,True,'balanced')	0.22903857808980374	14.650716543197632
selectPercentile(74.52506113033547);fastICA(94,'parallel','unit-variance','logcosh');robustScaler(False,True);minMaxScaler();randomForest(96,'entropy',0.8245326211057018,7,18,True,'balanced_subsample')	0.22825348260158274	cached
selectPercentile(74.52506113033547);fastICA(94,'parallel','unit-variance','logcosh');robustScaler(False,True);minMaxScaler();randomForest(96,'entropy',0.8245326211057018,17,18,True,'balanced_subsample')	0.22825348260158274	cached
selectPercentile(74.52506113033547);fastICA(94,'parallel','arbitrary-variance','logcosh');robustScaler(False,True);minMaxScaler();randomForest(96,'entropy',0.8245326211057018,17,18,True,'balanced_subsample')	0.22825348260158274	35.241862058639526
selectPercentile(87.12087497602957);fastICA(60,'deflation','unit-variance','logcosh');robustScaler(False,True);minMaxScaler();randomForest(96,'entropy',0.8245326211057018,17,18,True,'balanced_subsample')	0.1953690755370588	61.69565773010254
selectPercentile(74.52506113033547);fastICA(94,'parallel','arbitrary-variance','logcosh');robustScaler(False,True);minMaxScaler();randomForest(96,'entropy',0.8245326211057018,7,18,True,'balanced')	0.1915695417906528	cached
selectPercentile(74.52506113033547);fastICA(94,'parallel','unit-variance','logcosh');robustScaler(False,True);minMaxScaler();randomForest(96,'entropy',0.8245326211057018,7,18,True,'balanced_subsample')	0.22825348260158274	33.12131667137146
selectPercentile(74.52506113033547);fastICA(94,'parallel','unit-variance','logcosh');robustScaler(False,True);minMaxScaler();randomForest(96,'entropy',0.8245326211057018,17,18,True,'balanced_subsample')	0.22825348260158274	33.342350244522095
selectPercentile(30.932378064694717);fastICA(60,'parallel','unit-variance','logcosh');robustScaler(False,True);minMaxScaler();randomForest(96,'entropy',0.8679387485297195,17,18,True,'balanced')	0.21124038615932403	13.517489671707153
selectPercentile(74.52506113033547);fastICA(94,'parallel','unit-variance','logcosh');robustScaler(False,True);minMaxScaler();randomForest(96,'entropy',0.8245326211057018,7,18,True,'balanced_subsample')	0.22825348260158274	cached
selectPercentile(74.52506113033547);fastICA(94,'parallel','unit-variance','logcosh');robustScaler(False,True);minMaxScaler();randomForest(96,'entropy',0.8245326211057018,17,18,True,'balanced_subsample')	0.22825348260158274	cached
selectPercentile(74.52506113033547);fastICA(77,'parallel','unit-variance','logcosh');robustScaler(False,True);minMaxScaler();randomForest(96,'entropy',0.8245326211057018,7,18,False,'balanced_subsample')	0.2066392598792927	50.546963691711426
selectPercentile(74.52506113033547);fastICA(94,'parallel','unit-variance','logcosh');robustScaler(False,True);minMaxScaler();randomForest(96,'entropy',0.8245326211057018,7,18,True,'balanced_subsample')	0.22825348260158274	26.411203145980835
selectPercentile(74.52506113033547);fastICA(94,'parallel','unit-variance','logcosh');robustScaler(False,True);minMaxScaler();randomForest(13,'entropy',0.8245326211057018,17,18,True,'balanced_subsample')	0.20714419356068098	6.866246461868286
selectPercentile(74.52506113033547);fastICA(60,'parallel','unit-variance','logcosh');robustScaler(False,True);minMaxScaler();randomForest(96,'entropy',0.8679387485297195,17,18,True,'balanced')	0.2366392336374247	31.014058828353882
selectPercentile(74.52506113033547);fastICA(60,'parallel','unit-variance','logcosh');robustScaler(False,True);minMaxScaler();randomForest(96,'entropy',0.8245326211057018,7,18,True,'balanced_subsample')	0.22825348260158274	27.02062177658081
selectPercentile(74.52506113033547);fastICA(96,'parallel','unit-variance','cube');robustScaler(False,True);minMaxScaler();randomForest(96,'entropy',0.8245326211057018,17,18,True,'balanced_subsample')	0.2256305811446404	25.556899785995483
selectPercentile(74.52506113033547);fastICA(60,'parallel','unit-variance','logcosh');robustScaler(False,True);minMaxScaler();randomForest(96,'entropy',0.8245326211057018,7,18,True,'balanced_subsample')	0.22825348260158274	21.523538827896118
selectPercentile(74.52506113033547);fastICA(60,'parallel','unit-variance','logcosh');robustScaler(False,True);minMaxScaler();randomForest(96,'entropy',0.8679387485297195,17,18,True,'balanced')	0.2366392336374247	18.65871787071228
selectPercentile(74.52506113033547);fastICA(94,'parallel','unit-variance','logcosh');robustScaler(False,True);minMaxScaler();randomForest(96,'entropy',0.8245326211057018,17,18,True,'balanced_subsample')	0.22825348260158274	cached
selectPercentile(74.52506113033547);fastICA(94,'parallel','unit-variance','logcosh');robustScaler(False,True);pca(0.9140024988999866,False);randomForest(96,'entropy',0.8245326211057018,17,18,True,'balanced_subsample')	0.20291718538328274	22.726762771606445
selectPercentile(74.52506113033547);fastICA(94,'parallel','unit-variance','logcosh');robustScaler(False,True);minMaxScaler();randomForest(96,'entropy',0.8245326211057018,17,18,True,'balanced_subsample')	0.22825348260158274	24.691378831863403
selectPercentile(74.52506113033547);fastICA(94,'parallel','unit-variance','logcosh');robustScaler(False,True);minMaxScaler();adaBoost(decisionTree('entropy',12,19,0.595268606296051,5,'None'),63,0.10957516782737886,'SAMME')	0.13850087352586446	26.368146181106567
selectPercentile(74.52506113033547);fastICA(60,'parallel','unit-variance','logcosh');robustScaler(False,True);minMaxScaler();randomForest(50,'entropy',0.9563787427880316,6,18,False,'balanced')	0.1823304781291702	27.092272758483887
selectPercentile(55.42437390698073);nystroem('cosine',6.3909516570341465,80,2,-0.04500104510813285);varianceThreshold();varianceThreshold();varianceThreshold();minMaxScaler();randomForest(13,'entropy',0.8245326211057018,17,18,True,'balanced_subsample')	invalid_ind (duplicated operator)	invalid_ind (duplicated operator)
selectPercentile(74.52506113033547);fastICA(60,'parallel','unit-variance','logcosh');robustScaler(False,True);minMaxScaler();randomForest(96,'entropy',0.8245326211057018,17,18,True,'balanced_subsample')	0.22825348260158274	cached
selectPercentile(74.52506113033547);fastICA(60,'parallel','unit-variance','logcosh');robustScaler(False,True);minMaxScaler();randomForest(96,'entropy',0.8679387485297195,7,18,True,'balanced')	0.2366392336374247	cached
selectPercentile(74.52506113033547);fastICA(94,'parallel','unit-variance','logcosh');robustScaler(False,True);minMaxScaler();randomForest(96,'entropy',0.8245326211057018,7,18,True,'balanced_subsample')	0.22825348260158274	27.329927444458008
selectPercentile(74.52506113033547);fastICA(94,'parallel','unit-variance','logcosh');robustScaler(False,True);minMaxScaler();randomForest(96,'entropy',0.8245326211057018,7,18,True,'balanced_subsample')	0.22825348260158274	25.523489713668823
selectPercentile(74.52506113033547);fastICA(94,'parallel','unit-variance','logcosh');robustScaler(False,True);minMaxScaler();randomForest(96,'entropy',0.8245326211057018,7,18,True,'balanced_subsample')	0.22825348260158274	27.62555480003357
selectPercentile(74.52506113033547);fastICA(94,'parallel','unit-variance','logcosh');robustScaler(False,True);minMaxScaler();randomForest(96,'entropy',0.8245326211057018,7,18,True,'balanced_subsample')	0.22825348260158274	cached
selectPercentile(74.52506113033547);fastICA(60,'parallel','unit-variance','logcosh');robustScaler(False,True);minMaxScaler();randomForest(96,'entropy',0.8245326211057018,17,18,True,'balanced_subsample')	0.22825348260158274	cached
selectPercentile(74.52506113033547);fastICA(94,'parallel','arbitrary-variance','logcosh');robustScaler(False,True);minMaxScaler();randomForest(96,'entropy',0.8245326211057018,17,18,True,'balanced_subsample')	0.22825348260158274	cached
selectPercentile(74.52506113033547);fastICA(94,'parallel','unit-variance','logcosh');robustScaler(False,True);minMaxScaler();randomForest(96,'entropy',0.8245326211057018,17,18,True,'balanced_subsample')	0.22825348260158274	cached
selectPercentile(74.52506113033547);fastICA(94,'parallel','unit-variance','logcosh');robustScaler(False,True);minMaxScaler();randomForest(96,'entropy',0.8245326211057018,7,18,True,'balanced_subsample')	0.22825348260158274	cached
selectPercentile(74.52506113033547);fastICA(94,'parallel','unit-variance','logcosh');robustScaler(False,True);minMaxScaler();randomForest(96,'entropy',0.8245326211057018,7,18,True,'balanced_subsample')	0.22825348260158274	cached
selectPercentile(74.52506113033547);fastICA(94,'parallel','unit-variance','logcosh');robustScaler(False,True);minMaxScaler();randomForest(13,'entropy',0.8245326211057018,17,18,True,'balanced_subsample')	0.20714419356068098	cached
selectPercentile(74.52506113033547);fastICA(94,'parallel','unit-variance','logcosh');robustScaler(False,True);minMaxScaler();randomForest(96,'entropy',0.8245326211057018,17,18,True,'balanced_subsample')	0.22825348260158274	cached
selectPercentile(74.52506113033547);fastICA(60,'parallel','unit-variance','logcosh');robustScaler(False,True);minMaxScaler();randomForest(96,'entropy',0.8245326211057018,17,18,True,'balanced_subsample')	0.22825348260158274	26.39831018447876
selectPercentile(74.52506113033547);fastICA(60,'parallel','unit-variance','logcosh');robustScaler(False,True);minMaxScaler();randomForest(96,'entropy',0.8245326211057018,17,18,True,'balanced_subsample')	0.22825348260158274	cached
selectPercentile(74.52506113033547);fastICA(60,'parallel','unit-variance','logcosh');robustScaler(False,True);minMaxScaler();randomForest(96,'entropy',0.8245326211057018,17,18,True,'balanced_subsample')	0.22825348260158274	cached
selectPercentile(74.52506113033547);fastICA(94,'parallel','unit-variance','logcosh');robustScaler(False,True);minMaxScaler();randomForest(96,'entropy',0.8245326211057018,17,18,True,'balanced_subsample')	0.22825348260158274	28.434974431991577
selectPercentile(74.52506113033547);fastICA(94,'parallel','unit-variance','cube');robustScaler(False,True);minMaxScaler();randomForest(96,'entropy',0.8245326211057018,17,18,True,'balanced_subsample')	0.2256305811446404	32.127521276474
selectPercentile(74.52506113033547);fastICA(94,'parallel','unit-variance','logcosh');robustScaler(False,True);minMaxScaler();randomForest(13,'entropy',0.8245326211057018,17,18,True,'balanced_subsample')	0.20714419356068098	5.570035457611084
selectPercentile(74.52506113033547);fastICA(94,'parallel','arbitrary-variance','logcosh');robustScaler(False,True);minMaxScaler();randomForest(96,'entropy',0.8245326211057018,17,18,True,'balanced_subsample')	0.22825348260158274	28.59947371482849
selectPercentile(74.52506113033547);fastICA(94,'parallel','unit-variance','logcosh');robustScaler(False,True);minMaxScaler();randomForest(96,'entropy',0.8245326211057018,7,18,True,'balanced_subsample')	0.22825348260158274	29.77832055091858
selectPercentile(74.52506113033547);fastICA(60,'parallel','unit-variance','logcosh');robustScaler(False,True);minMaxScaler();randomForest(96,'entropy',0.8245326211057018,7,18,True,'balanced_subsample')	0.22825348260158274	27.700311183929443
selectPercentile(74.52506113033547);fastICA(60,'parallel','unit-variance','logcosh');robustScaler(False,True);minMaxScaler();randomForest(96,'entropy',0.8679387485297195,17,18,True,'balanced')	0.2366392336374247	33.36737418174744
pca(0.5762281950427846,True);fastICA(94,'parallel','unit-variance','logcosh');robustScaler(False,True);minMaxScaler();randomForest(96,'entropy',0.8245326211057018,17,18,True,'balanced_subsample')	0.13770271515358437	10.12090539932251
selectPercentile(74.52506113033547);fastICA(60,'parallel','unit-variance','logcosh');robustScaler(False,True);minMaxScaler();randomForest(13,'entropy',0.8679387485297195,17,18,True,'balanced')	0.19946532709940837	7.259235620498657
selectPercentile(74.52506113033547);fastICA(94,'parallel','unit-variance','exp');robustScaler(False,True);minMaxScaler();randomForest(96,'entropy',0.8245326211057018,7,18,True,'balanced_subsample')	0.21204728524857472	30.49447512626648
selectPercentile(74.52506113033547);fastICA(94,'parallel','unit-variance','logcosh');robustScaler(False,True);minMaxScaler();randomForest(25,'entropy','log2',17,8,True,'balanced')	0.1884320359747616	6.34607458114624
selectPercentile(74.52506113033547);fastICA(94,'parallel','unit-variance','logcosh');robustScaler(False,True);minMaxScaler();randomForest(13,'entropy',0.8245326211057018,17,18,True,'balanced_subsample')	0.20714419356068098	7.368334770202637
selectPercentile(74.52506113033547);fastICA(94,'parallel','unit-variance','logcosh');robustScaler(False,True);minMaxScaler();randomForest(96,'entropy',0.8245326211057018,7,18,True,'balanced_subsample')	0.22825348260158274	cached
selectPercentile(87.12087497602957);fastICA(60,'parallel','unit-variance','logcosh');robustScaler(False,True);minMaxScaler();randomForest(96,'entropy',0.8245326211057018,17,18,True,'balanced_subsample')	0.2359179866594574	cached
selectPercentile(74.52506113033547);fastICA(96,'parallel','unit-variance','cube');robustScaler(False,True);minMaxScaler();randomForest(96,'entropy',0.8245326211057018,17,18,True,'balanced_subsample')	0.2256305811446404	28.586040496826172
selectPercentile(74.52506113033547);fastICA(94,'parallel','unit-variance','logcosh');robustScaler(False,True);minMaxScaler();randomForest(96,'entropy',0.8245326211057018,17,18,True,'balanced_subsample')	0.22825348260158274	26.383465051651
selectPercentile(74.52506113033547);fastICA(94,'parallel','unit-variance','exp');robustScaler(False,True);minMaxScaler();randomForest(96,'entropy',0.8245326211057018,17,18,True,'balanced_subsample')	0.21204728524857472	24.828936338424683
selectPercentile(74.52506113033547);fastICA(94,'parallel','unit-variance','logcosh');robustScaler(False,True);minMaxScaler();randomForest(96,'entropy',0.8245326211057018,7,18,True,'balanced_subsample')	0.22825348260158274	22.604115962982178
selectPercentile(74.52506113033547);fastICA(94,'parallel','unit-variance','exp');robustScaler(False,True);minMaxScaler();randomForest(13,'entropy',0.8245326211057018,17,18,True,'balanced_subsample')	0.2342689911819677	cached
selectPercentile(74.52506113033547);fastICA(94,'parallel','unit-variance','logcosh');robustScaler(False,True);minMaxScaler();randomForest(96,'entropy',0.8245326211057018,7,18,True,'balanced_subsample')	0.22825348260158274	cached
selectPercentile(74.52506113033547);fastICA(60,'parallel','unit-variance','logcosh');robustScaler(False,True);minMaxScaler();randomForest(96,'entropy',0.8245326211057018,17,18,True,'balanced_subsample')	0.22825348260158274	cached
selectPercentile(87.12087497602957);fastICA(60,'parallel','unit-variance','logcosh');robustScaler(False,True);minMaxScaler();randomForest(96,'entropy',0.8245326211057018,17,18,True,'balanced_subsample')	0.2359179866594574	cached
selectPercentile(74.52506113033547);fastICA(60,'parallel','unit-variance','logcosh');robustScaler(False,True);minMaxScaler();randomForest(96,'entropy',0.8245326211057018,17,18,True,'balanced_subsample')	0.22825348260158274	25.00475549697876
selectPercentile(74.52506113033547);fastICA(94,'parallel','unit-variance','exp');robustScaler(False,True);minMaxScaler();randomForest(96,'entropy',0.8245326211057018,17,18,True,'balanced_subsample')	0.21204728524857472	27.28075337409973
selectPercentile(74.52506113033547);fastICA(94,'parallel','unit-variance','logcosh');robustScaler(False,True);minMaxScaler();randomForest(96,'entropy',0.8245326211057018,7,18,True,'balanced_subsample')	0.22825348260158274	27.343109369277954
selectPercentile(74.52506113033547);fastICA(60,'parallel','unit-variance','logcosh');robustScaler(False,True);minMaxScaler();randomForest(96,'entropy',0.8245326211057018,17,18,True,'balanced_subsample')	0.22825348260158274	30.022160291671753
selectPercentile(74.52506113033547);fastICA(60,'parallel','unit-variance','logcosh');robustScaler(False,True);minMaxScaler();randomForest(96,'entropy',0.8679387485297195,17,18,True,'balanced')	0.2366392336374247	32.26338768005371
selectPercentile(74.52506113033547);fastICA(94,'parallel','unit-variance','logcosh');robustScaler(False,True);minMaxScaler();randomForest(13,'entropy',0.8245326211057018,17,18,True,'balanced_subsample')	0.20714419356068098	6.964252233505249
selectPercentile(74.52506113033547);fastICA(60,'parallel','unit-variance','logcosh');robustScaler(False,True);minMaxScaler();randomForest(96,'entropy',0.8679387485297195,17,18,True,'balanced')	0.2366392336374247	33.65589737892151
selectPercentile(74.52506113033547);fastICA(94,'parallel','arbitrary-variance','logcosh');robustScaler(False,True);minMaxScaler();randomForest(96,'entropy',0.8245326211057018,17,18,True,'balanced_subsample')	0.22825348260158274	cached
selectPercentile(74.52506113033547);fastICA(60,'parallel','unit-variance','logcosh');robustScaler(False,True);minMaxScaler();randomForest(96,'entropy',0.8679387485297195,17,18,True,'balanced')	0.2366392336374247	32.84524178504944
selectPercentile(74.52506113033547);fastICA(94,'parallel','unit-variance','logcosh');robustScaler(False,True);minMaxScaler();randomForest(96,'entropy',0.8245326211057018,7,18,True,'balanced_subsample')	0.22825348260158274	29.253253698349
selectPercentile(74.52506113033547);fastICA(94,'parallel','unit-variance','logcosh');robustScaler(False,True);minMaxScaler();randomForest(13,'entropy',0.8245326211057018,17,18,True,'balanced_subsample')	0.20714419356068098	cached
selectPercentile(74.52506113033547);fastICA(94,'parallel','unit-variance','logcosh');robustScaler(False,True);minMaxScaler();randomForest(96,'entropy',0.8245326211057018,17,18,True,'balanced_subsample')	0.22825348260158274	cached
selectPercentile(74.52506113033547);fastICA(94,'parallel','unit-variance','logcosh');robustScaler(False,True);minMaxScaler();randomForest(96,'entropy',0.8679387485297195,7,18,True,'balanced')	0.2366392336374247	31.911840200424194
selectPercentile(74.52506113033547);fastICA(60,'parallel','unit-variance','logcosh');robustScaler(False,True);minMaxScaler();randomForest(96,'entropy',0.8245326211057018,7,18,True,'balanced_subsample')	0.22825348260158274	28.704774618148804
selectPercentile(74.52506113033547);fastICA(94,'parallel','unit-variance','logcosh');robustScaler(False,True);pca(0.8235789291376214,True);randomForest(96,'entropy',0.8245326211057018,7,18,True,'balanced_subsample')	0.20219864037089713	25.101998329162598
selectPercentile(74.52506113033547);fastICA(94,'parallel','unit-variance','logcosh');robustScaler(False,True);minMaxScaler();randomForest(96,'entropy',0.8245326211057018,17,18,True,'balanced_subsample')	0.22825348260158274	28.181532859802246
selectPercentile(74.52506113033547);fastICA(94,'parallel','unit-variance','logcosh');robustScaler(False,True);minMaxScaler();randomForest(96,'entropy',0.8245326211057018,17,18,True,'balanced_subsample')	0.22825348260158274	30.4161159992218
selectPercentile(74.52506113033547);fastICA(94,'parallel','unit-variance','logcosh');robustScaler(False,True);minMaxScaler();randomForest(96,'entropy',0.8245326211057018,17,18,True,'balanced_subsample')	0.22825348260158274	29.76494574546814
selectPercentile(74.52506113033547);fastICA(94,'parallel','unit-variance','logcosh');robustScaler(False,True);minMaxScaler();randomForest(96,'entropy',0.8245326211057018,7,18,True,'balanced_subsample')	0.22825348260158274	cached
selectPercentile(74.52506113033547);fastICA(94,'parallel','unit-variance','exp');robustScaler(False,True);minMaxScaler();randomForest(13,'entropy',0.8245326211057018,17,18,True,'balanced_subsample')	0.2342689911819677	cached
selectPercentile(74.52506113033547);fastICA(94,'parallel','unit-variance','logcosh');robustScaler(False,True);minMaxScaler();randomForest(96,'entropy',0.8245326211057018,17,18,True,'balanced_subsample')	0.22825348260158274	cached
selectPercentile(74.52506113033547);fastICA(94,'parallel','unit-variance','logcosh');robustScaler(False,True);minMaxScaler();randomForest(96,'entropy',0.8679387485297195,17,18,True,'balanced')	0.2366392336374247	32.040247440338135
selectPercentile(74.52506113033547);fastICA(60,'parallel','unit-variance','logcosh');robustScaler(False,True);minMaxScaler();randomForest(84,'entropy','log2',11,13,True,'balanced')	0.19566059135947636	14.115553140640259
selectPercentile(74.52506113033547);fastICA(60,'parallel','unit-variance','logcosh');robustScaler(False,True);minMaxScaler();randomForest(25,'entropy',0.8245326211057018,17,8,True,'balanced_subsample')	0.21444661739340706	11.297374248504639
selectPercentile(74.52506113033547);fastICA(94,'parallel','unit-variance','exp');robustScaler(False,True);minMaxScaler();randomForest(13,'entropy',0.8245326211057018,17,18,True,'balanced_subsample')	0.2342689911819677	6.974693298339844
selectPercentile(74.52506113033547);fastICA(94,'parallel','unit-variance','logcosh');robustScaler(False,True);minMaxScaler();randomForest(56,'entropy',0.7315954023322591,10,14,True,'balanced')	0.21773775092928666	19.66812753677368
selectPercentile(74.52506113033547);fastICA(60,'parallel','unit-variance','logcosh');robustScaler(False,True);minMaxScaler();randomForest(96,'entropy',0.8245326211057018,17,18,True,'balanced_subsample')	0.22825348260158274	29.655611753463745
selectPercentile(74.52506113033547);fastICA(60,'parallel','unit-variance','logcosh');robustScaler(False,False);minMaxScaler();randomForest(96,'entropy',0.8245326211057018,17,18,True,'balanced_subsample')	0.22825348260158274	29.92776846885681
selectPercentile(74.52506113033547);fastICA(94,'parallel','unit-variance','logcosh');robustScaler(False,True);minMaxScaler();randomForest(96,'entropy',0.7739556905992779,17,18,True,'balanced_subsample')	0.22825348260158274	27.68255090713501
selectPercentile(74.52506113033547);fastICA(96,'parallel','unit-variance','cube');robustScaler(True,False);minMaxScaler();randomForest(96,'entropy',0.8245326211057018,7,18,True,'balanced_subsample')	0.2256305811446404	30.08154296875
selectPercentile(74.52506113033547);fastICA(60,'parallel','unit-variance','logcosh');robustScaler(False,True);minMaxScaler();randomForest(96,'entropy',0.8679387485297195,17,18,True,'balanced')	0.2366392336374247	33.389721393585205
selectPercentile(74.52506113033547);fastICA(94,'parallel','unit-variance','logcosh');robustScaler(False,True);minMaxScaler();randomForest(96,'entropy',0.8679387485297195,7,18,True,'balanced')	0.2366392336374247	31.84069037437439
selectPercentile(74.52506113033547);fastICA(60,'parallel','unit-variance','logcosh');robustScaler(False,True);minMaxScaler();randomForest(96,'entropy',0.8245326211057018,7,18,True,'balanced_subsample')	0.22825348260158274	26.551793336868286
selectPercentile(74.52506113033547);fastICA(94,'parallel','arbitrary-variance','logcosh');robustScaler(False,True);minMaxScaler();randomForest(96,'entropy',0.8245326211057018,17,18,True,'balanced_subsample')	0.22825348260158274	25.919989109039307
selectPercentile(74.52506113033547);fastICA(94,'parallel','unit-variance','logcosh');robustScaler(False,True);minMaxScaler();randomForest(96,'entropy',0.8245326211057018,17,18,True,'balanced_subsample')	0.22825348260158274	19.627166509628296
selectPercentile(74.52506113033547);fastICA(94,'parallel','unit-variance','logcosh');robustScaler(False,True);minMaxScaler();randomForest(96,'entropy',0.8245326211057018,7,18,True,'balanced_subsample')	0.22825348260158274	17.516725540161133
selectPercentile(74.52506113033547);fastICA(94,'parallel','unit-variance','logcosh');robustScaler(False,True);minMaxScaler();randomForest(96,'entropy',0.8245326211057018,17,18,True,'balanced_subsample')	0.22825348260158274	cached
selectPercentile(74.52506113033547);fastICA(96,'parallel','unit-variance','cube');robustScaler(True,False);minMaxScaler();randomForest(96,'entropy',0.8245326211057018,7,18,True,'balanced_subsample')	0.2256305811446404	cached
selectPercentile(74.52506113033547);fastICA(94,'parallel','unit-variance','logcosh');robustScaler(False,True);minMaxScaler();randomForest(96,'entropy',0.8245326211057018,17,18,True,'balanced_subsample')	0.22825348260158274	cached
selectPercentile(74.52506113033547);fastICA(94,'parallel','unit-variance','logcosh');robustScaler(False,True);minMaxScaler();randomForest(96,'entropy',0.8245326211057018,17,18,True,'balanced_subsample')	0.22825348260158274	cached
selectPercentile(74.52506113033547);fastICA(94,'parallel','unit-variance','logcosh');robustScaler(False,True);minMaxScaler();randomForest(96,'entropy',0.8245326211057018,7,18,True,'balanced_subsample')	0.22825348260158274	cached
selectPercentile(74.52506113033547);fastICA(94,'parallel','unit-variance','logcosh');robustScaler(False,True);minMaxScaler();randomForest(96,'entropy',0.8245326211057018,17,18,True,'balanced_subsample')	0.22825348260158274	cached
selectPercentile(74.52506113033547);fastICA(94,'parallel','unit-variance','logcosh');robustScaler(False,True);minMaxScaler();randomForest(45,'entropy','sqrt',9,7,False,'balanced_subsample')	0.19197805825181025	10.719133853912354
selectPercentile(74.52506113033547);fastICA(60,'parallel','unit-variance','logcosh');robustScaler(False,True);minMaxScaler();randomForest(96,'entropy',0.8245326211057018,7,18,True,'balanced_subsample')	0.22825348260158274	cached
selectPercentile(74.52506113033547);fastICA(60,'parallel','unit-variance','logcosh');robustScaler(False,True);minMaxScaler();randomForest(96,'entropy',0.8679387485297195,17,18,True,'balanced')	0.2366392336374247	cached
selectPercentile(74.52506113033547);fastICA(94,'parallel','unit-variance','logcosh');robustScaler(False,True);minMaxScaler();randomForest(96,'entropy',0.8245326211057018,17,18,True,'balanced_subsample')	0.22825348260158274	cached
selectPercentile(74.52506113033547);fastICA(94,'parallel','unit-variance','logcosh');robustScaler(False,False);minMaxScaler();randomForest(96,'entropy',0.8245326211057018,17,18,True,'balanced_subsample')	0.22825348260158274	25.603373765945435
minMaxScaler();pca(0.9578147910993131,True);minMaxScaler();randomForest(96,'entropy',0.8679387485297195,17,18,True,'balanced')	invalid_ind (duplicated operator)	invalid_ind (duplicated operator)
selectPercentile(74.52506113033547);fastICA(60,'parallel','unit-variance','logcosh');robustScaler(False,True);minMaxScaler();randomForest(96,'entropy',0.8679387485297195,17,18,True,'balanced')	0.2366392336374247	cached
selectPercentile(74.52506113033547);fastICA(94,'parallel','unit-variance','logcosh');robustScaler(False,True);minMaxScaler();randomForest(96,'entropy',0.8245326211057018,17,18,True,'balanced_subsample')	0.22825348260158274	27.389935970306396
selectPercentile(74.52506113033547);fastICA(42,'deflation','arbitrary-variance','exp');robustScaler(False,True);minMaxScaler();randomForest(96,'entropy',0.8245326211057018,17,18,True,'balanced_subsample')	0.21055802446618016	29.381208419799805
selectPercentile(74.52506113033547);fastICA(60,'parallel','unit-variance','logcosh');robustScaler(False,True);minMaxScaler();randomForest(96,'entropy',0.8245326211057018,17,18,True,'balanced_subsample')	0.22825348260158274	cached
selectPercentile(74.52506113033547);fastICA(94,'parallel','unit-variance','exp');selectPercentile(33.407770573907804);minMaxScaler();randomForest(13,'entropy',0.8245326211057018,17,18,True,'balanced_subsample')	invalid_ind (duplicated operator)	invalid_ind (duplicated operator)
selectPercentile(74.52506113033547);fastICA(94,'parallel','unit-variance','logcosh');robustScaler(False,True);minMaxScaler();randomForest(96,'entropy',0.8679387485297195,17,18,True,'balanced_subsample')	0.22236907795183786	34.884377002716064
selectPercentile(74.52506113033547);fastICA(60,'parallel','unit-variance','logcosh');robustScaler(False,True);minMaxScaler();randomForest(96,'gini','None',17,18,True,'balanced')	0.20426117840456337	14.389360189437866
selectPercentile(74.52506113033547);fastICA(60,'parallel','unit-variance','logcosh');robustScaler(False,True);minMaxScaler();randomForest(96,'entropy',0.8245326211057018,7,18,True,'balanced_subsample')	0.22825348260158274	cached
selectPercentile(74.52506113033547);fastICA(60,'parallel','unit-variance','logcosh');robustScaler(False,True);minMaxScaler();randomForest(96,'entropy',0.8245326211057018,7,18,True,'balanced_subsample')	0.22825348260158274	cached
selectPercentile(74.52506113033547);fastICA(94,'parallel','unit-variance','logcosh');robustScaler(False,True);minMaxScaler();randomForest(96,'entropy',0.8245326211057018,17,18,True,'balanced_subsample')	0.22825348260158274	30.45736026763916
selectPercentile(74.52506113033547);fastICA(60,'parallel','unit-variance','logcosh');robustScaler(False,True);minMaxScaler();randomForest(96,'entropy',0.8679387485297195,17,18,True,'balanced')	0.2366392336374247	33.869805574417114
selectPercentile(74.52506113033547);fastICA(60,'parallel','unit-variance','logcosh');robustScaler(False,True);minMaxScaler();randomForest(96,'entropy',0.8679387485297195,17,18,True,'balanced')	0.2366392336374247	33.22896099090576
selectPercentile(74.52506113033547);fastICA(94,'parallel','unit-variance','logcosh');robustScaler(False,True);minMaxScaler();randomForest(96,'entropy',0.8245326211057018,17,18,True,'balanced')	0.1915695417906528	30.021291971206665
selectPercentile(74.52506113033547);fastICA(60,'parallel','unit-variance','logcosh');robustScaler(False,True);minMaxScaler();randomForest(96,'entropy',0.8245326211057018,17,18,True,'balanced_subsample')	0.22825348260158274	30.286595344543457
selectPercentile(74.52506113033547);fastICA(8,'parallel','arbitrary-variance','logcosh');robustScaler(False,True);minMaxScaler();randomForest(96,'entropy',0.8679387485297195,17,18,True,'balanced')	0.2366392336374247	32.321118116378784
selectPercentile(74.52506113033547);fastICA(94,'parallel','unit-variance','logcosh');robustScaler(False,True);minMaxScaler();randomForest(96,'entropy',0.8679387485297195,17,18,True,'balanced')	0.2366392336374247	cached
selectPercentile(74.52506113033547);fastICA(94,'parallel','unit-variance','logcosh');robustScaler(False,True);minMaxScaler();randomForest(96,'entropy',0.8245326211057018,7,18,True,'balanced_subsample')	0.22825348260158274	cached
selectPercentile(74.52506113033547);fastICA(94,'parallel','unit-variance','logcosh');robustScaler(False,True);minMaxScaler();randomForest(96,'entropy',0.8679387485297195,7,18,True,'balanced')	0.2366392336374247	cached
selectPercentile(74.52506113033547);fastICA(94,'parallel','unit-variance','logcosh');robustScaler(False,True);minMaxScaler();randomForest(96,'entropy',0.8245326211057018,17,18,True,'balanced_subsample')	0.22825348260158274	cached
selectPercentile(74.52506113033547);fastICA(94,'parallel','unit-variance','logcosh');robustScaler(False,True);minMaxScaler();randomForest(96,'entropy',0.7739556905992779,17,18,True,'balanced_subsample')	0.22825348260158274	28.584553956985474
selectPercentile(74.52506113033547);fastICA(94,'parallel','unit-variance','logcosh');robustScaler(False,True);minMaxScaler();randomForest(96,'entropy',0.8679387485297195,17,18,True,'balanced')	0.2366392336374247	30.57388162612915
selectPercentile(74.52506113033547);fastICA(60,'parallel','unit-variance','logcosh');robustScaler(True,True);minMaxScaler();randomForest(96,'entropy','None',17,18,True,'balanced')	0.21234572344912675	36.43695139884949
selectPercentile(74.52506113033547);fastICA(60,'parallel','unit-variance','logcosh');robustScaler(False,True);minMaxScaler();randomForest(96,'entropy',0.8245326211057018,7,18,True,'balanced_subsample')	0.22825348260158274	28.018333196640015
selectPercentile(74.52506113033547);fastICA(60,'parallel','unit-variance','logcosh');robustScaler(False,True);minMaxScaler();randomForest(96,'entropy',0.8679387485297195,17,18,True,'balanced')	0.2366392336374247	30.632055282592773
varianceThreshold();minMaxScaler();minMaxScaler();randomForest(96,'entropy',0.8245326211057018,17,18,True,'balanced_subsample')	invalid_ind (duplicated operator)	invalid_ind (duplicated operator)
selectPercentile(85.83518463726739);fastICA(10,'parallel','unit-variance','exp');robustScaler(False,False);minMaxScaler();randomForest(23,'entropy',0.8245326211057018,17,18,True,'balanced')	0.20463493041638298	7.786513328552246
selectPercentile(74.52506113033547);fastICA(94,'parallel','unit-variance','logcosh');robustScaler(False,True);minMaxScaler();randomForest(96,'entropy',0.8679387485297195,7,18,True,'balanced')	0.2366392336374247	22.997098445892334
selectPercentile(74.52506113033547);fastICA(94,'parallel','unit-variance','logcosh');robustScaler(False,False);minMaxScaler();randomForest(96,'entropy',0.8679387485297195,17,18,True,'balanced_subsample')	0.22236907795183786	21.946900606155396
selectPercentile(74.52506113033547);fastICA(60,'parallel','unit-variance','logcosh');robustScaler(False,True);minMaxScaler();randomForest(96,'entropy',0.8245326211057018,7,18,True,'balanced_subsample')	0.22825348260158274	cached
selectPercentile(74.52506113033547);fastICA(60,'parallel','unit-variance','logcosh');robustScaler(False,True);minMaxScaler();randomForest(96,'entropy',0.8679387485297195,17,18,True,'balanced')	0.2366392336374247	cached
selectPercentile(74.52506113033547);fastICA(60,'parallel','unit-variance','logcosh');robustScaler(False,True);minMaxScaler();randomForest(96,'entropy',0.8245326211057018,17,18,True,'balanced_subsample')	0.22825348260158274	cached
selectPercentile(74.52506113033547);fastICA(94,'parallel','unit-variance','logcosh');robustScaler(False,True);minMaxScaler();randomForest(96,'entropy',0.8245326211057018,17,18,True,'balanced_subsample')	0.22825348260158274	cached
selectPercentile(74.52506113033547);fastICA(60,'parallel','unit-variance','logcosh');robustScaler(False,True);minMaxScaler();randomForest(96,'entropy',0.8679387485297195,17,18,True,'balanced')	0.2366392336374247	cached
selectPercentile(74.52506113033547);fastICA(94,'parallel','unit-variance','logcosh');robustScaler(False,True);minMaxScaler();randomForest(96,'entropy',0.8679387485297195,17,18,True,'balanced')	0.2366392336374247	cached
selectPercentile(74.52506113033547);fastICA(94,'parallel','unit-variance','logcosh');robustScaler(False,True);minMaxScaler();randomForest(96,'entropy',0.8245326211057018,17,18,True,'balanced_subsample')	0.22825348260158274	cached
selectPercentile(74.52506113033547);fastICA(94,'parallel','unit-variance','logcosh');robustScaler(False,True);minMaxScaler();randomForest(96,'entropy',0.8679387485297195,7,18,True,'balanced')	0.2366392336374247	cached
selectPercentile(74.52506113033547);fastICA(60,'parallel','unit-variance','logcosh');robustScaler(False,True);minMaxScaler();randomForest(96,'entropy',0.8245326211057018,17,18,True,'balanced_subsample')	0.22825348260158274	cached
selectPercentile(74.52506113033547);fastICA(60,'parallel','unit-variance','logcosh');robustScaler(False,True);minMaxScaler();randomForest(96,'entropy',0.8679387485297195,17,18,True,'balanced')	0.2366392336374247	cached
selectPercentile(74.52506113033547);fastICA(94,'parallel','unit-variance','logcosh');robustScaler(False,True);minMaxScaler();randomForest(96,'entropy',0.8679387485297195,7,18,True,'balanced')	0.2366392336374247	cached
selectPercentile(74.52506113033547);fastICA(60,'parallel','unit-variance','logcosh');robustScaler(False,True);minMaxScaler();randomForest(96,'entropy',0.8245326211057018,17,18,True,'balanced_subsample')	0.22825348260158274	cached
selectPercentile(74.52506113033547);fastICA(60,'parallel','unit-variance','logcosh');robustScaler(False,True);minMaxScaler();randomForest(96,'entropy',0.8679387485297195,17,18,True,'balanced')	0.2366392336374247	cached
selectPercentile(74.52506113033547);fastICA(17,'parallel','unit-variance','logcosh');robustScaler(True,True);minMaxScaler();randomForest(96,'entropy',0.7739556905992779,17,18,True,'balanced_subsample')	0.22825348260158274	27.636173009872437
selectPercentile(74.52506113033547);fastICA(94,'parallel','unit-variance','exp');robustScaler(False,True);minMaxScaler();randomForest(96,'entropy',0.8245326211057018,17,18,True,'balanced_subsample')	0.21204728524857472	29.243566036224365
selectPercentile(74.52506113033547);fastICA(60,'parallel','unit-variance','logcosh');robustScaler(False,True);minMaxScaler();randomForest(96,'entropy',0.8245326211057018,17,18,True,'balanced_subsample')	0.22825348260158274	29.264901161193848
selectPercentile(74.52506113033547);fastICA(60,'parallel','unit-variance','logcosh');robustScaler(False,True);minMaxScaler();randomForest(96,'entropy',0.8679387485297195,7,18,True,'balanced')	0.2366392336374247	31.489147424697876
selectPercentile(74.52506113033547);fastICA(94,'parallel','unit-variance','logcosh');robustScaler(True,False);minMaxScaler();randomForest(96,'entropy',0.8679387485297195,7,18,True,'balanced')	0.2366392336374247	31.828009843826294
selectPercentile(74.52506113033547);fastICA(94,'parallel','unit-variance','logcosh');robustScaler(False,True);minMaxScaler();randomForest(13,'entropy',0.8245326211057018,17,18,True,'balanced_subsample')	0.20714419356068098	6.222633361816406
selectPercentile(74.52506113033547);fastICA(37,'parallel','unit-variance','logcosh');robustScaler(False,True);minMaxScaler();randomForest(96,'entropy','sqrt',17,18,True,'balanced_subsample')	0.20883140854514726	14.995635271072388
selectPercentile(74.52506113033547);fastICA(94,'parallel','unit-variance','logcosh');robustScaler(False,True);minMaxScaler();randomForest(96,'entropy',0.8245326211057018,17,15,True,'balanced_subsample')	0.22532760147519754	29.98256278038025
selectPercentile(74.52506113033547);fastICA(96,'parallel','unit-variance','cube');robustScaler(False,True);minMaxScaler();randomForest(96,'entropy',0.8245326211057018,17,18,True,'balanced_subsample')	0.2256305811446404	30.69657039642334
selectPercentile(74.52506113033547);fastICA(94,'parallel','unit-variance','logcosh');robustScaler(False,True);minMaxScaler();randomForest(96,'entropy',0.8245326211057018,17,18,True,'balanced_subsample')	0.22825348260158274	cached
selectPercentile(74.52506113033547);fastICA(60,'parallel','unit-variance','logcosh');robustScaler(False,True);minMaxScaler();randomForest(96,'entropy',0.8245326211057018,17,18,True,'balanced_subsample')	0.22825348260158274	cached
selectPercentile(74.52506113033547);fastICA(94,'parallel','unit-variance','logcosh');robustScaler(False,True);minMaxScaler();randomForest(96,'entropy',0.8679387485297195,17,18,True,'balanced')	0.2366392336374247	32.32539105415344
selectPercentile(87.12087497602957);fastICA(94,'parallel','unit-variance','logcosh');robustScaler(False,True);minMaxScaler();randomForest(96,'entropy',0.8245326211057018,17,18,True,'balanced_subsample')	0.2359179866594574	35.7747368812561
selectPercentile(74.52506113033547);fastICA(60,'parallel','unit-variance','logcosh');robustScaler(False,True);minMaxScaler();randomForest(96,'entropy',0.8679387485297195,17,18,True,'balanced')	0.2366392336374247	34.09072399139404
selectPercentile(74.52506113033547);fastICA(60,'parallel','unit-variance','logcosh');robustScaler(False,True);minMaxScaler();randomForest(96,'entropy',0.8245326211057018,7,18,True,'balanced_subsample')	0.22825348260158274	cached
selectPercentile(74.52506113033547);fastICA(60,'parallel','unit-variance','logcosh');robustScaler(False,True);minMaxScaler();randomForest(96,'entropy',0.8245326211057018,7,18,True,'balanced_subsample')	0.22825348260158274	cached
selectPercentile(74.52506113033547);fastICA(60,'parallel','unit-variance','logcosh');robustScaler(False,True);minMaxScaler();randomForest(96,'entropy',0.8679387485297195,17,18,True,'balanced')	0.2366392336374247	cached
selectPercentile(74.52506113033547);fastICA(94,'parallel','unit-variance','logcosh');robustScaler(False,True);minMaxScaler();randomForest(96,'entropy',0.8679387485297195,7,18,True,'balanced')	0.2366392336374247	cached
selectPercentile(74.52506113033547);fastICA(94,'parallel','unit-variance','logcosh');robustScaler(False,True);minMaxScaler();randomForest(96,'entropy',0.8679387485297195,17,18,True,'balanced')	0.2366392336374247	32.77746033668518
selectPercentile(74.52506113033547);fastICA(94,'parallel','unit-variance','logcosh');robustScaler(False,True);minMaxScaler();randomForest(96,'entropy',0.8245326211057018,17,18,True,'balanced_subsample')	0.22825348260158274	28.26973843574524
selectPercentile(74.52506113033547);fastICA(60,'parallel','unit-variance','logcosh');robustScaler(False,True);minMaxScaler();randomForest(96,'entropy',0.8245326211057018,17,18,True,'balanced_subsample')	0.22825348260158274	29.564375162124634
selectPercentile(74.52506113033547);fastICA(94,'parallel','unit-variance','logcosh');robustScaler(False,True);minMaxScaler();randomForest(96,'entropy',0.8679387485297195,17,18,True,'balanced')	0.2366392336374247	30.772963047027588
selectPercentile(74.52506113033547);fastICA(94,'parallel','unit-variance','logcosh');robustScaler(False,True);minMaxScaler();randomForest(96,'entropy',0.8679387485297195,7,18,True,'balanced')	0.2366392336374247	27.836739540100098
selectPercentile(74.52506113033547);fastICA(60,'parallel','unit-variance','logcosh');robustScaler(False,True);minMaxScaler();randomForest(96,'entropy',0.8679387485297195,17,18,True,'balanced')	0.2366392336374247	27.373629093170166
selectPercentile(74.52506113033547);fastICA(8,'parallel','arbitrary-variance','logcosh');robustScaler(False,True);minMaxScaler();randomForest(96,'entropy',0.8679387485297195,7,18,True,'balanced')	0.2366392336374247	27.29287075996399
selectPercentile(74.52506113033547);fastICA(60,'parallel','unit-variance','cube');robustScaler(False,True);minMaxScaler();randomForest(96,'entropy',0.8679387485297195,17,18,True,'balanced')	0.23912891118954746	26.734821319580078
selectPercentile(74.52506113033547);fastICA(8,'parallel','arbitrary-variance','logcosh');robustScaler(False,True);minMaxScaler();randomForest(96,'entropy',0.8679387485297195,17,18,True,'balanced')	0.2366392336374247	20.889770984649658
selectPercentile(74.52506113033547);fastICA(60,'parallel','unit-variance','logcosh');robustScaler(False,True);minMaxScaler();randomForest(96,'entropy',0.8679387485297195,17,18,True,'balanced')	0.2366392336374247	cached
selectPercentile(74.52506113033547);fastICA(94,'parallel','unit-variance','logcosh');robustScaler(False,True);minMaxScaler();randomForest(96,'entropy',0.8679387485297195,7,18,True,'balanced')	0.2366392336374247	cached
selectPercentile(74.52506113033547);fastICA(8,'parallel','arbitrary-variance','logcosh');robustScaler(False,True);minMaxScaler();randomForest(86,'entropy',0.5627487031693588,2,16,False,'balanced')	0.2049281654592671	24.961374521255493
selectPercentile(74.52506113033547);fastICA(60,'parallel','unit-variance','logcosh');robustScaler(False,True);minMaxScaler();randomForest(96,'entropy',0.8245326211057018,7,18,True,'balanced_subsample')	0.22825348260158274	26.912753105163574
selectPercentile(74.52506113033547);fastICA(94,'parallel','unit-variance','logcosh');robustScaler(False,True);minMaxScaler();randomForest(96,'entropy',0.8245326211057018,17,18,True,'balanced_subsample')	0.22825348260158274	27.601219415664673
selectPercentile(74.52506113033547);fastICA(94,'parallel','unit-variance','logcosh');robustScaler(False,True);minMaxScaler();randomForest(96,'entropy',0.8679387485297195,7,18,True,'balanced')	0.2366392336374247	30.300053119659424
selectPercentile(74.52506113033547);fastICA(94,'parallel','unit-variance','logcosh');robustScaler(False,True);minMaxScaler();randomForest(96,'entropy',0.8679387485297195,7,18,True,'balanced')	0.2366392336374247	32.11256241798401
selectPercentile(74.52506113033547);fastICA(94,'parallel','unit-variance','logcosh');robustScaler(False,True);minMaxScaler();randomForest(96,'entropy',0.8245326211057018,17,18,True,'balanced_subsample')	0.22825348260158274	30.573813438415527
selectPercentile(74.52506113033547);fastICA(60,'parallel','unit-variance','logcosh');robustScaler(False,True);minMaxScaler();randomForest(96,'entropy',0.8679387485297195,17,18,True,'balanced')	0.2366392336374247	30.13306474685669
selectPercentile(74.52506113033547);fastICA(60,'parallel','unit-variance','logcosh');robustScaler(False,True);minMaxScaler();randomForest(96,'entropy',0.8679387485297195,17,18,True,'balanced')	0.2366392336374247	cached
selectPercentile(74.52506113033547);fastICA(60,'parallel','unit-variance','logcosh');robustScaler(False,True);minMaxScaler();randomForest(96,'entropy',0.8679387485297195,17,18,True,'balanced')	0.2366392336374247	cached
selectPercentile(74.52506113033547);fastICA(94,'parallel','unit-variance','logcosh');robustScaler(False,True);minMaxScaler();randomForest(96,'entropy',0.8679387485297195,7,18,True,'balanced')	0.2366392336374247	cached
selectPercentile(74.52506113033547);fastICA(94,'parallel','unit-variance','logcosh');robustScaler(False,True);minMaxScaler();randomForest(96,'entropy',0.8245326211057018,17,18,True,'balanced_subsample')	0.22825348260158274	cached
selectPercentile(74.52506113033547);fastICA(60,'parallel','unit-variance','logcosh');robustScaler(True,False);minMaxScaler();randomForest(96,'entropy',0.8679387485297195,17,18,True,'balanced')	0.2366392336374247	32.52021074295044
selectPercentile(74.52506113033547);fastICA(60,'parallel','unit-variance','logcosh');robustScaler(True,False);minMaxScaler();randomForest(96,'entropy',0.8679387485297195,17,18,True,'balanced')	0.2366392336374247	31.754605531692505
selectPercentile(74.52506113033547);fastICA(94,'parallel','unit-variance','exp');robustScaler(False,True);minMaxScaler();randomForest(13,'entropy',0.8245326211057018,17,18,True,'balanced_subsample')	0.2342689911819677	cached
selectPercentile(74.52506113033547);fastICA(94,'parallel','unit-variance','logcosh');robustScaler(False,True);minMaxScaler();randomForest(96,'entropy',0.8679387485297195,7,18,True,'balanced')	0.2366392336374247	cached
selectPercentile(74.52506113033547);fastICA(94,'parallel','unit-variance','logcosh');robustScaler(False,True);minMaxScaler();randomForest(96,'entropy',0.8679387485297195,7,18,True,'balanced')	0.2366392336374247	cached
selectPercentile(74.52506113033547);fastICA(8,'parallel','arbitrary-variance','logcosh');robustScaler(False,True);minMaxScaler();randomForest(96,'entropy',0.8679387485297195,17,18,True,'balanced')	0.2366392336374247	34.376396894454956
selectPercentile(21.407365545374265);fastICA(94,'parallel','unit-variance','logcosh');robustScaler(True,False);minMaxScaler();randomForest(96,'entropy',0.8679387485297195,7,18,True,'balanced')	0.12400050365890054	6.78630518913269
selectPercentile(74.52506113033547);fastICA(94,'parallel','unit-variance','logcosh');robustScaler(False,True);minMaxScaler();randomForest(96,'entropy',0.8679387485297195,17,18,True,'balanced')	0.2366392336374247	cached
selectPercentile(74.52506113033547);fastICA(94,'parallel','unit-variance','logcosh');robustScaler(False,True);minMaxScaler();randomForest(96,'entropy',0.8679387485297195,17,18,True,'balanced')	0.2366392336374247	cached
selectPercentile(74.52506113033547);fastICA(60,'parallel','unit-variance','logcosh');robustScaler(False,True);minMaxScaler();randomForest(96,'entropy',0.8679387485297195,17,18,True,'balanced')	0.2366392336374247	cached
kNN(46,'uniform',1)	0.12512060644751166	2.9414584636688232
selectPercentile(74.52506113033547);fastICA(60,'parallel','unit-variance','logcosh');robustScaler(False,True);minMaxScaler();randomForest(96,'entropy',0.8679387485297195,17,18,True,'balanced')	0.2366392336374247	cached
selectPercentile(74.52506113033547);fastICA(94,'parallel','unit-variance','logcosh');robustScaler(False,True);minMaxScaler();randomForest(96,'entropy',0.8679387485297195,17,18,True,'balanced')	0.2366392336374247	cached
selectPercentile(74.52506113033547);fastICA(60,'parallel','unit-variance','logcosh');robustScaler(False,True);minMaxScaler();randomForest(96,'entropy',0.8679387485297195,17,18,True,'balanced')	0.2366392336374247	cached
selectPercentile(74.52506113033547);fastICA(60,'parallel','unit-variance','logcosh');robustScaler(False,True);minMaxScaler();randomForest(96,'entropy',0.8679387485297195,17,18,True,'balanced')	0.2366392336374247	cached
selectPercentile(74.52506113033547);fastICA(60,'parallel','unit-variance','logcosh');robustScaler(False,True);minMaxScaler();randomForest(96,'entropy',0.8245326211057018,17,18,True,'balanced_subsample')	0.22825348260158274	27.77385377883911
selectPercentile(74.52506113033547);fastICA(94,'parallel','unit-variance','logcosh');robustScaler(False,True);minMaxScaler();randomForest(96,'entropy',0.8679387485297195,7,18,True,'balanced')	0.2366392336374247	31.611138105392456
selectPercentile(74.52506113033547);fastICA(60,'parallel','unit-variance','logcosh');robustScaler(False,True);minMaxScaler();randomForest(96,'entropy',0.8679387485297195,7,18,True,'balanced')	0.2366392336374247	33.22995948791504
selectPercentile(74.52506113033547);fastICA(60,'parallel','unit-variance','logcosh');robustScaler(False,True);minMaxScaler();randomForest(96,'entropy',0.8679387485297195,7,18,True,'balanced')	0.2366392336374247	33.02551245689392
selectPercentile(74.52506113033547);fastICA(60,'parallel','unit-variance','logcosh');robustScaler(False,True);minMaxScaler();randomForest(96,'entropy',0.8679387485297195,17,18,True,'balanced')	0.2366392336374247	34.560115337371826
selectPercentile(74.52506113033547);fastICA(94,'parallel','unit-variance','logcosh');robustScaler(False,True);minMaxScaler();randomForest(96,'entropy',0.8679387485297195,7,18,True,'balanced')	0.2366392336374247	33.8860764503479
selectPercentile(74.52506113033547);fastICA(8,'parallel','arbitrary-variance','logcosh');robustScaler(False,True);minMaxScaler();randomForest(96,'entropy',0.8679387485297195,7,18,True,'balanced')	0.2366392336374247	33.63570594787598
selectPercentile(74.52506113033547);fastICA(60,'parallel','unit-variance','logcosh');robustScaler(False,True);minMaxScaler();randomForest(96,'entropy',0.8679387485297195,17,18,True,'balanced')	0.2366392336374247	34.385756969451904
selectPercentile(74.52506113033547);fastICA(94,'parallel','unit-variance','logcosh');robustScaler(False,True);minMaxScaler();randomForest(96,'entropy',0.8679387485297195,17,18,True,'balanced')	0.2366392336374247	31.715007305145264
selectPercentile(74.52506113033547);fastICA(8,'parallel','arbitrary-variance','cube');robustScaler(False,True);minMaxScaler();randomForest(96,'entropy',0.8679387485297195,17,18,True,'balanced')	0.23912891118954746	26.829801321029663
selectPercentile(74.52506113033547);fastICA(94,'parallel','unit-variance','logcosh');robustScaler(False,True);minMaxScaler();randomForest(96,'entropy',0.8245326211057018,17,18,True,'balanced_subsample')	0.22825348260158274	20.29612970352173
selectPercentile(87.12087497602957);fastICA(60,'parallel','unit-variance','cube');robustScaler(False,True);minMaxScaler();randomForest(96,'entropy',0.8679387485297195,17,18,True,'balanced')	0.20141788353959678	18.59368062019348
